rank,id,round,score,exact,under,over,extremeUnder,extremeOver,totalOnsets,parameters
1,r007-0004-95729198,7,76,3,1,7,0,0,139,"{""relativeReattackFactor"":3.233025,""relativeReattackMinDelta"":0.019703,""relativeFluxFactor"":1.4,""spectralNoveltyRatio"":2.971316,""spectralNoveltyMinBins"":27,""cooldownFrames"":4,""confirmedRmsFactor"":1.235449,""confirmedRmsMinDelta"":0.003734,""confirmedFluxFactor"":1.719335,""confirmedMinFlux"":0.015141,""confirmedMinBandRatio"":0.036178,""confirmedSpectralNoveltyMinBins"":25,""cooldownOverrideFactor"":4.86345,""cooldownOverrideMinFlux"":0.0082,""cooldownOverrideMinBandRatio"":0.080929,""analyzeIntervalMs"":41}"
2,r008-0018-53130da6,8,76,3,1,7,0,0,139,"{""relativeReattackFactor"":3.206362,""relativeReattackMinDelta"":0.019043,""relativeFluxFactor"":1.4,""spectralNoveltyRatio"":2.873865,""spectralNoveltyMinBins"":27,""cooldownFrames"":4,""confirmedRmsFactor"":1.32233,""confirmedRmsMinDelta"":0.003798,""confirmedFluxFactor"":1.670647,""confirmedMinFlux"":0.015571,""confirmedMinBandRatio"":0.037475,""confirmedSpectralNoveltyMinBins"":25,""cooldownOverrideFactor"":5,""cooldownOverrideMinFlux"":0.009411,""cooldownOverrideMinBandRatio"":0.086117,""analyzeIntervalMs"":41}"
3,r008-0034-6f6b73e4,8,76,3,1,7,0,0,139,"{""relativeReattackFactor"":3.203003,""relativeReattackMinDelta"":0.017128,""relativeFluxFactor"":1.4,""spectralNoveltyRatio"":2.78283,""spectralNoveltyMinBins"":30,""cooldownFrames"":4,""confirmedRmsFactor"":1.220772,""confirmedRmsMinDelta"":0.003289,""confirmedFluxFactor"":1.590785,""confirmedMinFlux"":0.012605,""confirmedMinBandRatio"":0.034065,""confirmedSpectralNoveltyMinBins"":25,""cooldownOverrideFactor"":4.95896,""cooldownOverrideMinFlux"":0.009023,""cooldownOverrideMinBandRatio"":0.087655,""analyzeIntervalMs"":41}"
4,r008-0046-b6514620,8,76,3,1,7,0,0,139,"{""relativeReattackFactor"":3.217747,""relativeReattackMinDelta"":0.018893,""relativeFluxFactor"":1.4,""spectralNoveltyRatio"":3.07234,""spectralNoveltyMinBins"":29,""cooldownFrames"":4,""confirmedRmsFactor"":1.190828,""confirmedRmsMinDelta"":0.003604,""confirmedFluxFactor"":1.704838,""confirmedMinFlux"":0.015546,""confirmedMinBandRatio"":0.036737,""confirmedSpectralNoveltyMinBins"":24,""cooldownOverrideFactor"":4.983292,""cooldownOverrideMinFlux"":0.008309,""cooldownOverrideMinBandRatio"":0.08135,""analyzeIntervalMs"":41}"
5,r008-0069-bc8cd46a,8,76,3,1,7,0,0,139,"{""relativeReattackFactor"":3.146762,""relativeReattackMinDelta"":0.016462,""relativeFluxFactor"":1.4,""spectralNoveltyRatio"":3.081699,""spectralNoveltyMinBins"":30,""cooldownFrames"":4,""confirmedRmsFactor"":1.193795,""confirmedRmsMinDelta"":0.003075,""confirmedFluxFactor"":1.56088,""confirmedMinFlux"":0.01221,""confirmedMinBandRatio"":0.033824,""confirmedSpectralNoveltyMinBins"":24,""cooldownOverrideFactor"":4.751636,""cooldownOverrideMinFlux"":0.007584,""cooldownOverrideMinBandRatio"":0.089477,""analyzeIntervalMs"":41}"
6,r009-0004-684321ef,9,76,3,1,7,0,0,139,"{""relativeReattackFactor"":3.208631,""relativeReattackMinDelta"":0.018341,""relativeFluxFactor"":1.4,""spectralNoveltyRatio"":3.101131,""spectralNoveltyMinBins"":29,""cooldownFrames"":4,""confirmedRmsFactor"":1.178184,""confirmedRmsMinDelta"":0.003985,""confirmedFluxFactor"":1.696971,""confirmedMinFlux"":0.015801,""confirmedMinBandRatio"":0.035193,""confirmedSpectralNoveltyMinBins"":25,""cooldownOverrideFactor"":5,""cooldownOverrideMinFlux"":0.009019,""cooldownOverrideMinBandRatio"":0.080539,""analyzeIntervalMs"":41}"
7,r009-0020-505e85db,9,76,3,1,7,0,0,139,"{""relativeReattackFactor"":3.135349,""relativeReattackMinDelta"":0.016998,""relativeFluxFactor"":1.4,""spectralNoveltyRatio"":3.074332,""spectralNoveltyMinBins"":28,""cooldownFrames"":4,""confirmedRmsFactor"":1.152172,""confirmedRmsMinDelta"":0.003016,""confirmedFluxFactor"":1.594386,""confirmedMinFlux"":0.011698,""confirmedMinBandRatio"":0.032279,""confirmedSpectralNoveltyMinBins"":25,""cooldownOverrideFactor"":4.750321,""cooldownOverrideMinFlux"":0.007424,""cooldownOverrideMinBandRatio"":0.09,""analyzeIntervalMs"":41}"
8,r009-0021-10b1267f,9,76,3,1,7,0,0,139,"{""relativeReattackFactor"":3.226215,""relativeReattackMinDelta"":0.019792,""relativeFluxFactor"":1.42265,""spectralNoveltyRatio"":3.026226,""spectralNoveltyMinBins"":28,""cooldownFrames"":4,""confirmedRmsFactor"":1.245349,""confirmedRmsMinDelta"":0.003516,""confirmedFluxFactor"":1.758037,""confirmedMinFlux"":0.015403,""confirmedMinBandRatio"":0.034592,""confirmedSpectralNoveltyMinBins"":26,""cooldownOverrideFactor"":4.787906,""cooldownOverrideMinFlux"":0.008768,""cooldownOverrideMinBandRatio"":0.080893,""analyzeIntervalMs"":41}"
9,r009-0022-1e68c0f3,9,76,3,1,7,0,0,139,"{""relativeReattackFactor"":3.268597,""relativeReattackMinDelta"":0.01918,""relativeFluxFactor"":1.4,""spectralNoveltyRatio"":2.818197,""spectralNoveltyMinBins"":29,""cooldownFrames"":4,""confirmedRmsFactor"":1.327797,""confirmedRmsMinDelta"":0.003788,""confirmedFluxFactor"":1.66098,""confirmedMinFlux"":0.015648,""confirmedMinBandRatio"":0.037502,""confirmedSpectralNoveltyMinBins"":26,""cooldownOverrideFactor"":4.928434,""cooldownOverrideMinFlux"":0.009753,""cooldownOverrideMinBandRatio"":0.086402,""analyzeIntervalMs"":41}"
10,r009-0025-9dff86c0,9,76,3,1,7,0,0,139,"{""relativeReattackFactor"":3.188779,""relativeReattackMinDelta"":0.01723,""relativeFluxFactor"":1.4,""spectralNoveltyRatio"":2.9312,""spectralNoveltyMinBins"":31,""cooldownFrames"":4,""confirmedRmsFactor"":1.217268,""confirmedRmsMinDelta"":0.00309,""confirmedFluxFactor"":1.595324,""confirmedMinFlux"":0.012554,""confirmedMinBandRatio"":0.035129,""confirmedSpectralNoveltyMinBins"":24,""cooldownOverrideFactor"":4.666735,""cooldownOverrideMinFlux"":0.007173,""cooldownOverrideMinBandRatio"":0.088454,""analyzeIntervalMs"":41}"
11,r009-0033-558bb4d9,9,76,3,1,7,0,0,139,"{""relativeReattackFactor"":3.245499,""relativeReattackMinDelta"":0.017104,""relativeFluxFactor"":1.41693,""spectralNoveltyRatio"":2.642108,""spectralNoveltyMinBins"":29,""cooldownFrames"":4,""confirmedRmsFactor"":1.242196,""confirmedRmsMinDelta"":0.003034,""confirmedFluxFactor"":1.57496,""confirmedMinFlux"":0.012469,""confirmedMinBandRatio"":0.034909,""confirmedSpectralNoveltyMinBins"":25,""cooldownOverrideFactor"":5,""cooldownOverrideMinFlux"":0.010049,""cooldownOverrideMinBandRatio"":0.087895,""analyzeIntervalMs"":41}"
12,r009-0043-5169c3e3,9,76,3,1,7,0,0,139,"{""relativeReattackFactor"":3.157407,""relativeReattackMinDelta"":0.016494,""relativeFluxFactor"":1.409279,""spectralNoveltyRatio"":2.608127,""spectralNoveltyMinBins"":29,""cooldownFrames"":4,""confirmedRmsFactor"":1.202325,""confirmedRmsMinDelta"":0.00343,""confirmedFluxFactor"":1.577455,""confirmedMinFlux"":0.01238,""confirmedMinBandRatio"":0.032891,""confirmedSpectralNoveltyMinBins"":26,""cooldownOverrideFactor"":5,""cooldownOverrideMinFlux"":0.008152,""cooldownOverrideMinBandRatio"":0.086674,""analyzeIntervalMs"":41}"
13,r009-0048-6a4cc733,9,76,3,1,7,0,0,139,"{""relativeReattackFactor"":3.205486,""relativeReattackMinDelta"":0.016814,""relativeFluxFactor"":1.4,""spectralNoveltyRatio"":2.724367,""spectralNoveltyMinBins"":28,""cooldownFrames"":4,""confirmedRmsFactor"":1.194161,""confirmedRmsMinDelta"":0.003308,""confirmedFluxFactor"":1.626439,""confirmedMinFlux"":0.012292,""confirmedMinBandRatio"":0.033454,""confirmedSpectralNoveltyMinBins"":24,""cooldownOverrideFactor"":5,""cooldownOverrideMinFlux"":0.008366,""cooldownOverrideMinBandRatio"":0.09,""analyzeIntervalMs"":41}"
14,r009-0070-c37f9718,9,76,3,1,7,0,0,139,"{""relativeReattackFactor"":3.143972,""relativeReattackMinDelta"":0.016579,""relativeFluxFactor"":1.4,""spectralNoveltyRatio"":3.05557,""spectralNoveltyMinBins"":32,""cooldownFrames"":4,""confirmedRmsFactor"":1.19568,""confirmedRmsMinDelta"":0.003387,""confirmedFluxFactor"":1.539651,""confirmedMinFlux"":0.011618,""confirmedMinBandRatio"":0.03235,""confirmedSpectralNoveltyMinBins"":24,""cooldownOverrideFactor"":4.754132,""cooldownOverrideMinFlux"":0.008115,""cooldownOverrideMinBandRatio"":0.087703,""analyzeIntervalMs"":41}"
15,r009-0072-241d24f2,9,76,3,1,7,0,0,139,"{""relativeReattackFactor"":3.26589,""relativeReattackMinDelta"":0.018393,""relativeFluxFactor"":1.4,""spectralNoveltyRatio"":2.788545,""spectralNoveltyMinBins"":28,""cooldownFrames"":4,""confirmedRmsFactor"":1.337488,""confirmedRmsMinDelta"":0.003445,""confirmedFluxFactor"":1.695044,""confirmedMinFlux"":0.01606,""confirmedMinBandRatio"":0.037948,""confirmedSpectralNoveltyMinBins"":24,""cooldownOverrideFactor"":4.894486,""cooldownOverrideMinFlux"":0.008866,""cooldownOverrideMinBandRatio"":0.086976,""analyzeIntervalMs"":41}"
16,r009-0073-744c471f,9,76,3,1,7,0,0,139,"{""relativeReattackFactor"":3.303101,""relativeReattackMinDelta"":0.017903,""relativeFluxFactor"":1.419536,""spectralNoveltyRatio"":2.919974,""spectralNoveltyMinBins"":32,""cooldownFrames"":4,""confirmedRmsFactor"":1.260192,""confirmedRmsMinDelta"":0.003533,""confirmedFluxFactor"":1.55618,""confirmedMinFlux"":0.012485,""confirmedMinBandRatio"":0.034315,""confirmedSpectralNoveltyMinBins"":26,""cooldownOverrideFactor"":4.900245,""cooldownOverrideMinFlux"":0.008933,""cooldownOverrideMinBandRatio"":0.086202,""analyzeIntervalMs"":41}"
17,r009-0080-2385fd0f,9,76,3,1,7,0,0,139,"{""relativeReattackFactor"":3.177328,""relativeReattackMinDelta"":0.015997,""relativeFluxFactor"":1.4,""spectralNoveltyRatio"":3.071306,""spectralNoveltyMinBins"":30,""cooldownFrames"":4,""confirmedRmsFactor"":1.178331,""confirmedRmsMinDelta"":0.003475,""confirmedFluxFactor"":1.505681,""confirmedMinFlux"":0.012221,""confirmedMinBandRatio"":0.033721,""confirmedSpectralNoveltyMinBins"":23,""cooldownOverrideFactor"":4.850365,""cooldownOverrideMinFlux"":0.007632,""cooldownOverrideMinBandRatio"":0.09,""analyzeIntervalMs"":41}"
18,r010-0009-d2d8dbb0,10,76,3,1,7,0,0,139,"{""relativeReattackFactor"":3.200102,""relativeReattackMinDelta"":0.019641,""relativeFluxFactor"":1.4,""spectralNoveltyRatio"":3.229466,""spectralNoveltyMinBins"":31,""cooldownFrames"":4,""confirmedRmsFactor"":1.211508,""confirmedRmsMinDelta"":0.003683,""confirmedFluxFactor"":1.652921,""confirmedMinFlux"":0.015098,""confirmedMinBandRatio"":0.038377,""confirmedSpectralNoveltyMinBins"":25,""cooldownOverrideFactor"":5,""cooldownOverrideMinFlux"":0.007637,""cooldownOverrideMinBandRatio"":0.080908,""analyzeIntervalMs"":41}"
19,r010-0010-578fa7c7,10,76,3,1,7,0,0,139,"{""relativeReattackFactor"":3.235303,""relativeReattackMinDelta"":0.015892,""relativeFluxFactor"":1.4,""spectralNoveltyRatio"":3.073243,""spectralNoveltyMinBins"":30,""cooldownFrames"":4,""confirmedRmsFactor"":1.227756,""confirmedRmsMinDelta"":0.003384,""confirmedFluxFactor"":1.537946,""confirmedMinFlux"":0.011928,""confirmedMinBandRatio"":0.032353,""confirmedSpectralNoveltyMinBins"":25,""cooldownOverrideFactor"":4.812703,""cooldownOverrideMinFlux"":0.008422,""cooldownOverrideMinBandRatio"":0.089746,""analyzeIntervalMs"":41}"
20,r010-0014-f389906d,10,76,3,1,7,0,0,139,"{""relativeReattackFactor"":3.181363,""relativeReattackMinDelta"":0.019264,""relativeFluxFactor"":1.4,""spectralNoveltyRatio"":3.025918,""spectralNoveltyMinBins"":30,""cooldownFrames"":4,""confirmedRmsFactor"":1.195251,""confirmedRmsMinDelta"":0.00387,""confirmedFluxFactor"":1.692104,""confirmedMinFlux"":0.015906,""confirmedMinBandRatio"":0.037467,""confirmedSpectralNoveltyMinBins"":23,""cooldownOverrideFactor"":4.965285,""cooldownOverrideMinFlux"":0.009051,""cooldownOverrideMinBandRatio"":0.080036,""analyzeIntervalMs"":41}"
21,r010-0018-42e96282,10,76,3,1,7,0,0,139,"{""relativeReattackFactor"":3.244764,""relativeReattackMinDelta"":0.017088,""relativeFluxFactor"":1.4,""spectralNoveltyRatio"":2.84946,""spectralNoveltyMinBins"":31,""cooldownFrames"":4,""confirmedRmsFactor"":1.224116,""confirmedRmsMinDelta"":0.00349,""confirmedFluxFactor"":1.610242,""confirmedMinFlux"":0.012087,""confirmedMinBandRatio"":0.03574,""confirmedSpectralNoveltyMinBins"":26,""cooldownOverrideFactor"":4.873957,""cooldownOverrideMinFlux"":0.008735,""cooldownOverrideMinBandRatio"":0.08546,""analyzeIntervalMs"":41}"
22,r010-0022-a0b42315,10,76,3,1,7,0,0,139,"{""relativeReattackFactor"":3.151752,""relativeReattackMinDelta"":0.019741,""relativeFluxFactor"":1.4,""spectralNoveltyRatio"":2.697941,""spectralNoveltyMinBins"":28,""cooldownFrames"":4,""confirmedRmsFactor"":1.355109,""confirmedRmsMinDelta"":0.003909,""confirmedFluxFactor"":1.721986,""confirmedMinFlux"":0.014971,""confirmedMinBandRatio"":0.036337,""confirmedSpectralNoveltyMinBins"":24,""cooldownOverrideFactor"":4.907925,""cooldownOverrideMinFlux"":0.008775,""cooldownOverrideMinBandRatio"":0.086456,""analyzeIntervalMs"":41}"
23,r010-0024-01ca43d2,10,76,3,1,7,0,0,139,"{""relativeReattackFactor"":3.204599,""relativeReattackMinDelta"":0.018181,""relativeFluxFactor"":1.4,""spectralNoveltyRatio"":2.985256,""spectralNoveltyMinBins"":27,""cooldownFrames"":4,""confirmedRmsFactor"":1.227585,""confirmedRmsMinDelta"":0.003956,""confirmedFluxFactor"":1.686115,""confirmedMinFlux"":0.015627,""confirmedMinBandRatio"":0.036113,""confirmedSpectralNoveltyMinBins"":25,""cooldownOverrideFactor"":4.905832,""cooldownOverrideMinFlux"":0.007501,""cooldownOverrideMinBandRatio"":0.07935,""analyzeIntervalMs"":41}"
24,r010-0029-b6cf3a87,10,76,3,1,7,0,0,139,"{""relativeReattackFactor"":3.308125,""relativeReattackMinDelta"":0.018775,""relativeFluxFactor"":1.4,""spectralNoveltyRatio"":3.033423,""spectralNoveltyMinBins"":28,""cooldownFrames"":4,""confirmedRmsFactor"":1.220265,""confirmedRmsMinDelta"":0.003371,""confirmedFluxFactor"":1.750575,""confirmedMinFlux"":0.016164,""confirmedMinBandRatio"":0.038493,""confirmedSpectralNoveltyMinBins"":23,""cooldownOverrideFactor"":4.97951,""cooldownOverrideMinFlux"":0.007914,""cooldownOverrideMinBandRatio"":0.07945,""analyzeIntervalMs"":41}"
25,r010-0033-02be0f5b,10,76,3,1,7,0,0,139,"{""relativeReattackFactor"":3.288285,""relativeReattackMinDelta"":0.016688,""relativeFluxFactor"":1.4,""spectralNoveltyRatio"":2.811592,""spectralNoveltyMinBins"":28,""cooldownFrames"":4,""confirmedRmsFactor"":1.235681,""confirmedRmsMinDelta"":0.003626,""confirmedFluxFactor"":1.550639,""confirmedMinFlux"":0.012279,""confirmedMinBandRatio"":0.0329,""confirmedSpectralNoveltyMinBins"":26,""cooldownOverrideFactor"":5,""cooldownOverrideMinFlux"":0.009828,""cooldownOverrideMinBandRatio"":0.088928,""analyzeIntervalMs"":41}"
26,r010-0036-055974c0,10,76,3,1,7,0,0,139,"{""relativeReattackFactor"":3.174753,""relativeReattackMinDelta"":0.019039,""relativeFluxFactor"":1.4,""spectralNoveltyRatio"":3.135225,""spectralNoveltyMinBins"":28,""cooldownFrames"":4,""confirmedRmsFactor"":1.247626,""confirmedRmsMinDelta"":0.003449,""confirmedFluxFactor"":1.758868,""confirmedMinFlux"":0.015076,""confirmedMinBandRatio"":0.036116,""confirmedSpectralNoveltyMinBins"":25,""cooldownOverrideFactor"":4.928456,""cooldownOverrideMinFlux"":0.008729,""cooldownOverrideMinBandRatio"":0.078293,""analyzeIntervalMs"":41}"
27,r010-0038-078581c4,10,76,3,1,7,0,0,139,"{""relativeReattackFactor"":3.296029,""relativeReattackMinDelta"":0.01634,""relativeFluxFactor"":1.4,""spectralNoveltyRatio"":2.889944,""spectralNoveltyMinBins"":32,""cooldownFrames"":4,""confirmedRmsFactor"":1.194207,""confirmedRmsMinDelta"":0.002984,""confirmedFluxFactor"":1.60228,""confirmedMinFlux"":0.013148,""confirmedMinBandRatio"":0.03562,""confirmedSpectralNoveltyMinBins"":25,""cooldownOverrideFactor"":4.973966,""cooldownOverrideMinFlux"":0.008905,""cooldownOverrideMinBandRatio"":0.085825,""analyzeIntervalMs"":41}"
28,r010-0042-dcad6784,10,76,3,1,7,0,0,139,"{""relativeReattackFactor"":3.19372,""relativeReattackMinDelta"":0.019491,""relativeFluxFactor"":1.4,""spectralNoveltyRatio"":2.714336,""spectralNoveltyMinBins"":29,""cooldownFrames"":4,""confirmedRmsFactor"":1.323937,""confirmedRmsMinDelta"":0.003446,""confirmedFluxFactor"":1.646452,""confirmedMinFlux"":0.015121,""confirmedMinBandRatio"":0.038279,""confirmedSpectralNoveltyMinBins"":24,""cooldownOverrideFactor"":5,""cooldownOverrideMinFlux"":0.008648,""cooldownOverrideMinBandRatio"":0.083929,""analyzeIntervalMs"":41}"
29,r010-0045-6993af90,10,76,3,1,7,0,0,139,"{""relativeReattackFactor"":3.177398,""relativeReattackMinDelta"":0.016178,""relativeFluxFactor"":1.4,""spectralNoveltyRatio"":2.999212,""spectralNoveltyMinBins"":28,""cooldownFrames"":4,""confirmedRmsFactor"":1.189747,""confirmedRmsMinDelta"":0.002936,""confirmedFluxFactor"":1.565662,""confirmedMinFlux"":0.011666,""confirmedMinBandRatio"":0.035078,""confirmedSpectralNoveltyMinBins"":23,""cooldownOverrideFactor"":4.839272,""cooldownOverrideMinFlux"":0.007789,""cooldownOverrideMinBandRatio"":0.088845,""analyzeIntervalMs"":41}"
30,r010-0051-114f8684,10,76,3,1,7,0,0,139,"{""relativeReattackFactor"":3.159946,""relativeReattackMinDelta"":0.02033,""relativeFluxFactor"":1.4,""spectralNoveltyRatio"":3.035255,""spectralNoveltyMinBins"":27,""cooldownFrames"":4,""confirmedRmsFactor"":1.222987,""confirmedRmsMinDelta"":0.00358,""confirmedFluxFactor"":1.666351,""confirmedMinFlux"":0.015015,""confirmedMinBandRatio"":0.035655,""confirmedSpectralNoveltyMinBins"":26,""cooldownOverrideFactor"":4.840016,""cooldownOverrideMinFlux"":0.008235,""cooldownOverrideMinBandRatio"":0.080993,""analyzeIntervalMs"":41}"
31,r010-0056-959c31e9,10,76,3,1,7,0,0,139,"{""relativeReattackFactor"":3.274739,""relativeReattackMinDelta"":0.019743,""relativeFluxFactor"":1.4,""spectralNoveltyRatio"":2.869022,""spectralNoveltyMinBins"":29,""cooldownFrames"":4,""confirmedRmsFactor"":1.237727,""confirmedRmsMinDelta"":0.004089,""confirmedFluxFactor"":1.745815,""confirmedMinFlux"":0.014655,""confirmedMinBandRatio"":0.037432,""confirmedSpectralNoveltyMinBins"":24,""cooldownOverrideFactor"":4.975176,""cooldownOverrideMinFlux"":0.008015,""cooldownOverrideMinBandRatio"":0.081317,""analyzeIntervalMs"":41}"
32,r010-0061-345fb2dd,10,76,3,1,7,0,0,139,"{""relativeReattackFactor"":3.135883,""relativeReattackMinDelta"":0.02038,""relativeFluxFactor"":1.4,""spectralNoveltyRatio"":2.922229,""spectralNoveltyMinBins"":27,""cooldownFrames"":4,""confirmedRmsFactor"":1.240351,""confirmedRmsMinDelta"":0.004004,""confirmedFluxFactor"":1.7148,""confirmedMinFlux"":0.015446,""confirmedMinBandRatio"":0.035566,""confirmedSpectralNoveltyMinBins"":26,""cooldownOverrideFactor"":4.747962,""cooldownOverrideMinFlux"":0.00797,""cooldownOverrideMinBandRatio"":0.082679,""analyzeIntervalMs"":41}"
33,r010-0066-40e53363,10,76,3,1,7,0,0,139,"{""relativeReattackFactor"":3.237132,""relativeReattackMinDelta"":0.019125,""relativeFluxFactor"":1.4,""spectralNoveltyRatio"":2.94094,""spectralNoveltyMinBins"":27,""cooldownFrames"":4,""confirmedRmsFactor"":1.266679,""confirmedRmsMinDelta"":0.003782,""confirmedFluxFactor"":1.687293,""confirmedMinFlux"":0.014624,""confirmedMinBandRatio"":0.035629,""confirmedSpectralNoveltyMinBins"":26,""cooldownOverrideFactor"":4.780746,""cooldownOverrideMinFlux"":0.008936,""cooldownOverrideMinBandRatio"":0.079372,""analyzeIntervalMs"":41}"
34,r010-0067-be78d658,10,76,3,1,7,0,0,139,"{""relativeReattackFactor"":3.21558,""relativeReattackMinDelta"":0.018533,""relativeFluxFactor"":1.4,""spectralNoveltyRatio"":2.841106,""spectralNoveltyMinBins"":28,""cooldownFrames"":4,""confirmedRmsFactor"":1.335907,""confirmedRmsMinDelta"":0.003483,""confirmedFluxFactor"":1.678105,""confirmedMinFlux"":0.015663,""confirmedMinBandRatio"":0.038205,""confirmedSpectralNoveltyMinBins"":25,""cooldownOverrideFactor"":5,""cooldownOverrideMinFlux"":0.009423,""cooldownOverrideMinBandRatio"":0.085293,""analyzeIntervalMs"":41}"
35,r011-0003-fdada080,11,76,3,1,7,0,0,139,"{""relativeReattackFactor"":3.190894,""relativeReattackMinDelta"":0.016475,""relativeFluxFactor"":1.4,""spectralNoveltyRatio"":2.894492,""spectralNoveltyMinBins"":32,""cooldownFrames"":4,""confirmedRmsFactor"":1.247116,""confirmedRmsMinDelta"":0.003042,""confirmedFluxFactor"":1.537794,""confirmedMinFlux"":0.012805,""confirmedMinBandRatio"":0.034728,""confirmedSpectralNoveltyMinBins"":25,""cooldownOverrideFactor"":4.881362,""cooldownOverrideMinFlux"":0.008575,""cooldownOverrideMinBandRatio"":0.08621,""analyzeIntervalMs"":41}"
36,r011-0009-217b5b03,11,76,3,1,7,0,0,139,"{""relativeReattackFactor"":3.237437,""relativeReattackMinDelta"":0.018297,""relativeFluxFactor"":1.4,""spectralNoveltyRatio"":3.03264,""spectralNoveltyMinBins"":27,""cooldownFrames"":4,""confirmedRmsFactor"":1.155566,""confirmedRmsMinDelta"":0.00349,""confirmedFluxFactor"":1.72919,""confirmedMinFlux"":0.015883,""confirmedMinBandRatio"":0.035625,""confirmedSpectralNoveltyMinBins"":23,""cooldownOverrideFactor"":5,""cooldownOverrideMinFlux"":0.008065,""cooldownOverrideMinBandRatio"":0.083659,""analyzeIntervalMs"":41}"
37,r011-0010-6da08cac,11,76,3,1,7,0,0,139,"{""relativeReattackFactor"":3.146598,""relativeReattackMinDelta"":0.016735,""relativeFluxFactor"":1.4,""spectralNoveltyRatio"":3.158688,""spectralNoveltyMinBins"":28,""cooldownFrames"":4,""confirmedRmsFactor"":1.181362,""confirmedRmsMinDelta"":0.003261,""confirmedFluxFactor"":1.569046,""confirmedMinFlux"":0.012345,""confirmedMinBandRatio"":0.03263,""confirmedSpectralNoveltyMinBins"":24,""cooldownOverrideFactor"":4.686241,""cooldownOverrideMinFlux"":0.006876,""cooldownOverrideMinBandRatio"":0.09,""analyzeIntervalMs"":41}"
38,r011-0013-abba53c3,11,76,3,1,7,0,0,139,"{""relativeReattackFactor"":3.210847,""relativeReattackMinDelta"":0.017577,""relativeFluxFactor"":1.4,""spectralNoveltyRatio"":2.911802,""spectralNoveltyMinBins"":30,""cooldownFrames"":4,""confirmedRmsFactor"":1.238844,""confirmedRmsMinDelta"":0.002961,""confirmedFluxFactor"":1.612047,""confirmedMinFlux"":0.013084,""confirmedMinBandRatio"":0.032928,""confirmedSpectralNoveltyMinBins"":24,""cooldownOverrideFactor"":5,""cooldownOverrideMinFlux"":0.008519,""cooldownOverrideMinBandRatio"":0.085216,""analyzeIntervalMs"":41}"
39,r011-0014-eb216a1b,11,76,3,1,7,0,0,139,"{""relativeReattackFactor"":3.167025,""relativeReattackMinDelta"":0.01818,""relativeFluxFactor"":1.416173,""spectralNoveltyRatio"":3.229441,""spectralNoveltyMinBins"":30,""cooldownFrames"":4,""confirmedRmsFactor"":1.217585,""confirmedRmsMinDelta"":0.003628,""confirmedFluxFactor"":1.746421,""confirmedMinFlux"":0.016175,""confirmedMinBandRatio"":0.035717,""confirmedSpectralNoveltyMinBins"":25,""cooldownOverrideFactor"":4.918225,""cooldownOverrideMinFlux"":0.007764,""cooldownOverrideMinBandRatio"":0.083178,""analyzeIntervalMs"":41}"
40,r011-0016-553af69f,11,76,3,1,7,0,0,139,"{""relativeReattackFactor"":3.178928,""relativeReattackMinDelta"":0.01941,""relativeFluxFactor"":1.4,""spectralNoveltyRatio"":3.118074,""spectralNoveltyMinBins"":28,""cooldownFrames"":4,""confirmedRmsFactor"":1.223963,""confirmedRmsMinDelta"":0.003896,""confirmedFluxFactor"":1.747668,""confirmedMinFlux"":0.014885,""confirmedMinBandRatio"":0.037304,""confirmedSpectralNoveltyMinBins"":25,""cooldownOverrideFactor"":4.865865,""cooldownOverrideMinFlux"":0.007739,""cooldownOverrideMinBandRatio"":0.083109,""analyzeIntervalMs"":41}"
41,r011-0020-72aad465,11,76,3,1,7,0,0,139,"{""relativeReattackFactor"":3.228212,""relativeReattackMinDelta"":0.016188,""relativeFluxFactor"":1.4,""spectralNoveltyRatio"":2.954868,""spectralNoveltyMinBins"":29,""cooldownFrames"":4,""confirmedRmsFactor"":1.195521,""confirmedRmsMinDelta"":0.003106,""confirmedFluxFactor"":1.507542,""confirmedMinFlux"":0.011789,""confirmedMinBandRatio"":0.033465,""confirmedSpectralNoveltyMinBins"":24,""cooldownOverrideFactor"":4.874551,""cooldownOverrideMinFlux"":0.007216,""cooldownOverrideMinBandRatio"":0.089242,""analyzeIntervalMs"":41}"
42,r011-0021-8538c3c6,11,76,3,1,7,0,0,139,"{""relativeReattackFactor"":3.217571,""relativeReattackMinDelta"":0.02046,""relativeFluxFactor"":1.4,""spectralNoveltyRatio"":3.097052,""spectralNoveltyMinBins"":29,""cooldownFrames"":4,""confirmedRmsFactor"":1.247666,""confirmedRmsMinDelta"":0.003767,""confirmedFluxFactor"":1.768202,""confirmedMinFlux"":0.01472,""confirmedMinBandRatio"":0.035912,""confirmedSpectralNoveltyMinBins"":25,""cooldownOverrideFactor"":4.95519,""cooldownOverrideMinFlux"":0.007753,""cooldownOverrideMinBandRatio"":0.080936,""analyzeIntervalMs"":41}"
43,r011-0027-fa1945ef,11,76,3,1,7,0,0,139,"{""relativeReattackFactor"":3.270104,""relativeReattackMinDelta"":0.019545,""relativeFluxFactor"":1.421848,""spectralNoveltyRatio"":2.86955,""spectralNoveltyMinBins"":29,""cooldownFrames"":4,""confirmedRmsFactor"":1.361503,""confirmedRmsMinDelta"":0.003909,""confirmedFluxFactor"":1.715227,""confirmedMinFlux"":0.015756,""confirmedMinBandRatio"":0.036845,""confirmedSpectralNoveltyMinBins"":24,""cooldownOverrideFactor"":5,""cooldownOverrideMinFlux"":0.008839,""cooldownOverrideMinBandRatio"":0.085118,""analyzeIntervalMs"":41}"
44,r011-0028-7a3111c2,11,76,3,1,7,0,0,139,"{""relativeReattackFactor"":3.18008,""relativeReattackMinDelta"":0.016372,""relativeFluxFactor"":1.4,""spectralNoveltyRatio"":2.82436,""spectralNoveltyMinBins"":31,""cooldownFrames"":4,""confirmedRmsFactor"":1.180858,""confirmedRmsMinDelta"":0.003171,""confirmedFluxFactor"":1.619646,""confirmedMinFlux"":0.012948,""confirmedMinBandRatio"":0.032682,""confirmedSpectralNoveltyMinBins"":24,""cooldownOverrideFactor"":4.831664,""cooldownOverrideMinFlux"":0.009388,""cooldownOverrideMinBandRatio"":0.085367,""analyzeIntervalMs"":41}"
45,r011-0029-02c1a52d,11,76,3,1,7,0,0,139,"{""relativeReattackFactor"":3.170869,""relativeReattackMinDelta"":0.018609,""relativeFluxFactor"":1.410742,""spectralNoveltyRatio"":3.135254,""spectralNoveltyMinBins"":29,""cooldownFrames"":4,""confirmedRmsFactor"":1.155077,""confirmedRmsMinDelta"":0.003892,""confirmedFluxFactor"":1.742282,""confirmedMinFlux"":0.015163,""confirmedMinBandRatio"":0.038001,""confirmedSpectralNoveltyMinBins"":25,""cooldownOverrideFactor"":4.86947,""cooldownOverrideMinFlux"":0.008374,""cooldownOverrideMinBandRatio"":0.079437,""analyzeIntervalMs"":41}"
46,r011-0030-bdfddaa4,11,76,3,1,7,0,0,139,"{""relativeReattackFactor"":3.21271,""relativeReattackMinDelta"":0.016166,""relativeFluxFactor"":1.4,""spectralNoveltyRatio"":2.973642,""spectralNoveltyMinBins"":30,""cooldownFrames"":4,""confirmedRmsFactor"":1.203026,""confirmedRmsMinDelta"":0.002774,""confirmedFluxFactor"":1.520915,""confirmedMinFlux"":0.01226,""confirmedMinBandRatio"":0.034314,""confirmedSpectralNoveltyMinBins"":25,""cooldownOverrideFactor"":4.785699,""cooldownOverrideMinFlux"":0.006966,""cooldownOverrideMinBandRatio"":0.09,""analyzeIntervalMs"":41}"
47,r011-0039-7f5d8bcf,11,76,3,1,7,0,0,139,"{""relativeReattackFactor"":3.308124,""relativeReattackMinDelta"":0.019661,""relativeFluxFactor"":1.4,""spectralNoveltyRatio"":3.009815,""spectralNoveltyMinBins"":29,""cooldownFrames"":4,""confirmedRmsFactor"":1.181524,""confirmedRmsMinDelta"":0.003287,""confirmedFluxFactor"":1.732665,""confirmedMinFlux"":0.0151,""confirmedMinBandRatio"":0.036876,""confirmedSpectralNoveltyMinBins"":24,""cooldownOverrideFactor"":4.97894,""cooldownOverrideMinFlux"":0.008837,""cooldownOverrideMinBandRatio"":0.083281,""analyzeIntervalMs"":41}"
48,r011-0042-4f646207,11,76,3,1,7,0,0,139,"{""relativeReattackFactor"":3.259849,""relativeReattackMinDelta"":0.019617,""relativeFluxFactor"":1.416941,""spectralNoveltyRatio"":3.044841,""spectralNoveltyMinBins"":28,""cooldownFrames"":4,""confirmedRmsFactor"":1.337731,""confirmedRmsMinDelta"":0.004123,""confirmedFluxFactor"":1.633841,""confirmedMinFlux"":0.015655,""confirmedMinBandRatio"":0.0369,""confirmedSpectralNoveltyMinBins"":25,""cooldownOverrideFactor"":5,""cooldownOverrideMinFlux"":0.008582,""cooldownOverrideMinBandRatio"":0.086679,""analyzeIntervalMs"":41}"
49,r011-0043-26ced12c,11,76,3,1,7,0,0,139,"{""relativeReattackFactor"":3.161259,""relativeReattackMinDelta"":0.017503,""relativeFluxFactor"":1.4,""spectralNoveltyRatio"":2.713351,""spectralNoveltyMinBins"":29,""cooldownFrames"":4,""confirmedRmsFactor"":1.217926,""confirmedRmsMinDelta"":0.003084,""confirmedFluxFactor"":1.557872,""confirmedMinFlux"":0.013207,""confirmedMinBandRatio"":0.033383,""confirmedSpectralNoveltyMinBins"":25,""cooldownOverrideFactor"":5,""cooldownOverrideMinFlux"":0.008694,""cooldownOverrideMinBandRatio"":0.085368,""analyzeIntervalMs"":41}"
50,r011-0047-0c8d892f,11,76,3,1,7,0,0,139,"{""relativeReattackFactor"":3.286238,""relativeReattackMinDelta"":0.018694,""relativeFluxFactor"":1.4,""spectralNoveltyRatio"":2.91291,""spectralNoveltyMinBins"":27,""cooldownFrames"":4,""confirmedRmsFactor"":1.282069,""confirmedRmsMinDelta"":0.003644,""confirmedFluxFactor"":1.636411,""confirmedMinFlux"":0.015047,""confirmedMinBandRatio"":0.039164,""confirmedSpectralNoveltyMinBins"":25,""cooldownOverrideFactor"":4.920131,""cooldownOverrideMinFlux"":0.009407,""cooldownOverrideMinBandRatio"":0.083373,""analyzeIntervalMs"":41}"
51,r011-0051-7a3a632e,11,76,3,1,7,0,0,139,"{""relativeReattackFactor"":3.265822,""relativeReattackMinDelta"":0.020427,""relativeFluxFactor"":1.4,""spectralNoveltyRatio"":2.99444,""spectralNoveltyMinBins"":29,""cooldownFrames"":4,""confirmedRmsFactor"":1.203302,""confirmedRmsMinDelta"":0.003886,""confirmedFluxFactor"":1.734633,""confirmedMinFlux"":0.01574,""confirmedMinBandRatio"":0.035999,""confirmedSpectralNoveltyMinBins"":26,""cooldownOverrideFactor"":4.978111,""cooldownOverrideMinFlux"":0.007683,""cooldownOverrideMinBandRatio"":0.08107,""analyzeIntervalMs"":41}"
52,r011-0059-712d6ee5,11,76,3,1,7,0,0,139,"{""relativeReattackFactor"":3.25168,""relativeReattackMinDelta"":0.018748,""relativeFluxFactor"":1.4,""spectralNoveltyRatio"":2.965743,""spectralNoveltyMinBins"":29,""cooldownFrames"":4,""confirmedRmsFactor"":1.154427,""confirmedRmsMinDelta"":0.003361,""confirmedFluxFactor"":1.679003,""confirmedMinFlux"":0.015624,""confirmedMinBandRatio"":0.037876,""confirmedSpectralNoveltyMinBins"":24,""cooldownOverrideFactor"":5,""cooldownOverrideMinFlux"":0.009135,""cooldownOverrideMinBandRatio"":0.08365,""analyzeIntervalMs"":41}"
53,r011-0066-a2939ecf,11,76,3,1,7,0,0,139,"{""relativeReattackFactor"":3.221455,""relativeReattackMinDelta"":0.020231,""relativeFluxFactor"":1.4,""spectralNoveltyRatio"":3.092344,""spectralNoveltyMinBins"":27,""cooldownFrames"":4,""confirmedRmsFactor"":1.242173,""confirmedRmsMinDelta"":0.003903,""confirmedFluxFactor"":1.743417,""confirmedMinFlux"":0.015525,""confirmedMinBandRatio"":0.035574,""confirmedSpectralNoveltyMinBins"":26,""cooldownOverrideFactor"":4.791936,""cooldownOverrideMinFlux"":0.008009,""cooldownOverrideMinBandRatio"":0.081831,""analyzeIntervalMs"":41}"
54,r011-0075-5f07a54b,11,76,3,1,7,0,0,139,"{""relativeReattackFactor"":3.198044,""relativeReattackMinDelta"":0.016404,""relativeFluxFactor"":1.4,""spectralNoveltyRatio"":3.077274,""spectralNoveltyMinBins"":30,""cooldownFrames"":4,""confirmedRmsFactor"":1.216822,""confirmedRmsMinDelta"":0.002844,""confirmedFluxFactor"":1.566522,""confirmedMinFlux"":0.012225,""confirmedMinBandRatio"":0.032249,""confirmedSpectralNoveltyMinBins"":23,""cooldownOverrideFactor"":4.811479,""cooldownOverrideMinFlux"":0.007969,""cooldownOverrideMinBandRatio"":0.09,""analyzeIntervalMs"":41}"
55,r012-0001-fd6d1fb4,12,76,3,1,7,0,0,139,"{""relativeReattackFactor"":3.161185,""relativeReattackMinDelta"":0.020489,""relativeFluxFactor"":1.4,""spectralNoveltyRatio"":3.107389,""spectralNoveltyMinBins"":28,""cooldownFrames"":4,""confirmedRmsFactor"":1.22273,""confirmedRmsMinDelta"":0.003486,""confirmedFluxFactor"":1.692914,""confirmedMinFlux"":0.014469,""confirmedMinBandRatio"":0.034454,""confirmedSpectralNoveltyMinBins"":26,""cooldownOverrideFactor"":4.785418,""cooldownOverrideMinFlux"":0.00848,""cooldownOverrideMinBandRatio"":0.080404,""analyzeIntervalMs"":41}"
56,r012-0006-e7ba8d1e,12,76,3,1,7,0,0,139,"{""relativeReattackFactor"":3.142633,""relativeReattackMinDelta"":0.019807,""relativeFluxFactor"":1.413151,""spectralNoveltyRatio"":3.145881,""spectralNoveltyMinBins"":27,""cooldownFrames"":4,""confirmedRmsFactor"":1.203347,""confirmedRmsMinDelta"":0.00377,""confirmedFluxFactor"":1.663463,""confirmedMinFlux"":0.014516,""confirmedMinBandRatio"":0.03613,""confirmedSpectralNoveltyMinBins"":24,""cooldownOverrideFactor"":4.761708,""cooldownOverrideMinFlux"":0.007792,""cooldownOverrideMinBandRatio"":0.08278,""analyzeIntervalMs"":41}"
57,r012-0010-d642c3e3,12,76,3,1,7,0,0,139,"{""relativeReattackFactor"":3.214203,""relativeReattackMinDelta"":0.016146,""relativeFluxFactor"":1.4,""spectralNoveltyRatio"":2.963769,""spectralNoveltyMinBins"":30,""cooldownFrames"":4,""confirmedRmsFactor"":1.161063,""confirmedRmsMinDelta"":0.003157,""confirmedFluxFactor"":1.558663,""confirmedMinFlux"":0.012305,""confirmedMinBandRatio"":0.032453,""confirmedSpectralNoveltyMinBins"":24,""cooldownOverrideFactor"":4.653729,""cooldownOverrideMinFlux"":0.007537,""cooldownOverrideMinBandRatio"":0.087147,""analyzeIntervalMs"":41}"
58,r012-0014-5e1934b3,12,76,3,1,7,0,0,139,"{""relativeReattackFactor"":3.25123,""relativeReattackMinDelta"":0.018345,""relativeFluxFactor"":1.4,""spectralNoveltyRatio"":2.905921,""spectralNoveltyMinBins"":28,""cooldownFrames"":4,""confirmedRmsFactor"":1.193786,""confirmedRmsMinDelta"":0.003899,""confirmedFluxFactor"":1.687653,""confirmedMinFlux"":0.015137,""confirmedMinBandRatio"":0.036726,""confirmedSpectralNoveltyMinBins"":24,""cooldownOverrideFactor"":4.912541,""cooldownOverrideMinFlux"":0.007574,""cooldownOverrideMinBandRatio"":0.082404,""analyzeIntervalMs"":41}"
59,r012-0033-b2bbe78d,12,76,3,1,7,0,0,139,"{""relativeReattackFactor"":3.219361,""relativeReattackMinDelta"":0.017459,""relativeFluxFactor"":1.418525,""spectralNoveltyRatio"":2.62545,""spectralNoveltyMinBins"":28,""cooldownFrames"":4,""confirmedRmsFactor"":1.224439,""confirmedRmsMinDelta"":0.003581,""confirmedFluxFactor"":1.577063,""confirmedMinFlux"":0.012143,""confirmedMinBandRatio"":0.032394,""confirmedSpectralNoveltyMinBins"":24,""cooldownOverrideFactor"":4.991903,""cooldownOverrideMinFlux"":0.009462,""cooldownOverrideMinBandRatio"":0.085577,""analyzeIntervalMs"":41}"
60,r012-0037-ef214adb,12,76,3,1,7,0,0,139,"{""relativeReattackFactor"":3.234242,""relativeReattackMinDelta"":0.019126,""relativeFluxFactor"":1.4,""spectralNoveltyRatio"":2.78251,""spectralNoveltyMinBins"":29,""cooldownFrames"":4,""confirmedRmsFactor"":1.31732,""confirmedRmsMinDelta"":0.004142,""confirmedFluxFactor"":1.66023,""confirmedMinFlux"":0.014985,""confirmedMinBandRatio"":0.036256,""confirmedSpectralNoveltyMinBins"":25,""cooldownOverrideFactor"":4.964459,""cooldownOverrideMinFlux"":0.009779,""cooldownOverrideMinBandRatio"":0.087402,""analyzeIntervalMs"":41}"
61,r012-0044-2cfab3df,12,76,3,1,7,0,0,139,"{""relativeReattackFactor"":3.250018,""relativeReattackMinDelta"":0.018448,""relativeFluxFactor"":1.410349,""spectralNoveltyRatio"":3.035905,""spectralNoveltyMinBins"":30,""cooldownFrames"":4,""confirmedRmsFactor"":1.182309,""confirmedRmsMinDelta"":0.003846,""confirmedFluxFactor"":1.707591,""confirmedMinFlux"":0.015509,""confirmedMinBandRatio"":0.038058,""confirmedSpectralNoveltyMinBins"":24,""cooldownOverrideFactor"":5,""cooldownOverrideMinFlux"":0.008147,""cooldownOverrideMinBandRatio"":0.079095,""analyzeIntervalMs"":41}"
62,r012-0045-5cb30e6a,12,76,3,1,7,0,0,139,"{""relativeReattackFactor"":3.163433,""relativeReattackMinDelta"":0.016675,""relativeFluxFactor"":1.4,""spectralNoveltyRatio"":2.997452,""spectralNoveltyMinBins"":31,""cooldownFrames"":4,""confirmedRmsFactor"":1.15763,""confirmedRmsMinDelta"":0.002772,""confirmedFluxFactor"":1.549282,""confirmedMinFlux"":0.012169,""confirmedMinBandRatio"":0.033864,""confirmedSpectralNoveltyMinBins"":23,""cooldownOverrideFactor"":4.77307,""cooldownOverrideMinFlux"":0.007411,""cooldownOverrideMinBandRatio"":0.09,""analyzeIntervalMs"":41}"
63,r012-0048-639a91f8,12,76,3,1,7,0,0,139,"{""relativeReattackFactor"":3.162323,""relativeReattackMinDelta"":0.017708,""relativeFluxFactor"":1.400727,""spectralNoveltyRatio"":2.622763,""spectralNoveltyMinBins"":31,""cooldownFrames"":4,""confirmedRmsFactor"":1.229675,""confirmedRmsMinDelta"":0.002954,""confirmedFluxFactor"":1.626203,""confirmedMinFlux"":0.012123,""confirmedMinBandRatio"":0.03329,""confirmedSpectralNoveltyMinBins"":24,""cooldownOverrideFactor"":4.890656,""cooldownOverrideMinFlux"":0.008478,""cooldownOverrideMinBandRatio"":0.089636,""analyzeIntervalMs"":41}"
64,r012-0051-722c558a,12,76,3,1,7,0,0,139,"{""relativeReattackFactor"":3.176395,""relativeReattackMinDelta"":0.019012,""relativeFluxFactor"":1.4,""spectralNoveltyRatio"":2.964649,""spectralNoveltyMinBins"":27,""cooldownFrames"":4,""confirmedRmsFactor"":1.273707,""confirmedRmsMinDelta"":0.00354,""confirmedFluxFactor"":1.704387,""confirmedMinFlux"":0.014668,""confirmedMinBandRatio"":0.035817,""confirmedSpectralNoveltyMinBins"":26,""cooldownOverrideFactor"":4.777352,""cooldownOverrideMinFlux"":0.008463,""cooldownOverrideMinBandRatio"":0.078197,""analyzeIntervalMs"":41}"
65,r012-0053-1ee145ca,12,76,3,1,7,0,0,139,"{""relativeReattackFactor"":3.16541,""relativeReattackMinDelta"":0.016321,""relativeFluxFactor"":1.4,""spectralNoveltyRatio"":2.637738,""spectralNoveltyMinBins"":29,""cooldownFrames"":4,""confirmedRmsFactor"":1.21905,""confirmedRmsMinDelta"":0.003241,""confirmedFluxFactor"":1.619188,""confirmedMinFlux"":0.012402,""confirmedMinBandRatio"":0.033544,""confirmedSpectralNoveltyMinBins"":24,""cooldownOverrideFactor"":5,""cooldownOverrideMinFlux"":0.009075,""cooldownOverrideMinBandRatio"":0.089452,""analyzeIntervalMs"":41}"
66,r012-0054-cd469764,12,76,3,1,7,0,0,139,"{""relativeReattackFactor"":3.238435,""relativeReattackMinDelta"":0.018397,""relativeFluxFactor"":1.4,""spectralNoveltyRatio"":3.118359,""spectralNoveltyMinBins"":30,""cooldownFrames"":4,""confirmedRmsFactor"":1.230328,""confirmedRmsMinDelta"":0.003875,""confirmedFluxFactor"":1.661068,""confirmedMinFlux"":0.015886,""confirmedMinBandRatio"":0.035977,""confirmedSpectralNoveltyMinBins"":24,""cooldownOverrideFactor"":4.93005,""cooldownOverrideMinFlux"":0.008207,""cooldownOverrideMinBandRatio"":0.081988,""analyzeIntervalMs"":41}"
67,r012-0056-2669bc5d,12,76,3,1,7,0,0,139,"{""relativeReattackFactor"":3.234682,""relativeReattackMinDelta"":0.019185,""relativeFluxFactor"":1.4,""spectralNoveltyRatio"":2.975522,""spectralNoveltyMinBins"":29,""cooldownFrames"":4,""confirmedRmsFactor"":1.220249,""confirmedRmsMinDelta"":0.003761,""confirmedFluxFactor"":1.732193,""confirmedMinFlux"":0.015805,""confirmedMinBandRatio"":0.037523,""confirmedSpectralNoveltyMinBins"":24,""cooldownOverrideFactor"":4.782109,""cooldownOverrideMinFlux"":0.0076,""cooldownOverrideMinBandRatio"":0.081074,""analyzeIntervalMs"":41}"
68,r012-0058-bd1dce29,12,76,3,1,7,0,0,139,"{""relativeReattackFactor"":3.19301,""relativeReattackMinDelta"":0.017305,""relativeFluxFactor"":1.4,""spectralNoveltyRatio"":2.791387,""spectralNoveltyMinBins"":32,""cooldownFrames"":4,""confirmedRmsFactor"":1.239226,""confirmedRmsMinDelta"":0.003255,""confirmedFluxFactor"":1.54255,""confirmedMinFlux"":0.012645,""confirmedMinBandRatio"":0.034932,""confirmedSpectralNoveltyMinBins"":26,""cooldownOverrideFactor"":4.906314,""cooldownOverrideMinFlux"":0.009056,""cooldownOverrideMinBandRatio"":0.089845,""analyzeIntervalMs"":41}"
69,r012-0062-96453d16,12,76,3,1,7,0,0,139,"{""relativeReattackFactor"":3.143917,""relativeReattackMinDelta"":0.019346,""relativeFluxFactor"":1.4,""spectralNoveltyRatio"":2.858733,""spectralNoveltyMinBins"":27,""cooldownFrames"":4,""confirmedRmsFactor"":1.316197,""confirmedRmsMinDelta"":0.004193,""confirmedFluxFactor"":1.635462,""confirmedMinFlux"":0.015072,""confirmedMinBandRatio"":0.036684,""confirmedSpectralNoveltyMinBins"":25,""cooldownOverrideFactor"":5,""cooldownOverrideMinFlux"":0.00842,""cooldownOverrideMinBandRatio"":0.085595,""analyzeIntervalMs"":41}"
70,r012-0064-d459a680,12,76,3,1,7,0,0,139,"{""relativeReattackFactor"":3.279715,""relativeReattackMinDelta"":0.019377,""relativeFluxFactor"":1.4,""spectralNoveltyRatio"":2.960667,""spectralNoveltyMinBins"":29,""cooldownFrames"":4,""confirmedRmsFactor"":1.202743,""confirmedRmsMinDelta"":0.003353,""confirmedFluxFactor"":1.722741,""confirmedMinFlux"":0.015661,""confirmedMinBandRatio"":0.036146,""confirmedSpectralNoveltyMinBins"":23,""cooldownOverrideFactor"":5,""cooldownOverrideMinFlux"":0.008863,""cooldownOverrideMinBandRatio"":0.082724,""analyzeIntervalMs"":41}"
71,r012-0075-1b5194b5,12,76,3,1,7,0,0,139,"{""relativeReattackFactor"":3.164524,""relativeReattackMinDelta"":0.015769,""relativeFluxFactor"":1.4,""spectralNoveltyRatio"":2.963586,""spectralNoveltyMinBins"":29,""cooldownFrames"":4,""confirmedRmsFactor"":1.225814,""confirmedRmsMinDelta"":0.003397,""confirmedFluxFactor"":1.52739,""confirmedMinFlux"":0.012651,""confirmedMinBandRatio"":0.033027,""confirmedSpectralNoveltyMinBins"":25,""cooldownOverrideFactor"":4.797959,""cooldownOverrideMinFlux"":0.007482,""cooldownOverrideMinBandRatio"":0.089195,""analyzeIntervalMs"":41}"
72,r012-0079-4d2f7e7c,12,76,3,1,7,0,0,139,"{""relativeReattackFactor"":3.270922,""relativeReattackMinDelta"":0.019504,""relativeFluxFactor"":1.4,""spectralNoveltyRatio"":3.216664,""spectralNoveltyMinBins"":31,""cooldownFrames"":4,""confirmedRmsFactor"":1.152984,""confirmedRmsMinDelta"":0.003607,""confirmedFluxFactor"":1.704914,""confirmedMinFlux"":0.014891,""confirmedMinBandRatio"":0.037923,""confirmedSpectralNoveltyMinBins"":24,""cooldownOverrideFactor"":5,""cooldownOverrideMinFlux"":0.008842,""cooldownOverrideMinBandRatio"":0.081421,""analyzeIntervalMs"":41}"
73,r006-0074-16611de1,6,75,3,1,8,0,0,140,"{""relativeReattackFactor"":3.193071,""relativeReattackMinDelta"":0.01726,""relativeFluxFactor"":1.4,""spectralNoveltyRatio"":2.753828,""spectralNoveltyMinBins"":26,""cooldownFrames"":4,""confirmedRmsFactor"":1.157052,""confirmedRmsMinDelta"":0.003153,""confirmedFluxFactor"":1.491192,""confirmedMinFlux"":0.013549,""confirmedMinBandRatio"":0.034482,""confirmedSpectralNoveltyMinBins"":26,""cooldownOverrideFactor"":4.829909,""cooldownOverrideMinFlux"":0.010966,""cooldownOverrideMinBandRatio"":0.074214,""analyzeIntervalMs"":41}"
74,r007-0079-3f7c31d9,7,75,3,1,8,0,0,140,"{""relativeReattackFactor"":3.140659,""relativeReattackMinDelta"":0.019616,""relativeFluxFactor"":1.409927,""spectralNoveltyRatio"":2.962289,""spectralNoveltyMinBins"":26,""cooldownFrames"":4,""confirmedRmsFactor"":1.3306,""confirmedRmsMinDelta"":0.003423,""confirmedFluxFactor"":1.657095,""confirmedMinFlux"":0.01546,""confirmedMinBandRatio"":0.038909,""confirmedSpectralNoveltyMinBins"":24,""cooldownOverrideFactor"":5,""cooldownOverrideMinFlux"":0.009342,""cooldownOverrideMinBandRatio"":0.083248,""analyzeIntervalMs"":41}"
75,r008-0022-ce3fc461,8,75,3,1,8,0,0,140,"{""relativeReattackFactor"":3.163945,""relativeReattackMinDelta"":0.017339,""relativeFluxFactor"":1.4,""spectralNoveltyRatio"":2.709608,""spectralNoveltyMinBins"":27,""cooldownFrames"":4,""confirmedRmsFactor"":1.15,""confirmedRmsMinDelta"":0.003,""confirmedFluxFactor"":1.443254,""confirmedMinFlux"":0.014145,""confirmedMinBandRatio"":0.034201,""confirmedSpectralNoveltyMinBins"":25,""cooldownOverrideFactor"":4.692347,""cooldownOverrideMinFlux"":0.009949,""cooldownOverrideMinBandRatio"":0.071823,""analyzeIntervalMs"":41}"
76,r008-0026-769531ab,8,75,3,1,8,0,0,140,"{""relativeReattackFactor"":3.274742,""relativeReattackMinDelta"":0.019071,""relativeFluxFactor"":1.4,""spectralNoveltyRatio"":3.135094,""spectralNoveltyMinBins"":25,""cooldownFrames"":4,""confirmedRmsFactor"":1.215944,""confirmedRmsMinDelta"":0.003642,""confirmedFluxFactor"":1.723214,""confirmedMinFlux"":0.015642,""confirmedMinBandRatio"":0.036957,""confirmedSpectralNoveltyMinBins"":26,""cooldownOverrideFactor"":4.760861,""cooldownOverrideMinFlux"":0.00806,""cooldownOverrideMinBandRatio"":0.078361,""analyzeIntervalMs"":41}"
77,r009-0036-b8c81586,9,75,3,1,8,0,0,140,"{""relativeReattackFactor"":3.286003,""relativeReattackMinDelta"":0.019447,""relativeFluxFactor"":1.4,""spectralNoveltyRatio"":2.898428,""spectralNoveltyMinBins"":26,""cooldownFrames"":4,""confirmedRmsFactor"":1.22457,""confirmedRmsMinDelta"":0.003349,""confirmedFluxFactor"":1.774715,""confirmedMinFlux"":0.014944,""confirmedMinBandRatio"":0.03719,""confirmedSpectralNoveltyMinBins"":25,""cooldownOverrideFactor"":4.873509,""cooldownOverrideMinFlux"":0.008177,""cooldownOverrideMinBandRatio"":0.079105,""analyzeIntervalMs"":41}"
78,r010-0057-7028a0d3,10,75,3,1,8,0,0,140,"{""relativeReattackFactor"":3.135708,""relativeReattackMinDelta"":0.01957,""relativeFluxFactor"":1.4,""spectralNoveltyRatio"":3.010883,""spectralNoveltyMinBins"":26,""cooldownFrames"":4,""confirmedRmsFactor"":1.334664,""confirmedRmsMinDelta"":0.003795,""confirmedFluxFactor"":1.715326,""confirmedMinFlux"":0.015296,""confirmedMinBandRatio"":0.039006,""confirmedSpectralNoveltyMinBins"":25,""cooldownOverrideFactor"":4.937698,""cooldownOverrideMinFlux"":0.009404,""cooldownOverrideMinBandRatio"":0.084242,""analyzeIntervalMs"":41}"
79,r010-0062-f9440621,10,75,3,1,8,0,0,140,"{""relativeReattackFactor"":3.17084,""relativeReattackMinDelta"":0.019214,""relativeFluxFactor"":1.4,""spectralNoveltyRatio"":2.84235,""spectralNoveltyMinBins"":26,""cooldownFrames"":4,""confirmedRmsFactor"":1.325992,""confirmedRmsMinDelta"":0.003453,""confirmedFluxFactor"":1.689905,""confirmedMinFlux"":0.015602,""confirmedMinBandRatio"":0.037615,""confirmedSpectralNoveltyMinBins"":26,""cooldownOverrideFactor"":5,""cooldownOverrideMinFlux"":0.009445,""cooldownOverrideMinBandRatio"":0.087267,""analyzeIntervalMs"":41}"
80,r011-0007-d60b2c80,11,75,3,1,8,0,0,140,"{""relativeReattackFactor"":3.162914,""relativeReattackMinDelta"":0.01833,""relativeFluxFactor"":1.407705,""spectralNoveltyRatio"":2.78773,""spectralNoveltyMinBins"":27,""cooldownFrames"":4,""confirmedRmsFactor"":1.322018,""confirmedRmsMinDelta"":0.003799,""confirmedFluxFactor"":1.721605,""confirmedMinFlux"":0.015667,""confirmedMinBandRatio"":0.038476,""confirmedSpectralNoveltyMinBins"":25,""cooldownOverrideFactor"":5,""cooldownOverrideMinFlux"":0.009571,""cooldownOverrideMinBandRatio"":0.087743,""analyzeIntervalMs"":41}"
81,r011-0012-065eb4e4,11,75,3,1,8,0,0,140,"{""relativeReattackFactor"":3.304061,""relativeReattackMinDelta"":0.018987,""relativeFluxFactor"":1.4,""spectralNoveltyRatio"":2.95158,""spectralNoveltyMinBins"":26,""cooldownFrames"":4,""confirmedRmsFactor"":1.356943,""confirmedRmsMinDelta"":0.004009,""confirmedFluxFactor"":1.725299,""confirmedMinFlux"":0.015353,""confirmedMinBandRatio"":0.036458,""confirmedSpectralNoveltyMinBins"":25,""cooldownOverrideFactor"":4.902436,""cooldownOverrideMinFlux"":0.010007,""cooldownOverrideMinBandRatio"":0.086463,""analyzeIntervalMs"":41}"
82,r011-0062-c59168ba,11,75,3,1,8,0,0,140,"{""relativeReattackFactor"":3.163879,""relativeReattackMinDelta"":0.01968,""relativeFluxFactor"":1.4,""spectralNoveltyRatio"":2.839973,""spectralNoveltyMinBins"":26,""cooldownFrames"":4,""confirmedRmsFactor"":1.306959,""confirmedRmsMinDelta"":0.004099,""confirmedFluxFactor"":1.631812,""confirmedMinFlux"":0.015514,""confirmedMinBandRatio"":0.039075,""confirmedSpectralNoveltyMinBins"":25,""cooldownOverrideFactor"":5,""cooldownOverrideMinFlux"":0.009703,""cooldownOverrideMinBandRatio"":0.086538,""analyzeIntervalMs"":41}"
83,r011-0067-d6edb0c8,11,75,3,1,8,0,0,140,"{""relativeReattackFactor"":3.166782,""relativeReattackMinDelta"":0.019047,""relativeFluxFactor"":1.4,""spectralNoveltyRatio"":3.04347,""spectralNoveltyMinBins"":26,""cooldownFrames"":4,""confirmedRmsFactor"":1.346804,""confirmedRmsMinDelta"":0.004053,""confirmedFluxFactor"":1.715218,""confirmedMinFlux"":0.015425,""confirmedMinBandRatio"":0.036352,""confirmedSpectralNoveltyMinBins"":26,""cooldownOverrideFactor"":4.874246,""cooldownOverrideMinFlux"":0.009848,""cooldownOverrideMinBandRatio"":0.085397,""analyzeIntervalMs"":41}"
84,r012-0007-2fd367f7,12,75,3,1,8,0,0,140,"{""relativeReattackFactor"":3.236405,""relativeReattackMinDelta"":0.019426,""relativeFluxFactor"":1.40378,""spectralNoveltyRatio"":2.86694,""spectralNoveltyMinBins"":26,""cooldownFrames"":4,""confirmedRmsFactor"":1.3281,""confirmedRmsMinDelta"":0.003657,""confirmedFluxFactor"":1.672718,""confirmedMinFlux"":0.015248,""confirmedMinBandRatio"":0.036184,""confirmedSpectralNoveltyMinBins"":25,""cooldownOverrideFactor"":5,""cooldownOverrideMinFlux"":0.008643,""cooldownOverrideMinBandRatio"":0.084446,""analyzeIntervalMs"":41}"
85,r012-0021-5a3c79bd,12,75,3,1,8,0,0,140,"{""relativeReattackFactor"":3.288567,""relativeReattackMinDelta"":0.020136,""relativeFluxFactor"":1.4,""spectralNoveltyRatio"":3.009648,""spectralNoveltyMinBins"":26,""cooldownFrames"":4,""confirmedRmsFactor"":1.275304,""confirmedRmsMinDelta"":0.003906,""confirmedFluxFactor"":1.718634,""confirmedMinFlux"":0.015248,""confirmedMinBandRatio"":0.036208,""confirmedSpectralNoveltyMinBins"":24,""cooldownOverrideFactor"":4.808702,""cooldownOverrideMinFlux"":0.008683,""cooldownOverrideMinBandRatio"":0.081516,""analyzeIntervalMs"":41}"
86,r012-0066-5b9f36ff,12,75,3,1,8,0,0,140,"{""relativeReattackFactor"":3.280642,""relativeReattackMinDelta"":0.019765,""relativeFluxFactor"":1.4,""spectralNoveltyRatio"":3.070129,""spectralNoveltyMinBins"":26,""cooldownFrames"":4,""confirmedRmsFactor"":1.277235,""confirmedRmsMinDelta"":0.0034,""confirmedFluxFactor"":1.715622,""confirmedMinFlux"":0.015303,""confirmedMinBandRatio"":0.035181,""confirmedSpectralNoveltyMinBins"":25,""cooldownOverrideFactor"":4.856563,""cooldownOverrideMinFlux"":0.007857,""cooldownOverrideMinBandRatio"":0.083208,""analyzeIntervalMs"":41}"
87,r012-0072-ffa13bbd,12,75,3,1,8,0,0,140,"{""relativeReattackFactor"":3.300737,""relativeReattackMinDelta"":0.018723,""relativeFluxFactor"":1.4,""spectralNoveltyRatio"":3.05197,""spectralNoveltyMinBins"":25,""cooldownFrames"":4,""confirmedRmsFactor"":1.336369,""confirmedRmsMinDelta"":0.003783,""confirmedFluxFactor"":1.705766,""confirmedMinFlux"":0.015155,""confirmedMinBandRatio"":0.038691,""confirmedSpectralNoveltyMinBins"":26,""cooldownOverrideFactor"":5,""cooldownOverrideMinFlux"":0.010229,""cooldownOverrideMinBandRatio"":0.088475,""analyzeIntervalMs"":41}"
88,r012-0076-25927425,12,75,3,1,8,0,0,140,"{""relativeReattackFactor"":3.234599,""relativeReattackMinDelta"":0.018957,""relativeFluxFactor"":1.4,""spectralNoveltyRatio"":3.099323,""spectralNoveltyMinBins"":26,""cooldownFrames"":4,""confirmedRmsFactor"":1.261265,""confirmedRmsMinDelta"":0.003867,""confirmedFluxFactor"":1.768966,""confirmedMinFlux"":0.015382,""confirmedMinBandRatio"":0.034744,""confirmedSpectralNoveltyMinBins"":24,""cooldownOverrideFactor"":4.929359,""cooldownOverrideMinFlux"":0.008596,""cooldownOverrideMinBandRatio"":0.079537,""analyzeIntervalMs"":41}"
89,r007-0018-8b5573b9,7,72,3,1,8,0,0,140,"{""relativeReattackFactor"":3.108892,""relativeReattackMinDelta"":0.016333,""relativeFluxFactor"":1.4,""spectralNoveltyRatio"":2.93902,""spectralNoveltyMinBins"":31,""cooldownFrames"":4,""confirmedRmsFactor"":1.220719,""confirmedRmsMinDelta"":0.002968,""confirmedFluxFactor"":1.534126,""confirmedMinFlux"":0.012651,""confirmedMinBandRatio"":0.035139,""confirmedSpectralNoveltyMinBins"":24,""cooldownOverrideFactor"":4.876869,""cooldownOverrideMinFlux"":0.00867,""cooldownOverrideMinBandRatio"":0.087796,""analyzeIntervalMs"":41}"
90,r007-0020-4d70d5aa,7,72,3,1,8,0,0,140,"{""relativeReattackFactor"":3.046447,""relativeReattackMinDelta"":0.017482,""relativeFluxFactor"":1.4,""spectralNoveltyRatio"":3.054666,""spectralNoveltyMinBins"":30,""cooldownFrames"":4,""confirmedRmsFactor"":1.15,""confirmedRmsMinDelta"":0.003369,""confirmedFluxFactor"":1.539578,""confirmedMinFlux"":0.01546,""confirmedMinBandRatio"":0.035289,""confirmedSpectralNoveltyMinBins"":25,""cooldownOverrideFactor"":4.937585,""cooldownOverrideMinFlux"":0.01059,""cooldownOverrideMinBandRatio"":0.070842,""analyzeIntervalMs"":41}"
91,r007-0028-fff2d413,7,72,3,1,8,0,0,140,"{""relativeReattackFactor"":3.076903,""relativeReattackMinDelta"":0.016829,""relativeFluxFactor"":1.40875,""spectralNoveltyRatio"":2.633239,""spectralNoveltyMinBins"":28,""cooldownFrames"":4,""confirmedRmsFactor"":1.18739,""confirmedRmsMinDelta"":0.002966,""confirmedFluxFactor"":1.499734,""confirmedMinFlux"":0.012868,""confirmedMinBandRatio"":0.031322,""confirmedSpectralNoveltyMinBins"":22,""cooldownOverrideFactor"":4.855398,""cooldownOverrideMinFlux"":0.010031,""cooldownOverrideMinBandRatio"":0.082715,""analyzeIntervalMs"":41}"
92,r007-0038-5f74b800,7,72,3,1,8,0,0,140,"{""relativeReattackFactor"":3.035056,""relativeReattackMinDelta"":0.017548,""relativeFluxFactor"":1.410439,""spectralNoveltyRatio"":2.758491,""spectralNoveltyMinBins"":28,""cooldownFrames"":4,""confirmedRmsFactor"":1.212247,""confirmedRmsMinDelta"":0.00358,""confirmedFluxFactor"":1.52092,""confirmedMinFlux"":0.013044,""confirmedMinBandRatio"":0.034436,""confirmedSpectralNoveltyMinBins"":22,""cooldownOverrideFactor"":4.651091,""cooldownOverrideMinFlux"":0.009231,""cooldownOverrideMinBandRatio"":0.082359,""analyzeIntervalMs"":41}"
93,r008-0004-50e714f5,8,72,3,1,8,0,0,140,"{""relativeReattackFactor"":3.014811,""relativeReattackMinDelta"":0.016952,""relativeFluxFactor"":1.4,""spectralNoveltyRatio"":3.011892,""spectralNoveltyMinBins"":32,""cooldownFrames"":4,""confirmedRmsFactor"":1.257834,""confirmedRmsMinDelta"":0.002588,""confirmedFluxFactor"":1.513867,""confirmedMinFlux"":0.013067,""confirmedMinBandRatio"":0.034571,""confirmedSpectralNoveltyMinBins"":24,""cooldownOverrideFactor"":4.786272,""cooldownOverrideMinFlux"":0.008995,""cooldownOverrideMinBandRatio"":0.087996,""analyzeIntervalMs"":41}"
94,r008-0010-540a46bd,8,72,3,1,8,0,0,140,"{""relativeReattackFactor"":3.031165,""relativeReattackMinDelta"":0.016859,""relativeFluxFactor"":1.4,""spectralNoveltyRatio"":3.077455,""spectralNoveltyMinBins"":31,""cooldownFrames"":4,""confirmedRmsFactor"":1.153756,""confirmedRmsMinDelta"":0.003755,""confirmedFluxFactor"":1.494947,""confirmedMinFlux"":0.01593,""confirmedMinBandRatio"":0.036664,""confirmedSpectralNoveltyMinBins"":25,""cooldownOverrideFactor"":4.872338,""cooldownOverrideMinFlux"":0.009704,""cooldownOverrideMinBandRatio"":0.069556,""analyzeIntervalMs"":41}"
95,r008-0013-14ef85fd,8,72,3,1,8,0,0,140,"{""relativeReattackFactor"":3.044179,""relativeReattackMinDelta"":0.018734,""relativeFluxFactor"":1.40665,""spectralNoveltyRatio"":3.098854,""spectralNoveltyMinBins"":28,""cooldownFrames"":4,""confirmedRmsFactor"":1.314269,""confirmedRmsMinDelta"":0.003501,""confirmedFluxFactor"":1.627987,""confirmedMinFlux"":0.014839,""confirmedMinBandRatio"":0.03795,""confirmedSpectralNoveltyMinBins"":24,""cooldownOverrideFactor"":4.964984,""cooldownOverrideMinFlux"":0.009286,""cooldownOverrideMinBandRatio"":0.08539,""analyzeIntervalMs"":41}"
96,r008-0017-b5f41292,8,72,3,1,8,0,0,140,"{""relativeReattackFactor"":3.106216,""relativeReattackMinDelta"":0.017173,""relativeFluxFactor"":1.4,""spectralNoveltyRatio"":2.836121,""spectralNoveltyMinBins"":28,""cooldownFrames"":4,""confirmedRmsFactor"":1.177392,""confirmedRmsMinDelta"":0.003107,""confirmedFluxFactor"":1.437928,""confirmedMinFlux"":0.014248,""confirmedMinBandRatio"":0.03314,""confirmedSpectralNoveltyMinBins"":26,""cooldownOverrideFactor"":4.878674,""cooldownOverrideMinFlux"":0.010287,""cooldownOverrideMinBandRatio"":0.073712,""analyzeIntervalMs"":41}"
97,r008-0040-2b65ce5c,8,72,3,1,8,0,0,140,"{""relativeReattackFactor"":3.019338,""relativeReattackMinDelta"":0.016808,""relativeFluxFactor"":1.4,""spectralNoveltyRatio"":2.910632,""spectralNoveltyMinBins"":28,""cooldownFrames"":4,""confirmedRmsFactor"":1.15,""confirmedRmsMinDelta"":0.003327,""confirmedFluxFactor"":1.508148,""confirmedMinFlux"":0.016149,""confirmedMinBandRatio"":0.035389,""confirmedSpectralNoveltyMinBins"":26,""cooldownOverrideFactor"":4.96965,""cooldownOverrideMinFlux"":0.010922,""cooldownOverrideMinBandRatio"":0.069667,""analyzeIntervalMs"":41}"
98,r008-0042-ff909327,8,72,3,1,8,0,0,140,"{""relativeReattackFactor"":3.117959,""relativeReattackMinDelta"":0.018072,""relativeFluxFactor"":1.4,""spectralNoveltyRatio"":2.750274,""spectralNoveltyMinBins"":28,""cooldownFrames"":4,""confirmedRmsFactor"":1.161594,""confirmedRmsMinDelta"":0.00338,""confirmedFluxFactor"":1.51139,""confirmedMinFlux"":0.013359,""confirmedMinBandRatio"":0.03543,""confirmedSpectralNoveltyMinBins"":26,""cooldownOverrideFactor"":4.942103,""cooldownOverrideMinFlux"":0.012068,""cooldownOverrideMinBandRatio"":0.075105,""analyzeIntervalMs"":41}"
99,r008-0053-9b9c6c69,8,72,3,1,8,0,0,140,"{""relativeReattackFactor"":3.043347,""relativeReattackMinDelta"":0.020129,""relativeFluxFactor"":1.4,""spectralNoveltyRatio"":2.860027,""spectralNoveltyMinBins"":27,""cooldownFrames"":4,""confirmedRmsFactor"":1.323549,""confirmedRmsMinDelta"":0.003598,""confirmedFluxFactor"":1.683152,""confirmedMinFlux"":0.016113,""confirmedMinBandRatio"":0.038366,""confirmedSpectralNoveltyMinBins"":24,""cooldownOverrideFactor"":4.951149,""cooldownOverrideMinFlux"":0.009353,""cooldownOverrideMinBandRatio"":0.083658,""analyzeIntervalMs"":41}"
100,r008-0055-3f0ddce6,8,72,3,1,8,0,0,140,"{""relativeReattackFactor"":3.033185,""relativeReattackMinDelta"":0.017854,""relativeFluxFactor"":1.4,""spectralNoveltyRatio"":3.036154,""spectralNoveltyMinBins"":32,""cooldownFrames"":4,""confirmedRmsFactor"":1.15,""confirmedRmsMinDelta"":0.00312,""confirmedFluxFactor"":1.493161,""confirmedMinFlux"":0.016157,""confirmedMinBandRatio"":0.034421,""confirmedSpectralNoveltyMinBins"":25,""cooldownOverrideFactor"":4.812949,""cooldownOverrideMinFlux"":0.010695,""cooldownOverrideMinBandRatio"":0.069245,""analyzeIntervalMs"":41}"
101,r008-0060-3570bc31,8,72,3,1,8,0,0,140,"{""relativeReattackFactor"":3.087424,""relativeReattackMinDelta"":0.017812,""relativeFluxFactor"":1.4,""spectralNoveltyRatio"":2.996452,""spectralNoveltyMinBins"":31,""cooldownFrames"":4,""confirmedRmsFactor"":1.15,""confirmedRmsMinDelta"":0.003166,""confirmedFluxFactor"":1.570154,""confirmedMinFlux"":0.01551,""confirmedMinBandRatio"":0.035633,""confirmedSpectralNoveltyMinBins"":25,""cooldownOverrideFactor"":4.969233,""cooldownOverrideMinFlux"":0.010438,""cooldownOverrideMinBandRatio"":0.068105,""analyzeIntervalMs"":41}"
102,r008-0068-1a3c05de,8,72,3,1,8,0,0,140,"{""relativeReattackFactor"":3.059139,""relativeReattackMinDelta"":0.019856,""relativeFluxFactor"":1.4,""spectralNoveltyRatio"":2.872168,""spectralNoveltyMinBins"":28,""cooldownFrames"":4,""confirmedRmsFactor"":1.337935,""confirmedRmsMinDelta"":0.003116,""confirmedFluxFactor"":1.689597,""confirmedMinFlux"":0.016126,""confirmedMinBandRatio"":0.037998,""confirmedSpectralNoveltyMinBins"":23,""cooldownOverrideFactor"":5,""cooldownOverrideMinFlux"":0.010112,""cooldownOverrideMinBandRatio"":0.084335,""analyzeIntervalMs"":41}"
103,r009-0013-05885d32,9,72,3,1,8,0,0,140,"{""relativeReattackFactor"":3.128707,""relativeReattackMinDelta"":0.017394,""relativeFluxFactor"":1.409765,""spectralNoveltyRatio"":2.661753,""spectralNoveltyMinBins"":32,""cooldownFrames"":4,""confirmedRmsFactor"":1.236329,""confirmedRmsMinDelta"":0.003152,""confirmedFluxFactor"":1.617404,""confirmedMinFlux"":0.011985,""confirmedMinBandRatio"":0.035046,""confirmedSpectralNoveltyMinBins"":24,""cooldownOverrideFactor"":5,""cooldownOverrideMinFlux"":0.009973,""cooldownOverrideMinBandRatio"":0.09,""analyzeIntervalMs"":41}"
104,r009-0015-f01c8290,9,72,3,1,8,0,0,140,"{""relativeReattackFactor"":3.056265,""relativeReattackMinDelta"":0.017292,""relativeFluxFactor"":1.4,""spectralNoveltyRatio"":3.260739,""spectralNoveltyMinBins"":31,""cooldownFrames"":4,""confirmedRmsFactor"":1.209399,""confirmedRmsMinDelta"":0.003031,""confirmedFluxFactor"":1.576184,""confirmedMinFlux"":0.01218,""confirmedMinBandRatio"":0.033118,""confirmedSpectralNoveltyMinBins"":25,""cooldownOverrideFactor"":4.843205,""cooldownOverrideMinFlux"":0.007434,""cooldownOverrideMinBandRatio"":0.088014,""analyzeIntervalMs"":41}"
105,r009-0050-4e311e3e,9,72,3,1,8,0,0,140,"{""relativeReattackFactor"":3.064872,""relativeReattackMinDelta"":0.016904,""relativeFluxFactor"":1.4,""spectralNoveltyRatio"":2.993111,""spectralNoveltyMinBins"":28,""cooldownFrames"":4,""confirmedRmsFactor"":1.224352,""confirmedRmsMinDelta"":0.003389,""confirmedFluxFactor"":1.607394,""confirmedMinFlux"":0.011782,""confirmedMinBandRatio"":0.03318,""confirmedSpectralNoveltyMinBins"":23,""cooldownOverrideFactor"":4.865161,""cooldownOverrideMinFlux"":0.007462,""cooldownOverrideMinBandRatio"":0.086818,""analyzeIntervalMs"":41}"
106,r010-0005-5876d043,10,72,3,1,8,0,0,140,"{""relativeReattackFactor"":3.04492,""relativeReattackMinDelta"":0.015909,""relativeFluxFactor"":1.4,""spectralNoveltyRatio"":3.065095,""spectralNoveltyMinBins"":29,""cooldownFrames"":4,""confirmedRmsFactor"":1.195008,""confirmedRmsMinDelta"":0.002862,""confirmedFluxFactor"":1.605757,""confirmedMinFlux"":0.011754,""confirmedMinBandRatio"":0.033467,""confirmedSpectralNoveltyMinBins"":23,""cooldownOverrideFactor"":4.631733,""cooldownOverrideMinFlux"":0.007705,""cooldownOverrideMinBandRatio"":0.09,""analyzeIntervalMs"":41}"
107,r010-0013-6c6423ca,10,72,3,1,8,0,0,140,"{""relativeReattackFactor"":3.132923,""relativeReattackMinDelta"":0.017735,""relativeFluxFactor"":1.4,""spectralNoveltyRatio"":2.633561,""spectralNoveltyMinBins"":31,""cooldownFrames"":4,""confirmedRmsFactor"":1.24253,""confirmedRmsMinDelta"":0.003013,""confirmedFluxFactor"":1.578633,""confirmedMinFlux"":0.012633,""confirmedMinBandRatio"":0.035753,""confirmedSpectralNoveltyMinBins"":26,""cooldownOverrideFactor"":4.886357,""cooldownOverrideMinFlux"":0.008004,""cooldownOverrideMinBandRatio"":0.086057,""analyzeIntervalMs"":41}"
108,r010-0030-81f012d3,10,72,3,1,8,0,0,140,"{""relativeReattackFactor"":3.131495,""relativeReattackMinDelta"":0.016858,""relativeFluxFactor"":1.4,""spectralNoveltyRatio"":3.042516,""spectralNoveltyMinBins"":31,""cooldownFrames"":4,""confirmedRmsFactor"":1.227404,""confirmedRmsMinDelta"":0.003027,""confirmedFluxFactor"":1.57104,""confirmedMinFlux"":0.011956,""confirmedMinBandRatio"":0.032076,""confirmedSpectralNoveltyMinBins"":23,""cooldownOverrideFactor"":4.770486,""cooldownOverrideMinFlux"":0.006905,""cooldownOverrideMinBandRatio"":0.087994,""analyzeIntervalMs"":41}"
109,r010-0064-e8128147,10,72,3,1,8,0,0,140,"{""relativeReattackFactor"":3.127468,""relativeReattackMinDelta"":0.01848,""relativeFluxFactor"":1.4,""spectralNoveltyRatio"":2.991017,""spectralNoveltyMinBins"":30,""cooldownFrames"":4,""confirmedRmsFactor"":1.221338,""confirmedRmsMinDelta"":0.003935,""confirmedFluxFactor"":1.68908,""confirmedMinFlux"":0.014868,""confirmedMinBandRatio"":0.036391,""confirmedSpectralNoveltyMinBins"":23,""cooldownOverrideFactor"":5,""cooldownOverrideMinFlux"":0.007477,""cooldownOverrideMinBandRatio"":0.084111,""analyzeIntervalMs"":41}"
110,r011-0025-7d2ae4a4,11,72,3,1,8,0,0,140,"{""relativeReattackFactor"":3.097048,""relativeReattackMinDelta"":0.016703,""relativeFluxFactor"":1.4,""spectralNoveltyRatio"":2.984415,""spectralNoveltyMinBins"":30,""cooldownFrames"":4,""confirmedRmsFactor"":1.220815,""confirmedRmsMinDelta"":0.003366,""confirmedFluxFactor"":1.528312,""confirmedMinFlux"":0.012524,""confirmedMinBandRatio"":0.033024,""confirmedSpectralNoveltyMinBins"":25,""cooldownOverrideFactor"":4.702305,""cooldownOverrideMinFlux"":0.00703,""cooldownOverrideMinBandRatio"":0.09,""analyzeIntervalMs"":41}"
111,r011-0034-d86056f2,11,72,3,1,8,0,0,140,"{""relativeReattackFactor"":3.129095,""relativeReattackMinDelta"":0.01922,""relativeFluxFactor"":1.4,""spectralNoveltyRatio"":3.127696,""spectralNoveltyMinBins"":27,""cooldownFrames"":4,""confirmedRmsFactor"":1.159973,""confirmedRmsMinDelta"":0.003806,""confirmedFluxFactor"":1.688649,""confirmedMinFlux"":0.016153,""confirmedMinBandRatio"":0.035753,""confirmedSpectralNoveltyMinBins"":24,""cooldownOverrideFactor"":5,""cooldownOverrideMinFlux"":0.008013,""cooldownOverrideMinBandRatio"":0.081483,""analyzeIntervalMs"":41}"
112,r011-0045-3e0a23a1,11,72,3,1,8,0,0,140,"{""relativeReattackFactor"":3.057452,""relativeReattackMinDelta"":0.016881,""relativeFluxFactor"":1.4,""spectralNoveltyRatio"":3.163532,""spectralNoveltyMinBins"":31,""cooldownFrames"":4,""confirmedRmsFactor"":1.233394,""confirmedRmsMinDelta"":0.003069,""confirmedFluxFactor"":1.522851,""confirmedMinFlux"":0.012566,""confirmedMinBandRatio"":0.03227,""confirmedSpectralNoveltyMinBins"":24,""cooldownOverrideFactor"":4.717869,""cooldownOverrideMinFlux"":0.008492,""cooldownOverrideMinBandRatio"":0.088558,""analyzeIntervalMs"":41}"
113,r011-0048-b04a3293,11,72,3,1,8,0,0,140,"{""relativeReattackFactor"":3.117474,""relativeReattackMinDelta"":0.016928,""relativeFluxFactor"":1.4,""spectralNoveltyRatio"":2.741303,""spectralNoveltyMinBins"":30,""cooldownFrames"":4,""confirmedRmsFactor"":1.255403,""confirmedRmsMinDelta"":0.003605,""confirmedFluxFactor"":1.580744,""confirmedMinFlux"":0.012404,""confirmedMinBandRatio"":0.03381,""confirmedSpectralNoveltyMinBins"":26,""cooldownOverrideFactor"":5,""cooldownOverrideMinFlux"":0.009998,""cooldownOverrideMinBandRatio"":0.085126,""analyzeIntervalMs"":41}"
114,r011-0054-8ffd179f,11,72,3,1,8,0,0,140,"{""relativeReattackFactor"":3.11545,""relativeReattackMinDelta"":0.018323,""relativeFluxFactor"":1.415366,""spectralNoveltyRatio"":3.245632,""spectralNoveltyMinBins"":31,""cooldownFrames"":4,""confirmedRmsFactor"":1.223595,""confirmedRmsMinDelta"":0.003634,""confirmedFluxFactor"":1.687766,""confirmedMinFlux"":0.015348,""confirmedMinBandRatio"":0.037245,""confirmedSpectralNoveltyMinBins"":25,""cooldownOverrideFactor"":4.87435,""cooldownOverrideMinFlux"":0.0075,""cooldownOverrideMinBandRatio"":0.083727,""analyzeIntervalMs"":41}"
115,r011-0060-d6991a38,11,72,3,1,8,0,0,140,"{""relativeReattackFactor"":3.118086,""relativeReattackMinDelta"":0.016822,""relativeFluxFactor"":1.4,""spectralNoveltyRatio"":3.041834,""spectralNoveltyMinBins"":30,""cooldownFrames"":4,""confirmedRmsFactor"":1.235707,""confirmedRmsMinDelta"":0.003215,""confirmedFluxFactor"":1.509911,""confirmedMinFlux"":0.012523,""confirmedMinBandRatio"":0.032889,""confirmedSpectralNoveltyMinBins"":25,""cooldownOverrideFactor"":4.814892,""cooldownOverrideMinFlux"":0.008056,""cooldownOverrideMinBandRatio"":0.09,""analyzeIntervalMs"":41}"
116,r011-0065-f121a3b1,11,72,3,1,8,0,0,140,"{""relativeReattackFactor"":3.118135,""relativeReattackMinDelta"":0.016269,""relativeFluxFactor"":1.4,""spectralNoveltyRatio"":2.908162,""spectralNoveltyMinBins"":28,""cooldownFrames"":4,""confirmedRmsFactor"":1.22729,""confirmedRmsMinDelta"":0.003301,""confirmedFluxFactor"":1.505748,""confirmedMinFlux"":0.012741,""confirmedMinBandRatio"":0.032848,""confirmedSpectralNoveltyMinBins"":25,""cooldownOverrideFactor"":4.866769,""cooldownOverrideMinFlux"":0.007787,""cooldownOverrideMinBandRatio"":0.09,""analyzeIntervalMs"":41}"
117,r011-0070-dacee02d,11,72,3,1,8,0,0,140,"{""relativeReattackFactor"":3.063891,""relativeReattackMinDelta"":0.017167,""relativeFluxFactor"":1.416439,""spectralNoveltyRatio"":3.130141,""spectralNoveltyMinBins"":31,""cooldownFrames"":4,""confirmedRmsFactor"":1.151985,""confirmedRmsMinDelta"":0.003258,""confirmedFluxFactor"":1.582839,""confirmedMinFlux"":0.012627,""confirmedMinBandRatio"":0.033154,""confirmedSpectralNoveltyMinBins"":25,""cooldownOverrideFactor"":4.838908,""cooldownOverrideMinFlux"":0.008471,""cooldownOverrideMinBandRatio"":0.088509,""analyzeIntervalMs"":41}"
118,r012-0005-594ec688,12,72,3,1,8,0,0,140,"{""relativeReattackFactor"":3.13366,""relativeReattackMinDelta"":0.016784,""relativeFluxFactor"":1.4,""spectralNoveltyRatio"":3.03475,""spectralNoveltyMinBins"":32,""cooldownFrames"":4,""confirmedRmsFactor"":1.211582,""confirmedRmsMinDelta"":0.002698,""confirmedFluxFactor"":1.524113,""confirmedMinFlux"":0.012185,""confirmedMinBandRatio"":0.03409,""confirmedSpectralNoveltyMinBins"":24,""cooldownOverrideFactor"":4.814599,""cooldownOverrideMinFlux"":0.008373,""cooldownOverrideMinBandRatio"":0.089994,""analyzeIntervalMs"":41}"
119,r012-0020-4c5ae4b4,12,72,3,1,8,0,0,140,"{""relativeReattackFactor"":3.094668,""relativeReattackMinDelta"":0.015717,""relativeFluxFactor"":1.4,""spectralNoveltyRatio"":3.246851,""spectralNoveltyMinBins"":29,""cooldownFrames"":4,""confirmedRmsFactor"":1.226071,""confirmedRmsMinDelta"":0.003314,""confirmedFluxFactor"":1.606444,""confirmedMinFlux"":0.011533,""confirmedMinBandRatio"":0.034927,""confirmedSpectralNoveltyMinBins"":25,""cooldownOverrideFactor"":4.86092,""cooldownOverrideMinFlux"":0.007817,""cooldownOverrideMinBandRatio"":0.09,""analyzeIntervalMs"":41}"
120,r012-0040-525d642b,12,72,3,1,8,0,0,138,"{""relativeReattackFactor"":3.073126,""relativeReattackMinDelta"":0.0171,""relativeFluxFactor"":1.4,""spectralNoveltyRatio"":3.227788,""spectralNoveltyMinBins"":32,""cooldownFrames"":4,""confirmedRmsFactor"":1.184735,""confirmedRmsMinDelta"":0.003365,""confirmedFluxFactor"":1.570558,""confirmedMinFlux"":0.012812,""confirmedMinBandRatio"":0.034283,""confirmedSpectralNoveltyMinBins"":24,""cooldownOverrideFactor"":4.819957,""cooldownOverrideMinFlux"":0.008483,""cooldownOverrideMinBandRatio"":0.09,""analyzeIntervalMs"":41}"
121,r005-0066-5d8a5048,5,71,3,1,9,0,0,141,"{""relativeReattackFactor"":3.005936,""relativeReattackMinDelta"":0.016781,""relativeFluxFactor"":1.422632,""spectralNoveltyRatio"":2.945596,""spectralNoveltyMinBins"":27,""cooldownFrames"":4,""confirmedRmsFactor"":1.252547,""confirmedRmsMinDelta"":0.003623,""confirmedFluxFactor"":1.587729,""confirmedMinFlux"":0.014226,""confirmedMinBandRatio"":0.0347,""confirmedSpectralNoveltyMinBins"":22,""cooldownOverrideFactor"":4.822213,""cooldownOverrideMinFlux"":0.008196,""cooldownOverrideMinBandRatio"":0.081642,""analyzeIntervalMs"":41}"
122,r006-0006-2a58712f,6,71,3,1,9,0,0,141,"{""relativeReattackFactor"":2.979386,""relativeReattackMinDelta"":0.016674,""relativeFluxFactor"":1.4,""spectralNoveltyRatio"":2.748458,""spectralNoveltyMinBins"":29,""cooldownFrames"":4,""confirmedRmsFactor"":1.224972,""confirmedRmsMinDelta"":0.003124,""confirmedFluxFactor"":1.526637,""confirmedMinFlux"":0.013356,""confirmedMinBandRatio"":0.033278,""confirmedSpectralNoveltyMinBins"":23,""cooldownOverrideFactor"":4.80504,""cooldownOverrideMinFlux"":0.009216,""cooldownOverrideMinBandRatio"":0.084521,""analyzeIntervalMs"":41}"
123,r006-0030-be93cd00,6,71,3,1,9,0,0,141,"{""relativeReattackFactor"":3.106702,""relativeReattackMinDelta"":0.018887,""relativeFluxFactor"":1.4,""spectralNoveltyRatio"":3.107448,""spectralNoveltyMinBins"":25,""cooldownFrames"":4,""confirmedRmsFactor"":1.285142,""confirmedRmsMinDelta"":0.003604,""confirmedFluxFactor"":1.724239,""confirmedMinFlux"":0.015052,""confirmedMinBandRatio"":0.037886,""confirmedSpectralNoveltyMinBins"":24,""cooldownOverrideFactor"":4.922833,""cooldownOverrideMinFlux"":0.009137,""cooldownOverrideMinBandRatio"":0.082906,""analyzeIntervalMs"":41}"
124,r006-0034-16717329,6,71,3,1,9,0,0,141,"{""relativeReattackFactor"":2.926558,""relativeReattackMinDelta"":0.017309,""relativeFluxFactor"":1.414377,""spectralNoveltyRatio"":2.928899,""spectralNoveltyMinBins"":28,""cooldownFrames"":4,""confirmedRmsFactor"":1.155838,""confirmedRmsMinDelta"":0.003451,""confirmedFluxFactor"":1.507338,""confirmedMinFlux"":0.014736,""confirmedMinBandRatio"":0.036274,""confirmedSpectralNoveltyMinBins"":24,""cooldownOverrideFactor"":4.838289,""cooldownOverrideMinFlux"":0.010959,""cooldownOverrideMinBandRatio"":0.07411,""analyzeIntervalMs"":41}"
125,r006-0039-8d9bec93,6,71,3,1,9,0,0,141,"{""relativeReattackFactor"":3.023436,""relativeReattackMinDelta"":0.017272,""relativeFluxFactor"":1.4,""spectralNoveltyRatio"":2.987123,""spectralNoveltyMinBins"":26,""cooldownFrames"":4,""confirmedRmsFactor"":1.15,""confirmedRmsMinDelta"":0.002822,""confirmedFluxFactor"":1.499992,""confirmedMinFlux"":0.014024,""confirmedMinBandRatio"":0.034437,""confirmedSpectralNoveltyMinBins"":26,""cooldownOverrideFactor"":4.925995,""cooldownOverrideMinFlux"":0.010024,""cooldownOverrideMinBandRatio"":0.072853,""analyzeIntervalMs"":41}"
126,r006-0060-38291d44,6,71,3,1,9,0,0,141,"{""relativeReattackFactor"":3.025237,""relativeReattackMinDelta"":0.017262,""relativeFluxFactor"":1.4,""spectralNoveltyRatio"":2.738362,""spectralNoveltyMinBins"":27,""cooldownFrames"":4,""confirmedRmsFactor"":1.219339,""confirmedRmsMinDelta"":0.003101,""confirmedFluxFactor"":1.705066,""confirmedMinFlux"":0.01575,""confirmedMinBandRatio"":0.038795,""confirmedSpectralNoveltyMinBins"":25,""cooldownOverrideFactor"":4.80623,""cooldownOverrideMinFlux"":0.009991,""cooldownOverrideMinBandRatio"":0.079046,""analyzeIntervalMs"":41}"
127,r006-0076-1d5d8c76,6,71,3,1,9,0,0,141,"{""relativeReattackFactor"":2.940719,""relativeReattackMinDelta"":0.016977,""relativeFluxFactor"":1.4,""spectralNoveltyRatio"":3.089581,""spectralNoveltyMinBins"":30,""cooldownFrames"":4,""confirmedRmsFactor"":1.238903,""confirmedRmsMinDelta"":0.004182,""confirmedFluxFactor"":1.555272,""confirmedMinFlux"":0.013702,""confirmedMinBandRatio"":0.033362,""confirmedSpectralNoveltyMinBins"":22,""cooldownOverrideFactor"":4.684997,""cooldownOverrideMinFlux"":0.006791,""cooldownOverrideMinBandRatio"":0.083026,""analyzeIntervalMs"":41}"
128,r007-0002-dcfe45ca,7,71,3,1,9,0,0,141,"{""relativeReattackFactor"":3.057675,""relativeReattackMinDelta"":0.01766,""relativeFluxFactor"":1.4,""spectralNoveltyRatio"":3.016316,""spectralNoveltyMinBins"":26,""cooldownFrames"":4,""confirmedRmsFactor"":1.212701,""confirmedRmsMinDelta"":0.00347,""confirmedFluxFactor"":1.616546,""confirmedMinFlux"":0.014081,""confirmedMinBandRatio"":0.033329,""confirmedSpectralNoveltyMinBins"":21,""cooldownOverrideFactor"":4.856915,""cooldownOverrideMinFlux"":0.009187,""cooldownOverrideMinBandRatio"":0.082983,""analyzeIntervalMs"":41}"
129,r007-0003-a216e5c4,7,71,3,1,9,0,0,141,"{""relativeReattackFactor"":2.929604,""relativeReattackMinDelta"":0.017005,""relativeFluxFactor"":1.4,""spectralNoveltyRatio"":2.599545,""spectralNoveltyMinBins"":28,""cooldownFrames"":4,""confirmedRmsFactor"":1.218609,""confirmedRmsMinDelta"":0.003478,""confirmedFluxFactor"":1.543913,""confirmedMinFlux"":0.013083,""confirmedMinBandRatio"":0.032466,""confirmedSpectralNoveltyMinBins"":22,""cooldownOverrideFactor"":4.92474,""cooldownOverrideMinFlux"":0.009599,""cooldownOverrideMinBandRatio"":0.083239,""analyzeIntervalMs"":41}"
130,r007-0014-a850b79e,7,71,3,1,9,0,0,141,"{""relativeReattackFactor"":3.057475,""relativeReattackMinDelta"":0.019506,""relativeFluxFactor"":1.4,""spectralNoveltyRatio"":3.049775,""spectralNoveltyMinBins"":26,""cooldownFrames"":4,""confirmedRmsFactor"":1.264888,""confirmedRmsMinDelta"":0.003541,""confirmedFluxFactor"":1.764002,""confirmedMinFlux"":0.015462,""confirmedMinBandRatio"":0.035949,""confirmedSpectralNoveltyMinBins"":25,""cooldownOverrideFactor"":4.786016,""cooldownOverrideMinFlux"":0.008214,""cooldownOverrideMinBandRatio"":0.086137,""analyzeIntervalMs"":41}"
131,r007-0029-882d1af4,7,71,3,1,9,0,0,141,"{""relativeReattackFactor"":3.079187,""relativeReattackMinDelta"":0.018433,""relativeFluxFactor"":1.4,""spectralNoveltyRatio"":2.958258,""spectralNoveltyMinBins"":26,""cooldownFrames"":4,""confirmedRmsFactor"":1.297623,""confirmedRmsMinDelta"":0.003785,""confirmedFluxFactor"":1.744404,""confirmedMinFlux"":0.014952,""confirmedMinBandRatio"":0.037719,""confirmedSpectralNoveltyMinBins"":25,""cooldownOverrideFactor"":4.99074,""cooldownOverrideMinFlux"":0.009423,""cooldownOverrideMinBandRatio"":0.079655,""analyzeIntervalMs"":41}"
132,r007-0036-41a669e3,7,71,3,1,9,0,0,141,"{""relativeReattackFactor"":3.118411,""relativeReattackMinDelta"":0.017475,""relativeFluxFactor"":1.4,""spectralNoveltyRatio"":2.728915,""spectralNoveltyMinBins"":27,""cooldownFrames"":4,""confirmedRmsFactor"":1.15,""confirmedRmsMinDelta"":0.00268,""confirmedFluxFactor"":1.454883,""confirmedMinFlux"":0.013255,""confirmedMinBandRatio"":0.033656,""confirmedSpectralNoveltyMinBins"":27,""cooldownOverrideFactor"":4.966126,""cooldownOverrideMinFlux"":0.010761,""cooldownOverrideMinBandRatio"":0.071538,""analyzeIntervalMs"":41}"
133,r007-0040-77031c74,7,71,3,1,9,0,0,141,"{""relativeReattackFactor"":2.970213,""relativeReattackMinDelta"":0.017974,""relativeFluxFactor"":1.4,""spectralNoveltyRatio"":2.842366,""spectralNoveltyMinBins"":30,""cooldownFrames"":4,""confirmedRmsFactor"":1.15,""confirmedRmsMinDelta"":0.003689,""confirmedFluxFactor"":1.535893,""confirmedMinFlux"":0.014926,""confirmedMinBandRatio"":0.034873,""confirmedSpectralNoveltyMinBins"":25,""cooldownOverrideFactor"":4.882068,""cooldownOverrideMinFlux"":0.010406,""cooldownOverrideMinBandRatio"":0.077352,""analyzeIntervalMs"":41}"
134,r007-0045-cd2ea2f4,7,71,3,1,9,0,0,141,"{""relativeReattackFactor"":3.012442,""relativeReattackMinDelta"":0.016511,""relativeFluxFactor"":1.4,""spectralNoveltyRatio"":2.91736,""spectralNoveltyMinBins"":27,""cooldownFrames"":4,""confirmedRmsFactor"":1.177105,""confirmedRmsMinDelta"":0.003771,""confirmedFluxFactor"":1.495106,""confirmedMinFlux"":0.014711,""confirmedMinBandRatio"":0.038335,""confirmedSpectralNoveltyMinBins"":23,""cooldownOverrideFactor"":4.86657,""cooldownOverrideMinFlux"":0.012241,""cooldownOverrideMinBandRatio"":0.074544,""analyzeIntervalMs"":41}"
135,r007-0054-c90549ee,7,71,3,1,9,0,0,141,"{""relativeReattackFactor"":3.193825,""relativeReattackMinDelta"":0.019672,""relativeFluxFactor"":1.4,""spectralNoveltyRatio"":3.020367,""spectralNoveltyMinBins"":24,""cooldownFrames"":4,""confirmedRmsFactor"":1.310951,""confirmedRmsMinDelta"":0.003791,""confirmedFluxFactor"":1.720722,""confirmedMinFlux"":0.0151,""confirmedMinBandRatio"":0.03574,""confirmedSpectralNoveltyMinBins"":23,""cooldownOverrideFactor"":4.924437,""cooldownOverrideMinFlux"":0.00996,""cooldownOverrideMinBandRatio"":0.080512,""analyzeIntervalMs"":41}"
136,r007-0057-83ea50c2,7,71,3,1,9,0,0,141,"{""relativeReattackFactor"":2.931014,""relativeReattackMinDelta"":0.016792,""relativeFluxFactor"":1.4,""spectralNoveltyRatio"":3.051698,""spectralNoveltyMinBins"":27,""cooldownFrames"":4,""confirmedRmsFactor"":1.266505,""confirmedRmsMinDelta"":0.003243,""confirmedFluxFactor"":1.534561,""confirmedMinFlux"":0.014439,""confirmedMinBandRatio"":0.034293,""confirmedSpectralNoveltyMinBins"":22,""cooldownOverrideFactor"":4.83653,""cooldownOverrideMinFlux"":0.007533,""cooldownOverrideMinBandRatio"":0.079492,""analyzeIntervalMs"":41}"
137,r007-0065-4552c234,7,71,3,1,9,0,0,141,"{""relativeReattackFactor"":2.988237,""relativeReattackMinDelta"":0.01803,""relativeFluxFactor"":1.4,""spectralNoveltyRatio"":2.89591,""spectralNoveltyMinBins"":29,""cooldownFrames"":4,""confirmedRmsFactor"":1.206504,""confirmedRmsMinDelta"":0.003416,""confirmedFluxFactor"":1.536558,""confirmedMinFlux"":0.014589,""confirmedMinBandRatio"":0.038369,""confirmedSpectralNoveltyMinBins"":23,""cooldownOverrideFactor"":4.714225,""cooldownOverrideMinFlux"":0.01157,""cooldownOverrideMinBandRatio"":0.076585,""analyzeIntervalMs"":41}"
138,r007-0072-2f01c630,7,71,3,1,9,0,0,141,"{""relativeReattackFactor"":3.1021,""relativeReattackMinDelta"":0.015756,""relativeFluxFactor"":1.4,""spectralNoveltyRatio"":2.843346,""spectralNoveltyMinBins"":26,""cooldownFrames"":4,""confirmedRmsFactor"":1.238052,""confirmedRmsMinDelta"":0.003323,""confirmedFluxFactor"":1.618686,""confirmedMinFlux"":0.013553,""confirmedMinBandRatio"":0.035667,""confirmedSpectralNoveltyMinBins"":22,""cooldownOverrideFactor"":4.934873,""cooldownOverrideMinFlux"":0.007797,""cooldownOverrideMinBandRatio"":0.082056,""analyzeIntervalMs"":41}"
139,r007-0078-fba1561c,7,71,3,1,9,0,0,141,"{""relativeReattackFactor"":2.994937,""relativeReattackMinDelta"":0.017537,""relativeFluxFactor"":1.4,""spectralNoveltyRatio"":2.618741,""spectralNoveltyMinBins"":30,""cooldownFrames"":4,""confirmedRmsFactor"":1.253333,""confirmedRmsMinDelta"":0.003593,""confirmedFluxFactor"":1.492955,""confirmedMinFlux"":0.013265,""confirmedMinBandRatio"":0.031267,""confirmedSpectralNoveltyMinBins"":24,""cooldownOverrideFactor"":4.816727,""cooldownOverrideMinFlux"":0.008958,""cooldownOverrideMinBandRatio"":0.087917,""analyzeIntervalMs"":41}"
140,r008-0038-51f855a9,8,71,3,1,9,0,0,141,"{""relativeReattackFactor"":3.102593,""relativeReattackMinDelta"":0.019934,""relativeFluxFactor"":1.4,""spectralNoveltyRatio"":3.131546,""spectralNoveltyMinBins"":26,""cooldownFrames"":4,""confirmedRmsFactor"":1.328103,""confirmedRmsMinDelta"":0.003299,""confirmedFluxFactor"":1.658594,""confirmedMinFlux"":0.015653,""confirmedMinBandRatio"":0.037674,""confirmedSpectralNoveltyMinBins"":24,""cooldownOverrideFactor"":5,""cooldownOverrideMinFlux"":0.008324,""cooldownOverrideMinBandRatio"":0.083039,""analyzeIntervalMs"":41}"
141,r008-0048-c6855d4e,8,71,3,1,9,0,0,141,"{""relativeReattackFactor"":3.102451,""relativeReattackMinDelta"":0.01984,""relativeFluxFactor"":1.4,""spectralNoveltyRatio"":2.788373,""spectralNoveltyMinBins"":26,""cooldownFrames"":4,""confirmedRmsFactor"":1.365185,""confirmedRmsMinDelta"":0.003799,""confirmedFluxFactor"":1.676242,""confirmedMinFlux"":0.015184,""confirmedMinBandRatio"":0.040809,""confirmedSpectralNoveltyMinBins"":24,""cooldownOverrideFactor"":4.937984,""cooldownOverrideMinFlux"":0.009319,""cooldownOverrideMinBandRatio"":0.082962,""analyzeIntervalMs"":41}"
142,r008-0062-f9bd1d06,8,71,3,1,9,0,0,141,"{""relativeReattackFactor"":3.241039,""relativeReattackMinDelta"":0.017145,""relativeFluxFactor"":1.4,""spectralNoveltyRatio"":2.932933,""spectralNoveltyMinBins"":24,""cooldownFrames"":4,""confirmedRmsFactor"":1.180646,""confirmedRmsMinDelta"":0.003219,""confirmedFluxFactor"":1.536194,""confirmedMinFlux"":0.013773,""confirmedMinBandRatio"":0.03389,""confirmedSpectralNoveltyMinBins"":27,""cooldownOverrideFactor"":4.95574,""cooldownOverrideMinFlux"":0.010408,""cooldownOverrideMinBandRatio"":0.073339,""analyzeIntervalMs"":41}"
143,r009-0017-6a861a08,9,71,3,1,9,0,0,141,"{""relativeReattackFactor"":3.218171,""relativeReattackMinDelta"":0.018922,""relativeFluxFactor"":1.4,""spectralNoveltyRatio"":2.889334,""spectralNoveltyMinBins"":25,""cooldownFrames"":4,""confirmedRmsFactor"":1.349462,""confirmedRmsMinDelta"":0.003852,""confirmedFluxFactor"":1.723997,""confirmedMinFlux"":0.015873,""confirmedMinBandRatio"":0.037668,""confirmedSpectralNoveltyMinBins"":26,""cooldownOverrideFactor"":4.931629,""cooldownOverrideMinFlux"":0.010246,""cooldownOverrideMinBandRatio"":0.088425,""analyzeIntervalMs"":41}"
144,r009-0077-c61fcec8,9,71,3,1,9,0,0,141,"{""relativeReattackFactor"":3.105717,""relativeReattackMinDelta"":0.019213,""relativeFluxFactor"":1.4,""spectralNoveltyRatio"":3.019631,""spectralNoveltyMinBins"":25,""cooldownFrames"":4,""confirmedRmsFactor"":1.282095,""confirmedRmsMinDelta"":0.003722,""confirmedFluxFactor"":1.696385,""confirmedMinFlux"":0.015366,""confirmedMinBandRatio"":0.038862,""confirmedSpectralNoveltyMinBins"":26,""cooldownOverrideFactor"":5,""cooldownOverrideMinFlux"":0.00942,""cooldownOverrideMinBandRatio"":0.088122,""analyzeIntervalMs"":41}"
145,r011-0037-cf20d8d4,11,71,3,1,9,0,0,141,"{""relativeReattackFactor"":3.281333,""relativeReattackMinDelta"":0.018647,""relativeFluxFactor"":1.4,""spectralNoveltyRatio"":2.900333,""spectralNoveltyMinBins"":25,""cooldownFrames"":4,""confirmedRmsFactor"":1.3478,""confirmedRmsMinDelta"":0.004188,""confirmedFluxFactor"":1.676374,""confirmedMinFlux"":0.015603,""confirmedMinBandRatio"":0.038386,""confirmedSpectralNoveltyMinBins"":25,""cooldownOverrideFactor"":5,""cooldownOverrideMinFlux"":0.009787,""cooldownOverrideMinBandRatio"":0.085782,""analyzeIntervalMs"":41}"
146,r012-0026-0be95238,12,71,3,1,9,0,0,141,"{""relativeReattackFactor"":3.330389,""relativeReattackMinDelta"":0.01929,""relativeFluxFactor"":1.4,""spectralNoveltyRatio"":2.863793,""spectralNoveltyMinBins"":25,""cooldownFrames"":4,""confirmedRmsFactor"":1.202078,""confirmedRmsMinDelta"":0.00399,""confirmedFluxFactor"":1.705206,""confirmedMinFlux"":0.015538,""confirmedMinBandRatio"":0.03448,""confirmedSpectralNoveltyMinBins"":24,""cooldownOverrideFactor"":4.764721,""cooldownOverrideMinFlux"":0.008367,""cooldownOverrideMinBandRatio"":0.081589,""analyzeIntervalMs"":41}"
147,r005-0001-958271c2,5,70,3,1,10,0,0,143,"{""relativeReattackFactor"":2.828469,""relativeReattackMinDelta"":0.018331,""relativeFluxFactor"":1.4,""spectralNoveltyRatio"":3.058037,""spectralNoveltyMinBins"":28,""cooldownFrames"":4,""confirmedRmsFactor"":1.2985,""confirmedRmsMinDelta"":0.00343,""confirmedFluxFactor"":1.674536,""confirmedMinFlux"":0.014156,""confirmedMinBandRatio"":0.033925,""confirmedSpectralNoveltyMinBins"":24,""cooldownOverrideFactor"":4.824677,""cooldownOverrideMinFlux"":0.009984,""cooldownOverrideMinBandRatio"":0.077209,""analyzeIntervalMs"":41}"
148,r006-0037-e31d92f3,6,70,3,1,10,0,0,142,"{""relativeReattackFactor"":2.903788,""relativeReattackMinDelta"":0.018941,""relativeFluxFactor"":1.4,""spectralNoveltyRatio"":2.828693,""spectralNoveltyMinBins"":27,""cooldownFrames"":4,""confirmedRmsFactor"":1.302336,""confirmedRmsMinDelta"":0.003835,""confirmedFluxFactor"":1.67821,""confirmedMinFlux"":0.014227,""confirmedMinBandRatio"":0.032398,""confirmedSpectralNoveltyMinBins"":23,""cooldownOverrideFactor"":4.690735,""cooldownOverrideMinFlux"":0.009357,""cooldownOverrideMinBandRatio"":0.075309,""analyzeIntervalMs"":41}"
149,r006-0053-49d874d7,6,70,3,1,10,0,0,142,"{""relativeReattackFactor"":2.850551,""relativeReattackMinDelta"":0.019532,""relativeFluxFactor"":1.4,""spectralNoveltyRatio"":2.590989,""spectralNoveltyMinBins"":28,""cooldownFrames"":4,""confirmedRmsFactor"":1.192934,""confirmedRmsMinDelta"":0.003643,""confirmedFluxFactor"":1.499085,""confirmedMinFlux"":0.015471,""confirmedMinBandRatio"":0.037218,""confirmedSpectralNoveltyMinBins"":25,""cooldownOverrideFactor"":4.941647,""cooldownOverrideMinFlux"":0.007931,""cooldownOverrideMinBandRatio"":0.07963,""analyzeIntervalMs"":41}"
150,r007-0012-7dfadb8f,7,70,3,1,10,0,0,142,"{""relativeReattackFactor"":2.912457,""relativeReattackMinDelta"":0.017014,""relativeFluxFactor"":1.4,""spectralNoveltyRatio"":2.81073,""spectralNoveltyMinBins"":28,""cooldownFrames"":4,""confirmedRmsFactor"":1.240194,""confirmedRmsMinDelta"":0.003589,""confirmedFluxFactor"":1.640226,""confirmedMinFlux"":0.013543,""confirmedMinBandRatio"":0.035995,""confirmedSpectralNoveltyMinBins"":22,""cooldownOverrideFactor"":4.968355,""cooldownOverrideMinFlux"":0.007617,""cooldownOverrideMinBandRatio"":0.081834,""analyzeIntervalMs"":41}"
151,r007-0015-bd196821,7,70,3,1,10,0,0,143,"{""relativeReattackFactor"":2.815317,""relativeReattackMinDelta"":0.017978,""relativeFluxFactor"":1.4,""spectralNoveltyRatio"":3.01697,""spectralNoveltyMinBins"":30,""cooldownFrames"":4,""confirmedRmsFactor"":1.199371,""confirmedRmsMinDelta"":0.003098,""confirmedFluxFactor"":1.520939,""confirmedMinFlux"":0.014467,""confirmedMinBandRatio"":0.036689,""confirmedSpectralNoveltyMinBins"":25,""cooldownOverrideFactor"":4.779632,""cooldownOverrideMinFlux"":0.010072,""cooldownOverrideMinBandRatio"":0.074315,""analyzeIntervalMs"":41}"
152,r007-0032-65be36cf,7,70,3,1,10,0,0,142,"{""relativeReattackFactor"":2.94555,""relativeReattackMinDelta"":0.017296,""relativeFluxFactor"":1.4,""spectralNoveltyRatio"":3.100789,""spectralNoveltyMinBins"":26,""cooldownFrames"":4,""confirmedRmsFactor"":1.201876,""confirmedRmsMinDelta"":0.003162,""confirmedFluxFactor"":1.544908,""confirmedMinFlux"":0.014443,""confirmedMinBandRatio"":0.034528,""confirmedSpectralNoveltyMinBins"":22,""cooldownOverrideFactor"":4.972408,""cooldownOverrideMinFlux"":0.008384,""cooldownOverrideMinBandRatio"":0.078354,""analyzeIntervalMs"":41}"
153,r005-0051-9496fab8,5,69,3,1,11,0,0,143,"{""relativeReattackFactor"":2.884673,""relativeReattackMinDelta"":0.018433,""relativeFluxFactor"":1.4,""spectralNoveltyRatio"":2.797565,""spectralNoveltyMinBins"":27,""cooldownFrames"":4,""confirmedRmsFactor"":1.250006,""confirmedRmsMinDelta"":0.003845,""confirmedFluxFactor"":1.57408,""confirmedMinFlux"":0.015093,""confirmedMinBandRatio"":0.038138,""confirmedSpectralNoveltyMinBins"":25,""cooldownOverrideFactor"":5,""cooldownOverrideMinFlux"":0.007288,""cooldownOverrideMinBandRatio"":0.080941,""analyzeIntervalMs"":41}"
154,r006-0022-58cee067,6,69,3,1,11,0,0,143,"{""relativeReattackFactor"":2.845511,""relativeReattackMinDelta"":0.019443,""relativeFluxFactor"":1.4,""spectralNoveltyRatio"":3.102624,""spectralNoveltyMinBins"":25,""cooldownFrames"":4,""confirmedRmsFactor"":1.322828,""confirmedRmsMinDelta"":0.003508,""confirmedFluxFactor"":1.682748,""confirmedMinFlux"":0.015064,""confirmedMinBandRatio"":0.034769,""confirmedSpectralNoveltyMinBins"":25,""cooldownOverrideFactor"":4.768096,""cooldownOverrideMinFlux"":0.010839,""cooldownOverrideMinBandRatio"":0.077734,""analyzeIntervalMs"":41}"
155,r007-0023-4dffecb9,7,69,3,1,11,0,0,143,"{""relativeReattackFactor"":2.852057,""relativeReattackMinDelta"":0.017404,""relativeFluxFactor"":1.4,""spectralNoveltyRatio"":2.773953,""spectralNoveltyMinBins"":27,""cooldownFrames"":4,""confirmedRmsFactor"":1.21155,""confirmedRmsMinDelta"":0.003117,""confirmedFluxFactor"":1.519812,""confirmedMinFlux"":0.013267,""confirmedMinBandRatio"":0.034282,""confirmedSpectralNoveltyMinBins"":24,""cooldownOverrideFactor"":4.75689,""cooldownOverrideMinFlux"":0.009014,""cooldownOverrideMinBandRatio"":0.082992,""analyzeIntervalMs"":41}"
156,r005-0006-bc221905,5,67,3,1,10,0,0,142,"{""relativeReattackFactor"":3.048323,""relativeReattackMinDelta"":0.018468,""relativeFluxFactor"":1.4,""spectralNoveltyRatio"":2.935167,""spectralNoveltyMinBins"":25,""cooldownFrames"":4,""confirmedRmsFactor"":1.178385,""confirmedRmsMinDelta"":0.003276,""confirmedFluxFactor"":1.570593,""confirmedMinFlux"":0.013842,""confirmedMinBandRatio"":0.035407,""confirmedSpectralNoveltyMinBins"":25,""cooldownOverrideFactor"":5,""cooldownOverrideMinFlux"":0.010572,""cooldownOverrideMinBandRatio"":0.075644,""analyzeIntervalMs"":41}"
157,r008-0028-cbf94aaf,8,67,3,1,10,0,0,142,"{""relativeReattackFactor"":3.030311,""relativeReattackMinDelta"":0.020047,""relativeFluxFactor"":1.4,""spectralNoveltyRatio"":2.96542,""spectralNoveltyMinBins"":24,""cooldownFrames"":4,""confirmedRmsFactor"":1.360009,""confirmedRmsMinDelta"":0.003581,""confirmedFluxFactor"":1.631205,""confirmedMinFlux"":0.015147,""confirmedMinBandRatio"":0.040796,""confirmedSpectralNoveltyMinBins"":24,""cooldownOverrideFactor"":4.890913,""cooldownOverrideMinFlux"":0.008516,""cooldownOverrideMinBandRatio"":0.083123,""analyzeIntervalMs"":41}"
158,r009-0057-0fc22e87,9,67,3,1,10,0,0,142,"{""relativeReattackFactor"":3.298179,""relativeReattackMinDelta"":0.018685,""relativeFluxFactor"":1.4,""spectralNoveltyRatio"":2.723404,""spectralNoveltyMinBins"":25,""cooldownFrames"":4,""confirmedRmsFactor"":1.284223,""confirmedRmsMinDelta"":0.004185,""confirmedFluxFactor"":1.699655,""confirmedMinFlux"":0.015059,""confirmedMinBandRatio"":0.037415,""confirmedSpectralNoveltyMinBins"":26,""cooldownOverrideFactor"":5,""cooldownOverrideMinFlux"":0.009265,""cooldownOverrideMinBandRatio"":0.083747,""analyzeIntervalMs"":41}"
159,r004-0041-a453662e,4,66,3,1,11,0,0,143,"{""relativeReattackFactor"":2.979605,""relativeReattackMinDelta"":0.017825,""relativeFluxFactor"":1.4,""spectralNoveltyRatio"":2.851881,""spectralNoveltyMinBins"":25,""cooldownFrames"":4,""confirmedRmsFactor"":1.247523,""confirmedRmsMinDelta"":0.003539,""confirmedFluxFactor"":1.643323,""confirmedMinFlux"":0.014878,""confirmedMinBandRatio"":0.036799,""confirmedSpectralNoveltyMinBins"":23,""cooldownOverrideFactor"":4.8752,""cooldownOverrideMinFlux"":0.008846,""cooldownOverrideMinBandRatio"":0.079086,""analyzeIntervalMs"":41}"
160,r006-0021-68be0093,6,66,3,1,11,0,0,143,"{""relativeReattackFactor"":2.998655,""relativeReattackMinDelta"":0.017483,""relativeFluxFactor"":1.420695,""spectralNoveltyRatio"":2.99771,""spectralNoveltyMinBins"":25,""cooldownFrames"":4,""confirmedRmsFactor"":1.260651,""confirmedRmsMinDelta"":0.003245,""confirmedFluxFactor"":1.567853,""confirmedMinFlux"":0.014939,""confirmedMinBandRatio"":0.03222,""confirmedSpectralNoveltyMinBins"":21,""cooldownOverrideFactor"":4.699022,""cooldownOverrideMinFlux"":0.008385,""cooldownOverrideMinBandRatio"":0.085674,""analyzeIntervalMs"":41}"
161,r006-0068-bdf249a3,6,65,3,1,12,0,0,145,"{""relativeReattackFactor"":2.776005,""relativeReattackMinDelta"":0.01881,""relativeFluxFactor"":1.4,""spectralNoveltyRatio"":2.866763,""spectralNoveltyMinBins"":25,""cooldownFrames"":4,""confirmedRmsFactor"":1.307226,""confirmedRmsMinDelta"":0.003942,""confirmedFluxFactor"":1.556229,""confirmedMinFlux"":0.014237,""confirmedMinBandRatio"":0.036317,""confirmedSpectralNoveltyMinBins"":26,""cooldownOverrideFactor"":5,""cooldownOverrideMinFlux"":0.006999,""cooldownOverrideMinBandRatio"":0.078529,""analyzeIntervalMs"":41}"
162,r005-0076-6bd22a8b,5,63,3,1,11,0,0,145,"{""relativeReattackFactor"":3.028487,""relativeReattackMinDelta"":0.01847,""relativeFluxFactor"":1.4,""spectralNoveltyRatio"":3.017463,""spectralNoveltyMinBins"":21,""cooldownFrames"":4,""confirmedRmsFactor"":1.202976,""confirmedRmsMinDelta"":0.002984,""confirmedFluxFactor"":1.621107,""confirmedMinFlux"":0.014561,""confirmedMinBandRatio"":0.034961,""confirmedSpectralNoveltyMinBins"":23,""cooldownOverrideFactor"":4.860241,""cooldownOverrideMinFlux"":0.008138,""cooldownOverrideMinBandRatio"":0.083814,""analyzeIntervalMs"":41}"
163,r008-0047-bb124064,8,63,3,1,11,0,0,143,"{""relativeReattackFactor"":3.09611,""relativeReattackMinDelta"":0.016831,""relativeFluxFactor"":1.4,""spectralNoveltyRatio"":2.744222,""spectralNoveltyMinBins"":24,""cooldownFrames"":4,""confirmedRmsFactor"":1.15,""confirmedRmsMinDelta"":0.003309,""confirmedFluxFactor"":1.507831,""confirmedMinFlux"":0.013084,""confirmedMinBandRatio"":0.036003,""confirmedSpectralNoveltyMinBins"":27,""cooldownOverrideFactor"":4.908936,""cooldownOverrideMinFlux"":0.009991,""cooldownOverrideMinBandRatio"":0.072783,""analyzeIntervalMs"":41}"
164,r009-0012-d78ceac5,9,63,3,1,11,0,0,143,"{""relativeReattackFactor"":3.112356,""relativeReattackMinDelta"":0.018836,""relativeFluxFactor"":1.4,""spectralNoveltyRatio"":2.702686,""spectralNoveltyMinBins"":25,""cooldownFrames"":4,""confirmedRmsFactor"":1.353596,""confirmedRmsMinDelta"":0.003908,""confirmedFluxFactor"":1.664571,""confirmedMinFlux"":0.016154,""confirmedMinBandRatio"":0.035796,""confirmedSpectralNoveltyMinBins"":24,""cooldownOverrideFactor"":4.896383,""cooldownOverrideMinFlux"":0.010195,""cooldownOverrideMinBandRatio"":0.087504,""analyzeIntervalMs"":41}"
165,r006-0011-76987c98,6,62,3,1,12,0,0,144,"{""relativeReattackFactor"":2.953671,""relativeReattackMinDelta"":0.017157,""relativeFluxFactor"":1.42146,""spectralNoveltyRatio"":2.772272,""spectralNoveltyMinBins"":25,""cooldownFrames"":4,""confirmedRmsFactor"":1.311624,""confirmedRmsMinDelta"":0.003211,""confirmedFluxFactor"":1.531744,""confirmedMinFlux"":0.015172,""confirmedMinBandRatio"":0.033762,""confirmedSpectralNoveltyMinBins"":22,""cooldownOverrideFactor"":4.821588,""cooldownOverrideMinFlux"":0.007251,""cooldownOverrideMinBandRatio"":0.085208,""analyzeIntervalMs"":41}"
166,r004-0033-7e4786ce,4,61,3,1,13,0,0,145,"{""relativeReattackFactor"":2.857486,""relativeReattackMinDelta"":0.01514,""relativeFluxFactor"":1.4,""spectralNoveltyRatio"":2.387777,""spectralNoveltyMinBins"":24,""cooldownFrames"":4,""confirmedRmsFactor"":1.56571,""confirmedRmsMinDelta"":0.004968,""confirmedFluxFactor"":1.780867,""confirmedMinFlux"":0.011616,""confirmedMinBandRatio"":0.034484,""confirmedSpectralNoveltyMinBins"":21,""cooldownOverrideFactor"":4.003141,""cooldownOverrideMinFlux"":0.007595,""cooldownOverrideMinBandRatio"":0.080571,""analyzeIntervalMs"":41}"
167,r006-0008-10d34b15,6,61,3,1,13,0,0,145,"{""relativeReattackFactor"":2.894778,""relativeReattackMinDelta"":0.018118,""relativeFluxFactor"":1.4,""spectralNoveltyRatio"":2.540504,""spectralNoveltyMinBins"":24,""cooldownFrames"":4,""confirmedRmsFactor"":1.257695,""confirmedRmsMinDelta"":0.004101,""confirmedFluxFactor"":1.567957,""confirmedMinFlux"":0.015298,""confirmedMinBandRatio"":0.039682,""confirmedSpectralNoveltyMinBins"":26,""cooldownOverrideFactor"":5,""cooldownOverrideMinFlux"":0.007123,""cooldownOverrideMinBandRatio"":0.079078,""analyzeIntervalMs"":41}"
168,r004-0013-b7c8200f,4,57,3,1,14,0,0,149,"{""relativeReattackFactor"":2.8375,""relativeReattackMinDelta"":0.015138,""relativeFluxFactor"":1.4,""spectralNoveltyRatio"":2.484845,""spectralNoveltyMinBins"":20,""cooldownFrames"":4,""confirmedRmsFactor"":1.432896,""confirmedRmsMinDelta"":0.00345,""confirmedFluxFactor"":1.674356,""confirmedMinFlux"":0.012144,""confirmedMinBandRatio"":0.034017,""confirmedSpectralNoveltyMinBins"":25,""cooldownOverrideFactor"":4.018922,""cooldownOverrideMinFlux"":0.008357,""cooldownOverrideMinBandRatio"":0.081015,""analyzeIntervalMs"":41}"
169,r004-0071-d33a8703,4,54,3,1,14,0,0,148,"{""relativeReattackFactor"":2.924208,""relativeReattackMinDelta"":0.018637,""relativeFluxFactor"":1.4,""spectralNoveltyRatio"":2.273913,""spectralNoveltyMinBins"":20,""cooldownFrames"":4,""confirmedRmsFactor"":1.37437,""confirmedRmsMinDelta"":0.00448,""confirmedFluxFactor"":1.509788,""confirmedMinFlux"":0.014889,""confirmedMinBandRatio"":0.03436,""confirmedSpectralNoveltyMinBins"":19,""cooldownOverrideFactor"":4.602829,""cooldownOverrideMinFlux"":0.0092,""cooldownOverrideMinBandRatio"":0.086128,""analyzeIntervalMs"":41}"
170,r005-0054-d0148db8,5,46,3,1,16,0,0,151,"{""relativeReattackFactor"":3.101313,""relativeReattackMinDelta"":0.017783,""relativeFluxFactor"":1.4,""spectralNoveltyRatio"":2.201386,""spectralNoveltyMinBins"":17,""cooldownFrames"":4,""confirmedRmsFactor"":1.431503,""confirmedRmsMinDelta"":0.004221,""confirmedFluxFactor"":1.556918,""confirmedMinFlux"":0.015907,""confirmedMinBandRatio"":0.03722,""confirmedSpectralNoveltyMinBins"":17,""cooldownOverrideFactor"":4.569958,""cooldownOverrideMinFlux"":0.007827,""cooldownOverrideMinBandRatio"":0.089398,""analyzeIntervalMs"":41}"
171,r006-0067-898a1a50,6,43,3,1,12,0,1,145,"{""relativeReattackFactor"":2.718915,""relativeReattackMinDelta"":0.01717,""relativeFluxFactor"":1.4,""spectralNoveltyRatio"":3.098154,""spectralNoveltyMinBins"":26,""cooldownFrames"":4,""confirmedRmsFactor"":1.295621,""confirmedRmsMinDelta"":0.003497,""confirmedFluxFactor"":1.730408,""confirmedMinFlux"":0.014913,""confirmedMinBandRatio"":0.03366,""confirmedSpectralNoveltyMinBins"":23,""cooldownOverrideFactor"":4.855937,""cooldownOverrideMinFlux"":0.010228,""cooldownOverrideMinBandRatio"":0.08019,""analyzeIntervalMs"":41}"
172,r006-0009-8489f0b4,6,34,2,2,12,0,0,142,"{""relativeReattackFactor"":3.079869,""relativeReattackMinDelta"":0.017618,""relativeFluxFactor"":1.4,""spectralNoveltyRatio"":3.11314,""spectralNoveltyMinBins"":23,""cooldownFrames"":4,""confirmedRmsFactor"":1.15,""confirmedRmsMinDelta"":0.003322,""confirmedFluxFactor"":1.633956,""confirmedMinFlux"":0.012912,""confirmedMinBandRatio"":0.034279,""confirmedSpectralNoveltyMinBins"":24,""cooldownOverrideFactor"":4.875412,""cooldownOverrideMinFlux"":0.011204,""cooldownOverrideMinBandRatio"":0.07321,""analyzeIntervalMs"":40}"
173,r006-0031-c363016c,6,34,2,2,12,0,0,142,"{""relativeReattackFactor"":3.096326,""relativeReattackMinDelta"":0.016435,""relativeFluxFactor"":1.4,""spectralNoveltyRatio"":3.092254,""spectralNoveltyMinBins"":24,""cooldownFrames"":4,""confirmedRmsFactor"":1.213074,""confirmedRmsMinDelta"":0.004066,""confirmedFluxFactor"":1.638211,""confirmedMinFlux"":0.013568,""confirmedMinBandRatio"":0.032354,""confirmedSpectralNoveltyMinBins"":21,""cooldownOverrideFactor"":4.929644,""cooldownOverrideMinFlux"":0.008757,""cooldownOverrideMinBandRatio"":0.078971,""analyzeIntervalMs"":40}"
174,r007-0049-5152578c,7,34,2,2,12,0,0,143,"{""relativeReattackFactor"":2.98117,""relativeReattackMinDelta"":0.018778,""relativeFluxFactor"":1.415786,""spectralNoveltyRatio"":3.033886,""spectralNoveltyMinBins"":24,""cooldownFrames"":4,""confirmedRmsFactor"":1.240564,""confirmedRmsMinDelta"":0.003926,""confirmedFluxFactor"":1.735467,""confirmedMinFlux"":0.015865,""confirmedMinBandRatio"":0.038907,""confirmedSpectralNoveltyMinBins"":23,""cooldownOverrideFactor"":4.974667,""cooldownOverrideMinFlux"":0.008824,""cooldownOverrideMinBandRatio"":0.085594,""analyzeIntervalMs"":40}"
175,r008-0016-9a3d5da7,8,34,2,2,12,0,0,142,"{""relativeReattackFactor"":3.345256,""relativeReattackMinDelta"":0.02036,""relativeFluxFactor"":1.4,""spectralNoveltyRatio"":2.924415,""spectralNoveltyMinBins"":25,""cooldownFrames"":4,""confirmedRmsFactor"":1.223895,""confirmedRmsMinDelta"":0.00338,""confirmedFluxFactor"":1.701305,""confirmedMinFlux"":0.01557,""confirmedMinBandRatio"":0.034831,""confirmedSpectralNoveltyMinBins"":25,""cooldownOverrideFactor"":4.749505,""cooldownOverrideMinFlux"":0.007519,""cooldownOverrideMinBandRatio"":0.083205,""analyzeIntervalMs"":40}"
176,r011-0036-85ab87fd,11,34,2,2,12,0,0,142,"{""relativeReattackFactor"":3.158073,""relativeReattackMinDelta"":0.020204,""relativeFluxFactor"":1.419154,""spectralNoveltyRatio"":2.944367,""spectralNoveltyMinBins"":25,""cooldownFrames"":4,""confirmedRmsFactor"":1.250318,""confirmedRmsMinDelta"":0.003418,""confirmedFluxFactor"":1.700019,""confirmedMinFlux"":0.015302,""confirmedMinBandRatio"":0.036201,""confirmedSpectralNoveltyMinBins"":26,""cooldownOverrideFactor"":4.795152,""cooldownOverrideMinFlux"":0.009064,""cooldownOverrideMinBandRatio"":0.081953,""analyzeIntervalMs"":40}"
177,r005-0015-08fcb8d6,5,31,3,1,15,0,1,150,"{""relativeReattackFactor"":2.767634,""relativeReattackMinDelta"":0.018355,""relativeFluxFactor"":1.4,""spectralNoveltyRatio"":2.463392,""spectralNoveltyMinBins"":20,""cooldownFrames"":4,""confirmedRmsFactor"":1.327248,""confirmedRmsMinDelta"":0.003985,""confirmedFluxFactor"":1.610274,""confirmedMinFlux"":0.014352,""confirmedMinBandRatio"":0.03559,""confirmedSpectralNoveltyMinBins"":22,""cooldownOverrideFactor"":4.634135,""cooldownOverrideMinFlux"":0.009331,""cooldownOverrideMinBandRatio"":0.088477,""analyzeIntervalMs"":41}"
178,r004-0006-6669be6d,4,23,3,1,17,0,1,152,"{""relativeReattackFactor"":2.799285,""relativeReattackMinDelta"":0.017088,""relativeFluxFactor"":1.4,""spectralNoveltyRatio"":2.221896,""spectralNoveltyMinBins"":19,""cooldownFrames"":4,""confirmedRmsFactor"":1.342038,""confirmedRmsMinDelta"":0.004594,""confirmedFluxFactor"":1.649026,""confirmedMinFlux"":0.014917,""confirmedMinBandRatio"":0.035587,""confirmedSpectralNoveltyMinBins"":23,""cooldownOverrideFactor"":4.853002,""cooldownOverrideMinFlux"":0.008901,""cooldownOverrideMinBandRatio"":0.084263,""analyzeIntervalMs"":41}"
179,r004-0016-4e059bc9,4,23,3,1,17,0,1,152,"{""relativeReattackFactor"":2.901783,""relativeReattackMinDelta"":0.018452,""relativeFluxFactor"":1.4,""spectralNoveltyRatio"":2.239818,""spectralNoveltyMinBins"":18,""cooldownFrames"":4,""confirmedRmsFactor"":1.24787,""confirmedRmsMinDelta"":0.004398,""confirmedFluxFactor"":1.491274,""confirmedMinFlux"":0.013926,""confirmedMinBandRatio"":0.03349,""confirmedSpectralNoveltyMinBins"":22,""cooldownOverrideFactor"":5,""cooldownOverrideMinFlux"":0.008088,""cooldownOverrideMinBandRatio"":0.077843,""analyzeIntervalMs"":41}"
180,r005-0074-7d851577,5,23,3,1,17,0,1,151,"{""relativeReattackFactor"":2.898523,""relativeReattackMinDelta"":0.019355,""relativeFluxFactor"":1.427351,""spectralNoveltyRatio"":2.461384,""spectralNoveltyMinBins"":19,""cooldownFrames"":4,""confirmedRmsFactor"":1.431598,""confirmedRmsMinDelta"":0.003895,""confirmedFluxFactor"":1.445211,""confirmedMinFlux"":0.014637,""confirmedMinBandRatio"":0.03461,""confirmedSpectralNoveltyMinBins"":19,""cooldownOverrideFactor"":4.538252,""cooldownOverrideMinFlux"":0.008016,""cooldownOverrideMinBandRatio"":0.085465,""analyzeIntervalMs"":41}"
181,r004-0001-2b1987ce,4,19,3,1,18,0,1,154,"{""relativeReattackFactor"":2.776921,""relativeReattackMinDelta"":0.017473,""relativeFluxFactor"":1.4,""spectralNoveltyRatio"":2.549617,""spectralNoveltyMinBins"":16,""cooldownFrames"":4,""confirmedRmsFactor"":1.262972,""confirmedRmsMinDelta"":0.003672,""confirmedFluxFactor"":1.610683,""confirmedMinFlux"":0.015837,""confirmedMinBandRatio"":0.040816,""confirmedSpectralNoveltyMinBins"":21,""cooldownOverrideFactor"":4.914012,""cooldownOverrideMinFlux"":0.006261,""cooldownOverrideMinBandRatio"":0.085701,""analyzeIntervalMs"":41}"
182,r004-0059-c07cea0d,4,11,3,3,10,1,0,139,"{""relativeReattackFactor"":3.504855,""relativeReattackMinDelta"":0.016517,""relativeFluxFactor"":1.4,""spectralNoveltyRatio"":1.961958,""spectralNoveltyMinBins"":27,""cooldownFrames"":4,""confirmedRmsFactor"":1.391162,""confirmedRmsMinDelta"":0.002646,""confirmedFluxFactor"":1.645084,""confirmedMinFlux"":0.013895,""confirmedMinBandRatio"":0.028195,""confirmedSpectralNoveltyMinBins"":26,""cooldownOverrideFactor"":5,""cooldownOverrideMinFlux"":0.004,""cooldownOverrideMinBandRatio"":0.08076,""analyzeIntervalMs"":46}"
183,r003-0031-d3be66ea,3,6,2,1,14,0,0,146,"{""relativeReattackFactor"":2.871782,""relativeReattackMinDelta"":0.017469,""relativeFluxFactor"":1.4,""spectralNoveltyRatio"":2.613939,""spectralNoveltyMinBins"":21,""cooldownFrames"":4,""confirmedRmsFactor"":1.292173,""confirmedRmsMinDelta"":0.00429,""confirmedFluxFactor"":1.596123,""confirmedMinFlux"":0.014767,""confirmedMinBandRatio"":0.037223,""confirmedSpectralNoveltyMinBins"":21,""cooldownOverrideFactor"":4.856361,""cooldownOverrideMinFlux"":0.007069,""cooldownOverrideMinBandRatio"":0.081797,""analyzeIntervalMs"":40}"
184,r003-0058-0e69de85,3,6,2,1,14,0,0,146,"{""relativeReattackFactor"":2.878073,""relativeReattackMinDelta"":0.017132,""relativeFluxFactor"":1.4,""spectralNoveltyRatio"":2.392356,""spectralNoveltyMinBins"":22,""cooldownFrames"":4,""confirmedRmsFactor"":1.559737,""confirmedRmsMinDelta"":0.004292,""confirmedFluxFactor"":1.785932,""confirmedMinFlux"":0.012734,""confirmedMinBandRatio"":0.032115,""confirmedSpectralNoveltyMinBins"":28,""cooldownOverrideFactor"":5,""cooldownOverrideMinFlux"":0.004,""cooldownOverrideMinBandRatio"":0.082879,""analyzeIntervalMs"":40}"
185,r004-0007-df3f4e41,4,6,2,1,14,0,0,146,"{""relativeReattackFactor"":2.890745,""relativeReattackMinDelta"":0.016307,""relativeFluxFactor"":1.4,""spectralNoveltyRatio"":2.169636,""spectralNoveltyMinBins"":23,""cooldownFrames"":4,""confirmedRmsFactor"":1.480189,""confirmedRmsMinDelta"":0.004869,""confirmedFluxFactor"":1.797612,""confirmedMinFlux"":0.013611,""confirmedMinBandRatio"":0.030659,""confirmedSpectralNoveltyMinBins"":27,""cooldownOverrideFactor"":4.967033,""cooldownOverrideMinFlux"":0.005551,""cooldownOverrideMinBandRatio"":0.08821,""analyzeIntervalMs"":40}"
186,r005-0014-303397bf,5,6,2,1,14,0,0,145,"{""relativeReattackFactor"":3.052041,""relativeReattackMinDelta"":0.018547,""relativeFluxFactor"":1.4,""spectralNoveltyRatio"":2.013684,""spectralNoveltyMinBins"":24,""cooldownFrames"":4,""confirmedRmsFactor"":1.330932,""confirmedRmsMinDelta"":0.00417,""confirmedFluxFactor"":1.497724,""confirmedMinFlux"":0.014321,""confirmedMinBandRatio"":0.037225,""confirmedSpectralNoveltyMinBins"":18,""cooldownOverrideFactor"":4.795707,""cooldownOverrideMinFlux"":0.008259,""cooldownOverrideMinBandRatio"":0.086779,""analyzeIntervalMs"":40}"
187,r004-0056-7aa5af3c,4,3,2,1,15,0,0,147,"{""relativeReattackFactor"":2.688743,""relativeReattackMinDelta"":0.017288,""relativeFluxFactor"":1.4,""spectralNoveltyRatio"":2.562525,""spectralNoveltyMinBins"":21,""cooldownFrames"":4,""confirmedRmsFactor"":1.245237,""confirmedRmsMinDelta"":0.003721,""confirmedFluxFactor"":1.652954,""confirmedMinFlux"":0.014569,""confirmedMinBandRatio"":0.035918,""confirmedSpectralNoveltyMinBins"":22,""cooldownOverrideFactor"":4.940569,""cooldownOverrideMinFlux"":0.007622,""cooldownOverrideMinBandRatio"":0.077821,""analyzeIntervalMs"":40}"
188,r005-0023-fa7ff2b9,5,3,2,1,15,0,0,147,"{""relativeReattackFactor"":2.76268,""relativeReattackMinDelta"":0.014607,""relativeFluxFactor"":1.4,""spectralNoveltyRatio"":2.51154,""spectralNoveltyMinBins"":22,""cooldownFrames"":4,""confirmedRmsFactor"":1.496816,""confirmedRmsMinDelta"":0.004103,""confirmedFluxFactor"":1.642302,""confirmedMinFlux"":0.011341,""confirmedMinBandRatio"":0.031436,""confirmedSpectralNoveltyMinBins"":26,""cooldownOverrideFactor"":4.239043,""cooldownOverrideMinFlux"":0.006804,""cooldownOverrideMinBandRatio"":0.083119,""analyzeIntervalMs"":40}"
189,r005-0052-2760fddd,5,3,2,1,15,0,0,147,"{""relativeReattackFactor"":2.716457,""relativeReattackMinDelta"":0.015952,""relativeFluxFactor"":1.4,""spectralNoveltyRatio"":2.09423,""spectralNoveltyMinBins"":24,""cooldownFrames"":4,""confirmedRmsFactor"":1.590163,""confirmedRmsMinDelta"":0.00472,""confirmedFluxFactor"":1.684105,""confirmedMinFlux"":0.011995,""confirmedMinBandRatio"":0.033368,""confirmedSpectralNoveltyMinBins"":23,""cooldownOverrideFactor"":3.890611,""cooldownOverrideMinFlux"":0.008178,""cooldownOverrideMinBandRatio"":0.077998,""analyzeIntervalMs"":40}"
190,r004-0031-24010cdb,4,2,2,1,15,0,0,147,"{""relativeReattackFactor"":2.922371,""relativeReattackMinDelta"":0.015748,""relativeFluxFactor"":1.4,""spectralNoveltyRatio"":2.762222,""spectralNoveltyMinBins"":20,""cooldownFrames"":4,""confirmedRmsFactor"":1.232102,""confirmedRmsMinDelta"":0.003901,""confirmedFluxFactor"":1.529462,""confirmedMinFlux"":0.015407,""confirmedMinBandRatio"":0.037402,""confirmedSpectralNoveltyMinBins"":22,""cooldownOverrideFactor"":4.62756,""cooldownOverrideMinFlux"":0.009122,""cooldownOverrideMinBandRatio"":0.082916,""analyzeIntervalMs"":40}"
191,r005-0053-88a5480b,5,-3,2,1,17,0,0,150,"{""relativeReattackFactor"":2.913046,""relativeReattackMinDelta"":0.016101,""relativeFluxFactor"":1.402921,""spectralNoveltyRatio"":2.775916,""spectralNoveltyMinBins"":19,""cooldownFrames"":4,""confirmedRmsFactor"":1.408344,""confirmedRmsMinDelta"":0.003985,""confirmedFluxFactor"":1.730864,""confirmedMinFlux"":0.011002,""confirmedMinBandRatio"":0.033464,""confirmedSpectralNoveltyMinBins"":23,""cooldownOverrideFactor"":4.038471,""cooldownOverrideMinFlux"":0.007399,""cooldownOverrideMinBandRatio"":0.081956,""analyzeIntervalMs"":40}"
192,r005-0075-cb96a72e,5,-3,3,1,18,0,2,154,"{""relativeReattackFactor"":2.76282,""relativeReattackMinDelta"":0.018458,""relativeFluxFactor"":1.4,""spectralNoveltyRatio"":2.427735,""spectralNoveltyMinBins"":18,""cooldownFrames"":4,""confirmedRmsFactor"":1.320559,""confirmedRmsMinDelta"":0.004524,""confirmedFluxFactor"":1.638477,""confirmedMinFlux"":0.015157,""confirmedMinBandRatio"":0.035517,""confirmedSpectralNoveltyMinBins"":23,""cooldownOverrideFactor"":4.761514,""cooldownOverrideMinFlux"":0.010233,""cooldownOverrideMinBandRatio"":0.0855,""analyzeIntervalMs"":41}"
193,r004-0078-b246b6b7,4,-4,2,1,17,0,0,149,"{""relativeReattackFactor"":2.595347,""relativeReattackMinDelta"":0.015522,""relativeFluxFactor"":1.414964,""spectralNoveltyRatio"":2.694701,""spectralNoveltyMinBins"":20,""cooldownFrames"":4,""confirmedRmsFactor"":1.587303,""confirmedRmsMinDelta"":0.004842,""confirmedFluxFactor"":1.837015,""confirmedMinFlux"":0.013333,""confirmedMinBandRatio"":0.033605,""confirmedSpectralNoveltyMinBins"":21,""cooldownOverrideFactor"":4.155207,""cooldownOverrideMinFlux"":0.007336,""cooldownOverrideMinBandRatio"":0.07905,""analyzeIntervalMs"":40}"
194,r003-0016-e2982427,3,-5,2,1,17,0,0,149,"{""relativeReattackFactor"":2.679213,""relativeReattackMinDelta"":0.013732,""relativeFluxFactor"":1.4,""spectralNoveltyRatio"":2.319462,""spectralNoveltyMinBins"":21,""cooldownFrames"":4,""confirmedRmsFactor"":1.506529,""confirmedRmsMinDelta"":0.004102,""confirmedFluxFactor"":1.759211,""confirmedMinFlux"":0.012284,""confirmedMinBandRatio"":0.036632,""confirmedSpectralNoveltyMinBins"":23,""cooldownOverrideFactor"":4.176459,""cooldownOverrideMinFlux"":0.008333,""cooldownOverrideMinBandRatio"":0.076409,""analyzeIntervalMs"":40}"
195,r005-0002-23ba2b65,5,-5,2,1,17,0,0,149,"{""relativeReattackFactor"":2.708611,""relativeReattackMinDelta"":0.015587,""relativeFluxFactor"":1.4,""spectralNoveltyRatio"":2.218505,""spectralNoveltyMinBins"":21,""cooldownFrames"":4,""confirmedRmsFactor"":1.631538,""confirmedRmsMinDelta"":0.004779,""confirmedFluxFactor"":1.750922,""confirmedMinFlux"":0.012587,""confirmedMinBandRatio"":0.037287,""confirmedSpectralNoveltyMinBins"":21,""cooldownOverrideFactor"":4.203282,""cooldownOverrideMinFlux"":0.007434,""cooldownOverrideMinBandRatio"":0.084494,""analyzeIntervalMs"":40}"
196,r005-0048-600a1cc5,5,-6,2,1,18,0,0,151,"{""relativeReattackFactor"":2.799268,""relativeReattackMinDelta"":0.0145,""relativeFluxFactor"":1.4,""spectralNoveltyRatio"":2.544145,""spectralNoveltyMinBins"":18,""cooldownFrames"":4,""confirmedRmsFactor"":1.478623,""confirmedRmsMinDelta"":0.002798,""confirmedFluxFactor"":1.701812,""confirmedMinFlux"":0.011387,""confirmedMinBandRatio"":0.032246,""confirmedSpectralNoveltyMinBins"":23,""cooldownOverrideFactor"":3.861791,""cooldownOverrideMinFlux"":0.009684,""cooldownOverrideMinBandRatio"":0.079338,""analyzeIntervalMs"":40}"
197,r004-0037-b4cdc00c,4,-7,2,1,18,0,0,150,"{""relativeReattackFactor"":3.050403,""relativeReattackMinDelta"":0.018219,""relativeFluxFactor"":1.4,""spectralNoveltyRatio"":2.217805,""spectralNoveltyMinBins"":19,""cooldownFrames"":4,""confirmedRmsFactor"":1.614979,""confirmedRmsMinDelta"":0.00395,""confirmedFluxFactor"":1.844522,""confirmedMinFlux"":0.011716,""confirmedMinBandRatio"":0.033758,""confirmedSpectralNoveltyMinBins"":26,""cooldownOverrideFactor"":4.923781,""cooldownOverrideMinFlux"":0.004,""cooldownOverrideMinBandRatio"":0.083124,""analyzeIntervalMs"":40}"
198,r008-0049-370478b9,8,-17,3,2,7,1,0,138,"{""relativeReattackFactor"":3.2131,""relativeReattackMinDelta"":0.016323,""relativeFluxFactor"":1.486572,""spectralNoveltyRatio"":3.123096,""spectralNoveltyMinBins"":31,""cooldownFrames"":4,""confirmedRmsFactor"":1.192397,""confirmedRmsMinDelta"":0.002905,""confirmedFluxFactor"":1.57319,""confirmedMinFlux"":0.012607,""confirmedMinBandRatio"":0.036612,""confirmedSpectralNoveltyMinBins"":23,""cooldownOverrideFactor"":4.857308,""cooldownOverrideMinFlux"":0.009098,""cooldownOverrideMinBandRatio"":0.086019,""analyzeIntervalMs"":41}"
199,r008-0054-550479e1,8,-17,3,2,7,1,0,138,"{""relativeReattackFactor"":3.186245,""relativeReattackMinDelta"":0.016537,""relativeFluxFactor"":1.437771,""spectralNoveltyRatio"":2.856662,""spectralNoveltyMinBins"":32,""cooldownFrames"":4,""confirmedRmsFactor"":1.236937,""confirmedRmsMinDelta"":0.003294,""confirmedFluxFactor"":1.580634,""confirmedMinFlux"":0.012955,""confirmedMinBandRatio"":0.033575,""confirmedSpectralNoveltyMinBins"":25,""cooldownOverrideFactor"":4.960824,""cooldownOverrideMinFlux"":0.008755,""cooldownOverrideMinBandRatio"":0.087622,""analyzeIntervalMs"":41}"
200,r009-0011-08461119,9,-17,3,2,7,1,0,138,"{""relativeReattackFactor"":3.162329,""relativeReattackMinDelta"":0.020467,""relativeFluxFactor"":1.456167,""spectralNoveltyRatio"":2.89066,""spectralNoveltyMinBins"":27,""cooldownFrames"":4,""confirmedRmsFactor"":1.230194,""confirmedRmsMinDelta"":0.003427,""confirmedFluxFactor"":1.715249,""confirmedMinFlux"":0.01545,""confirmedMinBandRatio"":0.035134,""confirmedSpectralNoveltyMinBins"":25,""cooldownOverrideFactor"":4.923661,""cooldownOverrideMinFlux"":0.007477,""cooldownOverrideMinBandRatio"":0.083276,""analyzeIntervalMs"":41}"
201,r009-0016-427d90b0,9,-17,3,2,7,1,0,138,"{""relativeReattackFactor"":3.319631,""relativeReattackMinDelta"":0.020327,""relativeFluxFactor"":1.470455,""spectralNoveltyRatio"":3.073587,""spectralNoveltyMinBins"":28,""cooldownFrames"":4,""confirmedRmsFactor"":1.270968,""confirmedRmsMinDelta"":0.003375,""confirmedFluxFactor"":1.739282,""confirmedMinFlux"":0.014792,""confirmedMinBandRatio"":0.036147,""confirmedSpectralNoveltyMinBins"":24,""cooldownOverrideFactor"":4.856345,""cooldownOverrideMinFlux"":0.009136,""cooldownOverrideMinBandRatio"":0.08225,""analyzeIntervalMs"":41}"
202,r009-0028-05016814,9,-17,3,2,7,1,0,138,"{""relativeReattackFactor"":3.185937,""relativeReattackMinDelta"":0.017003,""relativeFluxFactor"":1.447779,""spectralNoveltyRatio"":2.855501,""spectralNoveltyMinBins"":29,""cooldownFrames"":4,""confirmedRmsFactor"":1.201254,""confirmedRmsMinDelta"":0.002989,""confirmedFluxFactor"":1.579552,""confirmedMinFlux"":0.0132,""confirmedMinBandRatio"":0.034231,""confirmedSpectralNoveltyMinBins"":24,""cooldownOverrideFactor"":5,""cooldownOverrideMinFlux"":0.009945,""cooldownOverrideMinBandRatio"":0.088536,""analyzeIntervalMs"":41}"
203,r009-0034-66877df8,9,-17,3,2,7,1,0,138,"{""relativeReattackFactor"":3.287598,""relativeReattackMinDelta"":0.019114,""relativeFluxFactor"":1.451282,""spectralNoveltyRatio"":3.103452,""spectralNoveltyMinBins"":29,""cooldownFrames"":4,""confirmedRmsFactor"":1.162866,""confirmedRmsMinDelta"":0.003322,""confirmedFluxFactor"":1.661488,""confirmedMinFlux"":0.015932,""confirmedMinBandRatio"":0.035073,""confirmedSpectralNoveltyMinBins"":23,""cooldownOverrideFactor"":5,""cooldownOverrideMinFlux"":0.009053,""cooldownOverrideMinBandRatio"":0.079967,""analyzeIntervalMs"":41}"
204,r009-0037-683201d8,9,-17,3,2,7,1,0,138,"{""relativeReattackFactor"":3.286831,""relativeReattackMinDelta"":0.019328,""relativeFluxFactor"":1.466147,""spectralNoveltyRatio"":3.038245,""spectralNoveltyMinBins"":27,""cooldownFrames"":4,""confirmedRmsFactor"":1.307105,""confirmedRmsMinDelta"":0.003969,""confirmedFluxFactor"":1.624665,""confirmedMinFlux"":0.015161,""confirmedMinBandRatio"":0.037377,""confirmedSpectralNoveltyMinBins"":24,""cooldownOverrideFactor"":5,""cooldownOverrideMinFlux"":0.008388,""cooldownOverrideMinBandRatio"":0.08405,""analyzeIntervalMs"":41}"
205,r009-0063-cff41c85,9,-17,3,2,7,1,0,138,"{""relativeReattackFactor"":3.241688,""relativeReattackMinDelta"":0.01701,""relativeFluxFactor"":1.447239,""spectralNoveltyRatio"":2.672111,""spectralNoveltyMinBins"":30,""cooldownFrames"":4,""confirmedRmsFactor"":1.190231,""confirmedRmsMinDelta"":0.002937,""confirmedFluxFactor"":1.560462,""confirmedMinFlux"":0.012351,""confirmedMinBandRatio"":0.03427,""confirmedSpectralNoveltyMinBins"":24,""cooldownOverrideFactor"":5,""cooldownOverrideMinFlux"":0.00834,""cooldownOverrideMinBandRatio"":0.085133,""analyzeIntervalMs"":41}"
206,r009-0065-8c26bcc1,9,-17,3,2,7,1,0,138,"{""relativeReattackFactor"":3.233894,""relativeReattackMinDelta"":0.017145,""relativeFluxFactor"":1.442245,""spectralNoveltyRatio"":2.93128,""spectralNoveltyMinBins"":29,""cooldownFrames"":4,""confirmedRmsFactor"":1.167151,""confirmedRmsMinDelta"":0.003051,""confirmedFluxFactor"":1.594922,""confirmedMinFlux"":0.01251,""confirmedMinBandRatio"":0.03512,""confirmedSpectralNoveltyMinBins"":23,""cooldownOverrideFactor"":4.731032,""cooldownOverrideMinFlux"":0.008481,""cooldownOverrideMinBandRatio"":0.087194,""analyzeIntervalMs"":41}"
207,r009-0076-173255df,9,-17,3,2,7,1,0,138,"{""relativeReattackFactor"":3.313385,""relativeReattackMinDelta"":0.019277,""relativeFluxFactor"":1.47589,""spectralNoveltyRatio"":2.806686,""spectralNoveltyMinBins"":28,""cooldownFrames"":4,""confirmedRmsFactor"":1.224936,""confirmedRmsMinDelta"":0.003905,""confirmedFluxFactor"":1.738422,""confirmedMinFlux"":0.014821,""confirmedMinBandRatio"":0.035795,""confirmedSpectralNoveltyMinBins"":24,""cooldownOverrideFactor"":4.742995,""cooldownOverrideMinFlux"":0.008699,""cooldownOverrideMinBandRatio"":0.08266,""analyzeIntervalMs"":41}"
208,r010-0007-f7d35fd4,10,-17,3,2,7,1,0,138,"{""relativeReattackFactor"":3.254028,""relativeReattackMinDelta"":0.018662,""relativeFluxFactor"":1.453127,""spectralNoveltyRatio"":2.949355,""spectralNoveltyMinBins"":27,""cooldownFrames"":4,""confirmedRmsFactor"":1.344695,""confirmedRmsMinDelta"":0.004154,""confirmedFluxFactor"":1.678469,""confirmedMinFlux"":0.015377,""confirmedMinBandRatio"":0.038722,""confirmedSpectralNoveltyMinBins"":26,""cooldownOverrideFactor"":5,""cooldownOverrideMinFlux"":0.009927,""cooldownOverrideMinBandRatio"":0.085961,""analyzeIntervalMs"":41}"
209,r010-0017-2e0bdca3,10,-17,3,2,7,1,0,138,"{""relativeReattackFactor"":3.166218,""relativeReattackMinDelta"":0.018497,""relativeFluxFactor"":1.467094,""spectralNoveltyRatio"":2.99467,""spectralNoveltyMinBins"":28,""cooldownFrames"":4,""confirmedRmsFactor"":1.2997,""confirmedRmsMinDelta"":0.003984,""confirmedFluxFactor"":1.620579,""confirmedMinFlux"":0.015002,""confirmedMinBandRatio"":0.036581,""confirmedSpectralNoveltyMinBins"":25,""cooldownOverrideFactor"":5,""cooldownOverrideMinFlux"":0.009886,""cooldownOverrideMinBandRatio"":0.086619,""analyzeIntervalMs"":41}"
210,r010-0035-aab01a41,10,-17,3,2,7,1,0,138,"{""relativeReattackFactor"":3.171039,""relativeReattackMinDelta"":0.016957,""relativeFluxFactor"":1.48133,""spectralNoveltyRatio"":2.954619,""spectralNoveltyMinBins"":32,""cooldownFrames"":4,""confirmedRmsFactor"":1.153629,""confirmedRmsMinDelta"":0.003233,""confirmedFluxFactor"":1.58426,""confirmedMinFlux"":0.012575,""confirmedMinBandRatio"":0.032882,""confirmedSpectralNoveltyMinBins"":24,""cooldownOverrideFactor"":4.675683,""cooldownOverrideMinFlux"":0.00844,""cooldownOverrideMinBandRatio"":0.09,""analyzeIntervalMs"":41}"
211,r010-0040-5813fd3a,10,-17,3,2,7,1,0,138,"{""relativeReattackFactor"":3.214537,""relativeReattackMinDelta"":0.016328,""relativeFluxFactor"":1.47829,""spectralNoveltyRatio"":3.143997,""spectralNoveltyMinBins"":28,""cooldownFrames"":4,""confirmedRmsFactor"":1.153998,""confirmedRmsMinDelta"":0.002964,""confirmedFluxFactor"":1.54363,""confirmedMinFlux"":0.012271,""confirmedMinBandRatio"":0.032412,""confirmedSpectralNoveltyMinBins"":24,""cooldownOverrideFactor"":4.626538,""cooldownOverrideMinFlux"":0.00725,""cooldownOverrideMinBandRatio"":0.088119,""analyzeIntervalMs"":41}"
212,r010-0048-18a5e020,10,-17,3,2,7,1,0,138,"{""relativeReattackFactor"":3.201917,""relativeReattackMinDelta"":0.017274,""relativeFluxFactor"":1.480656,""spectralNoveltyRatio"":2.925237,""spectralNoveltyMinBins"":30,""cooldownFrames"":4,""confirmedRmsFactor"":1.181966,""confirmedRmsMinDelta"":0.003525,""confirmedFluxFactor"":1.539929,""confirmedMinFlux"":0.012595,""confirmedMinBandRatio"":0.03529,""confirmedSpectralNoveltyMinBins"":25,""cooldownOverrideFactor"":4.875535,""cooldownOverrideMinFlux"":0.008236,""cooldownOverrideMinBandRatio"":0.085516,""analyzeIntervalMs"":41}"
213,r010-0055-6bbf9c92,10,-17,3,2,7,1,0,136,"{""relativeReattackFactor"":3.178713,""relativeReattackMinDelta"":0.017169,""relativeFluxFactor"":1.430567,""spectralNoveltyRatio"":3.255131,""spectralNoveltyMinBins"":32,""cooldownFrames"":4,""confirmedRmsFactor"":1.217813,""confirmedRmsMinDelta"":0.003329,""confirmedFluxFactor"":1.595814,""confirmedMinFlux"":0.012318,""confirmedMinBandRatio"":0.035495,""confirmedSpectralNoveltyMinBins"":23,""cooldownOverrideFactor"":4.776534,""cooldownOverrideMinFlux"":0.007328,""cooldownOverrideMinBandRatio"":0.09,""analyzeIntervalMs"":41}"
214,r010-0060-55b9d926,10,-17,3,2,7,1,0,138,"{""relativeReattackFactor"":3.222812,""relativeReattackMinDelta"":0.015773,""relativeFluxFactor"":1.47764,""spectralNoveltyRatio"":3.11816,""spectralNoveltyMinBins"":28,""cooldownFrames"":4,""confirmedRmsFactor"":1.162044,""confirmedRmsMinDelta"":0.002914,""confirmedFluxFactor"":1.609755,""confirmedMinFlux"":0.012837,""confirmedMinBandRatio"":0.032384,""confirmedSpectralNoveltyMinBins"":24,""cooldownOverrideFactor"":4.812174,""cooldownOverrideMinFlux"":0.008357,""cooldownOverrideMinBandRatio"":0.086742,""analyzeIntervalMs"":41}"
215,r010-0063-71322995,10,-17,3,2,7,1,0,138,"{""relativeReattackFactor"":3.236917,""relativeReattackMinDelta"":0.017909,""relativeFluxFactor"":1.457914,""spectralNoveltyRatio"":2.684111,""spectralNoveltyMinBins"":30,""cooldownFrames"":4,""confirmedRmsFactor"":1.199967,""confirmedRmsMinDelta"":0.003128,""confirmedFluxFactor"":1.549269,""confirmedMinFlux"":0.012251,""confirmedMinBandRatio"":0.034337,""confirmedSpectralNoveltyMinBins"":26,""cooldownOverrideFactor"":4.979605,""cooldownOverrideMinFlux"":0.008143,""cooldownOverrideMinBandRatio"":0.089406,""analyzeIntervalMs"":41}"
216,r010-0075-44fda8a0,10,-17,3,2,7,1,0,138,"{""relativeReattackFactor"":3.244883,""relativeReattackMinDelta"":0.016199,""relativeFluxFactor"":1.452542,""spectralNoveltyRatio"":2.916988,""spectralNoveltyMinBins"":28,""cooldownFrames"":4,""confirmedRmsFactor"":1.154909,""confirmedRmsMinDelta"":0.002969,""confirmedFluxFactor"":1.589689,""confirmedMinFlux"":0.011993,""confirmedMinBandRatio"":0.035214,""confirmedSpectralNoveltyMinBins"":23,""cooldownOverrideFactor"":4.854859,""cooldownOverrideMinFlux"":0.008252,""cooldownOverrideMinBandRatio"":0.089459,""analyzeIntervalMs"":41}"
217,r011-0008-56b59bb6,11,-17,3,2,7,1,0,138,"{""relativeReattackFactor"":3.244556,""relativeReattackMinDelta"":0.017862,""relativeFluxFactor"":1.460125,""spectralNoveltyRatio"":2.745116,""spectralNoveltyMinBins"":32,""cooldownFrames"":4,""confirmedRmsFactor"":1.213195,""confirmedRmsMinDelta"":0.003652,""confirmedFluxFactor"":1.563172,""confirmedMinFlux"":0.012177,""confirmedMinBandRatio"":0.034539,""confirmedSpectralNoveltyMinBins"":24,""cooldownOverrideFactor"":4.87084,""cooldownOverrideMinFlux"":0.008459,""cooldownOverrideMinBandRatio"":0.087061,""analyzeIntervalMs"":41}"
218,r011-0035-a6442767,11,-17,3,2,7,1,0,138,"{""relativeReattackFactor"":3.18457,""relativeReattackMinDelta"":0.016265,""relativeFluxFactor"":1.488911,""spectralNoveltyRatio"":3.128635,""spectralNoveltyMinBins"":30,""cooldownFrames"":4,""confirmedRmsFactor"":1.158832,""confirmedRmsMinDelta"":0.002898,""confirmedFluxFactor"":1.558516,""confirmedMinFlux"":0.012865,""confirmedMinBandRatio"":0.03269,""confirmedSpectralNoveltyMinBins"":24,""cooldownOverrideFactor"":4.85,""cooldownOverrideMinFlux"":0.0074,""cooldownOverrideMinBandRatio"":0.09,""analyzeIntervalMs"":41}"
219,r011-0061-19d29063,11,-17,3,2,7,1,0,138,"{""relativeReattackFactor"":3.14766,""relativeReattackMinDelta"":0.019351,""relativeFluxFactor"":1.462151,""spectralNoveltyRatio"":2.834712,""spectralNoveltyMinBins"":29,""cooldownFrames"":4,""confirmedRmsFactor"":1.254058,""confirmedRmsMinDelta"":0.003636,""confirmedFluxFactor"":1.753728,""confirmedMinFlux"":0.014774,""confirmedMinBandRatio"":0.034799,""confirmedSpectralNoveltyMinBins"":24,""cooldownOverrideFactor"":4.892809,""cooldownOverrideMinFlux"":0.008127,""cooldownOverrideMinBandRatio"":0.078871,""analyzeIntervalMs"":41}"
220,r011-0069-14316ed1,11,-17,3,2,7,1,0,138,"{""relativeReattackFactor"":3.310185,""relativeReattackMinDelta"":0.018202,""relativeFluxFactor"":1.453669,""spectralNoveltyRatio"":3.214338,""spectralNoveltyMinBins"":31,""cooldownFrames"":4,""confirmedRmsFactor"":1.203057,""confirmedRmsMinDelta"":0.003654,""confirmedFluxFactor"":1.705555,""confirmedMinFlux"":0.01616,""confirmedMinBandRatio"":0.037174,""confirmedSpectralNoveltyMinBins"":24,""cooldownOverrideFactor"":4.926851,""cooldownOverrideMinFlux"":0.008521,""cooldownOverrideMinBandRatio"":0.078835,""analyzeIntervalMs"":41}"
221,r011-0073-12b48aec,11,-17,3,2,7,1,0,138,"{""relativeReattackFactor"":3.305462,""relativeReattackMinDelta"":0.017686,""relativeFluxFactor"":1.437506,""spectralNoveltyRatio"":2.751445,""spectralNoveltyMinBins"":30,""cooldownFrames"":4,""confirmedRmsFactor"":1.205219,""confirmedRmsMinDelta"":0.003657,""confirmedFluxFactor"":1.5673,""confirmedMinFlux"":0.012753,""confirmedMinBandRatio"":0.032482,""confirmedSpectralNoveltyMinBins"":24,""cooldownOverrideFactor"":4.858922,""cooldownOverrideMinFlux"":0.00845,""cooldownOverrideMinBandRatio"":0.088606,""analyzeIntervalMs"":41}"
222,r011-0074-03680fd7,11,-17,3,2,7,1,0,138,"{""relativeReattackFactor"":3.211205,""relativeReattackMinDelta"":0.018938,""relativeFluxFactor"":1.433673,""spectralNoveltyRatio"":2.992283,""spectralNoveltyMinBins"":30,""cooldownFrames"":4,""confirmedRmsFactor"":1.156623,""confirmedRmsMinDelta"":0.003948,""confirmedFluxFactor"":1.722895,""confirmedMinFlux"":0.016194,""confirmedMinBandRatio"":0.03824,""confirmedSpectralNoveltyMinBins"":24,""cooldownOverrideFactor"":5,""cooldownOverrideMinFlux"":0.009303,""cooldownOverrideMinBandRatio"":0.0794,""analyzeIntervalMs"":41}"
223,r011-0078-1d84cbf7,11,-17,3,2,7,1,0,138,"{""relativeReattackFactor"":3.200176,""relativeReattackMinDelta"":0.017703,""relativeFluxFactor"":1.442607,""spectralNoveltyRatio"":2.94903,""spectralNoveltyMinBins"":28,""cooldownFrames"":4,""confirmedRmsFactor"":1.21715,""confirmedRmsMinDelta"":0.002935,""confirmedFluxFactor"":1.617793,""confirmedMinFlux"":0.012164,""confirmedMinBandRatio"":0.035803,""confirmedSpectralNoveltyMinBins"":25,""cooldownOverrideFactor"":4.861146,""cooldownOverrideMinFlux"":0.009492,""cooldownOverrideMinBandRatio"":0.087447,""analyzeIntervalMs"":41}"
224,r012-0049-13a9cc9a,12,-17,3,2,7,1,0,138,"{""relativeReattackFactor"":3.163822,""relativeReattackMinDelta"":0.01848,""relativeFluxFactor"":1.454208,""spectralNoveltyRatio"":3.214715,""spectralNoveltyMinBins"":30,""cooldownFrames"":4,""confirmedRmsFactor"":1.213692,""confirmedRmsMinDelta"":0.003673,""confirmedFluxFactor"":1.655503,""confirmedMinFlux"":0.016064,""confirmedMinBandRatio"":0.036398,""confirmedSpectralNoveltyMinBins"":24,""cooldownOverrideFactor"":5,""cooldownOverrideMinFlux"":0.009247,""cooldownOverrideMinBandRatio"":0.08174,""analyzeIntervalMs"":41}"
225,r009-0006-d5dafee0,9,-18,3,2,8,1,0,139,"{""relativeReattackFactor"":3.162388,""relativeReattackMinDelta"":0.01942,""relativeFluxFactor"":1.480785,""spectralNoveltyRatio"":2.903016,""spectralNoveltyMinBins"":26,""cooldownFrames"":4,""confirmedRmsFactor"":1.271653,""confirmedRmsMinDelta"":0.003685,""confirmedFluxFactor"":1.759167,""confirmedMinFlux"":0.014532,""confirmedMinBandRatio"":0.035382,""confirmedSpectralNoveltyMinBins"":24,""cooldownOverrideFactor"":4.885786,""cooldownOverrideMinFlux"":0.008696,""cooldownOverrideMinBandRatio"":0.080774,""analyzeIntervalMs"":41}"
226,r009-0041-889e24cb,9,-18,3,2,8,1,0,139,"{""relativeReattackFactor"":3.304405,""relativeReattackMinDelta"":0.019475,""relativeFluxFactor"":1.463786,""spectralNoveltyRatio"":3.088391,""spectralNoveltyMinBins"":26,""cooldownFrames"":4,""confirmedRmsFactor"":1.215838,""confirmedRmsMinDelta"":0.003764,""confirmedFluxFactor"":1.733329,""confirmedMinFlux"":0.015585,""confirmedMinBandRatio"":0.034496,""confirmedSpectralNoveltyMinBins"":24,""cooldownOverrideFactor"":4.938774,""cooldownOverrideMinFlux"":0.008881,""cooldownOverrideMinBandRatio"":0.079199,""analyzeIntervalMs"":41}"
227,r010-0002-f270742f,10,-18,3,2,8,1,0,139,"{""relativeReattackFactor"":3.219152,""relativeReattackMinDelta"":0.019096,""relativeFluxFactor"":1.464385,""spectralNoveltyRatio"":2.910004,""spectralNoveltyMinBins"":26,""cooldownFrames"":4,""confirmedRmsFactor"":1.354745,""confirmedRmsMinDelta"":0.00365,""confirmedFluxFactor"":1.640166,""confirmedMinFlux"":0.014898,""confirmedMinBandRatio"":0.03676,""confirmedSpectralNoveltyMinBins"":24,""cooldownOverrideFactor"":4.911949,""cooldownOverrideMinFlux"":0.008915,""cooldownOverrideMinBandRatio"":0.087122,""analyzeIntervalMs"":41}"
228,r010-0011-7ef9c265,10,-18,3,2,8,1,0,139,"{""relativeReattackFactor"":3.179384,""relativeReattackMinDelta"":0.020457,""relativeFluxFactor"":1.454479,""spectralNoveltyRatio"":3.023031,""spectralNoveltyMinBins"":25,""cooldownFrames"":4,""confirmedRmsFactor"":1.260469,""confirmedRmsMinDelta"":0.004126,""confirmedFluxFactor"":1.698341,""confirmedMinFlux"":0.014942,""confirmedMinBandRatio"":0.035886,""confirmedSpectralNoveltyMinBins"":25,""cooldownOverrideFactor"":4.912857,""cooldownOverrideMinFlux"":0.007538,""cooldownOverrideMinBandRatio"":0.082348,""analyzeIntervalMs"":41}"
229,r011-0056-f9a99054,11,-18,3,2,8,1,0,139,"{""relativeReattackFactor"":3.14938,""relativeReattackMinDelta"":0.019088,""relativeFluxFactor"":1.463595,""spectralNoveltyRatio"":2.887625,""spectralNoveltyMinBins"":26,""cooldownFrames"":4,""confirmedRmsFactor"":1.267402,""confirmedRmsMinDelta"":0.003684,""confirmedFluxFactor"":1.684769,""confirmedMinFlux"":0.015804,""confirmedMinBandRatio"":0.036881,""confirmedSpectralNoveltyMinBins"":24,""cooldownOverrideFactor"":4.901594,""cooldownOverrideMinFlux"":0.007557,""cooldownOverrideMinBandRatio"":0.081678,""analyzeIntervalMs"":41}"
230,r011-0076-813496f0,11,-18,3,2,8,1,0,139,"{""relativeReattackFactor"":3.16814,""relativeReattackMinDelta"":0.020262,""relativeFluxFactor"":1.490261,""spectralNoveltyRatio"":2.946868,""spectralNoveltyMinBins"":26,""cooldownFrames"":4,""confirmedRmsFactor"":1.232776,""confirmedRmsMinDelta"":0.003461,""confirmedFluxFactor"":1.747013,""confirmedMinFlux"":0.014923,""confirmedMinBandRatio"":0.036356,""confirmedSpectralNoveltyMinBins"":26,""cooldownOverrideFactor"":4.792709,""cooldownOverrideMinFlux"":0.008573,""cooldownOverrideMinBandRatio"":0.079974,""analyzeIntervalMs"":41}"
231,r012-0016-85725ce7,12,-18,3,2,8,1,0,139,"{""relativeReattackFactor"":3.31772,""relativeReattackMinDelta"":0.020117,""relativeFluxFactor"":1.463554,""spectralNoveltyRatio"":3.099229,""spectralNoveltyMinBins"":26,""cooldownFrames"":4,""confirmedRmsFactor"":1.252388,""confirmedRmsMinDelta"":0.00355,""confirmedFluxFactor"":1.733477,""confirmedMinFlux"":0.015329,""confirmedMinBandRatio"":0.036213,""confirmedSpectralNoveltyMinBins"":25,""cooldownOverrideFactor"":4.737121,""cooldownOverrideMinFlux"":0.008061,""cooldownOverrideMinBandRatio"":0.082525,""analyzeIntervalMs"":41}"
232,r012-0022-d147ab28,12,-18,3,2,8,1,0,139,"{""relativeReattackFactor"":3.30404,""relativeReattackMinDelta"":0.019263,""relativeFluxFactor"":1.429265,""spectralNoveltyRatio"":2.71356,""spectralNoveltyMinBins"":26,""cooldownFrames"":4,""confirmedRmsFactor"":1.326683,""confirmedRmsMinDelta"":0.004118,""confirmedFluxFactor"":1.67053,""confirmedMinFlux"":0.016003,""confirmedMinBandRatio"":0.037854,""confirmedSpectralNoveltyMinBins"":25,""cooldownOverrideFactor"":4.91476,""cooldownOverrideMinFlux"":0.010321,""cooldownOverrideMinBandRatio"":0.086253,""analyzeIntervalMs"":41}"
233,r004-0036-7fa851d9,4,-20,2,1,16,0,1,151,"{""relativeReattackFactor"":2.662914,""relativeReattackMinDelta"":0.018158,""relativeFluxFactor"":1.4,""spectralNoveltyRatio"":2.440191,""spectralNoveltyMinBins"":20,""cooldownFrames"":4,""confirmedRmsFactor"":1.319342,""confirmedRmsMinDelta"":0.004635,""confirmedFluxFactor"":1.506176,""confirmedMinFlux"":0.014814,""confirmedMinBandRatio"":0.034138,""confirmedSpectralNoveltyMinBins"":22,""cooldownOverrideFactor"":4.68715,""cooldownOverrideMinFlux"":0.006566,""cooldownOverrideMinBandRatio"":0.080469,""analyzeIntervalMs"":41}"
234,r007-0017-3773e06f,7,-21,3,2,8,1,0,139,"{""relativeReattackFactor"":3.100615,""relativeReattackMinDelta"":0.01743,""relativeFluxFactor"":1.453791,""spectralNoveltyRatio"":2.760462,""spectralNoveltyMinBins"":28,""cooldownFrames"":4,""confirmedRmsFactor"":1.240685,""confirmedRmsMinDelta"":0.003245,""confirmedFluxFactor"":1.612583,""confirmedMinFlux"":0.013733,""confirmedMinBandRatio"":0.033929,""confirmedSpectralNoveltyMinBins"":21,""cooldownOverrideFactor"":4.874675,""cooldownOverrideMinFlux"":0.008905,""cooldownOverrideMinBandRatio"":0.079038,""analyzeIntervalMs"":41}"
235,r007-0068-384651eb,7,-21,3,2,8,1,0,139,"{""relativeReattackFactor"":3.059537,""relativeReattackMinDelta"":0.016392,""relativeFluxFactor"":1.430093,""spectralNoveltyRatio"":2.851081,""spectralNoveltyMinBins"":31,""cooldownFrames"":4,""confirmedRmsFactor"":1.223922,""confirmedRmsMinDelta"":0.00318,""confirmedFluxFactor"":1.480931,""confirmedMinFlux"":0.013903,""confirmedMinBandRatio"":0.031803,""confirmedSpectralNoveltyMinBins"":22,""cooldownOverrideFactor"":4.900814,""cooldownOverrideMinFlux"":0.008443,""cooldownOverrideMinBandRatio"":0.081332,""analyzeIntervalMs"":41}"
236,r008-0014-460d5d8a,8,-21,3,2,8,1,0,139,"{""relativeReattackFactor"":3.061706,""relativeReattackMinDelta"":0.015604,""relativeFluxFactor"":1.453519,""spectralNoveltyRatio"":2.823688,""spectralNoveltyMinBins"":30,""cooldownFrames"":4,""confirmedRmsFactor"":1.186143,""confirmedRmsMinDelta"":0.002956,""confirmedFluxFactor"":1.538639,""confirmedMinFlux"":0.012445,""confirmedMinBandRatio"":0.036326,""confirmedSpectralNoveltyMinBins"":24,""cooldownOverrideFactor"":4.922886,""cooldownOverrideMinFlux"":0.00947,""cooldownOverrideMinBandRatio"":0.086444,""analyzeIntervalMs"":41}"
237,r009-0023-5d22cc9b,9,-21,3,2,8,1,0,139,"{""relativeReattackFactor"":3.114004,""relativeReattackMinDelta"":0.016478,""relativeFluxFactor"":1.449682,""spectralNoveltyRatio"":2.621874,""spectralNoveltyMinBins"":30,""cooldownFrames"":4,""confirmedRmsFactor"":1.206343,""confirmedRmsMinDelta"":0.003335,""confirmedFluxFactor"":1.596308,""confirmedMinFlux"":0.012386,""confirmedMinBandRatio"":0.032965,""confirmedSpectralNoveltyMinBins"":24,""cooldownOverrideFactor"":4.962276,""cooldownOverrideMinFlux"":0.008074,""cooldownOverrideMinBandRatio"":0.086276,""analyzeIntervalMs"":41}"
238,r009-0059-65067777,9,-21,3,2,8,1,0,139,"{""relativeReattackFactor"":3.126484,""relativeReattackMinDelta"":0.018534,""relativeFluxFactor"":1.424715,""spectralNoveltyRatio"":3.169362,""spectralNoveltyMinBins"":31,""cooldownFrames"":4,""confirmedRmsFactor"":1.222787,""confirmedRmsMinDelta"":0.003932,""confirmedFluxFactor"":1.686067,""confirmedMinFlux"":0.0152,""confirmedMinBandRatio"":0.037514,""confirmedSpectralNoveltyMinBins"":24,""cooldownOverrideFactor"":4.8691,""cooldownOverrideMinFlux"":0.007605,""cooldownOverrideMinBandRatio"":0.083154,""analyzeIntervalMs"":41}"
239,r009-0074-69a06b49,9,-21,3,2,8,1,0,139,"{""relativeReattackFactor"":3.126096,""relativeReattackMinDelta"":0.018496,""relativeFluxFactor"":1.484614,""spectralNoveltyRatio"":3.048376,""spectralNoveltyMinBins"":30,""cooldownFrames"":4,""confirmedRmsFactor"":1.214565,""confirmedRmsMinDelta"":0.003471,""confirmedFluxFactor"":1.694645,""confirmedMinFlux"":0.015655,""confirmedMinBandRatio"":0.036837,""confirmedSpectralNoveltyMinBins"":23,""cooldownOverrideFactor"":5,""cooldownOverrideMinFlux"":0.008861,""cooldownOverrideMinBandRatio"":0.082823,""analyzeIntervalMs"":41}"
240,r010-0008-c54d9876,10,-21,3,2,8,1,0,139,"{""relativeReattackFactor"":3.116488,""relativeReattackMinDelta"":0.017333,""relativeFluxFactor"":1.455121,""spectralNoveltyRatio"":2.756467,""spectralNoveltyMinBins"":32,""cooldownFrames"":4,""confirmedRmsFactor"":1.250856,""confirmedRmsMinDelta"":0.003014,""confirmedFluxFactor"":1.569755,""confirmedMinFlux"":0.012744,""confirmedMinBandRatio"":0.034056,""confirmedSpectralNoveltyMinBins"":26,""cooldownOverrideFactor"":4.855646,""cooldownOverrideMinFlux"":0.009448,""cooldownOverrideMinBandRatio"":0.086738,""analyzeIntervalMs"":41}"
241,r010-0054-fe125c19,10,-21,3,2,8,1,0,139,"{""relativeReattackFactor"":3.135037,""relativeReattackMinDelta"":0.018764,""relativeFluxFactor"":1.430441,""spectralNoveltyRatio"":2.915603,""spectralNoveltyMinBins"":30,""cooldownFrames"":4,""confirmedRmsFactor"":1.186327,""confirmedRmsMinDelta"":0.003916,""confirmedFluxFactor"":1.703024,""confirmedMinFlux"":0.016064,""confirmedMinBandRatio"":0.035424,""confirmedSpectralNoveltyMinBins"":24,""cooldownOverrideFactor"":5,""cooldownOverrideMinFlux"":0.00865,""cooldownOverrideMinBandRatio"":0.079975,""analyzeIntervalMs"":41}"
242,r006-0080-c5eac61b,6,-22,3,2,9,1,0,140,"{""relativeReattackFactor"":3.048763,""relativeReattackMinDelta"":0.01896,""relativeFluxFactor"":1.47971,""spectralNoveltyRatio"":3.061933,""spectralNoveltyMinBins"":26,""cooldownFrames"":4,""confirmedRmsFactor"":1.200754,""confirmedRmsMinDelta"":0.004017,""confirmedFluxFactor"":1.602189,""confirmedMinFlux"":0.014375,""confirmedMinBandRatio"":0.036411,""confirmedSpectralNoveltyMinBins"":23,""cooldownOverrideFactor"":4.834552,""cooldownOverrideMinFlux"":0.009485,""cooldownOverrideMinBandRatio"":0.079903,""analyzeIntervalMs"":41}"
243,r007-0010-a5f5e78a,7,-22,3,2,9,1,0,140,"{""relativeReattackFactor"":2.989118,""relativeReattackMinDelta"":0.017032,""relativeFluxFactor"":1.465248,""spectralNoveltyRatio"":3.130555,""spectralNoveltyMinBins"":27,""cooldownFrames"":4,""confirmedRmsFactor"":1.15,""confirmedRmsMinDelta"":0.003199,""confirmedFluxFactor"":1.458118,""confirmedMinFlux"":0.014898,""confirmedMinBandRatio"":0.034396,""confirmedSpectralNoveltyMinBins"":25,""cooldownOverrideFactor"":4.729916,""cooldownOverrideMinFlux"":0.009875,""cooldownOverrideMinBandRatio"":0.076154,""analyzeIntervalMs"":41}"
244,r008-0025-99da7871,8,-22,3,2,9,1,0,140,"{""relativeReattackFactor"":2.97589,""relativeReattackMinDelta"":0.017603,""relativeFluxFactor"":1.438577,""spectralNoveltyRatio"":2.96886,""spectralNoveltyMinBins"":32,""cooldownFrames"":4,""confirmedRmsFactor"":1.15,""confirmedRmsMinDelta"":0.003256,""confirmedFluxFactor"":1.542271,""confirmedMinFlux"":0.015295,""confirmedMinBandRatio"":0.034739,""confirmedSpectralNoveltyMinBins"":26,""cooldownOverrideFactor"":4.868697,""cooldownOverrideMinFlux"":0.011687,""cooldownOverrideMinBandRatio"":0.07148,""analyzeIntervalMs"":41}"
245,r009-0047-10cece7b,9,-22,3,2,9,1,0,140,"{""relativeReattackFactor"":3.11273,""relativeReattackMinDelta"":0.019001,""relativeFluxFactor"":1.46018,""spectralNoveltyRatio"":2.831848,""spectralNoveltyMinBins"":26,""cooldownFrames"":4,""confirmedRmsFactor"":1.36045,""confirmedRmsMinDelta"":0.004109,""confirmedFluxFactor"":1.681661,""confirmedMinFlux"":0.015268,""confirmedMinBandRatio"":0.036029,""confirmedSpectralNoveltyMinBins"":25,""cooldownOverrideFactor"":4.980317,""cooldownOverrideMinFlux"":0.009644,""cooldownOverrideMinBandRatio"":0.084747,""analyzeIntervalMs"":41}"
246,r009-0056-ccc9deec,9,-22,3,2,9,1,0,140,"{""relativeReattackFactor"":3.221221,""relativeReattackMinDelta"":0.018884,""relativeFluxFactor"":1.434832,""spectralNoveltyRatio"":2.838997,""spectralNoveltyMinBins"":25,""cooldownFrames"":4,""confirmedRmsFactor"":1.233379,""confirmedRmsMinDelta"":0.004017,""confirmedFluxFactor"":1.667414,""confirmedMinFlux"":0.014769,""confirmedMinBandRatio"":0.034636,""confirmedSpectralNoveltyMinBins"":25,""cooldownOverrideFactor"":4.841401,""cooldownOverrideMinFlux"":0.008432,""cooldownOverrideMinBandRatio"":0.082584,""analyzeIntervalMs"":41}"
247,r010-0027-a6329ac8,10,-22,3,2,9,1,0,140,"{""relativeReattackFactor"":3.238006,""relativeReattackMinDelta"":0.018403,""relativeFluxFactor"":1.437356,""spectralNoveltyRatio"":2.948162,""spectralNoveltyMinBins"":25,""cooldownFrames"":4,""confirmedRmsFactor"":1.280398,""confirmedRmsMinDelta"":0.003493,""confirmedFluxFactor"":1.719107,""confirmedMinFlux"":0.01547,""confirmedMinBandRatio"":0.038377,""confirmedSpectralNoveltyMinBins"":24,""cooldownOverrideFactor"":4.980823,""cooldownOverrideMinFlux"":0.010231,""cooldownOverrideMinBandRatio"":0.085123,""analyzeIntervalMs"":41}"
248,r006-0043-bb51b6e7,6,-23,3,2,10,1,0,142,"{""relativeReattackFactor"":2.792391,""relativeReattackMinDelta"":0.0178,""relativeFluxFactor"":1.43724,""spectralNoveltyRatio"":2.724812,""spectralNoveltyMinBins"":29,""cooldownFrames"":4,""confirmedRmsFactor"":1.29149,""confirmedRmsMinDelta"":0.00435,""confirmedFluxFactor"":1.50716,""confirmedMinFlux"":0.014717,""confirmedMinBandRatio"":0.036785,""confirmedSpectralNoveltyMinBins"":24,""cooldownOverrideFactor"":5,""cooldownOverrideMinFlux"":0.006014,""cooldownOverrideMinBandRatio"":0.077633,""analyzeIntervalMs"":41}"
249,r007-0024-3494a6e5,7,-23,3,2,10,1,0,141,"{""relativeReattackFactor"":2.997588,""relativeReattackMinDelta"":0.018242,""relativeFluxFactor"":1.442257,""spectralNoveltyRatio"":3.149972,""spectralNoveltyMinBins"":26,""cooldownFrames"":4,""confirmedRmsFactor"":1.242323,""confirmedRmsMinDelta"":0.003546,""confirmedFluxFactor"":1.753546,""confirmedMinFlux"":0.0149,""confirmedMinBandRatio"":0.039147,""confirmedSpectralNoveltyMinBins"":23,""cooldownOverrideFactor"":4.798669,""cooldownOverrideMinFlux"":0.00994,""cooldownOverrideMinBandRatio"":0.081947,""analyzeIntervalMs"":41}"
250,r004-0051-24b7992e,4,-24,3,2,11,1,0,143,"{""relativeReattackFactor"":2.839118,""relativeReattackMinDelta"":0.01824,""relativeFluxFactor"":1.487702,""spectralNoveltyRatio"":2.800731,""spectralNoveltyMinBins"":26,""cooldownFrames"":4,""confirmedRmsFactor"":1.207129,""confirmedRmsMinDelta"":0.003786,""confirmedFluxFactor"":1.543672,""confirmedMinFlux"":0.014924,""confirmedMinBandRatio"":0.040565,""confirmedSpectralNoveltyMinBins"":22,""cooldownOverrideFactor"":4.83991,""cooldownOverrideMinFlux"":0.008334,""cooldownOverrideMinBandRatio"":0.077699,""analyzeIntervalMs"":41}"
251,r006-0032-f1990de4,6,-24,3,2,11,1,0,143,"{""relativeReattackFactor"":2.804417,""relativeReattackMinDelta"":0.018998,""relativeFluxFactor"":1.465805,""spectralNoveltyRatio"":2.854914,""spectralNoveltyMinBins"":26,""cooldownFrames"":4,""confirmedRmsFactor"":1.340213,""confirmedRmsMinDelta"":0.002855,""confirmedFluxFactor"":1.732245,""confirmedMinFlux"":0.013578,""confirmedMinBandRatio"":0.036358,""confirmedSpectralNoveltyMinBins"":23,""cooldownOverrideFactor"":4.891306,""cooldownOverrideMinFlux"":0.008686,""cooldownOverrideMinBandRatio"":0.073843,""analyzeIntervalMs"":41}"
252,r008-0006-c7e28166,8,-26,3,2,10,1,0,141,"{""relativeReattackFactor"":3.24879,""relativeReattackMinDelta"":0.019796,""relativeFluxFactor"":1.463313,""spectralNoveltyRatio"":2.821728,""spectralNoveltyMinBins"":25,""cooldownFrames"":4,""confirmedRmsFactor"":1.245426,""confirmedRmsMinDelta"":0.003372,""confirmedFluxFactor"":1.768169,""confirmedMinFlux"":0.01505,""confirmedMinBandRatio"":0.034511,""confirmedSpectralNoveltyMinBins"":25,""cooldownOverrideFactor"":4.772912,""cooldownOverrideMinFlux"":0.007874,""cooldownOverrideMinBandRatio"":0.081864,""analyzeIntervalMs"":41}"
253,r008-0072-0f77a5d7,8,-26,3,2,10,1,0,141,"{""relativeReattackFactor"":3.110539,""relativeReattackMinDelta"":0.016758,""relativeFluxFactor"":1.440207,""spectralNoveltyRatio"":2.905191,""spectralNoveltyMinBins"":24,""cooldownFrames"":4,""confirmedRmsFactor"":1.15,""confirmedRmsMinDelta"":0.003357,""confirmedFluxFactor"":1.439919,""confirmedMinFlux"":0.014194,""confirmedMinBandRatio"":0.033291,""confirmedSpectralNoveltyMinBins"":27,""cooldownOverrideFactor"":4.813206,""cooldownOverrideMinFlux"":0.011188,""cooldownOverrideMinBandRatio"":0.077129,""analyzeIntervalMs"":41}"
254,r008-0078-e5999475,8,-26,3,2,10,1,0,141,"{""relativeReattackFactor"":3.14825,""relativeReattackMinDelta"":0.019235,""relativeFluxFactor"":1.487128,""spectralNoveltyRatio"":2.833641,""spectralNoveltyMinBins"":24,""cooldownFrames"":4,""confirmedRmsFactor"":1.372509,""confirmedRmsMinDelta"":0.003126,""confirmedFluxFactor"":1.701325,""confirmedMinFlux"":0.015613,""confirmedMinBandRatio"":0.037173,""confirmedSpectralNoveltyMinBins"":24,""cooldownOverrideFactor"":4.918869,""cooldownOverrideMinFlux"":0.010058,""cooldownOverrideMinBandRatio"":0.083387,""analyzeIntervalMs"":41}"
255,r006-0049-bc2832d6,6,-30,3,2,11,1,0,144,"{""relativeReattackFactor"":3.027287,""relativeReattackMinDelta"":0.017878,""relativeFluxFactor"":1.465012,""spectralNoveltyRatio"":2.7697,""spectralNoveltyMinBins"":22,""cooldownFrames"":4,""confirmedRmsFactor"":1.191762,""confirmedRmsMinDelta"":0.002745,""confirmedFluxFactor"":1.517723,""confirmedMinFlux"":0.014364,""confirmedMinBandRatio"":0.033166,""confirmedSpectralNoveltyMinBins"":25,""cooldownOverrideFactor"":4.950335,""cooldownOverrideMinFlux"":0.012,""cooldownOverrideMinBandRatio"":0.0772,""analyzeIntervalMs"":41}"
256,r006-0056-ba986ca5,6,-30,3,2,11,1,0,142,"{""relativeReattackFactor"":3.075009,""relativeReattackMinDelta"":0.017317,""relativeFluxFactor"":1.440877,""spectralNoveltyRatio"":2.709196,""spectralNoveltyMinBins"":25,""cooldownFrames"":4,""confirmedRmsFactor"":1.296738,""confirmedRmsMinDelta"":0.003934,""confirmedFluxFactor"":1.528886,""confirmedMinFlux"":0.014039,""confirmedMinBandRatio"":0.035597,""confirmedSpectralNoveltyMinBins"":23,""cooldownOverrideFactor"":4.844014,""cooldownOverrideMinFlux"":0.006799,""cooldownOverrideMinBandRatio"":0.080333,""analyzeIntervalMs"":41}"
257,r006-0064-1a777184,6,-30,3,2,11,1,0,144,"{""relativeReattackFactor"":3.106817,""relativeReattackMinDelta"":0.017412,""relativeFluxFactor"":1.443167,""spectralNoveltyRatio"":2.922604,""spectralNoveltyMinBins"":22,""cooldownFrames"":4,""confirmedRmsFactor"":1.17372,""confirmedRmsMinDelta"":0.003454,""confirmedFluxFactor"":1.562179,""confirmedMinFlux"":0.013222,""confirmedMinBandRatio"":0.034894,""confirmedSpectralNoveltyMinBins"":26,""cooldownOverrideFactor"":5,""cooldownOverrideMinFlux"":0.009825,""cooldownOverrideMinBandRatio"":0.072944,""analyzeIntervalMs"":41}"
258,r007-0009-090edda3,7,-30,3,2,11,1,0,142,"{""relativeReattackFactor"":3.019023,""relativeReattackMinDelta"":0.018327,""relativeFluxFactor"":1.442632,""spectralNoveltyRatio"":3.167811,""spectralNoveltyMinBins"":23,""cooldownFrames"":4,""confirmedRmsFactor"":1.239521,""confirmedRmsMinDelta"":0.003635,""confirmedFluxFactor"":1.753255,""confirmedMinFlux"":0.015205,""confirmedMinBandRatio"":0.036035,""confirmedSpectralNoveltyMinBins"":25,""cooldownOverrideFactor"":5,""cooldownOverrideMinFlux"":0.00929,""cooldownOverrideMinBandRatio"":0.08274,""analyzeIntervalMs"":41}"
259,r007-0026-fb6c043a,7,-30,3,2,11,1,0,142,"{""relativeReattackFactor"":3.093723,""relativeReattackMinDelta"":0.017913,""relativeFluxFactor"":1.442288,""spectralNoveltyRatio"":2.622929,""spectralNoveltyMinBins"":25,""cooldownFrames"":4,""confirmedRmsFactor"":1.15,""confirmedRmsMinDelta"":0.0034,""confirmedFluxFactor"":1.449694,""confirmedMinFlux"":0.013777,""confirmedMinBandRatio"":0.035966,""confirmedSpectralNoveltyMinBins"":27,""cooldownOverrideFactor"":4.882058,""cooldownOverrideMinFlux"":0.011598,""cooldownOverrideMinBandRatio"":0.07076,""analyzeIntervalMs"":41}"
260,r006-0079-b5c1bb30,6,-31,3,2,12,1,0,145,"{""relativeReattackFactor"":2.971359,""relativeReattackMinDelta"":0.019333,""relativeFluxFactor"":1.478334,""spectralNoveltyRatio"":2.79422,""spectralNoveltyMinBins"":22,""cooldownFrames"":4,""confirmedRmsFactor"":1.195792,""confirmedRmsMinDelta"":0.003586,""confirmedFluxFactor"":1.584304,""confirmedMinFlux"":0.013063,""confirmedMinBandRatio"":0.034186,""confirmedSpectralNoveltyMinBins"":26,""cooldownOverrideFactor"":4.946228,""cooldownOverrideMinFlux"":0.011782,""cooldownOverrideMinBandRatio"":0.077064,""analyzeIntervalMs"":41}"
261,r005-0027-e39bc9bb,5,-32,3,2,13,1,0,145,"{""relativeReattackFactor"":2.791444,""relativeReattackMinDelta"":0.01381,""relativeFluxFactor"":1.467339,""spectralNoveltyRatio"":2.633838,""spectralNoveltyMinBins"":24,""cooldownFrames"":4,""confirmedRmsFactor"":1.625309,""confirmedRmsMinDelta"":0.00497,""confirmedFluxFactor"":1.777394,""confirmedMinFlux"":0.012421,""confirmedMinBandRatio"":0.036213,""confirmedSpectralNoveltyMinBins"":21,""cooldownOverrideFactor"":3.814596,""cooldownOverrideMinFlux"":0.009157,""cooldownOverrideMinBandRatio"":0.080695,""analyzeIntervalMs"":41}"
262,r006-0024-4e0289aa,6,-34,1,2,13,0,0,144,"{""relativeReattackFactor"":2.912016,""relativeReattackMinDelta"":0.018362,""relativeFluxFactor"":1.4,""spectralNoveltyRatio"":2.955513,""spectralNoveltyMinBins"":24,""cooldownFrames"":4,""confirmedRmsFactor"":1.230485,""confirmedRmsMinDelta"":0.003385,""confirmedFluxFactor"":1.564257,""confirmedMinFlux"":0.013657,""confirmedMinBandRatio"":0.03444,""confirmedSpectralNoveltyMinBins"":24,""cooldownOverrideFactor"":5,""cooldownOverrideMinFlux"":0.009123,""cooldownOverrideMinBandRatio"":0.077937,""analyzeIntervalMs"":40}"
263,r007-0019-beb566e0,7,-34,1,2,13,0,0,143,"{""relativeReattackFactor"":3.185683,""relativeReattackMinDelta"":0.017918,""relativeFluxFactor"":1.4,""spectralNoveltyRatio"":3.087986,""spectralNoveltyMinBins"":22,""cooldownFrames"":4,""confirmedRmsFactor"":1.30824,""confirmedRmsMinDelta"":0.003408,""confirmedFluxFactor"":1.777924,""confirmedMinFlux"":0.015471,""confirmedMinBandRatio"":0.038082,""confirmedSpectralNoveltyMinBins"":25,""cooldownOverrideFactor"":5,""cooldownOverrideMinFlux"":0.007843,""cooldownOverrideMinBandRatio"":0.079706,""analyzeIntervalMs"":40}"
264,r007-0056-aea8522d,7,-34,1,2,13,0,0,143,"{""relativeReattackFactor"":3.1485,""relativeReattackMinDelta"":0.016958,""relativeFluxFactor"":1.4,""spectralNoveltyRatio"":2.728651,""spectralNoveltyMinBins"":25,""cooldownFrames"":4,""confirmedRmsFactor"":1.204389,""confirmedRmsMinDelta"":0.003581,""confirmedFluxFactor"":1.449569,""confirmedMinFlux"":0.013907,""confirmedMinBandRatio"":0.034856,""confirmedSpectralNoveltyMinBins"":27,""cooldownOverrideFactor"":4.910229,""cooldownOverrideMinFlux"":0.011506,""cooldownOverrideMinBandRatio"":0.074916,""analyzeIntervalMs"":40}"
265,r008-0033-53300f47,8,-34,1,2,13,0,0,143,"{""relativeReattackFactor"":3.148046,""relativeReattackMinDelta"":0.019349,""relativeFluxFactor"":1.4,""spectralNoveltyRatio"":2.894467,""spectralNoveltyMinBins"":25,""cooldownFrames"":4,""confirmedRmsFactor"":1.348171,""confirmedRmsMinDelta"":0.003447,""confirmedFluxFactor"":1.70171,""confirmedMinFlux"":0.015691,""confirmedMinBandRatio"":0.040024,""confirmedSpectralNoveltyMinBins"":23,""cooldownOverrideFactor"":4.984905,""cooldownOverrideMinFlux"":0.009116,""cooldownOverrideMinBandRatio"":0.085261,""analyzeIntervalMs"":40}"
266,r008-0057-8a2f70b5,8,-34,1,2,13,0,0,143,"{""relativeReattackFactor"":3.270627,""relativeReattackMinDelta"":0.016995,""relativeFluxFactor"":1.4,""spectralNoveltyRatio"":2.824146,""spectralNoveltyMinBins"":25,""cooldownFrames"":4,""confirmedRmsFactor"":1.171729,""confirmedRmsMinDelta"":0.003423,""confirmedFluxFactor"":1.471906,""confirmedMinFlux"":0.014107,""confirmedMinBandRatio"":0.035955,""confirmedSpectralNoveltyMinBins"":26,""cooldownOverrideFactor"":4.947394,""cooldownOverrideMinFlux"":0.010315,""cooldownOverrideMinBandRatio"":0.075412,""analyzeIntervalMs"":40}"
267,r004-0077-f885f741,4,-35,3,2,13,1,0,145,"{""relativeReattackFactor"":2.930502,""relativeReattackMinDelta"":0.016968,""relativeFluxFactor"":1.483414,""spectralNoveltyRatio"":2.055927,""spectralNoveltyMinBins"":24,""cooldownFrames"":4,""confirmedRmsFactor"":1.640242,""confirmedRmsMinDelta"":0.005076,""confirmedFluxFactor"":1.663575,""confirmedMinFlux"":0.014178,""confirmedMinBandRatio"":0.035494,""confirmedSpectralNoveltyMinBins"":26,""cooldownOverrideFactor"":5,""cooldownOverrideMinFlux"":0.004004,""cooldownOverrideMinBandRatio"":0.086623,""analyzeIntervalMs"":41}"
268,r005-0016-da71b839,5,-35,3,2,13,1,0,146,"{""relativeReattackFactor"":2.985298,""relativeReattackMinDelta"":0.017174,""relativeFluxFactor"":1.44277,""spectralNoveltyRatio"":2.537117,""spectralNoveltyMinBins"":22,""cooldownFrames"":4,""confirmedRmsFactor"":1.212782,""confirmedRmsMinDelta"":0.003724,""confirmedFluxFactor"":1.556487,""confirmedMinFlux"":0.015052,""confirmedMinBandRatio"":0.039542,""confirmedSpectralNoveltyMinBins"":22,""cooldownOverrideFactor"":4.989762,""cooldownOverrideMinFlux"":0.010123,""cooldownOverrideMinBandRatio"":0.075593,""analyzeIntervalMs"":41}"
269,r004-0012-4c0aecde,4,-38,1,2,14,0,0,144,"{""relativeReattackFactor"":3.028862,""relativeReattackMinDelta"":0.018703,""relativeFluxFactor"":1.4,""spectralNoveltyRatio"":2.386089,""spectralNoveltyMinBins"":26,""cooldownFrames"":4,""confirmedRmsFactor"":1.600114,""confirmedRmsMinDelta"":0.005007,""confirmedFluxFactor"":1.716227,""confirmedMinFlux"":0.011359,""confirmedMinBandRatio"":0.03364,""confirmedSpectralNoveltyMinBins"":27,""cooldownOverrideFactor"":5,""cooldownOverrideMinFlux"":0.004,""cooldownOverrideMinBandRatio"":0.079601,""analyzeIntervalMs"":40}"
270,r005-0032-cc888f7a,5,-38,1,2,14,0,0,145,"{""relativeReattackFactor"":2.899331,""relativeReattackMinDelta"":0.014392,""relativeFluxFactor"":1.4,""spectralNoveltyRatio"":2.331109,""spectralNoveltyMinBins"":27,""cooldownFrames"":4,""confirmedRmsFactor"":1.557164,""confirmedRmsMinDelta"":0.004684,""confirmedFluxFactor"":1.726734,""confirmedMinFlux"":0.011576,""confirmedMinBandRatio"":0.033443,""confirmedSpectralNoveltyMinBins"":20,""cooldownOverrideFactor"":3.795854,""cooldownOverrideMinFlux"":0.008854,""cooldownOverrideMinBandRatio"":0.078051,""analyzeIntervalMs"":40}"
271,r005-0057-e54f24de,5,-38,1,2,14,0,0,145,"{""relativeReattackFactor"":2.992791,""relativeReattackMinDelta"":0.015706,""relativeFluxFactor"":1.4,""spectralNoveltyRatio"":2.522764,""spectralNoveltyMinBins"":26,""cooldownFrames"":4,""confirmedRmsFactor"":1.588811,""confirmedRmsMinDelta"":0.005207,""confirmedFluxFactor"":1.764775,""confirmedMinFlux"":0.010778,""confirmedMinBandRatio"":0.037417,""confirmedSpectralNoveltyMinBins"":20,""cooldownOverrideFactor"":3.85876,""cooldownOverrideMinFlux"":0.006105,""cooldownOverrideMinBandRatio"":0.076278,""analyzeIntervalMs"":40}"
272,r005-0062-ce477124,5,-38,1,2,14,0,0,145,"{""relativeReattackFactor"":2.875934,""relativeReattackMinDelta"":0.014001,""relativeFluxFactor"":1.4,""spectralNoveltyRatio"":2.100368,""spectralNoveltyMinBins"":26,""cooldownFrames"":4,""confirmedRmsFactor"":1.53624,""confirmedRmsMinDelta"":0.005381,""confirmedFluxFactor"":1.698669,""confirmedMinFlux"":0.012107,""confirmedMinBandRatio"":0.036907,""confirmedSpectralNoveltyMinBins"":21,""cooldownOverrideFactor"":3.889727,""cooldownOverrideMinFlux"":0.008026,""cooldownOverrideMinBandRatio"":0.079373,""analyzeIntervalMs"":40}"
273,r003-0028-603219c7,3,-39,3,2,13,0,1,143,"{""relativeReattackFactor"":3.342,""relativeReattackMinDelta"":0.017612,""relativeFluxFactor"":1.4,""spectralNoveltyRatio"":2.083135,""spectralNoveltyMinBins"":22,""cooldownFrames"":4,""confirmedRmsFactor"":1.474678,""confirmedRmsMinDelta"":0.003438,""confirmedFluxFactor"":1.642823,""confirmedMinFlux"":0.013039,""confirmedMinBandRatio"":0.025823,""confirmedSpectralNoveltyMinBins"":26,""cooldownOverrideFactor"":5,""cooldownOverrideMinFlux"":0.004,""cooldownOverrideMinBandRatio"":0.075564,""analyzeIntervalMs"":46}"
274,r005-0034-919e3e47,5,-48,3,2,17,1,0,151,"{""relativeReattackFactor"":2.941712,""relativeReattackMinDelta"":0.019592,""relativeFluxFactor"":1.467936,""spectralNoveltyRatio"":1.960603,""spectralNoveltyMinBins"":17,""cooldownFrames"":4,""confirmedRmsFactor"":1.32399,""confirmedRmsMinDelta"":0.004461,""confirmedFluxFactor"":1.473643,""confirmedMinFlux"":0.015145,""confirmedMinBandRatio"":0.031331,""confirmedSpectralNoveltyMinBins"":19,""cooldownOverrideFactor"":4.463621,""cooldownOverrideMinFlux"":0.008361,""cooldownOverrideMinBandRatio"":0.082356,""analyzeIntervalMs"":41}"
275,r008-0045-5708fd4b,8,-50,2,3,8,1,0,137,"{""relativeReattackFactor"":3.014917,""relativeReattackMinDelta"":0.016798,""relativeFluxFactor"":1.4,""spectralNoveltyRatio"":3.224979,""spectralNoveltyMinBins"":29,""cooldownFrames"":4,""confirmedRmsFactor"":1.15,""confirmedRmsMinDelta"":0.003765,""confirmedFluxFactor"":1.583907,""confirmedMinFlux"":0.014759,""confirmedMinBandRatio"":0.03598,""confirmedSpectralNoveltyMinBins"":25,""cooldownOverrideFactor"":5,""cooldownOverrideMinFlux"":0.011398,""cooldownOverrideMinBandRatio"":0.073773,""analyzeIntervalMs"":40}"
276,r008-0050-70181dda,8,-50,2,3,8,1,0,137,"{""relativeReattackFactor"":3.1466,""relativeReattackMinDelta"":0.017691,""relativeFluxFactor"":1.4,""spectralNoveltyRatio"":2.880346,""spectralNoveltyMinBins"":30,""cooldownFrames"":4,""confirmedRmsFactor"":1.162742,""confirmedRmsMinDelta"":0.003099,""confirmedFluxFactor"":1.534871,""confirmedMinFlux"":0.015375,""confirmedMinBandRatio"":0.033646,""confirmedSpectralNoveltyMinBins"":26,""cooldownOverrideFactor"":4.976973,""cooldownOverrideMinFlux"":0.010248,""cooldownOverrideMinBandRatio"":0.071067,""analyzeIntervalMs"":40}"
277,r009-0024-ea2d70ea,9,-50,2,3,8,1,0,137,"{""relativeReattackFactor"":3.276432,""relativeReattackMinDelta"":0.018824,""relativeFluxFactor"":1.402285,""spectralNoveltyRatio"":3.237897,""spectralNoveltyMinBins"":29,""cooldownFrames"":4,""confirmedRmsFactor"":1.176109,""confirmedRmsMinDelta"":0.003516,""confirmedFluxFactor"":1.685912,""confirmedMinFlux"":0.015856,""confirmedMinBandRatio"":0.037373,""confirmedSpectralNoveltyMinBins"":25,""cooldownOverrideFactor"":5,""cooldownOverrideMinFlux"":0.009066,""cooldownOverrideMinBandRatio"":0.079775,""analyzeIntervalMs"":40}"
278,r009-0060-918f4fd5,9,-50,2,3,8,1,0,137,"{""relativeReattackFactor"":3.235732,""relativeReattackMinDelta"":0.016113,""relativeFluxFactor"":1.4,""spectralNoveltyRatio"":3.225662,""spectralNoveltyMinBins"":30,""cooldownFrames"":4,""confirmedRmsFactor"":1.152245,""confirmedRmsMinDelta"":0.002862,""confirmedFluxFactor"":1.579593,""confirmedMinFlux"":0.011934,""confirmedMinBandRatio"":0.03457,""confirmedSpectralNoveltyMinBins"":23,""cooldownOverrideFactor"":4.640707,""cooldownOverrideMinFlux"":0.007555,""cooldownOverrideMinBandRatio"":0.09,""analyzeIntervalMs"":40}"
279,r010-0028-59cda895,10,-50,2,3,8,1,0,137,"{""relativeReattackFactor"":3.249807,""relativeReattackMinDelta"":0.017012,""relativeFluxFactor"":1.4,""spectralNoveltyRatio"":2.821382,""spectralNoveltyMinBins"":30,""cooldownFrames"":4,""confirmedRmsFactor"":1.255152,""confirmedRmsMinDelta"":0.002952,""confirmedFluxFactor"":1.641493,""confirmedMinFlux"":0.012518,""confirmedMinBandRatio"":0.034096,""confirmedSpectralNoveltyMinBins"":25,""cooldownOverrideFactor"":4.915904,""cooldownOverrideMinFlux"":0.008037,""cooldownOverrideMinBandRatio"":0.087434,""analyzeIntervalMs"":40}"
280,r011-0004-9802c295,11,-50,2,3,8,1,0,137,"{""relativeReattackFactor"":3.248354,""relativeReattackMinDelta"":0.018799,""relativeFluxFactor"":1.4,""spectralNoveltyRatio"":3.120609,""spectralNoveltyMinBins"":30,""cooldownFrames"":4,""confirmedRmsFactor"":1.169811,""confirmedRmsMinDelta"":0.003496,""confirmedFluxFactor"":1.711864,""confirmedMinFlux"":0.015763,""confirmedMinBandRatio"":0.035551,""confirmedSpectralNoveltyMinBins"":24,""cooldownOverrideFactor"":4.878692,""cooldownOverrideMinFlux"":0.007425,""cooldownOverrideMinBandRatio"":0.079926,""analyzeIntervalMs"":40}"
281,r011-0019-93d00dac,11,-50,2,3,8,1,0,137,"{""relativeReattackFactor"":3.245452,""relativeReattackMinDelta"":0.019006,""relativeFluxFactor"":1.4,""spectralNoveltyRatio"":3.166197,""spectralNoveltyMinBins"":29,""cooldownFrames"":4,""confirmedRmsFactor"":1.177238,""confirmedRmsMinDelta"":0.0039,""confirmedFluxFactor"":1.653815,""confirmedMinFlux"":0.016068,""confirmedMinBandRatio"":0.03842,""confirmedSpectralNoveltyMinBins"":24,""cooldownOverrideFactor"":4.899618,""cooldownOverrideMinFlux"":0.007657,""cooldownOverrideMinBandRatio"":0.080556,""analyzeIntervalMs"":40}"
282,r011-0038-4422e2de,11,-50,2,3,8,1,0,137,"{""relativeReattackFactor"":3.117237,""relativeReattackMinDelta"":0.017871,""relativeFluxFactor"":1.4,""spectralNoveltyRatio"":2.845647,""spectralNoveltyMinBins"":30,""cooldownFrames"":4,""confirmedRmsFactor"":1.198424,""confirmedRmsMinDelta"":0.003675,""confirmedFluxFactor"":1.568043,""confirmedMinFlux"":0.012767,""confirmedMinBandRatio"":0.033472,""confirmedSpectralNoveltyMinBins"":25,""cooldownOverrideFactor"":5,""cooldownOverrideMinFlux"":0.009374,""cooldownOverrideMinBandRatio"":0.08871,""analyzeIntervalMs"":40}"
283,r011-0068-37697e3d,11,-50,2,3,8,1,0,137,"{""relativeReattackFactor"":3.126865,""relativeReattackMinDelta"":0.017575,""relativeFluxFactor"":1.4,""spectralNoveltyRatio"":2.88086,""spectralNoveltyMinBins"":30,""cooldownFrames"":4,""confirmedRmsFactor"":1.180666,""confirmedRmsMinDelta"":0.00351,""confirmedFluxFactor"":1.597291,""confirmedMinFlux"":0.012459,""confirmedMinBandRatio"":0.033364,""confirmedSpectralNoveltyMinBins"":25,""cooldownOverrideFactor"":4.882716,""cooldownOverrideMinFlux"":0.008778,""cooldownOverrideMinBandRatio"":0.09,""analyzeIntervalMs"":40}"
284,r012-0030-e72f8f45,12,-50,2,3,8,1,0,137,"{""relativeReattackFactor"":3.062409,""relativeReattackMinDelta"":0.015628,""relativeFluxFactor"":1.4,""spectralNoveltyRatio"":3.166412,""spectralNoveltyMinBins"":30,""cooldownFrames"":4,""confirmedRmsFactor"":1.18727,""confirmedRmsMinDelta"":0.003396,""confirmedFluxFactor"":1.587536,""confirmedMinFlux"":0.011699,""confirmedMinBandRatio"":0.032298,""confirmedSpectralNoveltyMinBins"":23,""cooldownOverrideFactor"":4.877527,""cooldownOverrideMinFlux"":0.007524,""cooldownOverrideMinBandRatio"":0.09,""analyzeIntervalMs"":40}"
285,r012-0032-fe78ec10,12,-50,2,3,8,1,0,137,"{""relativeReattackFactor"":3.250452,""relativeReattackMinDelta"":0.01902,""relativeFluxFactor"":1.4,""spectralNoveltyRatio"":3.037143,""spectralNoveltyMinBins"":29,""cooldownFrames"":4,""confirmedRmsFactor"":1.300164,""confirmedRmsMinDelta"":0.003852,""confirmedFluxFactor"":1.62315,""confirmedMinFlux"":0.016203,""confirmedMinBandRatio"":0.037363,""confirmedSpectralNoveltyMinBins"":24,""cooldownOverrideFactor"":4.94687,""cooldownOverrideMinFlux"":0.009436,""cooldownOverrideMinBandRatio"":0.083901,""analyzeIntervalMs"":40}"
286,r012-0043-1722608b,12,-50,2,3,8,1,0,137,"{""relativeReattackFactor"":3.258081,""relativeReattackMinDelta"":0.01691,""relativeFluxFactor"":1.4,""spectralNoveltyRatio"":2.858911,""spectralNoveltyMinBins"":30,""cooldownFrames"":4,""confirmedRmsFactor"":1.224045,""confirmedRmsMinDelta"":0.00368,""confirmedFluxFactor"":1.596334,""confirmedMinFlux"":0.012942,""confirmedMinBandRatio"":0.035615,""confirmedSpectralNoveltyMinBins"":26,""cooldownOverrideFactor"":4.948654,""cooldownOverrideMinFlux"":0.00948,""cooldownOverrideMinBandRatio"":0.087625,""analyzeIntervalMs"":40}"
287,r012-0052-56e24c9f,12,-50,2,3,8,1,0,137,"{""relativeReattackFactor"":3.152584,""relativeReattackMinDelta"":0.019548,""relativeFluxFactor"":1.4,""spectralNoveltyRatio"":2.896776,""spectralNoveltyMinBins"":29,""cooldownFrames"":4,""confirmedRmsFactor"":1.302721,""confirmedRmsMinDelta"":0.003467,""confirmedFluxFactor"":1.709639,""confirmedMinFlux"":0.015668,""confirmedMinBandRatio"":0.036948,""confirmedSpectralNoveltyMinBins"":24,""cooldownOverrideFactor"":5,""cooldownOverrideMinFlux"":0.009654,""cooldownOverrideMinBandRatio"":0.086177,""analyzeIntervalMs"":40}"
288,r006-0029-b1425e0e,6,-51,2,3,9,1,0,138,"{""relativeReattackFactor"":3.058002,""relativeReattackMinDelta"":0.018529,""relativeFluxFactor"":1.4,""spectralNoveltyRatio"":3.13445,""spectralNoveltyMinBins"":28,""cooldownFrames"":4,""confirmedRmsFactor"":1.220425,""confirmedRmsMinDelta"":0.003137,""confirmedFluxFactor"":1.585116,""confirmedMinFlux"":0.01483,""confirmedMinBandRatio"":0.033522,""confirmedSpectralNoveltyMinBins"":27,""cooldownOverrideFactor"":4.816601,""cooldownOverrideMinFlux"":0.009845,""cooldownOverrideMinBandRatio"":0.078048,""analyzeIntervalMs"":40}"
289,r009-0029-d34bb864,9,-51,2,3,9,1,0,138,"{""relativeReattackFactor"":3.262906,""relativeReattackMinDelta"":0.019365,""relativeFluxFactor"":1.4,""spectralNoveltyRatio"":3.209565,""spectralNoveltyMinBins"":28,""cooldownFrames"":4,""confirmedRmsFactor"":1.210582,""confirmedRmsMinDelta"":0.003547,""confirmedFluxFactor"":1.718913,""confirmedMinFlux"":0.015688,""confirmedMinBandRatio"":0.037042,""confirmedSpectralNoveltyMinBins"":25,""cooldownOverrideFactor"":5,""cooldownOverrideMinFlux"":0.007475,""cooldownOverrideMinBandRatio"":0.08057,""analyzeIntervalMs"":40}"
290,r009-0067-a3087200,9,-51,2,3,9,1,0,138,"{""relativeReattackFactor"":3.284037,""relativeReattackMinDelta"":0.018433,""relativeFluxFactor"":1.406946,""spectralNoveltyRatio"":2.931967,""spectralNoveltyMinBins"":28,""cooldownFrames"":4,""confirmedRmsFactor"":1.339197,""confirmedRmsMinDelta"":0.004013,""confirmedFluxFactor"":1.700034,""confirmedMinFlux"":0.0153,""confirmedMinBandRatio"":0.037569,""confirmedSpectralNoveltyMinBins"":24,""cooldownOverrideFactor"":4.884139,""cooldownOverrideMinFlux"":0.008427,""cooldownOverrideMinBandRatio"":0.087753,""analyzeIntervalMs"":40}"
291,r010-0020-cfb788c6,10,-51,2,3,9,1,0,138,"{""relativeReattackFactor"":3.09834,""relativeReattackMinDelta"":0.015782,""relativeFluxFactor"":1.42115,""spectralNoveltyRatio"":3.123355,""spectralNoveltyMinBins"":28,""cooldownFrames"":4,""confirmedRmsFactor"":1.182172,""confirmedRmsMinDelta"":0.003258,""confirmedFluxFactor"":1.51462,""confirmedMinFlux"":0.012383,""confirmedMinBandRatio"":0.034068,""confirmedSpectralNoveltyMinBins"":25,""cooldownOverrideFactor"":4.633779,""cooldownOverrideMinFlux"":0.006803,""cooldownOverrideMinBandRatio"":0.086705,""analyzeIntervalMs"":40}"
292,r011-0024-8a1ae417,11,-51,2,3,9,1,0,138,"{""relativeReattackFactor"":3.178853,""relativeReattackMinDelta"":0.019384,""relativeFluxFactor"":1.4,""spectralNoveltyRatio"":3.210737,""spectralNoveltyMinBins"":28,""cooldownFrames"":4,""confirmedRmsFactor"":1.231666,""confirmedRmsMinDelta"":0.003701,""confirmedFluxFactor"":1.704933,""confirmedMinFlux"":0.014986,""confirmedMinBandRatio"":0.035365,""confirmedSpectralNoveltyMinBins"":25,""cooldownOverrideFactor"":5,""cooldownOverrideMinFlux"":0.008677,""cooldownOverrideMinBandRatio"":0.082972,""analyzeIntervalMs"":40}"
293,r011-0046-996cb3db,11,-51,2,3,9,1,0,138,"{""relativeReattackFactor"":3.251107,""relativeReattackMinDelta"":0.019416,""relativeFluxFactor"":1.4,""spectralNoveltyRatio"":3.092106,""spectralNoveltyMinBins"":28,""cooldownFrames"":4,""confirmedRmsFactor"":1.227874,""confirmedRmsMinDelta"":0.004006,""confirmedFluxFactor"":1.665882,""confirmedMinFlux"":0.014561,""confirmedMinBandRatio"":0.036294,""confirmedSpectralNoveltyMinBins"":24,""cooldownOverrideFactor"":4.865071,""cooldownOverrideMinFlux"":0.008966,""cooldownOverrideMinBandRatio"":0.07996,""analyzeIntervalMs"":40}"
294,r011-0053-f6b20a38,11,-51,2,3,9,1,0,138,"{""relativeReattackFactor"":3.162196,""relativeReattackMinDelta"":0.017681,""relativeFluxFactor"":1.4,""spectralNoveltyRatio"":2.932343,""spectralNoveltyMinBins"":28,""cooldownFrames"":4,""confirmedRmsFactor"":1.235816,""confirmedRmsMinDelta"":0.002911,""confirmedFluxFactor"":1.581736,""confirmedMinFlux"":0.01244,""confirmedMinBandRatio"":0.035683,""confirmedSpectralNoveltyMinBins"":26,""cooldownOverrideFactor"":4.954653,""cooldownOverrideMinFlux"":0.009181,""cooldownOverrideMinBandRatio"":0.087932,""analyzeIntervalMs"":40}"
295,r006-0003-53003d2e,6,-52,2,3,10,1,0,140,"{""relativeReattackFactor"":2.966215,""relativeReattackMinDelta"":0.01804,""relativeFluxFactor"":1.4,""spectralNoveltyRatio"":2.908936,""spectralNoveltyMinBins"":28,""cooldownFrames"":4,""confirmedRmsFactor"":1.293758,""confirmedRmsMinDelta"":0.003669,""confirmedFluxFactor"":1.541838,""confirmedMinFlux"":0.015606,""confirmedMinBandRatio"":0.039008,""confirmedSpectralNoveltyMinBins"":24,""cooldownOverrideFactor"":4.857684,""cooldownOverrideMinFlux"":0.006781,""cooldownOverrideMinBandRatio"":0.080601,""analyzeIntervalMs"":40}"
296,r006-0012-db929bf1,6,-52,2,3,10,1,0,140,"{""relativeReattackFactor"":2.854136,""relativeReattackMinDelta"":0.018723,""relativeFluxFactor"":1.4,""spectralNoveltyRatio"":3.318616,""spectralNoveltyMinBins"":27,""cooldownFrames"":4,""confirmedRmsFactor"":1.286507,""confirmedRmsMinDelta"":0.002889,""confirmedFluxFactor"":1.66518,""confirmedMinFlux"":0.013368,""confirmedMinBandRatio"":0.035574,""confirmedSpectralNoveltyMinBins"":24,""cooldownOverrideFactor"":4.920348,""cooldownOverrideMinFlux"":0.008574,""cooldownOverrideMinBandRatio"":0.078998,""analyzeIntervalMs"":40}"
297,r006-0026-f5b36e44,6,-52,2,3,10,1,0,139,"{""relativeReattackFactor"":3.075202,""relativeReattackMinDelta"":0.017946,""relativeFluxFactor"":1.4,""spectralNoveltyRatio"":3.204118,""spectralNoveltyMinBins"":27,""cooldownFrames"":4,""confirmedRmsFactor"":1.307118,""confirmedRmsMinDelta"":0.004034,""confirmedFluxFactor"":1.629124,""confirmedMinFlux"":0.01516,""confirmedMinBandRatio"":0.034158,""confirmedSpectralNoveltyMinBins"":22,""cooldownOverrideFactor"":4.933328,""cooldownOverrideMinFlux"":0.008067,""cooldownOverrideMinBandRatio"":0.080357,""analyzeIntervalMs"":40}"
298,r006-0035-f8973ade,6,-52,2,3,10,1,0,139,"{""relativeReattackFactor"":3.022313,""relativeReattackMinDelta"":0.01685,""relativeFluxFactor"":1.4,""spectralNoveltyRatio"":2.913677,""spectralNoveltyMinBins"":27,""cooldownFrames"":4,""confirmedRmsFactor"":1.265056,""confirmedRmsMinDelta"":0.003822,""confirmedFluxFactor"":1.671195,""confirmedMinFlux"":0.013956,""confirmedMinBandRatio"":0.034315,""confirmedSpectralNoveltyMinBins"":23,""cooldownOverrideFactor"":4.924728,""cooldownOverrideMinFlux"":0.009604,""cooldownOverrideMinBandRatio"":0.076875,""analyzeIntervalMs"":40}"
299,r006-0042-620e6d8f,6,-52,2,3,10,1,0,140,"{""relativeReattackFactor"":2.893475,""relativeReattackMinDelta"":0.017783,""relativeFluxFactor"":1.4,""spectralNoveltyRatio"":3.306963,""spectralNoveltyMinBins"":27,""cooldownFrames"":4,""confirmedRmsFactor"":1.263859,""confirmedRmsMinDelta"":0.003662,""confirmedFluxFactor"":1.72831,""confirmedMinFlux"":0.013312,""confirmedMinBandRatio"":0.033044,""confirmedSpectralNoveltyMinBins"":24,""cooldownOverrideFactor"":4.862087,""cooldownOverrideMinFlux"":0.009926,""cooldownOverrideMinBandRatio"":0.075322,""analyzeIntervalMs"":40}"
300,r006-0057-d1be7d3d,6,-52,2,3,10,1,0,140,"{""relativeReattackFactor"":2.95707,""relativeReattackMinDelta"":0.017473,""relativeFluxFactor"":1.4,""spectralNoveltyRatio"":2.895161,""spectralNoveltyMinBins"":28,""cooldownFrames"":4,""confirmedRmsFactor"":1.343909,""confirmedRmsMinDelta"":0.003758,""confirmedFluxFactor"":1.68756,""confirmedMinFlux"":0.014726,""confirmedMinBandRatio"":0.035246,""confirmedSpectralNoveltyMinBins"":24,""cooldownOverrideFactor"":4.898222,""cooldownOverrideMinFlux"":0.010916,""cooldownOverrideMinBandRatio"":0.079542,""analyzeIntervalMs"":40}"
301,r007-0001-947428a4,7,-52,2,3,10,1,0,139,"{""relativeReattackFactor"":3.185069,""relativeReattackMinDelta"":0.017957,""relativeFluxFactor"":1.4,""spectralNoveltyRatio"":2.601479,""spectralNoveltyMinBins"":28,""cooldownFrames"":4,""confirmedRmsFactor"":1.197966,""confirmedRmsMinDelta"":0.002732,""confirmedFluxFactor"":1.427343,""confirmedMinFlux"":0.014267,""confirmedMinBandRatio"":0.0335,""confirmedSpectralNoveltyMinBins"":25,""cooldownOverrideFactor"":4.949813,""cooldownOverrideMinFlux"":0.011204,""cooldownOverrideMinBandRatio"":0.075172,""analyzeIntervalMs"":40}"
302,r007-0043-a1254afa,7,-52,2,3,10,1,0,139,"{""relativeReattackFactor"":3.021702,""relativeReattackMinDelta"":0.016778,""relativeFluxFactor"":1.4,""spectralNoveltyRatio"":2.6256,""spectralNoveltyMinBins"":28,""cooldownFrames"":4,""confirmedRmsFactor"":1.200812,""confirmedRmsMinDelta"":0.002817,""confirmedFluxFactor"":1.497609,""confirmedMinFlux"":0.013718,""confirmedMinBandRatio"":0.03425,""confirmedSpectralNoveltyMinBins"":23,""cooldownOverrideFactor"":4.916164,""cooldownOverrideMinFlux"":0.008959,""cooldownOverrideMinBandRatio"":0.086614,""analyzeIntervalMs"":40}"
303,r007-0046-3acc6d17,7,-52,2,3,10,1,0,139,"{""relativeReattackFactor"":3.144653,""relativeReattackMinDelta"":0.017925,""relativeFluxFactor"":1.4,""spectralNoveltyRatio"":2.876828,""spectralNoveltyMinBins"":28,""cooldownFrames"":4,""confirmedRmsFactor"":1.185879,""confirmedRmsMinDelta"":0.002811,""confirmedFluxFactor"":1.448679,""confirmedMinFlux"":0.013173,""confirmedMinBandRatio"":0.032768,""confirmedSpectralNoveltyMinBins"":25,""cooldownOverrideFactor"":4.930932,""cooldownOverrideMinFlux"":0.010456,""cooldownOverrideMinBandRatio"":0.077474,""analyzeIntervalMs"":40}"
304,r007-0061-9be22898,7,-52,2,3,10,1,0,139,"{""relativeReattackFactor"":3.174549,""relativeReattackMinDelta"":0.017129,""relativeFluxFactor"":1.4,""spectralNoveltyRatio"":2.613003,""spectralNoveltyMinBins"":28,""cooldownFrames"":4,""confirmedRmsFactor"":1.15,""confirmedRmsMinDelta"":0.003297,""confirmedFluxFactor"":1.461229,""confirmedMinFlux"":0.013484,""confirmedMinBandRatio"":0.034614,""confirmedSpectralNoveltyMinBins"":26,""cooldownOverrideFactor"":4.908993,""cooldownOverrideMinFlux"":0.011062,""cooldownOverrideMinBandRatio"":0.075798,""analyzeIntervalMs"":40}"
305,r008-0008-5fc2ff52,8,-52,2,3,10,1,0,139,"{""relativeReattackFactor"":3.154642,""relativeReattackMinDelta"":0.019113,""relativeFluxFactor"":1.4,""spectralNoveltyRatio"":2.86762,""spectralNoveltyMinBins"":27,""cooldownFrames"":4,""confirmedRmsFactor"":1.353901,""confirmedRmsMinDelta"":0.003113,""confirmedFluxFactor"":1.653953,""confirmedMinFlux"":0.01556,""confirmedMinBandRatio"":0.03871,""confirmedSpectralNoveltyMinBins"":23,""cooldownOverrideFactor"":4.863977,""cooldownOverrideMinFlux"":0.008519,""cooldownOverrideMinBandRatio"":0.08485,""analyzeIntervalMs"":40}"
306,r008-0051-f02c1a6d,8,-52,2,3,10,1,0,139,"{""relativeReattackFactor"":3.218265,""relativeReattackMinDelta"":0.019281,""relativeFluxFactor"":1.4,""spectralNoveltyRatio"":2.979574,""spectralNoveltyMinBins"":27,""cooldownFrames"":4,""confirmedRmsFactor"":1.249236,""confirmedRmsMinDelta"":0.003386,""confirmedFluxFactor"":1.693591,""confirmedMinFlux"":0.015598,""confirmedMinBandRatio"":0.037508,""confirmedSpectralNoveltyMinBins"":24,""cooldownOverrideFactor"":4.837792,""cooldownOverrideMinFlux"":0.008254,""cooldownOverrideMinBandRatio"":0.079759,""analyzeIntervalMs"":40}"
307,r009-0032-bc9efee7,9,-52,2,3,10,1,0,139,"{""relativeReattackFactor"":3.296375,""relativeReattackMinDelta"":0.019098,""relativeFluxFactor"":1.4,""spectralNoveltyRatio"":2.969464,""spectralNoveltyMinBins"":27,""cooldownFrames"":4,""confirmedRmsFactor"":1.3045,""confirmedRmsMinDelta"":0.003725,""confirmedFluxFactor"":1.629014,""confirmedMinFlux"":0.015893,""confirmedMinBandRatio"":0.038963,""confirmedSpectralNoveltyMinBins"":24,""cooldownOverrideFactor"":5,""cooldownOverrideMinFlux"":0.009407,""cooldownOverrideMinBandRatio"":0.083706,""analyzeIntervalMs"":40}"
308,r009-0052-5c007030,9,-52,2,3,10,1,0,139,"{""relativeReattackFactor"":3.166633,""relativeReattackMinDelta"":0.01895,""relativeFluxFactor"":1.400155,""spectralNoveltyRatio"":2.971879,""spectralNoveltyMinBins"":27,""cooldownFrames"":4,""confirmedRmsFactor"":1.350259,""confirmedRmsMinDelta"":0.00386,""confirmedFluxFactor"":1.680334,""confirmedMinFlux"":0.014979,""confirmedMinBandRatio"":0.036236,""confirmedSpectralNoveltyMinBins"":25,""cooldownOverrideFactor"":4.971035,""cooldownOverrideMinFlux"":0.00954,""cooldownOverrideMinBandRatio"":0.088736,""analyzeIntervalMs"":40}"
309,r009-0061-8dff7628,9,-52,2,3,10,1,0,139,"{""relativeReattackFactor"":3.207698,""relativeReattackMinDelta"":0.019641,""relativeFluxFactor"":1.4,""spectralNoveltyRatio"":2.864119,""spectralNoveltyMinBins"":28,""cooldownFrames"":4,""confirmedRmsFactor"":1.2641,""confirmedRmsMinDelta"":0.003587,""confirmedFluxFactor"":1.694283,""confirmedMinFlux"":0.01561,""confirmedMinBandRatio"":0.035058,""confirmedSpectralNoveltyMinBins"":25,""cooldownOverrideFactor"":4.754857,""cooldownOverrideMinFlux"":0.008269,""cooldownOverrideMinBandRatio"":0.08246,""analyzeIntervalMs"":40}"
310,r010-0046-d381b3a2,10,-52,2,3,10,1,0,139,"{""relativeReattackFactor"":3.219437,""relativeReattackMinDelta"":0.019268,""relativeFluxFactor"":1.4,""spectralNoveltyRatio"":2.887639,""spectralNoveltyMinBins"":27,""cooldownFrames"":4,""confirmedRmsFactor"":1.274656,""confirmedRmsMinDelta"":0.003685,""confirmedFluxFactor"":1.694911,""confirmedMinFlux"":0.015592,""confirmedMinBandRatio"":0.035009,""confirmedSpectralNoveltyMinBins"":26,""cooldownOverrideFactor"":4.862903,""cooldownOverrideMinFlux"":0.008698,""cooldownOverrideMinBandRatio"":0.080228,""analyzeIntervalMs"":40}"
311,r011-0006-cfe4d895,11,-52,2,3,10,1,0,139,"{""relativeReattackFactor"":3.28167,""relativeReattackMinDelta"":0.019,""relativeFluxFactor"":1.4,""spectralNoveltyRatio"":2.993921,""spectralNoveltyMinBins"":27,""cooldownFrames"":4,""confirmedRmsFactor"":1.250617,""confirmedRmsMinDelta"":0.003609,""confirmedFluxFactor"":1.742678,""confirmedMinFlux"":0.014843,""confirmedMinBandRatio"":0.036702,""confirmedSpectralNoveltyMinBins"":26,""cooldownOverrideFactor"":4.775023,""cooldownOverrideMinFlux"":0.00849,""cooldownOverrideMinBandRatio"":0.083129,""analyzeIntervalMs"":40}"
312,r011-0041-4828b250,11,-52,2,3,10,1,0,139,"{""relativeReattackFactor"":3.264753,""relativeReattackMinDelta"":0.019906,""relativeFluxFactor"":1.4,""spectralNoveltyRatio"":2.875324,""spectralNoveltyMinBins"":28,""cooldownFrames"":4,""confirmedRmsFactor"":1.26382,""confirmedRmsMinDelta"":0.004118,""confirmedFluxFactor"":1.692504,""confirmedMinFlux"":0.014869,""confirmedMinBandRatio"":0.036169,""confirmedSpectralNoveltyMinBins"":24,""cooldownOverrideFactor"":4.901695,""cooldownOverrideMinFlux"":0.007542,""cooldownOverrideMinBandRatio"":0.081699,""analyzeIntervalMs"":40}"
313,r011-0057-00d88790,11,-52,2,3,10,1,0,139,"{""relativeReattackFactor"":3.148715,""relativeReattackMinDelta"":0.019041,""relativeFluxFactor"":1.4,""spectralNoveltyRatio"":3.047421,""spectralNoveltyMinBins"":27,""cooldownFrames"":4,""confirmedRmsFactor"":1.325092,""confirmedRmsMinDelta"":0.003805,""confirmedFluxFactor"":1.679345,""confirmedMinFlux"":0.015133,""confirmedMinBandRatio"":0.038761,""confirmedSpectralNoveltyMinBins"":25,""cooldownOverrideFactor"":4.976207,""cooldownOverrideMinFlux"":0.008488,""cooldownOverrideMinBandRatio"":0.086808,""analyzeIntervalMs"":40}"
314,r012-0002-67cb0958,12,-52,2,3,10,1,0,139,"{""relativeReattackFactor"":3.119118,""relativeReattackMinDelta"":0.019287,""relativeFluxFactor"":1.4,""spectralNoveltyRatio"":2.747144,""spectralNoveltyMinBins"":28,""cooldownFrames"":4,""confirmedRmsFactor"":1.29112,""confirmedRmsMinDelta"":0.003769,""confirmedFluxFactor"":1.666953,""confirmedMinFlux"":0.015146,""confirmedMinBandRatio"":0.036578,""confirmedSpectralNoveltyMinBins"":26,""cooldownOverrideFactor"":5,""cooldownOverrideMinFlux"":0.008959,""cooldownOverrideMinBandRatio"":0.087836,""analyzeIntervalMs"":40}"
315,r012-0027-4da8ec33,12,-52,2,3,10,1,0,139,"{""relativeReattackFactor"":3.210345,""relativeReattackMinDelta"":0.01843,""relativeFluxFactor"":1.4,""spectralNoveltyRatio"":2.904103,""spectralNoveltyMinBins"":27,""cooldownFrames"":4,""confirmedRmsFactor"":1.339367,""confirmedRmsMinDelta"":0.003824,""confirmedFluxFactor"":1.702757,""confirmedMinFlux"":0.01498,""confirmedMinBandRatio"":0.038417,""confirmedSpectralNoveltyMinBins"":26,""cooldownOverrideFactor"":4.914253,""cooldownOverrideMinFlux"":0.010353,""cooldownOverrideMinBandRatio"":0.085314,""analyzeIntervalMs"":40}"
316,r005-0071-356d026d,5,-55,2,3,11,1,0,141,"{""relativeReattackFactor"":2.831432,""relativeReattackMinDelta"":0.018635,""relativeFluxFactor"":1.4,""spectralNoveltyRatio"":2.592612,""spectralNoveltyMinBins"":28,""cooldownFrames"":4,""confirmedRmsFactor"":1.283076,""confirmedRmsMinDelta"":0.003365,""confirmedFluxFactor"":1.676237,""confirmedMinFlux"":0.015514,""confirmedMinBandRatio"":0.039645,""confirmedSpectralNoveltyMinBins"":22,""cooldownOverrideFactor"":5,""cooldownOverrideMinFlux"":0.009697,""cooldownOverrideMinBandRatio"":0.077235,""analyzeIntervalMs"":40}"
317,r006-0001-06e521b7,6,-55,2,3,11,1,0,140,"{""relativeReattackFactor"":3.05591,""relativeReattackMinDelta"":0.016495,""relativeFluxFactor"":1.4,""spectralNoveltyRatio"":3.137455,""spectralNoveltyMinBins"":26,""cooldownFrames"":4,""confirmedRmsFactor"":1.311572,""confirmedRmsMinDelta"":0.004159,""confirmedFluxFactor"":1.595807,""confirmedMinFlux"":0.013864,""confirmedMinBandRatio"":0.035878,""confirmedSpectralNoveltyMinBins"":20,""cooldownOverrideFactor"":4.877142,""cooldownOverrideMinFlux"":0.006839,""cooldownOverrideMinBandRatio"":0.081519,""analyzeIntervalMs"":40}"
318,r006-0017-44422fd8,6,-55,2,3,11,1,0,141,"{""relativeReattackFactor"":2.815617,""relativeReattackMinDelta"":0.01901,""relativeFluxFactor"":1.4,""spectralNoveltyRatio"":3.314134,""spectralNoveltyMinBins"":27,""cooldownFrames"":4,""confirmedRmsFactor"":1.263871,""confirmedRmsMinDelta"":0.003089,""confirmedFluxFactor"":1.614393,""confirmedMinFlux"":0.01388,""confirmedMinBandRatio"":0.032097,""confirmedSpectralNoveltyMinBins"":24,""cooldownOverrideFactor"":4.771926,""cooldownOverrideMinFlux"":0.010653,""cooldownOverrideMinBandRatio"":0.081055,""analyzeIntervalMs"":40}"
319,r006-0052-88c5b6b8,6,-55,2,3,11,1,0,141,"{""relativeReattackFactor"":2.873325,""relativeReattackMinDelta"":0.019154,""relativeFluxFactor"":1.4,""spectralNoveltyRatio"":3.250644,""spectralNoveltyMinBins"":26,""cooldownFrames"":4,""confirmedRmsFactor"":1.273055,""confirmedRmsMinDelta"":0.003682,""confirmedFluxFactor"":1.622395,""confirmedMinFlux"":0.015129,""confirmedMinBandRatio"":0.03441,""confirmedSpectralNoveltyMinBins"":26,""cooldownOverrideFactor"":4.925761,""cooldownOverrideMinFlux"":0.009796,""cooldownOverrideMinBandRatio"":0.078881,""analyzeIntervalMs"":40}"
320,r007-0027-c6bed2f1,7,-55,2,3,11,1,0,141,"{""relativeReattackFactor"":2.888015,""relativeReattackMinDelta"":0.016735,""relativeFluxFactor"":1.4,""spectralNoveltyRatio"":3.025463,""spectralNoveltyMinBins"":26,""cooldownFrames"":4,""confirmedRmsFactor"":1.275616,""confirmedRmsMinDelta"":0.003413,""confirmedFluxFactor"":1.636388,""confirmedMinFlux"":0.013686,""confirmedMinBandRatio"":0.032987,""confirmedSpectralNoveltyMinBins"":23,""cooldownOverrideFactor"":4.724595,""cooldownOverrideMinFlux"":0.009153,""cooldownOverrideMinBandRatio"":0.082203,""analyzeIntervalMs"":40}"
321,r005-0060-1125b2be,5,-58,2,1,20,0,2,156,"{""relativeReattackFactor"":2.649435,""relativeReattackMinDelta"":0.016415,""relativeFluxFactor"":1.4,""spectralNoveltyRatio"":2.393649,""spectralNoveltyMinBins"":15,""cooldownFrames"":4,""confirmedRmsFactor"":1.313123,""confirmedRmsMinDelta"":0.004677,""confirmedFluxFactor"":1.643403,""confirmedMinFlux"":0.015701,""confirmedMinBandRatio"":0.038386,""confirmedSpectralNoveltyMinBins"":25,""cooldownOverrideFactor"":5,""cooldownOverrideMinFlux"":0.007388,""cooldownOverrideMinBandRatio"":0.080175,""analyzeIntervalMs"":41}"
322,r004-0047-c4281d31,4,-58,3,2,14,1,1,148,"{""relativeReattackFactor"":2.720751,""relativeReattackMinDelta"":0.018154,""relativeFluxFactor"":1.42778,""spectralNoveltyRatio"":2.754719,""spectralNoveltyMinBins"":21,""cooldownFrames"":4,""confirmedRmsFactor"":1.649984,""confirmedRmsMinDelta"":0.004091,""confirmedFluxFactor"":1.777683,""confirmedMinFlux"":0.013848,""confirmedMinBandRatio"":0.034166,""confirmedSpectralNoveltyMinBins"":30,""cooldownOverrideFactor"":4.892776,""cooldownOverrideMinFlux"":0.005638,""cooldownOverrideMinBandRatio"":0.085982,""analyzeIntervalMs"":41}"
323,r007-0067-da9eb767,7,-59,2,3,12,1,0,142,"{""relativeReattackFactor"":2.959779,""relativeReattackMinDelta"":0.016483,""relativeFluxFactor"":1.4,""spectralNoveltyRatio"":3.086154,""spectralNoveltyMinBins"":25,""cooldownFrames"":4,""confirmedRmsFactor"":1.226982,""confirmedRmsMinDelta"":0.003283,""confirmedFluxFactor"":1.635394,""confirmedMinFlux"":0.013451,""confirmedMinBandRatio"":0.035812,""confirmedSpectralNoveltyMinBins"":22,""cooldownOverrideFactor"":4.869892,""cooldownOverrideMinFlux"":0.008549,""cooldownOverrideMinBandRatio"":0.078762,""analyzeIntervalMs"":40}"
324,r008-0043-5723b627,8,-59,2,3,12,1,0,141,"{""relativeReattackFactor"":3.129104,""relativeReattackMinDelta"":0.019998,""relativeFluxFactor"":1.4,""spectralNoveltyRatio"":3.132392,""spectralNoveltyMinBins"":25,""cooldownFrames"":4,""confirmedRmsFactor"":1.304031,""confirmedRmsMinDelta"":0.003845,""confirmedFluxFactor"":1.606287,""confirmedMinFlux"":0.014765,""confirmedMinBandRatio"":0.037473,""confirmedSpectralNoveltyMinBins"":24,""cooldownOverrideFactor"":4.985514,""cooldownOverrideMinFlux"":0.008885,""cooldownOverrideMinBandRatio"":0.083728,""analyzeIntervalMs"":40}"
325,r008-0056-b00b54ac,8,-59,2,3,12,1,0,141,"{""relativeReattackFactor"":3.245096,""relativeReattackMinDelta"":0.020572,""relativeFluxFactor"":1.4,""spectralNoveltyRatio"":2.932211,""spectralNoveltyMinBins"":26,""cooldownFrames"":4,""confirmedRmsFactor"":1.250181,""confirmedRmsMinDelta"":0.003716,""confirmedFluxFactor"":1.72317,""confirmedMinFlux"":0.015525,""confirmedMinBandRatio"":0.038064,""confirmedSpectralNoveltyMinBins"":26,""cooldownOverrideFactor"":4.972962,""cooldownOverrideMinFlux"":0.009304,""cooldownOverrideMinBandRatio"":0.080217,""analyzeIntervalMs"":40}"
326,r010-0032-5067be3f,10,-59,2,3,12,1,0,141,"{""relativeReattackFactor"":3.187013,""relativeReattackMinDelta"":0.019676,""relativeFluxFactor"":1.4,""spectralNoveltyRatio"":2.850067,""spectralNoveltyMinBins"":26,""cooldownFrames"":4,""confirmedRmsFactor"":1.294141,""confirmedRmsMinDelta"":0.003684,""confirmedFluxFactor"":1.639043,""confirmedMinFlux"":0.014934,""confirmedMinBandRatio"":0.037735,""confirmedSpectralNoveltyMinBins"":26,""cooldownOverrideFactor"":5,""cooldownOverrideMinFlux"":0.009243,""cooldownOverrideMinBandRatio"":0.085548,""analyzeIntervalMs"":40}"
327,r005-0031-a25decef,5,-76,2,3,12,1,1,141,"{""relativeReattackFactor"":2.837258,""relativeReattackMinDelta"":0.016783,""relativeFluxFactor"":1.42371,""spectralNoveltyRatio"":2.700241,""spectralNoveltyMinBins"":22,""cooldownFrames"":4,""confirmedRmsFactor"":1.319123,""confirmedRmsMinDelta"":0.003258,""confirmedFluxFactor"":1.731375,""confirmedMinFlux"":0.014319,""confirmedMinBandRatio"":0.034,""confirmedSpectralNoveltyMinBins"":23,""cooldownOverrideFactor"":4.939718,""cooldownOverrideMinFlux"":0.008306,""cooldownOverrideMinBandRatio"":0.07443,""analyzeIntervalMs"":42}"
328,r004-0014-b68431dd,4,-89,3,1,20,0,2,152,"{""relativeReattackFactor"":3.27575,""relativeReattackMinDelta"":0.017887,""relativeFluxFactor"":1.4,""spectralNoveltyRatio"":2.220683,""spectralNoveltyMinBins"":18,""cooldownFrames"":4,""confirmedRmsFactor"":1.386641,""confirmedRmsMinDelta"":0.002701,""confirmedFluxFactor"":1.707494,""confirmedMinFlux"":0.011582,""confirmedMinBandRatio"":0.022905,""confirmedSpectralNoveltyMinBins"":27,""cooldownOverrideFactor"":5,""cooldownOverrideMinFlux"":0.004,""cooldownOverrideMinBandRatio"":0.078753,""analyzeIntervalMs"":46}"
329,r005-0033-3cfbf5ba,5,-91,2,2,15,1,0,146,"{""relativeReattackFactor"":2.951977,""relativeReattackMinDelta"":0.014843,""relativeFluxFactor"":1.433671,""spectralNoveltyRatio"":2.694804,""spectralNoveltyMinBins"":20,""cooldownFrames"":4,""confirmedRmsFactor"":1.498462,""confirmedRmsMinDelta"":0.003385,""confirmedFluxFactor"":1.590018,""confirmedMinFlux"":0.012848,""confirmedMinBandRatio"":0.033084,""confirmedSpectralNoveltyMinBins"":25,""cooldownOverrideFactor"":4.030374,""cooldownOverrideMinFlux"":0.009034,""cooldownOverrideMinBandRatio"":0.07661,""analyzeIntervalMs"":40}"
330,r011-0080-bac1e733,11,-94,3,4,6,2,0,133,"{""relativeReattackFactor"":3.137168,""relativeReattackMinDelta"":0.016534,""relativeFluxFactor"":1.4,""spectralNoveltyRatio"":3.225502,""spectralNoveltyMinBins"":32,""cooldownFrames"":4,""confirmedRmsFactor"":1.215495,""confirmedRmsMinDelta"":0.00279,""confirmedFluxFactor"":1.514495,""confirmedMinFlux"":0.012432,""confirmedMinBandRatio"":0.034686,""confirmedSpectralNoveltyMinBins"":24,""cooldownOverrideFactor"":4.780159,""cooldownOverrideMinFlux"":0.006551,""cooldownOverrideMinBandRatio"":0.088642,""analyzeIntervalMs"":40}"
331,r005-0019-47603757,5,-97,2,2,12,1,1,144,"{""relativeReattackFactor"":2.913096,""relativeReattackMinDelta"":0.019732,""relativeFluxFactor"":1.4,""spectralNoveltyRatio"":2.101223,""spectralNoveltyMinBins"":20,""cooldownFrames"":4,""confirmedRmsFactor"":1.355614,""confirmedRmsMinDelta"":0.003845,""confirmedFluxFactor"":1.531994,""confirmedMinFlux"":0.013881,""confirmedMinBandRatio"":0.036386,""confirmedSpectralNoveltyMinBins"":20,""cooldownOverrideFactor"":4.790248,""cooldownOverrideMinFlux"":0.010679,""cooldownOverrideMinBandRatio"":0.086736,""analyzeIntervalMs"":42}"
332,r005-0024-369555cf,5,-97,2,2,12,1,1,143,"{""relativeReattackFactor"":2.965747,""relativeReattackMinDelta"":0.019333,""relativeFluxFactor"":1.4,""spectralNoveltyRatio"":2.015005,""spectralNoveltyMinBins"":22,""cooldownFrames"":4,""confirmedRmsFactor"":1.412503,""confirmedRmsMinDelta"":0.004878,""confirmedFluxFactor"":1.572569,""confirmedMinFlux"":0.014154,""confirmedMinBandRatio"":0.035698,""confirmedSpectralNoveltyMinBins"":20,""cooldownOverrideFactor"":4.679359,""cooldownOverrideMinFlux"":0.009654,""cooldownOverrideMinBandRatio"":0.089758,""analyzeIntervalMs"":42}"
333,r005-0049-2d02d0ad,5,-97,2,2,12,1,1,144,"{""relativeReattackFactor"":3.073169,""relativeReattackMinDelta"":0.018052,""relativeFluxFactor"":1.4,""spectralNoveltyRatio"":2.036102,""spectralNoveltyMinBins"":21,""cooldownFrames"":4,""confirmedRmsFactor"":1.344114,""confirmedRmsMinDelta"":0.004002,""confirmedFluxFactor"":1.580426,""confirmedMinFlux"":0.014974,""confirmedMinBandRatio"":0.03163,""confirmedSpectralNoveltyMinBins"":18,""cooldownOverrideFactor"":4.590938,""cooldownOverrideMinFlux"":0.008149,""cooldownOverrideMinBandRatio"":0.08326,""analyzeIntervalMs"":42}"
334,r004-0008-9de77d9b,4,-101,2,2,13,1,1,145,"{""relativeReattackFactor"":2.641333,""relativeReattackMinDelta"":0.013213,""relativeFluxFactor"":1.478415,""spectralNoveltyRatio"":2.665009,""spectralNoveltyMinBins"":26,""cooldownFrames"":4,""confirmedRmsFactor"":1.436903,""confirmedRmsMinDelta"":0.004021,""confirmedFluxFactor"":1.675633,""confirmedMinFlux"":0.011716,""confirmedMinBandRatio"":0.034545,""confirmedSpectralNoveltyMinBins"":22,""cooldownOverrideFactor"":4.035019,""cooldownOverrideMinFlux"":0.008707,""cooldownOverrideMinBandRatio"":0.080403,""analyzeIntervalMs"":41}"
335,r003-0010-4d24e2e4,3,-103,1,3,16,1,0,143,"{""relativeReattackFactor"":3.715292,""relativeReattackMinDelta"":0.013953,""relativeFluxFactor"":1.4,""spectralNoveltyRatio"":4.806803,""spectralNoveltyMinBins"":19,""cooldownFrames"":3,""confirmedRmsFactor"":1.760503,""confirmedRmsMinDelta"":0.007314,""confirmedFluxFactor"":2.177013,""confirmedMinFlux"":0.004179,""confirmedMinBandRatio"":0.029686,""confirmedSpectralNoveltyMinBins"":16,""cooldownOverrideFactor"":1.8,""cooldownOverrideMinFlux"":0.020782,""cooldownOverrideMinBandRatio"":0.082062,""analyzeIntervalMs"":46}"
336,r005-0064-e7b5acc3,5,-103,2,2,14,1,1,145,"{""relativeReattackFactor"":2.768976,""relativeReattackMinDelta"":0.01743,""relativeFluxFactor"":1.4,""spectralNoveltyRatio"":2.081561,""spectralNoveltyMinBins"":21,""cooldownFrames"":4,""confirmedRmsFactor"":1.305232,""confirmedRmsMinDelta"":0.004485,""confirmedFluxFactor"":1.535537,""confirmedMinFlux"":0.014491,""confirmedMinBandRatio"":0.03358,""confirmedSpectralNoveltyMinBins"":18,""cooldownOverrideFactor"":4.540961,""cooldownOverrideMinFlux"":0.00816,""cooldownOverrideMinBandRatio"":0.088221,""analyzeIntervalMs"":42}"
337,r009-0069-6465aa7e,9,-105,2,4,9,2,0,136,"{""relativeReattackFactor"":3.137121,""relativeReattackMinDelta"":0.019486,""relativeFluxFactor"":1.4,""spectralNoveltyRatio"":2.987976,""spectralNoveltyMinBins"":30,""cooldownFrames"":4,""confirmedRmsFactor"":1.173348,""confirmedRmsMinDelta"":0.003863,""confirmedFluxFactor"":1.696593,""confirmedMinFlux"":0.015075,""confirmedMinBandRatio"":0.037076,""confirmedSpectralNoveltyMinBins"":24,""cooldownOverrideFactor"":4.88088,""cooldownOverrideMinFlux"":0.007298,""cooldownOverrideMinBandRatio"":0.080852,""analyzeIntervalMs"":42}"
338,r010-0023-9cc6a662,10,-105,2,4,9,2,0,136,"{""relativeReattackFactor"":3.217906,""relativeReattackMinDelta"":0.016476,""relativeFluxFactor"":1.4,""spectralNoveltyRatio"":2.605257,""spectralNoveltyMinBins"":32,""cooldownFrames"":4,""confirmedRmsFactor"":1.193156,""confirmedRmsMinDelta"":0.003347,""confirmedFluxFactor"":1.622297,""confirmedMinFlux"":0.012231,""confirmedMinBandRatio"":0.035385,""confirmedSpectralNoveltyMinBins"":26,""cooldownOverrideFactor"":4.841169,""cooldownOverrideMinFlux"":0.00976,""cooldownOverrideMinBandRatio"":0.09,""analyzeIntervalMs"":42}"
339,r011-0063-ba9f38f7,11,-105,2,4,9,2,0,136,"{""relativeReattackFactor"":3.121922,""relativeReattackMinDelta"":0.016338,""relativeFluxFactor"":1.4,""spectralNoveltyRatio"":2.653239,""spectralNoveltyMinBins"":31,""cooldownFrames"":4,""confirmedRmsFactor"":1.229253,""confirmedRmsMinDelta"":0.0034,""confirmedFluxFactor"":1.566408,""confirmedMinFlux"":0.012141,""confirmedMinBandRatio"":0.035794,""confirmedSpectralNoveltyMinBins"":25,""cooldownOverrideFactor"":4.888995,""cooldownOverrideMinFlux"":0.009132,""cooldownOverrideMinBandRatio"":0.087797,""analyzeIntervalMs"":42}"
340,r012-0003-8f886c17,12,-105,2,4,9,2,0,136,"{""relativeReattackFactor"":3.248973,""relativeReattackMinDelta"":0.017894,""relativeFluxFactor"":1.4,""spectralNoveltyRatio"":2.684423,""spectralNoveltyMinBins"":31,""cooldownFrames"":4,""confirmedRmsFactor"":1.186755,""confirmedRmsMinDelta"":0.003564,""confirmedFluxFactor"":1.5926,""confirmedMinFlux"":0.012127,""confirmedMinBandRatio"":0.033392,""confirmedSpectralNoveltyMinBins"":24,""cooldownOverrideFactor"":5,""cooldownOverrideMinFlux"":0.008895,""cooldownOverrideMinBandRatio"":0.089768,""analyzeIntervalMs"":42}"
341,r012-0023-d7804bbc,12,-105,2,4,9,2,0,136,"{""relativeReattackFactor"":3.269981,""relativeReattackMinDelta"":0.01711,""relativeFluxFactor"":1.4,""spectralNoveltyRatio"":2.734316,""spectralNoveltyMinBins"":31,""cooldownFrames"":4,""confirmedRmsFactor"":1.190688,""confirmedRmsMinDelta"":0.003101,""confirmedFluxFactor"":1.605704,""confirmedMinFlux"":0.012653,""confirmedMinBandRatio"":0.032569,""confirmedSpectralNoveltyMinBins"":25,""cooldownOverrideFactor"":5,""cooldownOverrideMinFlux"":0.009829,""cooldownOverrideMinBandRatio"":0.087773,""analyzeIntervalMs"":42}"
342,r003-0043-9f4e0fb4,3,-109,2,4,10,2,0,137,"{""relativeReattackFactor"":3.114079,""relativeReattackMinDelta"":0.015108,""relativeFluxFactor"":1.410701,""spectralNoveltyRatio"":2.116911,""spectralNoveltyMinBins"":32,""cooldownFrames"":4,""confirmedRmsFactor"":1.589095,""confirmedRmsMinDelta"":0.004132,""confirmedFluxFactor"":1.776728,""confirmedMinFlux"":0.01065,""confirmedMinBandRatio"":0.031317,""confirmedSpectralNoveltyMinBins"":29,""cooldownOverrideFactor"":4.884883,""cooldownOverrideMinFlux"":0.007031,""cooldownOverrideMinBandRatio"":0.082654,""analyzeIntervalMs"":42}"
343,r006-0036-6da66ab4,6,-109,2,4,10,2,0,138,"{""relativeReattackFactor"":3.079234,""relativeReattackMinDelta"":0.016253,""relativeFluxFactor"":1.4,""spectralNoveltyRatio"":2.892274,""spectralNoveltyMinBins"":30,""cooldownFrames"":4,""confirmedRmsFactor"":1.302327,""confirmedRmsMinDelta"":0.003508,""confirmedFluxFactor"":1.598779,""confirmedMinFlux"":0.013548,""confirmedMinBandRatio"":0.033191,""confirmedSpectralNoveltyMinBins"":21,""cooldownOverrideFactor"":4.94622,""cooldownOverrideMinFlux"":0.007095,""cooldownOverrideMinBandRatio"":0.077646,""analyzeIntervalMs"":42}"
344,r007-0063-49bd36d9,7,-109,2,4,10,2,0,138,"{""relativeReattackFactor"":2.952022,""relativeReattackMinDelta"":0.017126,""relativeFluxFactor"":1.4,""spectralNoveltyRatio"":2.715539,""spectralNoveltyMinBins"":30,""cooldownFrames"":4,""confirmedRmsFactor"":1.179968,""confirmedRmsMinDelta"":0.003243,""confirmedFluxFactor"":1.510082,""confirmedMinFlux"":0.01295,""confirmedMinBandRatio"":0.034689,""confirmedSpectralNoveltyMinBins"":24,""cooldownOverrideFactor"":4.667523,""cooldownOverrideMinFlux"":0.009506,""cooldownOverrideMinBandRatio"":0.086563,""analyzeIntervalMs"":42}"
345,r008-0009-45189ffe,8,-109,2,4,10,2,0,138,"{""relativeReattackFactor"":3.062801,""relativeReattackMinDelta"":0.016819,""relativeFluxFactor"":1.4,""spectralNoveltyRatio"":2.830644,""spectralNoveltyMinBins"":30,""cooldownFrames"":4,""confirmedRmsFactor"":1.202365,""confirmedRmsMinDelta"":0.003285,""confirmedFluxFactor"":1.498376,""confirmedMinFlux"":0.01277,""confirmedMinBandRatio"":0.034758,""confirmedSpectralNoveltyMinBins"":25,""cooldownOverrideFactor"":4.859977,""cooldownOverrideMinFlux"":0.008865,""cooldownOverrideMinBandRatio"":0.088585,""analyzeIntervalMs"":42}"
346,r008-0044-7c262de3,8,-109,2,4,10,2,0,138,"{""relativeReattackFactor"":3.078502,""relativeReattackMinDelta"":0.015529,""relativeFluxFactor"":1.4,""spectralNoveltyRatio"":2.811242,""spectralNoveltyMinBins"":30,""cooldownFrames"":4,""confirmedRmsFactor"":1.187576,""confirmedRmsMinDelta"":0.003266,""confirmedFluxFactor"":1.589995,""confirmedMinFlux"":0.012536,""confirmedMinBandRatio"":0.035787,""confirmedSpectralNoveltyMinBins"":23,""cooldownOverrideFactor"":4.757797,""cooldownOverrideMinFlux"":0.007734,""cooldownOverrideMinBandRatio"":0.086946,""analyzeIntervalMs"":42}"
347,r008-0066-7619989a,8,-109,2,4,10,2,0,138,"{""relativeReattackFactor"":3.329341,""relativeReattackMinDelta"":0.01962,""relativeFluxFactor"":1.44153,""spectralNoveltyRatio"":2.993072,""spectralNoveltyMinBins"":29,""cooldownFrames"":4,""confirmedRmsFactor"":1.212543,""confirmedRmsMinDelta"":0.003734,""confirmedFluxFactor"":1.738488,""confirmedMinFlux"":0.015351,""confirmedMinBandRatio"":0.034783,""confirmedSpectralNoveltyMinBins"":25,""cooldownOverrideFactor"":4.866686,""cooldownOverrideMinFlux"":0.007475,""cooldownOverrideMinBandRatio"":0.079567,""analyzeIntervalMs"":42}"
348,r009-0003-0572199b,9,-109,2,4,10,2,0,138,"{""relativeReattackFactor"":3.18598,""relativeReattackMinDelta"":0.017807,""relativeFluxFactor"":1.434333,""spectralNoveltyRatio"":2.950707,""spectralNoveltyMinBins"":28,""cooldownFrames"":4,""confirmedRmsFactor"":1.18183,""confirmedRmsMinDelta"":0.00346,""confirmedFluxFactor"":1.591792,""confirmedMinFlux"":0.012321,""confirmedMinBandRatio"":0.035719,""confirmedSpectralNoveltyMinBins"":24,""cooldownOverrideFactor"":5,""cooldownOverrideMinFlux"":0.008511,""cooldownOverrideMinBandRatio"":0.085739,""analyzeIntervalMs"":42}"
349,r009-0008-8fdb5c09,9,-109,2,4,10,2,0,138,"{""relativeReattackFactor"":3.132642,""relativeReattackMinDelta"":0.017123,""relativeFluxFactor"":1.41962,""spectralNoveltyRatio"":2.895232,""spectralNoveltyMinBins"":29,""cooldownFrames"":4,""confirmedRmsFactor"":1.183643,""confirmedRmsMinDelta"":0.003457,""confirmedFluxFactor"":1.588545,""confirmedMinFlux"":0.013045,""confirmedMinBandRatio"":0.034742,""confirmedSpectralNoveltyMinBins"":25,""cooldownOverrideFactor"":4.927673,""cooldownOverrideMinFlux"":0.009399,""cooldownOverrideMinBandRatio"":0.086598,""analyzeIntervalMs"":42}"
350,r011-0018-aa75357b,11,-109,2,4,10,2,0,138,"{""relativeReattackFactor"":3.254766,""relativeReattackMinDelta"":0.017088,""relativeFluxFactor"":1.4,""spectralNoveltyRatio"":2.889765,""spectralNoveltyMinBins"":30,""cooldownFrames"":4,""confirmedRmsFactor"":1.212118,""confirmedRmsMinDelta"":0.003204,""confirmedFluxFactor"":1.555823,""confirmedMinFlux"":0.013089,""confirmedMinBandRatio"":0.034832,""confirmedSpectralNoveltyMinBins"":24,""cooldownOverrideFactor"":4.917722,""cooldownOverrideMinFlux"":0.009155,""cooldownOverrideMinBandRatio"":0.086251,""analyzeIntervalMs"":42}"
351,r011-0033-6417a713,11,-109,2,4,10,2,0,138,"{""relativeReattackFactor"":3.300914,""relativeReattackMinDelta"":0.016395,""relativeFluxFactor"":1.4,""spectralNoveltyRatio"":2.916024,""spectralNoveltyMinBins"":30,""cooldownFrames"":4,""confirmedRmsFactor"":1.193665,""confirmedRmsMinDelta"":0.003164,""confirmedFluxFactor"":1.628908,""confirmedMinFlux"":0.013187,""confirmedMinBandRatio"":0.035573,""confirmedSpectralNoveltyMinBins"":26,""cooldownOverrideFactor"":4.964371,""cooldownOverrideMinFlux"":0.008505,""cooldownOverrideMinBandRatio"":0.087413,""analyzeIntervalMs"":42}"
352,r012-0012-00870672,12,-109,2,4,10,2,0,138,"{""relativeReattackFactor"":3.295192,""relativeReattackMinDelta"":0.019135,""relativeFluxFactor"":1.419984,""spectralNoveltyRatio"":2.827439,""spectralNoveltyMinBins"":29,""cooldownFrames"":4,""confirmedRmsFactor"":1.310878,""confirmedRmsMinDelta"":0.004186,""confirmedFluxFactor"":1.697424,""confirmedMinFlux"":0.015695,""confirmedMinBandRatio"":0.03609,""confirmedSpectralNoveltyMinBins"":25,""cooldownOverrideFactor"":4.961731,""cooldownOverrideMinFlux"":0.008904,""cooldownOverrideMinBandRatio"":0.088845,""analyzeIntervalMs"":42}"
353,r004-0022-4e76af05,4,-110,2,2,16,1,1,147,"{""relativeReattackFactor"":2.705417,""relativeReattackMinDelta"":0.015471,""relativeFluxFactor"":1.4,""spectralNoveltyRatio"":2.516288,""spectralNoveltyMinBins"":20,""cooldownFrames"":4,""confirmedRmsFactor"":1.614074,""confirmedRmsMinDelta"":0.003587,""confirmedFluxFactor"":1.798416,""confirmedMinFlux"":0.01352,""confirmedMinBandRatio"":0.033888,""confirmedSpectralNoveltyMinBins"":28,""cooldownOverrideFactor"":4.77555,""cooldownOverrideMinFlux"":0.004,""cooldownOverrideMinBandRatio"":0.085779,""analyzeIntervalMs"":42}"
354,r005-0072-55c411c1,5,-110,2,2,16,1,1,148,"{""relativeReattackFactor"":2.724065,""relativeReattackMinDelta"":0.015658,""relativeFluxFactor"":1.4,""spectralNoveltyRatio"":2.310521,""spectralNoveltyMinBins"":20,""cooldownFrames"":4,""confirmedRmsFactor"":1.535111,""confirmedRmsMinDelta"":0.005482,""confirmedFluxFactor"":1.835538,""confirmedMinFlux"":0.012422,""confirmedMinBandRatio"":0.035324,""confirmedSpectralNoveltyMinBins"":22,""cooldownOverrideFactor"":3.936034,""cooldownOverrideMinFlux"":0.008348,""cooldownOverrideMinBandRatio"":0.077818,""analyzeIntervalMs"":42}"
355,r006-0014-3a88901b,6,-110,3,3,7,2,0,137,"{""relativeReattackFactor"":3.196304,""relativeReattackMinDelta"":0.017407,""relativeFluxFactor"":1.54357,""spectralNoveltyRatio"":2.767812,""spectralNoveltyMinBins"":28,""cooldownFrames"":4,""confirmedRmsFactor"":1.15,""confirmedRmsMinDelta"":0.00332,""confirmedFluxFactor"":1.562378,""confirmedMinFlux"":0.014641,""confirmedMinBandRatio"":0.035364,""confirmedSpectralNoveltyMinBins"":24,""cooldownOverrideFactor"":4.886201,""cooldownOverrideMinFlux"":0.009812,""cooldownOverrideMinBandRatio"":0.073978,""analyzeIntervalMs"":41}"
356,r008-0059-0b32b8d6,8,-110,3,3,7,2,0,137,"{""relativeReattackFactor"":3.172617,""relativeReattackMinDelta"":0.015894,""relativeFluxFactor"":1.507968,""spectralNoveltyRatio"":3.017144,""spectralNoveltyMinBins"":29,""cooldownFrames"":4,""confirmedRmsFactor"":1.233152,""confirmedRmsMinDelta"":0.002749,""confirmedFluxFactor"":1.486196,""confirmedMinFlux"":0.012468,""confirmedMinBandRatio"":0.034256,""confirmedSpectralNoveltyMinBins"":23,""cooldownOverrideFactor"":4.740133,""cooldownOverrideMinFlux"":0.008228,""cooldownOverrideMinBandRatio"":0.087407,""analyzeIntervalMs"":41}"
357,r008-0061-5f6fb422,8,-110,3,3,7,2,0,137,"{""relativeReattackFactor"":3.178392,""relativeReattackMinDelta"":0.019811,""relativeFluxFactor"":1.512647,""spectralNoveltyRatio"":2.887547,""spectralNoveltyMinBins"":28,""cooldownFrames"":4,""confirmedRmsFactor"":1.234549,""confirmedRmsMinDelta"":0.003593,""confirmedFluxFactor"":1.692158,""confirmedMinFlux"":0.015218,""confirmedMinBandRatio"":0.034857,""confirmedSpectralNoveltyMinBins"":26,""cooldownOverrideFactor"":4.947542,""cooldownOverrideMinFlux"":0.008713,""cooldownOverrideMinBandRatio"":0.079164,""analyzeIntervalMs"":41}"
358,r008-0067-fc5a552f,8,-110,3,3,7,2,0,137,"{""relativeReattackFactor"":3.235896,""relativeReattackMinDelta"":0.017549,""relativeFluxFactor"":1.54671,""spectralNoveltyRatio"":2.934127,""spectralNoveltyMinBins"":28,""cooldownFrames"":4,""confirmedRmsFactor"":1.15,""confirmedRmsMinDelta"":0.0032,""confirmedFluxFactor"":1.460721,""confirmedMinFlux"":0.01299,""confirmedMinBandRatio"":0.033268,""confirmedSpectralNoveltyMinBins"":26,""cooldownOverrideFactor"":4.775514,""cooldownOverrideMinFlux"":0.010021,""cooldownOverrideMinBandRatio"":0.075566,""analyzeIntervalMs"":41}"
359,r009-0001-18633fa7,9,-110,3,3,7,2,0,137,"{""relativeReattackFactor"":3.283235,""relativeReattackMinDelta"":0.019417,""relativeFluxFactor"":1.518805,""spectralNoveltyRatio"":3.009821,""spectralNoveltyMinBins"":28,""cooldownFrames"":4,""confirmedRmsFactor"":1.252346,""confirmedRmsMinDelta"":0.00377,""confirmedFluxFactor"":1.732489,""confirmedMinFlux"":0.015185,""confirmedMinBandRatio"":0.037651,""confirmedSpectralNoveltyMinBins"":24,""cooldownOverrideFactor"":4.803634,""cooldownOverrideMinFlux"":0.00814,""cooldownOverrideMinBandRatio"":0.078414,""analyzeIntervalMs"":41}"
360,r009-0031-6aa16d01,9,-110,3,3,7,2,0,137,"{""relativeReattackFactor"":3.304485,""relativeReattackMinDelta"":0.019311,""relativeFluxFactor"":1.528609,""spectralNoveltyRatio"":2.900057,""spectralNoveltyMinBins"":28,""cooldownFrames"":4,""confirmedRmsFactor"":1.275354,""confirmedRmsMinDelta"":0.003833,""confirmedFluxFactor"":1.72748,""confirmedMinFlux"":0.01522,""confirmedMinBandRatio"":0.037621,""confirmedSpectralNoveltyMinBins"":25,""cooldownOverrideFactor"":4.941887,""cooldownOverrideMinFlux"":0.008993,""cooldownOverrideMinBandRatio"":0.08036,""analyzeIntervalMs"":41}"
361,r009-0051-824b447b,9,-110,3,3,7,2,0,137,"{""relativeReattackFactor"":3.227634,""relativeReattackMinDelta"":0.020426,""relativeFluxFactor"":1.50254,""spectralNoveltyRatio"":2.890939,""spectralNoveltyMinBins"":29,""cooldownFrames"":4,""confirmedRmsFactor"":1.218648,""confirmedRmsMinDelta"":0.003428,""confirmedFluxFactor"":1.670055,""confirmedMinFlux"":0.014906,""confirmedMinBandRatio"":0.036906,""confirmedSpectralNoveltyMinBins"":25,""cooldownOverrideFactor"":4.771951,""cooldownOverrideMinFlux"":0.007208,""cooldownOverrideMinBandRatio"":0.081061,""analyzeIntervalMs"":41}"
362,r009-0055-674416b5,9,-110,3,3,7,2,0,137,"{""relativeReattackFactor"":3.1899,""relativeReattackMinDelta"":0.016078,""relativeFluxFactor"":1.513987,""spectralNoveltyRatio"":3.1606,""spectralNoveltyMinBins"":28,""cooldownFrames"":4,""confirmedRmsFactor"":1.162199,""confirmedRmsMinDelta"":0.003163,""confirmedFluxFactor"":1.50492,""confirmedMinFlux"":0.012122,""confirmedMinBandRatio"":0.032356,""confirmedSpectralNoveltyMinBins"":24,""cooldownOverrideFactor"":4.778631,""cooldownOverrideMinFlux"":0.007006,""cooldownOverrideMinBandRatio"":0.087817,""analyzeIntervalMs"":41}"
363,r009-0062-11f9c7c6,9,-110,3,3,7,2,0,137,"{""relativeReattackFactor"":3.250021,""relativeReattackMinDelta"":0.018692,""relativeFluxFactor"":1.493049,""spectralNoveltyRatio"":2.743479,""spectralNoveltyMinBins"":29,""cooldownFrames"":4,""confirmedRmsFactor"":1.308028,""confirmedRmsMinDelta"":0.004158,""confirmedFluxFactor"":1.614675,""confirmedMinFlux"":0.015229,""confirmedMinBandRatio"":0.037427,""confirmedSpectralNoveltyMinBins"":25,""cooldownOverrideFactor"":5,""cooldownOverrideMinFlux"":0.009177,""cooldownOverrideMinBandRatio"":0.088676,""analyzeIntervalMs"":41}"
364,r010-0015-d5d604cc,10,-110,3,3,7,2,0,137,"{""relativeReattackFactor"":3.208681,""relativeReattackMinDelta"":0.017013,""relativeFluxFactor"":1.53037,""spectralNoveltyRatio"":2.917997,""spectralNoveltyMinBins"":32,""cooldownFrames"":4,""confirmedRmsFactor"":1.208683,""confirmedRmsMinDelta"":0.002918,""confirmedFluxFactor"":1.607879,""confirmedMinFlux"":0.011984,""confirmedMinBandRatio"":0.033046,""confirmedSpectralNoveltyMinBins"":25,""cooldownOverrideFactor"":4.736794,""cooldownOverrideMinFlux"":0.007717,""cooldownOverrideMinBandRatio"":0.09,""analyzeIntervalMs"":41}"
365,r010-0025-23f2aa38,10,-110,3,3,7,2,0,137,"{""relativeReattackFactor"":3.156633,""relativeReattackMinDelta"":0.017032,""relativeFluxFactor"":1.513862,""spectralNoveltyRatio"":3.065866,""spectralNoveltyMinBins"":31,""cooldownFrames"":4,""confirmedRmsFactor"":1.186534,""confirmedRmsMinDelta"":0.003315,""confirmedFluxFactor"":1.520329,""confirmedMinFlux"":0.012767,""confirmedMinBandRatio"":0.032796,""confirmedSpectralNoveltyMinBins"":25,""cooldownOverrideFactor"":4.656717,""cooldownOverrideMinFlux"":0.008063,""cooldownOverrideMinBandRatio"":0.088906,""analyzeIntervalMs"":41}"
366,r010-0039-0634f8da,10,-110,3,3,7,2,0,137,"{""relativeReattackFactor"":3.165448,""relativeReattackMinDelta"":0.019551,""relativeFluxFactor"":1.494132,""spectralNoveltyRatio"":3.113422,""spectralNoveltyMinBins"":27,""cooldownFrames"":4,""confirmedRmsFactor"":1.185064,""confirmedRmsMinDelta"":0.003681,""confirmedFluxFactor"":1.721807,""confirmedMinFlux"":0.015542,""confirmedMinBandRatio"":0.036066,""confirmedSpectralNoveltyMinBins"":25,""cooldownOverrideFactor"":5,""cooldownOverrideMinFlux"":0.00895,""cooldownOverrideMinBandRatio"":0.08304,""analyzeIntervalMs"":41}"
367,r010-0053-570ddea6,10,-110,3,3,7,2,0,137,"{""relativeReattackFactor"":3.189498,""relativeReattackMinDelta"":0.016336,""relativeFluxFactor"":1.493406,""spectralNoveltyRatio"":2.860301,""spectralNoveltyMinBins"":30,""cooldownFrames"":4,""confirmedRmsFactor"":1.212449,""confirmedRmsMinDelta"":0.003087,""confirmedFluxFactor"":1.60362,""confirmedMinFlux"":0.013057,""confirmedMinBandRatio"":0.032521,""confirmedSpectralNoveltyMinBins"":26,""cooldownOverrideFactor"":4.90946,""cooldownOverrideMinFlux"":0.009116,""cooldownOverrideMinBandRatio"":0.085583,""analyzeIntervalMs"":41}"
368,r010-0078-66b4ec0c,10,-110,3,3,7,2,0,137,"{""relativeReattackFactor"":3.200661,""relativeReattackMinDelta"":0.017578,""relativeFluxFactor"":1.52528,""spectralNoveltyRatio"":2.83939,""spectralNoveltyMinBins"":28,""cooldownFrames"":4,""confirmedRmsFactor"":1.195004,""confirmedRmsMinDelta"":0.003567,""confirmedFluxFactor"":1.55993,""confirmedMinFlux"":0.011963,""confirmedMinBandRatio"":0.035587,""confirmedSpectralNoveltyMinBins"":24,""cooldownOverrideFactor"":5,""cooldownOverrideMinFlux"":0.009925,""cooldownOverrideMinBandRatio"":0.088218,""analyzeIntervalMs"":41}"
369,r012-0008-01fc0e69,12,-110,3,3,7,2,0,137,"{""relativeReattackFactor"":3.245632,""relativeReattackMinDelta"":0.017236,""relativeFluxFactor"":1.517843,""spectralNoveltyRatio"":2.790936,""spectralNoveltyMinBins"":31,""cooldownFrames"":4,""confirmedRmsFactor"":1.1795,""confirmedRmsMinDelta"":0.003388,""confirmedFluxFactor"":1.596829,""confirmedMinFlux"":0.01313,""confirmedMinBandRatio"":0.033821,""confirmedSpectralNoveltyMinBins"":24,""cooldownOverrideFactor"":4.869981,""cooldownOverrideMinFlux"":0.008111,""cooldownOverrideMinBandRatio"":0.088432,""analyzeIntervalMs"":41}"
370,r012-0011-8b03fbaa,12,-110,3,3,7,2,0,137,"{""relativeReattackFactor"":3.23483,""relativeReattackMinDelta"":0.020016,""relativeFluxFactor"":1.526571,""spectralNoveltyRatio"":2.853396,""spectralNoveltyMinBins"":27,""cooldownFrames"":4,""confirmedRmsFactor"":1.22897,""confirmedRmsMinDelta"":0.003941,""confirmedFluxFactor"":1.695182,""confirmedMinFlux"":0.015021,""confirmedMinBandRatio"":0.034746,""confirmedSpectralNoveltyMinBins"":25,""cooldownOverrideFactor"":4.805236,""cooldownOverrideMinFlux"":0.007906,""cooldownOverrideMinBandRatio"":0.079436,""analyzeIntervalMs"":41}"
371,r012-0024-da60d9bd,12,-110,3,3,7,2,0,137,"{""relativeReattackFactor"":3.182487,""relativeReattackMinDelta"":0.01956,""relativeFluxFactor"":1.524581,""spectralNoveltyRatio"":2.94128,""spectralNoveltyMinBins"":28,""cooldownFrames"":4,""confirmedRmsFactor"":1.195195,""confirmedRmsMinDelta"":0.003953,""confirmedFluxFactor"":1.741726,""confirmedMinFlux"":0.01569,""confirmedMinBandRatio"":0.037927,""confirmedSpectralNoveltyMinBins"":24,""cooldownOverrideFactor"":4.899369,""cooldownOverrideMinFlux"":0.008909,""cooldownOverrideMinBandRatio"":0.082642,""analyzeIntervalMs"":41}"
372,r012-0036-c248897c,12,-110,3,3,7,2,0,137,"{""relativeReattackFactor"":3.291705,""relativeReattackMinDelta"":0.02006,""relativeFluxFactor"":1.510452,""spectralNoveltyRatio"":3.068467,""spectralNoveltyMinBins"":27,""cooldownFrames"":4,""confirmedRmsFactor"":1.239733,""confirmedRmsMinDelta"":0.003399,""confirmedFluxFactor"":1.751765,""confirmedMinFlux"":0.015298,""confirmedMinBandRatio"":0.036633,""confirmedSpectralNoveltyMinBins"":26,""cooldownOverrideFactor"":4.832935,""cooldownOverrideMinFlux"":0.008968,""cooldownOverrideMinBandRatio"":0.078243,""analyzeIntervalMs"":41}"
373,r012-0057-9a999ffd,12,-110,3,3,7,2,0,137,"{""relativeReattackFactor"":3.187731,""relativeReattackMinDelta"":0.019408,""relativeFluxFactor"":1.527287,""spectralNoveltyRatio"":2.999738,""spectralNoveltyMinBins"":29,""cooldownFrames"":4,""confirmedRmsFactor"":1.30954,""confirmedRmsMinDelta"":0.003979,""confirmedFluxFactor"":1.621252,""confirmedMinFlux"":0.015752,""confirmedMinBandRatio"":0.038505,""confirmedSpectralNoveltyMinBins"":26,""cooldownOverrideFactor"":4.915408,""cooldownOverrideMinFlux"":0.009537,""cooldownOverrideMinBandRatio"":0.084362,""analyzeIntervalMs"":41}"
374,r012-0063-6c4f6e53,12,-110,3,3,7,2,0,137,"{""relativeReattackFactor"":3.267533,""relativeReattackMinDelta"":0.016927,""relativeFluxFactor"":1.508507,""spectralNoveltyRatio"":2.670013,""spectralNoveltyMinBins"":31,""cooldownFrames"":4,""confirmedRmsFactor"":1.221498,""confirmedRmsMinDelta"":0.003068,""confirmedFluxFactor"":1.605074,""confirmedMinFlux"":0.013191,""confirmedMinBandRatio"":0.033135,""confirmedSpectralNoveltyMinBins"":25,""cooldownOverrideFactor"":4.991301,""cooldownOverrideMinFlux"":0.009734,""cooldownOverrideMinBandRatio"":0.09,""analyzeIntervalMs"":41}"
375,r012-0065-253a7863,12,-110,3,3,7,2,0,137,"{""relativeReattackFactor"":3.152492,""relativeReattackMinDelta"":0.015797,""relativeFluxFactor"":1.505288,""spectralNoveltyRatio"":3.246708,""spectralNoveltyMinBins"":31,""cooldownFrames"":4,""confirmedRmsFactor"":1.209581,""confirmedRmsMinDelta"":0.002959,""confirmedFluxFactor"":1.581163,""confirmedMinFlux"":0.011844,""confirmedMinBandRatio"":0.034795,""confirmedSpectralNoveltyMinBins"":23,""cooldownOverrideFactor"":4.654643,""cooldownOverrideMinFlux"":0.007494,""cooldownOverrideMinBandRatio"":0.09,""analyzeIntervalMs"":41}"
376,r012-0073-3b5f1665,12,-110,3,3,7,2,0,137,"{""relativeReattackFactor"":3.25591,""relativeReattackMinDelta"":0.017491,""relativeFluxFactor"":1.531369,""spectralNoveltyRatio"":2.658487,""spectralNoveltyMinBins"":28,""cooldownFrames"":4,""confirmedRmsFactor"":1.18193,""confirmedRmsMinDelta"":0.002993,""confirmedFluxFactor"":1.626,""confirmedMinFlux"":0.012346,""confirmedMinBandRatio"":0.035222,""confirmedSpectralNoveltyMinBins"":24,""cooldownOverrideFactor"":5,""cooldownOverrideMinFlux"":0.00903,""cooldownOverrideMinBandRatio"":0.089671,""analyzeIntervalMs"":41}"
377,r008-0005-056db75f,8,-111,2,4,7,2,0,135,"{""relativeReattackFactor"":3.008275,""relativeReattackMinDelta"":0.018112,""relativeFluxFactor"":1.4,""spectralNoveltyRatio"":3.048813,""spectralNoveltyMinBins"":32,""cooldownFrames"":4,""confirmedRmsFactor"":1.178092,""confirmedRmsMinDelta"":0.002935,""confirmedFluxFactor"":1.505826,""confirmedMinFlux"":0.015469,""confirmedMinBandRatio"":0.034512,""confirmedSpectralNoveltyMinBins"":25,""cooldownOverrideFactor"":4.975457,""cooldownOverrideMinFlux"":0.011014,""cooldownOverrideMinBandRatio"":0.072367,""analyzeIntervalMs"":40}"
378,r009-0030-33f0aa4d,9,-111,2,4,7,2,0,134,"{""relativeReattackFactor"":3.233819,""relativeReattackMinDelta"":0.0169,""relativeFluxFactor"":1.4,""spectralNoveltyRatio"":3.244606,""spectralNoveltyMinBins"":31,""cooldownFrames"":4,""confirmedRmsFactor"":1.184454,""confirmedRmsMinDelta"":0.002876,""confirmedFluxFactor"":1.533628,""confirmedMinFlux"":0.012547,""confirmedMinBandRatio"":0.034737,""confirmedSpectralNoveltyMinBins"":23,""cooldownOverrideFactor"":4.720362,""cooldownOverrideMinFlux"":0.008439,""cooldownOverrideMinBandRatio"":0.088408,""analyzeIntervalMs"":40}"
379,r009-0038-f97d99f1,9,-111,2,4,7,2,0,134,"{""relativeReattackFactor"":3.269873,""relativeReattackMinDelta"":0.017914,""relativeFluxFactor"":1.4,""spectralNoveltyRatio"":2.720902,""spectralNoveltyMinBins"":32,""cooldownFrames"":4,""confirmedRmsFactor"":1.258829,""confirmedRmsMinDelta"":0.003309,""confirmedFluxFactor"":1.624463,""confirmedMinFlux"":0.01233,""confirmedMinBandRatio"":0.035228,""confirmedSpectralNoveltyMinBins"":24,""cooldownOverrideFactor"":5,""cooldownOverrideMinFlux"":0.008381,""cooldownOverrideMinBandRatio"":0.08977,""analyzeIntervalMs"":40}"
380,r009-0075-a9e6bca4,9,-111,2,4,7,2,0,134,"{""relativeReattackFactor"":3.130542,""relativeReattackMinDelta"":0.015773,""relativeFluxFactor"":1.4,""spectralNoveltyRatio"":3.138404,""spectralNoveltyMinBins"":32,""cooldownFrames"":4,""confirmedRmsFactor"":1.176271,""confirmedRmsMinDelta"":0.002762,""confirmedFluxFactor"":1.534653,""confirmedMinFlux"":0.011873,""confirmedMinBandRatio"":0.034837,""confirmedSpectralNoveltyMinBins"":24,""cooldownOverrideFactor"":4.7711,""cooldownOverrideMinFlux"":0.008117,""cooldownOverrideMinBandRatio"":0.09,""analyzeIntervalMs"":40}"
381,r010-0050-68f0b6c2,10,-111,2,4,7,2,0,134,"{""relativeReattackFactor"":3.250713,""relativeReattackMinDelta"":0.016992,""relativeFluxFactor"":1.4,""spectralNoveltyRatio"":2.919071,""spectralNoveltyMinBins"":32,""cooldownFrames"":4,""confirmedRmsFactor"":1.217564,""confirmedRmsMinDelta"":0.002875,""confirmedFluxFactor"":1.573078,""confirmedMinFlux"":0.012755,""confirmedMinBandRatio"":0.035319,""confirmedSpectralNoveltyMinBins"":25,""cooldownOverrideFactor"":4.716697,""cooldownOverrideMinFlux"":0.00685,""cooldownOverrideMinBandRatio"":0.09,""analyzeIntervalMs"":40}"
382,r012-0050-b64cf71d,12,-111,2,4,7,2,0,134,"{""relativeReattackFactor"":3.180433,""relativeReattackMinDelta"":0.017163,""relativeFluxFactor"":1.417987,""spectralNoveltyRatio"":2.923782,""spectralNoveltyMinBins"":32,""cooldownFrames"":4,""confirmedRmsFactor"":1.18078,""confirmedRmsMinDelta"":0.003268,""confirmedFluxFactor"":1.540727,""confirmedMinFlux"":0.01191,""confirmedMinBandRatio"":0.033096,""confirmedSpectralNoveltyMinBins"":24,""cooldownOverrideFactor"":4.787721,""cooldownOverrideMinFlux"":0.00791,""cooldownOverrideMinBandRatio"":0.0884,""analyzeIntervalMs"":40}"
383,r007-0006-4b639bdb,7,-111,3,3,8,2,0,138,"{""relativeReattackFactor"":3.206345,""relativeReattackMinDelta"":0.017183,""relativeFluxFactor"":1.571693,""spectralNoveltyRatio"":2.572439,""spectralNoveltyMinBins"":27,""cooldownFrames"":4,""confirmedRmsFactor"":1.15,""confirmedRmsMinDelta"":0.003161,""confirmedFluxFactor"":1.508363,""confirmedMinFlux"":0.01375,""confirmedMinBandRatio"":0.032989,""confirmedSpectralNoveltyMinBins"":25,""cooldownOverrideFactor"":4.72736,""cooldownOverrideMinFlux"":0.012009,""cooldownOverrideMinBandRatio"":0.07572,""analyzeIntervalMs"":41}"
384,r009-0045-fdc8a772,9,-112,2,4,8,2,0,135,"{""relativeReattackFactor"":3.236966,""relativeReattackMinDelta"":0.016951,""relativeFluxFactor"":1.4,""spectralNoveltyRatio"":3.157016,""spectralNoveltyMinBins"":31,""cooldownFrames"":4,""confirmedRmsFactor"":1.226825,""confirmedRmsMinDelta"":0.003171,""confirmedFluxFactor"":1.552791,""confirmedMinFlux"":0.011951,""confirmedMinBandRatio"":0.032102,""confirmedSpectralNoveltyMinBins"":24,""cooldownOverrideFactor"":4.75259,""cooldownOverrideMinFlux"":0.00721,""cooldownOverrideMinBandRatio"":0.087724,""analyzeIntervalMs"":40}"
385,r009-0049-79f7d557,9,-112,2,4,8,2,0,136,"{""relativeReattackFactor"":3.21076,""relativeReattackMinDelta"":0.018712,""relativeFluxFactor"":1.4,""spectralNoveltyRatio"":3.111995,""spectralNoveltyMinBins"":31,""cooldownFrames"":4,""confirmedRmsFactor"":1.213579,""confirmedRmsMinDelta"":0.003297,""confirmedFluxFactor"":1.712862,""confirmedMinFlux"":0.015671,""confirmedMinBandRatio"":0.0367,""confirmedSpectralNoveltyMinBins"":25,""cooldownOverrideFactor"":4.880694,""cooldownOverrideMinFlux"":0.008675,""cooldownOverrideMinBandRatio"":0.082441,""analyzeIntervalMs"":40}"
386,r011-0044-8ac0c432,11,-112,2,4,8,2,0,136,"{""relativeReattackFactor"":3.318542,""relativeReattackMinDelta"":0.018962,""relativeFluxFactor"":1.4,""spectralNoveltyRatio"":3.108354,""spectralNoveltyMinBins"":31,""cooldownFrames"":4,""confirmedRmsFactor"":1.187708,""confirmedRmsMinDelta"":0.003727,""confirmedFluxFactor"":1.685666,""confirmedMinFlux"":0.015619,""confirmedMinBandRatio"":0.035261,""confirmedSpectralNoveltyMinBins"":24,""cooldownOverrideFactor"":5,""cooldownOverrideMinFlux"":0.007801,""cooldownOverrideMinBandRatio"":0.079282,""analyzeIntervalMs"":40}"
387,r011-0049-a1e577c3,11,-112,2,4,8,2,0,136,"{""relativeReattackFactor"":3.239964,""relativeReattackMinDelta"":0.018288,""relativeFluxFactor"":1.4,""spectralNoveltyRatio"":3.107666,""spectralNoveltyMinBins"":31,""cooldownFrames"":4,""confirmedRmsFactor"":1.222831,""confirmedRmsMinDelta"":0.003834,""confirmedFluxFactor"":1.69515,""confirmedMinFlux"":0.01586,""confirmedMinBandRatio"":0.037055,""confirmedSpectralNoveltyMinBins"":23,""cooldownOverrideFactor"":5,""cooldownOverrideMinFlux"":0.007748,""cooldownOverrideMinBandRatio"":0.083797,""analyzeIntervalMs"":40}"
388,r012-0035-44a7d60e,12,-112,2,4,8,2,0,136,"{""relativeReattackFactor"":3.208498,""relativeReattackMinDelta"":0.017116,""relativeFluxFactor"":1.4,""spectralNoveltyRatio"":3.1154,""spectralNoveltyMinBins"":31,""cooldownFrames"":4,""confirmedRmsFactor"":1.217508,""confirmedRmsMinDelta"":0.002741,""confirmedFluxFactor"":1.595895,""confirmedMinFlux"":0.012378,""confirmedMinBandRatio"":0.032604,""confirmedSpectralNoveltyMinBins"":23,""cooldownOverrideFactor"":4.82551,""cooldownOverrideMinFlux"":0.007618,""cooldownOverrideMinBandRatio"":0.08827,""analyzeIntervalMs"":40}"
389,r005-0010-a9b1e3a4,5,-114,2,2,17,1,1,149,"{""relativeReattackFactor"":2.625873,""relativeReattackMinDelta"":0.016904,""relativeFluxFactor"":1.4,""spectralNoveltyRatio"":1.968671,""spectralNoveltyMinBins"":20,""cooldownFrames"":4,""confirmedRmsFactor"":1.30743,""confirmedRmsMinDelta"":0.004493,""confirmedFluxFactor"":1.611484,""confirmedMinFlux"":0.015849,""confirmedMinBandRatio"":0.033092,""confirmedSpectralNoveltyMinBins"":23,""cooldownOverrideFactor"":4.819227,""cooldownOverrideMinFlux"":0.00804,""cooldownOverrideMinBandRatio"":0.088247,""analyzeIntervalMs"":42}"
390,r007-0007-d12883a5,7,-114,3,3,8,2,0,138,"{""relativeReattackFactor"":3.108533,""relativeReattackMinDelta"":0.015938,""relativeFluxFactor"":1.548747,""spectralNoveltyRatio"":2.921089,""spectralNoveltyMinBins"":29,""cooldownFrames"":4,""confirmedRmsFactor"":1.265152,""confirmedRmsMinDelta"":0.003209,""confirmedFluxFactor"":1.526529,""confirmedMinFlux"":0.014556,""confirmedMinBandRatio"":0.033701,""confirmedSpectralNoveltyMinBins"":23,""cooldownOverrideFactor"":4.934074,""cooldownOverrideMinFlux"":0.008745,""cooldownOverrideMinBandRatio"":0.079554,""analyzeIntervalMs"":41}"
391,r007-0008-5a4644fd,7,-114,3,3,8,2,0,138,"{""relativeReattackFactor"":3.039105,""relativeReattackMinDelta"":0.016768,""relativeFluxFactor"":1.514359,""spectralNoveltyRatio"":2.565669,""spectralNoveltyMinBins"":31,""cooldownFrames"":4,""confirmedRmsFactor"":1.260097,""confirmedRmsMinDelta"":0.002796,""confirmedFluxFactor"":1.519646,""confirmedMinFlux"":0.014059,""confirmedMinBandRatio"":0.03341,""confirmedSpectralNoveltyMinBins"":22,""cooldownOverrideFactor"":4.876659,""cooldownOverrideMinFlux"":0.010313,""cooldownOverrideMinBandRatio"":0.08442,""analyzeIntervalMs"":41}"
392,r008-0075-4d7d206e,8,-114,3,3,8,2,0,138,"{""relativeReattackFactor"":3.079775,""relativeReattackMinDelta"":0.017477,""relativeFluxFactor"":1.554976,""spectralNoveltyRatio"":2.968211,""spectralNoveltyMinBins"":31,""cooldownFrames"":4,""confirmedRmsFactor"":1.15653,""confirmedRmsMinDelta"":0.003656,""confirmedFluxFactor"":1.502005,""confirmedMinFlux"":0.016024,""confirmedMinBandRatio"":0.036852,""confirmedSpectralNoveltyMinBins"":24,""cooldownOverrideFactor"":4.920882,""cooldownOverrideMinFlux"":0.009741,""cooldownOverrideMinBandRatio"":0.073761,""analyzeIntervalMs"":41}"
393,r009-0010-11a1a62c,9,-114,3,3,8,2,0,138,"{""relativeReattackFactor"":3.046902,""relativeReattackMinDelta"":0.016074,""relativeFluxFactor"":1.531614,""spectralNoveltyRatio"":3.001392,""spectralNoveltyMinBins"":30,""cooldownFrames"":4,""confirmedRmsFactor"":1.199221,""confirmedRmsMinDelta"":0.002788,""confirmedFluxFactor"":1.517358,""confirmedMinFlux"":0.012238,""confirmedMinBandRatio"":0.033421,""confirmedSpectralNoveltyMinBins"":23,""cooldownOverrideFactor"":4.78887,""cooldownOverrideMinFlux"":0.008224,""cooldownOverrideMinBandRatio"":0.09,""analyzeIntervalMs"":41}"
394,r009-0027-e636ad77,9,-114,3,3,8,2,0,138,"{""relativeReattackFactor"":3.134806,""relativeReattackMinDelta"":0.019648,""relativeFluxFactor"":1.526901,""spectralNoveltyRatio"":2.74739,""spectralNoveltyMinBins"":29,""cooldownFrames"":4,""confirmedRmsFactor"":1.32972,""confirmedRmsMinDelta"":0.003665,""confirmedFluxFactor"":1.680689,""confirmedMinFlux"":0.015876,""confirmedMinBandRatio"":0.036827,""confirmedSpectralNoveltyMinBins"":26,""cooldownOverrideFactor"":5,""cooldownOverrideMinFlux"":0.009218,""cooldownOverrideMinBandRatio"":0.083573,""analyzeIntervalMs"":41}"
395,r010-0073-5daff9d1,10,-114,3,3,8,2,0,138,"{""relativeReattackFactor"":3.114338,""relativeReattackMinDelta"":0.017665,""relativeFluxFactor"":1.52178,""spectralNoveltyRatio"":2.899961,""spectralNoveltyMinBins"":31,""cooldownFrames"":4,""confirmedRmsFactor"":1.243898,""confirmedRmsMinDelta"":0.003343,""confirmedFluxFactor"":1.578906,""confirmedMinFlux"":0.012709,""confirmedMinBandRatio"":0.035281,""confirmedSpectralNoveltyMinBins"":25,""cooldownOverrideFactor"":4.890623,""cooldownOverrideMinFlux"":0.008848,""cooldownOverrideMinBandRatio"":0.088449,""analyzeIntervalMs"":41}"
396,r012-0067-76b5d53a,12,-114,3,3,8,2,0,138,"{""relativeReattackFactor"":3.125284,""relativeReattackMinDelta"":0.018302,""relativeFluxFactor"":1.500898,""spectralNoveltyRatio"":2.910138,""spectralNoveltyMinBins"":28,""cooldownFrames"":4,""confirmedRmsFactor"":1.297553,""confirmedRmsMinDelta"":0.003493,""confirmedFluxFactor"":1.716959,""confirmedMinFlux"":0.015897,""confirmedMinBandRatio"":0.036833,""confirmedSpectralNoveltyMinBins"":25,""cooldownOverrideFactor"":5,""cooldownOverrideMinFlux"":0.009832,""cooldownOverrideMinBandRatio"":0.084715,""analyzeIntervalMs"":41}"
397,r004-0024-21953550,4,-114,3,3,10,2,0,140,"{""relativeReattackFactor"":3.457611,""relativeReattackMinDelta"":0.018818,""relativeFluxFactor"":1.4,""spectralNoveltyRatio"":1.783891,""spectralNoveltyMinBins"":23,""cooldownFrames"":4,""confirmedRmsFactor"":1.40682,""confirmedRmsMinDelta"":0.003271,""confirmedFluxFactor"":1.733837,""confirmedMinFlux"":0.011816,""confirmedMinBandRatio"":0.02771,""confirmedSpectralNoveltyMinBins"":26,""cooldownOverrideFactor"":5,""cooldownOverrideMinFlux"":0.004,""cooldownOverrideMinBandRatio"":0.071686,""analyzeIntervalMs"":47}"
398,r004-0044-e2f4dec0,4,-114,3,3,10,2,0,140,"{""relativeReattackFactor"":3.552444,""relativeReattackMinDelta"":0.018546,""relativeFluxFactor"":1.4,""spectralNoveltyRatio"":1.992655,""spectralNoveltyMinBins"":24,""cooldownFrames"":4,""confirmedRmsFactor"":1.407917,""confirmedRmsMinDelta"":0.003087,""confirmedFluxFactor"":1.589592,""confirmedMinFlux"":0.011876,""confirmedMinBandRatio"":0.025453,""confirmedSpectralNoveltyMinBins"":27,""cooldownOverrideFactor"":5,""cooldownOverrideMinFlux"":0.00527,""cooldownOverrideMinBandRatio"":0.071325,""analyzeIntervalMs"":47}"
399,r004-0054-56046af1,4,-114,3,3,10,2,0,140,"{""relativeReattackFactor"":3.37179,""relativeReattackMinDelta"":0.017128,""relativeFluxFactor"":1.4,""spectralNoveltyRatio"":2.3493,""spectralNoveltyMinBins"":27,""cooldownFrames"":4,""confirmedRmsFactor"":1.492882,""confirmedRmsMinDelta"":0.003598,""confirmedFluxFactor"":1.757294,""confirmedMinFlux"":0.013743,""confirmedMinBandRatio"":0.026129,""confirmedSpectralNoveltyMinBins"":28,""cooldownOverrideFactor"":4.754086,""cooldownOverrideMinFlux"":0.004,""cooldownOverrideMinBandRatio"":0.075062,""analyzeIntervalMs"":47}"
400,r006-0004-e969e363,6,-115,3,3,9,2,0,139,"{""relativeReattackFactor"":3.105377,""relativeReattackMinDelta"":0.018145,""relativeFluxFactor"":1.532062,""spectralNoveltyRatio"":2.733598,""spectralNoveltyMinBins"":27,""cooldownFrames"":4,""confirmedRmsFactor"":1.222181,""confirmedRmsMinDelta"":0.003353,""confirmedFluxFactor"":1.519591,""confirmedMinFlux"":0.013275,""confirmedMinBandRatio"":0.03694,""confirmedSpectralNoveltyMinBins"":25,""cooldownOverrideFactor"":4.83814,""cooldownOverrideMinFlux"":0.011056,""cooldownOverrideMinBandRatio"":0.077239,""analyzeIntervalMs"":41}"
401,r007-0074-9525a294,7,-115,3,3,9,2,0,139,"{""relativeReattackFactor"":2.984691,""relativeReattackMinDelta"":0.019307,""relativeFluxFactor"":1.568923,""spectralNoveltyRatio"":2.938074,""spectralNoveltyMinBins"":27,""cooldownFrames"":4,""confirmedRmsFactor"":1.303752,""confirmedRmsMinDelta"":0.003503,""confirmedFluxFactor"":1.684736,""confirmedMinFlux"":0.015173,""confirmedMinBandRatio"":0.035728,""confirmedSpectralNoveltyMinBins"":24,""cooldownOverrideFactor"":4.946038,""cooldownOverrideMinFlux"":0.009538,""cooldownOverrideMinBandRatio"":0.085696,""analyzeIntervalMs"":41}"
402,r008-0058-51d1d367,8,-115,3,3,9,2,0,139,"{""relativeReattackFactor"":3.109393,""relativeReattackMinDelta"":0.018984,""relativeFluxFactor"":1.504293,""spectralNoveltyRatio"":3.027785,""spectralNoveltyMinBins"":25,""cooldownFrames"":4,""confirmedRmsFactor"":1.360266,""confirmedRmsMinDelta"":0.003084,""confirmedFluxFactor"":1.640322,""confirmedMinFlux"":0.016196,""confirmedMinBandRatio"":0.039474,""confirmedSpectralNoveltyMinBins"":24,""cooldownOverrideFactor"":4.923197,""cooldownOverrideMinFlux"":0.010144,""cooldownOverrideMinBandRatio"":0.085084,""analyzeIntervalMs"":41}"
403,r009-0042-809b57a6,9,-115,3,3,9,2,0,139,"{""relativeReattackFactor"":3.289123,""relativeReattackMinDelta"":0.019526,""relativeFluxFactor"":1.50467,""spectralNoveltyRatio"":2.920197,""spectralNoveltyMinBins"":25,""cooldownFrames"":4,""confirmedRmsFactor"":1.348994,""confirmedRmsMinDelta"":0.003506,""confirmedFluxFactor"":1.701477,""confirmedMinFlux"":0.015231,""confirmedMinBandRatio"":0.038607,""confirmedSpectralNoveltyMinBins"":24,""cooldownOverrideFactor"":5,""cooldownOverrideMinFlux"":0.008739,""cooldownOverrideMinBandRatio"":0.0845,""analyzeIntervalMs"":41}"
404,r010-0077-4518a2d9,10,-115,3,3,9,2,0,139,"{""relativeReattackFactor"":3.295928,""relativeReattackMinDelta"":0.019873,""relativeFluxFactor"":1.540746,""spectralNoveltyRatio"":2.988542,""spectralNoveltyMinBins"":25,""cooldownFrames"":4,""confirmedRmsFactor"":1.294777,""confirmedRmsMinDelta"":0.004186,""confirmedFluxFactor"":1.632975,""confirmedMinFlux"":0.015627,""confirmedMinBandRatio"":0.036819,""confirmedSpectralNoveltyMinBins"":25,""cooldownOverrideFactor"":5,""cooldownOverrideMinFlux"":0.00851,""cooldownOverrideMinBandRatio"":0.086834,""analyzeIntervalMs"":41}"
405,r005-0041-8b89e7fa,5,-116,3,3,10,2,0,141,"{""relativeReattackFactor"":2.800475,""relativeReattackMinDelta"":0.018173,""relativeFluxFactor"":1.506793,""spectralNoveltyRatio"":2.608622,""spectralNoveltyMinBins"":28,""cooldownFrames"":4,""confirmedRmsFactor"":1.237524,""confirmedRmsMinDelta"":0.002993,""confirmedFluxFactor"":1.698026,""confirmedMinFlux"":0.014788,""confirmedMinBandRatio"":0.037336,""confirmedSpectralNoveltyMinBins"":23,""cooldownOverrideFactor"":4.668857,""cooldownOverrideMinFlux"":0.007824,""cooldownOverrideMinBandRatio"":0.082007,""analyzeIntervalMs"":41}"
406,r006-0027-2ddfc190,6,-116,3,3,10,2,0,141,"{""relativeReattackFactor"":2.844091,""relativeReattackMinDelta"":0.018633,""relativeFluxFactor"":1.579531,""spectralNoveltyRatio"":3.246644,""spectralNoveltyMinBins"":27,""cooldownFrames"":4,""confirmedRmsFactor"":1.334558,""confirmedRmsMinDelta"":0.002937,""confirmedFluxFactor"":1.663644,""confirmedMinFlux"":0.013533,""confirmedMinBandRatio"":0.032677,""confirmedSpectralNoveltyMinBins"":22,""cooldownOverrideFactor"":4.870946,""cooldownOverrideMinFlux"":0.009073,""cooldownOverrideMinBandRatio"":0.07694,""analyzeIntervalMs"":41}"
407,r007-0005-105f7772,7,-116,3,3,10,2,0,141,"{""relativeReattackFactor"":2.813163,""relativeReattackMinDelta"":0.016274,""relativeFluxFactor"":1.528114,""spectralNoveltyRatio"":3.098041,""spectralNoveltyMinBins"":27,""cooldownFrames"":4,""confirmedRmsFactor"":1.15,""confirmedRmsMinDelta"":0.003648,""confirmedFluxFactor"":1.507185,""confirmedMinFlux"":0.015143,""confirmedMinBandRatio"":0.037612,""confirmedSpectralNoveltyMinBins"":25,""cooldownOverrideFactor"":4.930764,""cooldownOverrideMinFlux"":0.010885,""cooldownOverrideMinBandRatio"":0.075353,""analyzeIntervalMs"":41}"
408,r007-0013-2001c69d,7,-116,3,3,10,2,0,140,"{""relativeReattackFactor"":2.905663,""relativeReattackMinDelta"":0.016194,""relativeFluxFactor"":1.494913,""spectralNoveltyRatio"":2.594441,""spectralNoveltyMinBins"":31,""cooldownFrames"":4,""confirmedRmsFactor"":1.258715,""confirmedRmsMinDelta"":0.003495,""confirmedFluxFactor"":1.594846,""confirmedMinFlux"":0.012723,""confirmedMinBandRatio"":0.032908,""confirmedSpectralNoveltyMinBins"":22,""cooldownOverrideFactor"":4.701849,""cooldownOverrideMinFlux"":0.009971,""cooldownOverrideMinBandRatio"":0.081589,""analyzeIntervalMs"":41}"
409,r007-0025-7b68a95e,7,-116,3,3,10,2,0,141,"{""relativeReattackFactor"":2.805704,""relativeReattackMinDelta"":0.01809,""relativeFluxFactor"":1.512512,""spectralNoveltyRatio"":2.854812,""spectralNoveltyMinBins"":29,""cooldownFrames"":4,""confirmedRmsFactor"":1.177268,""confirmedRmsMinDelta"":0.00318,""confirmedFluxFactor"":1.542656,""confirmedMinFlux"":0.01513,""confirmedMinBandRatio"":0.036017,""confirmedSpectralNoveltyMinBins"":25,""cooldownOverrideFactor"":4.941294,""cooldownOverrideMinFlux"":0.011981,""cooldownOverrideMinBandRatio"":0.0762,""analyzeIntervalMs"":41}"
410,r007-0060-39c8c77f,7,-116,3,3,10,2,0,141,"{""relativeReattackFactor"":2.813523,""relativeReattackMinDelta"":0.018024,""relativeFluxFactor"":1.573189,""spectralNoveltyRatio"":2.800461,""spectralNoveltyMinBins"":29,""cooldownFrames"":4,""confirmedRmsFactor"":1.15,""confirmedRmsMinDelta"":0.003163,""confirmedFluxFactor"":1.450059,""confirmedMinFlux"":0.014966,""confirmedMinBandRatio"":0.036987,""confirmedSpectralNoveltyMinBins"":24,""cooldownOverrideFactor"":4.750374,""cooldownOverrideMinFlux"":0.011457,""cooldownOverrideMinBandRatio"":0.071703,""analyzeIntervalMs"":41}"
411,r007-0070-8991625c,7,-116,3,3,10,2,0,141,"{""relativeReattackFactor"":2.807229,""relativeReattackMinDelta"":0.016575,""relativeFluxFactor"":1.492505,""spectralNoveltyRatio"":3.126604,""spectralNoveltyMinBins"":27,""cooldownFrames"":4,""confirmedRmsFactor"":1.192694,""confirmedRmsMinDelta"":0.003642,""confirmedFluxFactor"":1.444513,""confirmedMinFlux"":0.014395,""confirmedMinBandRatio"":0.036646,""confirmedSpectralNoveltyMinBins"":23,""cooldownOverrideFactor"":4.808083,""cooldownOverrideMinFlux"":0.011773,""cooldownOverrideMinBandRatio"":0.074709,""analyzeIntervalMs"":41}"
412,r007-0031-b742ad5b,7,-119,3,3,10,2,0,140,"{""relativeReattackFactor"":3.304876,""relativeReattackMinDelta"":0.017745,""relativeFluxFactor"":1.49499,""spectralNoveltyRatio"":2.602741,""spectralNoveltyMinBins"":24,""cooldownFrames"":4,""confirmedRmsFactor"":1.184539,""confirmedRmsMinDelta"":0.002862,""confirmedFluxFactor"":1.541844,""confirmedMinFlux"":0.014341,""confirmedMinBandRatio"":0.034054,""confirmedSpectralNoveltyMinBins"":27,""cooldownOverrideFactor"":4.94931,""cooldownOverrideMinFlux"":0.011317,""cooldownOverrideMinBandRatio"":0.072672,""analyzeIntervalMs"":41}"
413,r007-0039-adf931c7,7,-119,3,3,10,2,0,140,"{""relativeReattackFactor"":3.106167,""relativeReattackMinDelta"":0.018679,""relativeFluxFactor"":1.498052,""spectralNoveltyRatio"":3.066333,""spectralNoveltyMinBins"":24,""cooldownFrames"":4,""confirmedRmsFactor"":1.241241,""confirmedRmsMinDelta"":0.003492,""confirmedFluxFactor"":1.76015,""confirmedMinFlux"":0.014522,""confirmedMinBandRatio"":0.037427,""confirmedSpectralNoveltyMinBins"":25,""cooldownOverrideFactor"":4.852189,""cooldownOverrideMinFlux"":0.009237,""cooldownOverrideMinBandRatio"":0.085305,""analyzeIntervalMs"":41}"
414,r010-0026-c8cdb7d2,10,-119,3,3,10,2,0,140,"{""relativeReattackFactor"":3.18857,""relativeReattackMinDelta"":0.019427,""relativeFluxFactor"":1.504213,""spectralNoveltyRatio"":2.828119,""spectralNoveltyMinBins"":25,""cooldownFrames"":4,""confirmedRmsFactor"":1.217841,""confirmedRmsMinDelta"":0.003677,""confirmedFluxFactor"":1.700703,""confirmedMinFlux"":0.015253,""confirmedMinBandRatio"":0.035913,""confirmedSpectralNoveltyMinBins"":25,""cooldownOverrideFactor"":4.791446,""cooldownOverrideMinFlux"":0.00762,""cooldownOverrideMinBandRatio"":0.083147,""analyzeIntervalMs"":41}"
415,r010-0072-0912f9e7,10,-119,3,3,10,2,0,140,"{""relativeReattackFactor"":3.250995,""relativeReattackMinDelta"":0.018567,""relativeFluxFactor"":1.525295,""spectralNoveltyRatio"":2.815082,""spectralNoveltyMinBins"":25,""cooldownFrames"":4,""confirmedRmsFactor"":1.329097,""confirmedRmsMinDelta"":0.003718,""confirmedFluxFactor"":1.69771,""confirmedMinFlux"":0.014984,""confirmedMinBandRatio"":0.036233,""confirmedSpectralNoveltyMinBins"":25,""cooldownOverrideFactor"":5,""cooldownOverrideMinFlux"":0.009203,""cooldownOverrideMinBandRatio"":0.087081,""analyzeIntervalMs"":41}"
416,r004-0052-dbb86587,4,-121,3,3,11,2,1,140,"{""relativeReattackFactor"":2.814825,""relativeReattackMinDelta"":0.017047,""relativeFluxFactor"":1.46875,""spectralNoveltyRatio"":2.645809,""spectralNoveltyMinBins"":20,""cooldownFrames"":4,""confirmedRmsFactor"":1.472358,""confirmedRmsMinDelta"":0.004338,""confirmedFluxFactor"":1.790079,""confirmedMinFlux"":0.011262,""confirmedMinBandRatio"":0.031191,""confirmedSpectralNoveltyMinBins"":30,""cooldownOverrideFactor"":5,""cooldownOverrideMinFlux"":0.004,""cooldownOverrideMinBandRatio"":0.080157,""analyzeIntervalMs"":42}"
417,r004-0034-fce1b8e1,4,-122,3,3,12,2,0,142,"{""relativeReattackFactor"":3.329065,""relativeReattackMinDelta"":0.019372,""relativeFluxFactor"":1.4,""spectralNoveltyRatio"":2.096899,""spectralNoveltyMinBins"":20,""cooldownFrames"":4,""confirmedRmsFactor"":1.448034,""confirmedRmsMinDelta"":0.003136,""confirmedFluxFactor"":1.59885,""confirmedMinFlux"":0.012931,""confirmedMinBandRatio"":0.02654,""confirmedSpectralNoveltyMinBins"":26,""cooldownOverrideFactor"":4.954167,""cooldownOverrideMinFlux"":0.004332,""cooldownOverrideMinBandRatio"":0.074405,""analyzeIntervalMs"":47}"
418,r012-0046-14c37723,12,-123,1,3,12,1,0,141,"{""relativeReattackFactor"":3.175261,""relativeReattackMinDelta"":0.020541,""relativeFluxFactor"":1.44739,""spectralNoveltyRatio"":2.878067,""spectralNoveltyMinBins"":25,""cooldownFrames"":4,""confirmedRmsFactor"":1.243822,""confirmedRmsMinDelta"":0.003957,""confirmedFluxFactor"":1.674228,""confirmedMinFlux"":0.015102,""confirmedMinBandRatio"":0.036366,""confirmedSpectralNoveltyMinBins"":24,""cooldownOverrideFactor"":4.934416,""cooldownOverrideMinFlux"":0.008056,""cooldownOverrideMinBandRatio"":0.082024,""analyzeIntervalMs"":40}"
419,r005-0068-a8faf220,5,-123,2,2,13,1,2,145,"{""relativeReattackFactor"":2.952411,""relativeReattackMinDelta"":0.016385,""relativeFluxFactor"":1.4,""spectralNoveltyRatio"":2.506803,""spectralNoveltyMinBins"":18,""cooldownFrames"":4,""confirmedRmsFactor"":1.431308,""confirmedRmsMinDelta"":0.002975,""confirmedFluxFactor"":1.768795,""confirmedMinFlux"":0.012342,""confirmedMinBandRatio"":0.033716,""confirmedSpectralNoveltyMinBins"":23,""cooldownOverrideFactor"":3.857686,""cooldownOverrideMinFlux"":0.007526,""cooldownOverrideMinBandRatio"":0.078642,""analyzeIntervalMs"":42}"
420,r006-0023-a1a55fa0,6,-123,3,3,11,2,0,141,"{""relativeReattackFactor"":3.029452,""relativeReattackMinDelta"":0.01852,""relativeFluxFactor"":1.522485,""spectralNoveltyRatio"":2.73428,""spectralNoveltyMinBins"":24,""cooldownFrames"":4,""confirmedRmsFactor"":1.231229,""confirmedRmsMinDelta"":0.00439,""confirmedFluxFactor"":1.520542,""confirmedMinFlux"":0.015912,""confirmedMinBandRatio"":0.03617,""confirmedSpectralNoveltyMinBins"":24,""cooldownOverrideFactor"":4.954441,""cooldownOverrideMinFlux"":0.006616,""cooldownOverrideMinBandRatio"":0.082139,""analyzeIntervalMs"":41}"
421,r004-0027-1ec02178,4,-124,3,3,12,2,0,142,"{""relativeReattackFactor"":3.005279,""relativeReattackMinDelta"":0.017641,""relativeFluxFactor"":1.558425,""spectralNoveltyRatio"":2.754266,""spectralNoveltyMinBins"":24,""cooldownFrames"":4,""confirmedRmsFactor"":1.563816,""confirmedRmsMinDelta"":0.003594,""confirmedFluxFactor"":1.733358,""confirmedMinFlux"":0.012132,""confirmedMinBandRatio"":0.034091,""confirmedSpectralNoveltyMinBins"":27,""cooldownOverrideFactor"":5,""cooldownOverrideMinFlux"":0.005913,""cooldownOverrideMinBandRatio"":0.085963,""analyzeIntervalMs"":41}"
422,r005-0047-09c7b7d0,5,-125,3,3,13,2,0,144,"{""relativeReattackFactor"":2.779544,""relativeReattackMinDelta"":0.014843,""relativeFluxFactor"":1.57521,""spectralNoveltyRatio"":2.171529,""spectralNoveltyMinBins"":26,""cooldownFrames"":4,""confirmedRmsFactor"":1.577464,""confirmedRmsMinDelta"":0.004477,""confirmedFluxFactor"":1.785944,""confirmedMinFlux"":0.011326,""confirmedMinBandRatio"":0.032335,""confirmedSpectralNoveltyMinBins"":19,""cooldownOverrideFactor"":3.781195,""cooldownOverrideMinFlux"":0.008866,""cooldownOverrideMinBandRatio"":0.079583,""analyzeIntervalMs"":41}"
423,r004-0069-c0df232c,4,-126,3,3,13,2,0,143,"{""relativeReattackFactor"":3.127097,""relativeReattackMinDelta"":0.01796,""relativeFluxFactor"":1.4,""spectralNoveltyRatio"":1.690603,""spectralNoveltyMinBins"":18,""cooldownFrames"":4,""confirmedRmsFactor"":1.519048,""confirmedRmsMinDelta"":0.004132,""confirmedFluxFactor"":1.65548,""confirmedMinFlux"":0.01438,""confirmedMinBandRatio"":0.027291,""confirmedSpectralNoveltyMinBins"":27,""cooldownOverrideFactor"":5,""cooldownOverrideMinFlux"":0.004,""cooldownOverrideMinBandRatio"":0.075565,""analyzeIntervalMs"":47}"
424,r003-0019-5612ffe8,3,-126,4,4,9,3,0,136,"{""relativeReattackFactor"":3.452719,""relativeReattackMinDelta"":0.006305,""relativeFluxFactor"":1.4,""spectralNoveltyRatio"":4.401214,""spectralNoveltyMinBins"":27,""cooldownFrames"":3,""confirmedRmsFactor"":1.979057,""confirmedRmsMinDelta"":0.007478,""confirmedFluxFactor"":1.970888,""confirmedMinFlux"":0.007235,""confirmedMinBandRatio"":0.028989,""confirmedSpectralNoveltyMinBins"":12,""cooldownOverrideFactor"":2.39143,""cooldownOverrideMinFlux"":0.020465,""cooldownOverrideMinBandRatio"":0.084476,""analyzeIntervalMs"":49}"
425,r008-0021-5dd45a89,8,-127,1,3,13,1,0,142,"{""relativeReattackFactor"":3.32811,""relativeReattackMinDelta"":0.019459,""relativeFluxFactor"":1.423519,""spectralNoveltyRatio"":2.808681,""spectralNoveltyMinBins"":25,""cooldownFrames"":4,""confirmedRmsFactor"":1.203175,""confirmedRmsMinDelta"":0.003573,""confirmedFluxFactor"":1.760662,""confirmedMinFlux"":0.015664,""confirmedMinBandRatio"":0.034684,""confirmedSpectralNoveltyMinBins"":26,""cooldownOverrideFactor"":4.795939,""cooldownOverrideMinFlux"":0.009319,""cooldownOverrideMinBandRatio"":0.083397,""analyzeIntervalMs"":40}"
426,r008-0076-dee54392,8,-127,1,3,13,1,0,142,"{""relativeReattackFactor"":3.24377,""relativeReattackMinDelta"":0.018887,""relativeFluxFactor"":1.4,""spectralNoveltyRatio"":2.795147,""spectralNoveltyMinBins"":26,""cooldownFrames"":4,""confirmedRmsFactor"":1.270011,""confirmedRmsMinDelta"":0.00331,""confirmedFluxFactor"":1.659782,""confirmedMinFlux"":0.015508,""confirmedMinBandRatio"":0.036012,""confirmedSpectralNoveltyMinBins"":26,""cooldownOverrideFactor"":4.915595,""cooldownOverrideMinFlux"":0.008414,""cooldownOverrideMinBandRatio"":0.081303,""analyzeIntervalMs"":40}"
427,r012-0047-6709e561,12,-127,1,3,13,1,0,142,"{""relativeReattackFactor"":3.264951,""relativeReattackMinDelta"":0.019589,""relativeFluxFactor"":1.4,""spectralNoveltyRatio"":2.772031,""spectralNoveltyMinBins"":26,""cooldownFrames"":4,""confirmedRmsFactor"":1.314237,""confirmedRmsMinDelta"":0.003498,""confirmedFluxFactor"":1.66652,""confirmedMinFlux"":0.015679,""confirmedMinBandRatio"":0.036457,""confirmedSpectralNoveltyMinBins"":24,""cooldownOverrideFactor"":4.943477,""cooldownOverrideMinFlux"":0.010416,""cooldownOverrideMinBandRatio"":0.083838,""analyzeIntervalMs"":40}"
428,r001-0005-6aae5737,1,-128,3,3,13,2,0,145,"{""relativeReattackFactor"":2.956383,""relativeReattackMinDelta"":0.015977,""relativeFluxFactor"":1.59242,""spectralNoveltyRatio"":2.294907,""spectralNoveltyMinBins"":21,""cooldownFrames"":4,""confirmedRmsFactor"":1.385408,""confirmedRmsMinDelta"":0.004822,""confirmedFluxFactor"":1.735882,""confirmedMinFlux"":0.013281,""confirmedMinBandRatio"":0.032356,""confirmedSpectralNoveltyMinBins"":24,""cooldownOverrideFactor"":4.534145,""cooldownOverrideMinFlux"":0.007643,""cooldownOverrideMinBandRatio"":0.080757,""analyzeIntervalMs"":41}"
429,r005-0025-cf5245ea,5,-128,3,3,13,2,0,145,"{""relativeReattackFactor"":2.959476,""relativeReattackMinDelta"":0.015759,""relativeFluxFactor"":1.593956,""spectralNoveltyRatio"":2.305137,""spectralNoveltyMinBins"":21,""cooldownFrames"":4,""confirmedRmsFactor"":1.325649,""confirmedRmsMinDelta"":0.005067,""confirmedFluxFactor"":1.691087,""confirmedMinFlux"":0.014904,""confirmedMinBandRatio"":0.03737,""confirmedSpectralNoveltyMinBins"":25,""cooldownOverrideFactor"":4.822577,""cooldownOverrideMinFlux"":0.009738,""cooldownOverrideMinBandRatio"":0.082315,""analyzeIntervalMs"":41}"
430,r005-0055-02bc671d,5,-128,3,3,13,2,0,145,"{""relativeReattackFactor"":2.966051,""relativeReattackMinDelta"":0.015924,""relativeFluxFactor"":1.570324,""spectralNoveltyRatio"":2.436598,""spectralNoveltyMinBins"":22,""cooldownFrames"":4,""confirmedRmsFactor"":1.29462,""confirmedRmsMinDelta"":0.004936,""confirmedFluxFactor"":1.650178,""confirmedMinFlux"":0.01434,""confirmedMinBandRatio"":0.033723,""confirmedSpectralNoveltyMinBins"":24,""cooldownOverrideFactor"":4.812749,""cooldownOverrideMinFlux"":0.007255,""cooldownOverrideMinBandRatio"":0.082546,""analyzeIntervalMs"":41}"
431,r002-0076-58f5f10a,2,-129,2,1,24,0,1,159,"{""relativeReattackFactor"":2.593122,""relativeReattackMinDelta"":0.01843,""relativeFluxFactor"":1.4,""spectralNoveltyRatio"":2.727782,""spectralNoveltyMinBins"":12,""cooldownFrames"":4,""confirmedRmsFactor"":1.383644,""confirmedRmsMinDelta"":0.004006,""confirmedFluxFactor"":1.552845,""confirmedMinFlux"":0.010918,""confirmedMinBandRatio"":0.026926,""confirmedSpectralNoveltyMinBins"":24,""cooldownOverrideFactor"":4.593534,""cooldownOverrideMinFlux"":0.008119,""cooldownOverrideMinBandRatio"":0.079105,""analyzeIntervalMs"":40}"
432,r003-0021-fdc707b8,3,-129,2,2,15,1,2,147,"{""relativeReattackFactor"":2.787838,""relativeReattackMinDelta"":0.013875,""relativeFluxFactor"":1.4,""spectralNoveltyRatio"":2.641608,""spectralNoveltyMinBins"":18,""cooldownFrames"":4,""confirmedRmsFactor"":1.476922,""confirmedRmsMinDelta"":0.005825,""confirmedFluxFactor"":1.735296,""confirmedMinFlux"":0.012714,""confirmedMinBandRatio"":0.033424,""confirmedSpectralNoveltyMinBins"":27,""cooldownOverrideFactor"":4.389182,""cooldownOverrideMinFlux"":0.007852,""cooldownOverrideMinBandRatio"":0.0849,""analyzeIntervalMs"":42}"
433,r004-0062-bfba4fc2,4,-129,3,3,14,2,0,146,"{""relativeReattackFactor"":2.908435,""relativeReattackMinDelta"":0.016393,""relativeFluxFactor"":1.548938,""spectralNoveltyRatio"":2.540379,""spectralNoveltyMinBins"":22,""cooldownFrames"":4,""confirmedRmsFactor"":1.581606,""confirmedRmsMinDelta"":0.003626,""confirmedFluxFactor"":1.756408,""confirmedMinFlux"":0.01161,""confirmedMinBandRatio"":0.035071,""confirmedSpectralNoveltyMinBins"":29,""cooldownOverrideFactor"":4.939731,""cooldownOverrideMinFlux"":0.005425,""cooldownOverrideMinBandRatio"":0.086997,""analyzeIntervalMs"":41}"
434,r012-0019-2d38d23d,12,-130,3,5,8,3,0,134,"{""relativeReattackFactor"":3.231877,""relativeReattackMinDelta"":0.01831,""relativeFluxFactor"":1.489761,""spectralNoveltyRatio"":3.001126,""spectralNoveltyMinBins"":30,""cooldownFrames"":4,""confirmedRmsFactor"":1.15136,""confirmedRmsMinDelta"":0.003949,""confirmedFluxFactor"":1.740238,""confirmedMinFlux"":0.015427,""confirmedMinBandRatio"":0.035722,""confirmedSpectralNoveltyMinBins"":25,""cooldownOverrideFactor"":4.994856,""cooldownOverrideMinFlux"":0.009183,""cooldownOverrideMinBandRatio"":0.081202,""analyzeIntervalMs"":42}"
435,r008-0002-5d7529fa,8,-131,1,3,14,1,0,143,"{""relativeReattackFactor"":3.143424,""relativeReattackMinDelta"":0.01761,""relativeFluxFactor"":1.429398,""spectralNoveltyRatio"":2.67994,""spectralNoveltyMinBins"":24,""cooldownFrames"":4,""confirmedRmsFactor"":1.172328,""confirmedRmsMinDelta"":0.003068,""confirmedFluxFactor"":1.522342,""confirmedMinFlux"":0.012909,""confirmedMinBandRatio"":0.035089,""confirmedSpectralNoveltyMinBins"":26,""cooldownOverrideFactor"":4.794295,""cooldownOverrideMinFlux"":0.010481,""cooldownOverrideMinBandRatio"":0.075201,""analyzeIntervalMs"":40}"
436,r005-0050-2068b9b6,5,-133,3,3,15,2,0,147,"{""relativeReattackFactor"":2.871288,""relativeReattackMinDelta"":0.017331,""relativeFluxFactor"":1.538903,""spectralNoveltyRatio"":2.075352,""spectralNoveltyMinBins"":21,""cooldownFrames"":4,""confirmedRmsFactor"":1.357613,""confirmedRmsMinDelta"":0.004128,""confirmedFluxFactor"":1.578338,""confirmedMinFlux"":0.015909,""confirmedMinBandRatio"":0.036874,""confirmedSpectralNoveltyMinBins"":21,""cooldownOverrideFactor"":4.662766,""cooldownOverrideMinFlux"":0.009042,""cooldownOverrideMinBandRatio"":0.086872,""analyzeIntervalMs"":41}"
437,r005-0077-0cdcb725,5,-135,2,4,11,2,1,139,"{""relativeReattackFactor"":2.963583,""relativeReattackMinDelta"":0.016218,""relativeFluxFactor"":1.429064,""spectralNoveltyRatio"":2.403201,""spectralNoveltyMinBins"":28,""cooldownFrames"":4,""confirmedRmsFactor"":1.562148,""confirmedRmsMinDelta"":0.005259,""confirmedFluxFactor"":1.722789,""confirmedMinFlux"":0.012439,""confirmedMinBandRatio"":0.033165,""confirmedSpectralNoveltyMinBins"":22,""cooldownOverrideFactor"":4.144446,""cooldownOverrideMinFlux"":0.006891,""cooldownOverrideMinBandRatio"":0.081707,""analyzeIntervalMs"":42}"
438,r006-0040-c8bf9a33,6,-135,2,4,11,2,1,139,"{""relativeReattackFactor"":2.953358,""relativeReattackMinDelta"":0.01792,""relativeFluxFactor"":1.43673,""spectralNoveltyRatio"":2.620534,""spectralNoveltyMinBins"":24,""cooldownFrames"":4,""confirmedRmsFactor"":1.231751,""confirmedRmsMinDelta"":0.003841,""confirmedFluxFactor"":1.707729,""confirmedMinFlux"":0.015223,""confirmedMinBandRatio"":0.039101,""confirmedSpectralNoveltyMinBins"":21,""cooldownOverrideFactor"":4.943068,""cooldownOverrideMinFlux"":0.00909,""cooldownOverrideMinBandRatio"":0.07551,""analyzeIntervalMs"":42}"
439,r006-0065-607eba20,6,-135,2,4,11,2,1,139,"{""relativeReattackFactor"":2.93113,""relativeReattackMinDelta"":0.018173,""relativeFluxFactor"":1.433028,""spectralNoveltyRatio"":2.629945,""spectralNoveltyMinBins"":26,""cooldownFrames"":4,""confirmedRmsFactor"":1.265806,""confirmedRmsMinDelta"":0.003433,""confirmedFluxFactor"":1.63425,""confirmedMinFlux"":0.01447,""confirmedMinBandRatio"":0.036925,""confirmedSpectralNoveltyMinBins"":24,""cooldownOverrideFactor"":4.733349,""cooldownOverrideMinFlux"":0.007621,""cooldownOverrideMinBandRatio"":0.079564,""analyzeIntervalMs"":42}"
440,r007-0059-fceb2fc8,7,-135,2,4,11,2,1,139,"{""relativeReattackFactor"":3.010065,""relativeReattackMinDelta"":0.018036,""relativeFluxFactor"":1.427196,""spectralNoveltyRatio"":3.165539,""spectralNoveltyMinBins"":24,""cooldownFrames"":4,""confirmedRmsFactor"":1.248716,""confirmedRmsMinDelta"":0.003996,""confirmedFluxFactor"":1.770622,""confirmedMinFlux"":0.014823,""confirmedMinBandRatio"":0.039168,""confirmedSpectralNoveltyMinBins"":25,""cooldownOverrideFactor"":5,""cooldownOverrideMinFlux"":0.008006,""cooldownOverrideMinBandRatio"":0.079892,""analyzeIntervalMs"":42}"
441,r009-0071-033b3a83,9,-135,2,4,11,2,1,139,"{""relativeReattackFactor"":3.319989,""relativeReattackMinDelta"":0.01996,""relativeFluxFactor"":1.431401,""spectralNoveltyRatio"":2.954753,""spectralNoveltyMinBins"":27,""cooldownFrames"":4,""confirmedRmsFactor"":1.20466,""confirmedRmsMinDelta"":0.003771,""confirmedFluxFactor"":1.672964,""confirmedMinFlux"":0.015609,""confirmedMinBandRatio"":0.035846,""confirmedSpectralNoveltyMinBins"":26,""cooldownOverrideFactor"":4.751074,""cooldownOverrideMinFlux"":0.00903,""cooldownOverrideMinBandRatio"":0.081181,""analyzeIntervalMs"":42}"
442,r010-0076-d9b30ee1,10,-135,2,4,11,2,1,139,"{""relativeReattackFactor"":3.134457,""relativeReattackMinDelta"":0.020255,""relativeFluxFactor"":1.442403,""spectralNoveltyRatio"":2.976461,""spectralNoveltyMinBins"":26,""cooldownFrames"":4,""confirmedRmsFactor"":1.224634,""confirmedRmsMinDelta"":0.003409,""confirmedFluxFactor"":1.678907,""confirmedMinFlux"":0.015707,""confirmedMinBandRatio"":0.03646,""confirmedSpectralNoveltyMinBins"":26,""cooldownOverrideFactor"":4.757178,""cooldownOverrideMinFlux"":0.008597,""cooldownOverrideMinBandRatio"":0.080947,""analyzeIntervalMs"":42}"
443,r012-0041-dd9b2f7a,12,-135,2,4,11,2,1,139,"{""relativeReattackFactor"":3.320818,""relativeReattackMinDelta"":0.018975,""relativeFluxFactor"":1.435381,""spectralNoveltyRatio"":3.044126,""spectralNoveltyMinBins"":26,""cooldownFrames"":4,""confirmedRmsFactor"":1.20831,""confirmedRmsMinDelta"":0.00397,""confirmedFluxFactor"":1.737646,""confirmedMinFlux"":0.015813,""confirmedMinBandRatio"":0.03789,""confirmedSpectralNoveltyMinBins"":24,""cooldownOverrideFactor"":4.939204,""cooldownOverrideMinFlux"":0.009046,""cooldownOverrideMinBandRatio"":0.080771,""analyzeIntervalMs"":42}"
444,r003-0027-52ef216d,3,-136,2,2,17,1,2,148,"{""relativeReattackFactor"":2.649028,""relativeReattackMinDelta"":0.020185,""relativeFluxFactor"":1.4,""spectralNoveltyRatio"":3.071621,""spectralNoveltyMinBins"":17,""cooldownFrames"":4,""confirmedRmsFactor"":1.472176,""confirmedRmsMinDelta"":0.003523,""confirmedFluxFactor"":1.444028,""confirmedMinFlux"":0.012028,""confirmedMinBandRatio"":0.026036,""confirmedSpectralNoveltyMinBins"":24,""cooldownOverrideFactor"":4.834084,""cooldownOverrideMinFlux"":0.010898,""cooldownOverrideMinBandRatio"":0.08062,""analyzeIntervalMs"":42}"
445,r006-0051-30b6c37f,6,-139,2,4,7,2,0,135,"{""relativeReattackFactor"":3.152199,""relativeReattackMinDelta"":0.017668,""relativeFluxFactor"":1.455926,""spectralNoveltyRatio"":3.1857,""spectralNoveltyMinBins"":30,""cooldownFrames"":4,""confirmedRmsFactor"":1.227571,""confirmedRmsMinDelta"":0.003996,""confirmedFluxFactor"":1.568081,""confirmedMinFlux"":0.01438,""confirmedMinBandRatio"":0.032164,""confirmedSpectralNoveltyMinBins"":22,""cooldownOverrideFactor"":4.966196,""cooldownOverrideMinFlux"":0.007955,""cooldownOverrideMinBandRatio"":0.079301,""analyzeIntervalMs"":40}"
446,r010-0019-34e9e9b3,10,-139,2,4,7,2,0,135,"{""relativeReattackFactor"":3.30744,""relativeReattackMinDelta"":0.018888,""relativeFluxFactor"":1.444438,""spectralNoveltyRatio"":3.128049,""spectralNoveltyMinBins"":29,""cooldownFrames"":4,""confirmedRmsFactor"":1.204125,""confirmedRmsMinDelta"":0.003322,""confirmedFluxFactor"":1.66811,""confirmedMinFlux"":0.016029,""confirmedMinBandRatio"":0.036365,""confirmedSpectralNoveltyMinBins"":25,""cooldownOverrideFactor"":5,""cooldownOverrideMinFlux"":0.008102,""cooldownOverrideMinBandRatio"":0.083277,""analyzeIntervalMs"":40}"
447,r010-0049-dc0352cc,10,-139,2,4,7,2,0,135,"{""relativeReattackFactor"":3.173704,""relativeReattackMinDelta"":0.019541,""relativeFluxFactor"":1.460828,""spectralNoveltyRatio"":3.170449,""spectralNoveltyMinBins"":30,""cooldownFrames"":4,""confirmedRmsFactor"":1.150676,""confirmedRmsMinDelta"":0.003949,""confirmedFluxFactor"":1.726957,""confirmedMinFlux"":0.015696,""confirmedMinBandRatio"":0.035614,""confirmedSpectralNoveltyMinBins"":25,""cooldownOverrideFactor"":4.982929,""cooldownOverrideMinFlux"":0.008838,""cooldownOverrideMinBandRatio"":0.081263,""analyzeIntervalMs"":40}"
448,r010-0052-e1326636,10,-139,2,4,7,2,0,135,"{""relativeReattackFactor"":3.299442,""relativeReattackMinDelta"":0.019573,""relativeFluxFactor"":1.448137,""spectralNoveltyRatio"":2.971055,""spectralNoveltyMinBins"":29,""cooldownFrames"":4,""confirmedRmsFactor"":1.30301,""confirmedRmsMinDelta"":0.0034,""confirmedFluxFactor"":1.718386,""confirmedMinFlux"":0.015258,""confirmedMinBandRatio"":0.03854,""confirmedSpectralNoveltyMinBins"":24,""cooldownOverrideFactor"":5,""cooldownOverrideMinFlux"":0.010154,""cooldownOverrideMinBandRatio"":0.088396,""analyzeIntervalMs"":40}"
449,r011-0040-9997ffef,11,-139,2,4,7,2,0,135,"{""relativeReattackFactor"":3.108755,""relativeReattackMinDelta"":0.016185,""relativeFluxFactor"":1.455276,""spectralNoveltyRatio"":3.034635,""spectralNoveltyMinBins"":29,""cooldownFrames"":4,""confirmedRmsFactor"":1.153193,""confirmedRmsMinDelta"":0.003193,""confirmedFluxFactor"":1.608667,""confirmedMinFlux"":0.012028,""confirmedMinBandRatio"":0.035533,""confirmedSpectralNoveltyMinBins"":24,""cooldownOverrideFactor"":4.733657,""cooldownOverrideMinFlux"":0.007624,""cooldownOverrideMinBandRatio"":0.089116,""analyzeIntervalMs"":40}"
450,r003-0023-796a0e5e,3,-140,1,3,18,1,0,147,"{""relativeReattackFactor"":3.256793,""relativeReattackMinDelta"":0.015093,""relativeFluxFactor"":1.4,""spectralNoveltyRatio"":2.482955,""spectralNoveltyMinBins"":25,""cooldownFrames"":4,""confirmedRmsFactor"":1.535911,""confirmedRmsMinDelta"":0.00424,""confirmedFluxFactor"":1.684725,""confirmedMinFlux"":0.013693,""confirmedMinBandRatio"":0.031257,""confirmedSpectralNoveltyMinBins"":27,""cooldownOverrideFactor"":5,""cooldownOverrideMinFlux"":0.006997,""cooldownOverrideMinBandRatio"":0.075077,""analyzeIntervalMs"":43}"
451,r003-0056-2f0d7e2b,3,-141,1,3,12,1,1,141,"{""relativeReattackFactor"":3.223895,""relativeReattackMinDelta"":0.015379,""relativeFluxFactor"":1.4,""spectralNoveltyRatio"":2.599421,""spectralNoveltyMinBins"":21,""cooldownFrames"":4,""confirmedRmsFactor"":1.500382,""confirmedRmsMinDelta"":0.004432,""confirmedFluxFactor"":1.73084,""confirmedMinFlux"":0.012862,""confirmedMinBandRatio"":0.033034,""confirmedSpectralNoveltyMinBins"":21,""cooldownOverrideFactor"":4.832775,""cooldownOverrideMinFlux"":0.005367,""cooldownOverrideMinBandRatio"":0.077139,""analyzeIntervalMs"":42}"
452,r004-0026-f0202c86,4,-141,1,3,12,1,1,141,"{""relativeReattackFactor"":2.983181,""relativeReattackMinDelta"":0.016477,""relativeFluxFactor"":1.4,""spectralNoveltyRatio"":2.526328,""spectralNoveltyMinBins"":22,""cooldownFrames"":4,""confirmedRmsFactor"":1.294216,""confirmedRmsMinDelta"":0.00354,""confirmedFluxFactor"":1.670102,""confirmedMinFlux"":0.014056,""confirmedMinBandRatio"":0.033391,""confirmedSpectralNoveltyMinBins"":21,""cooldownOverrideFactor"":4.643531,""cooldownOverrideMinFlux"":0.00545,""cooldownOverrideMinBandRatio"":0.081504,""analyzeIntervalMs"":42}"
453,r005-0012-fb2fc1c1,5,-141,1,3,12,1,1,141,"{""relativeReattackFactor"":3.01912,""relativeReattackMinDelta"":0.015083,""relativeFluxFactor"":1.4,""spectralNoveltyRatio"":2.344461,""spectralNoveltyMinBins"":22,""cooldownFrames"":4,""confirmedRmsFactor"":1.619816,""confirmedRmsMinDelta"":0.005287,""confirmedFluxFactor"":1.876836,""confirmedMinFlux"":0.010967,""confirmedMinBandRatio"":0.03453,""confirmedSpectralNoveltyMinBins"":21,""cooldownOverrideFactor"":4.041636,""cooldownOverrideMinFlux"":0.008874,""cooldownOverrideMinBandRatio"":0.078904,""analyzeIntervalMs"":42}"
454,r005-0078-4e31896d,5,-141,1,3,12,1,1,141,"{""relativeReattackFactor"":2.942692,""relativeReattackMinDelta"":0.015325,""relativeFluxFactor"":1.4,""spectralNoveltyRatio"":2.532949,""spectralNoveltyMinBins"":22,""cooldownFrames"":4,""confirmedRmsFactor"":1.390446,""confirmedRmsMinDelta"":0.002927,""confirmedFluxFactor"":1.577283,""confirmedMinFlux"":0.011016,""confirmedMinBandRatio"":0.033929,""confirmedSpectralNoveltyMinBins"":24,""cooldownOverrideFactor"":4.171901,""cooldownOverrideMinFlux"":0.008802,""cooldownOverrideMinBandRatio"":0.082114,""analyzeIntervalMs"":42}"
455,r006-0025-a71c9f82,6,-141,1,3,12,1,1,141,"{""relativeReattackFactor"":3.056649,""relativeReattackMinDelta"":0.017558,""relativeFluxFactor"":1.4,""spectralNoveltyRatio"":2.794591,""spectralNoveltyMinBins"":22,""cooldownFrames"":4,""confirmedRmsFactor"":1.304318,""confirmedRmsMinDelta"":0.003851,""confirmedFluxFactor"":1.717879,""confirmedMinFlux"":0.015623,""confirmedMinBandRatio"":0.037314,""confirmedSpectralNoveltyMinBins"":21,""cooldownOverrideFactor"":4.886491,""cooldownOverrideMinFlux"":0.0079,""cooldownOverrideMinBandRatio"":0.07908,""analyzeIntervalMs"":42}"
456,r006-0070-cf3c2558,6,-141,1,3,12,1,1,141,"{""relativeReattackFactor"":2.886498,""relativeReattackMinDelta"":0.016615,""relativeFluxFactor"":1.4,""spectralNoveltyRatio"":2.864174,""spectralNoveltyMinBins"":22,""cooldownFrames"":4,""confirmedRmsFactor"":1.222717,""confirmedRmsMinDelta"":0.003969,""confirmedFluxFactor"":1.652873,""confirmedMinFlux"":0.015829,""confirmedMinBandRatio"":0.037681,""confirmedSpectralNoveltyMinBins"":23,""cooldownOverrideFactor"":5,""cooldownOverrideMinFlux"":0.007679,""cooldownOverrideMinBandRatio"":0.082056,""analyzeIntervalMs"":42}"
457,r006-0061-10445433,6,-143,2,4,8,2,0,137,"{""relativeReattackFactor"":3.013591,""relativeReattackMinDelta"":0.017175,""relativeFluxFactor"":1.429024,""spectralNoveltyRatio"":3.196663,""spectralNoveltyMinBins"":30,""cooldownFrames"":4,""confirmedRmsFactor"":1.226343,""confirmedRmsMinDelta"":0.003184,""confirmedFluxFactor"":1.522141,""confirmedMinFlux"":0.014985,""confirmedMinBandRatio"":0.034843,""confirmedSpectralNoveltyMinBins"":21,""cooldownOverrideFactor"":4.662639,""cooldownOverrideMinFlux"":0.009579,""cooldownOverrideMinBandRatio"":0.085131,""analyzeIntervalMs"":40}"
458,r003-0062-4bf0e1d5,3,-144,2,2,19,1,2,151,"{""relativeReattackFactor"":2.710468,""relativeReattackMinDelta"":0.016443,""relativeFluxFactor"":1.4,""spectralNoveltyRatio"":2.441203,""spectralNoveltyMinBins"":15,""cooldownFrames"":4,""confirmedRmsFactor"":1.323637,""confirmedRmsMinDelta"":0.002889,""confirmedFluxFactor"":1.698571,""confirmedMinFlux"":0.009,""confirmedMinBandRatio"":0.025676,""confirmedSpectralNoveltyMinBins"":27,""cooldownOverrideFactor"":4.338014,""cooldownOverrideMinFlux"":0.010513,""cooldownOverrideMinBandRatio"":0.075239,""analyzeIntervalMs"":42}"
459,r012-0070-5fb87c05,12,-144,2,4,9,2,0,137,"{""relativeReattackFactor"":3.05169,""relativeReattackMinDelta"":0.017049,""relativeFluxFactor"":1.431473,""spectralNoveltyRatio"":3.067183,""spectralNoveltyMinBins"":28,""cooldownFrames"":4,""confirmedRmsFactor"":1.188741,""confirmedRmsMinDelta"":0.00313,""confirmedFluxFactor"":1.551473,""confirmedMinFlux"":0.011735,""confirmedMinBandRatio"":0.033478,""confirmedSpectralNoveltyMinBins"":23,""cooldownOverrideFactor"":4.716592,""cooldownOverrideMinFlux"":0.008293,""cooldownOverrideMinBandRatio"":0.086964,""analyzeIntervalMs"":40}"
460,r005-0004-b99fc4fa,5,-144,3,3,11,2,2,142,"{""relativeReattackFactor"":2.909538,""relativeReattackMinDelta"":0.019688,""relativeFluxFactor"":1.552844,""spectralNoveltyRatio"":2.138672,""spectralNoveltyMinBins"":19,""cooldownFrames"":4,""confirmedRmsFactor"":1.303181,""confirmedRmsMinDelta"":0.004233,""confirmedFluxFactor"":1.552662,""confirmedMinFlux"":0.01606,""confirmedMinBandRatio"":0.03547,""confirmedSpectralNoveltyMinBins"":19,""cooldownOverrideFactor"":4.403815,""cooldownOverrideMinFlux"":0.009482,""cooldownOverrideMinBandRatio"":0.088141,""analyzeIntervalMs"":42}"
461,r006-0010-f8e1f073,6,-145,2,4,10,2,0,139,"{""relativeReattackFactor"":2.839137,""relativeReattackMinDelta"":0.018141,""relativeFluxFactor"":1.432886,""spectralNoveltyRatio"":3.065142,""spectralNoveltyMinBins"":27,""cooldownFrames"":4,""confirmedRmsFactor"":1.220344,""confirmedRmsMinDelta"":0.003311,""confirmedFluxFactor"":1.562827,""confirmedMinFlux"":0.015566,""confirmedMinBandRatio"":0.038122,""confirmedSpectralNoveltyMinBins"":23,""cooldownOverrideFactor"":4.995774,""cooldownOverrideMinFlux"":0.008559,""cooldownOverrideMinBandRatio"":0.081106,""analyzeIntervalMs"":40}"
462,r010-0037-f5d8a740,10,-145,2,4,10,2,0,138,"{""relativeReattackFactor"":3.111934,""relativeReattackMinDelta"":0.018787,""relativeFluxFactor"":1.429026,""spectralNoveltyRatio"":2.834512,""spectralNoveltyMinBins"":28,""cooldownFrames"":4,""confirmedRmsFactor"":1.35816,""confirmedRmsMinDelta"":0.004196,""confirmedFluxFactor"":1.703374,""confirmedMinFlux"":0.015112,""confirmedMinBandRatio"":0.037647,""confirmedSpectralNoveltyMinBins"":26,""cooldownOverrideFactor"":4.879437,""cooldownOverrideMinFlux"":0.00925,""cooldownOverrideMinBandRatio"":0.083764,""analyzeIntervalMs"":40}"
463,r005-0008-d6a9a272,5,-147,1,3,14,1,1,143,"{""relativeReattackFactor"":2.765958,""relativeReattackMinDelta"":0.015059,""relativeFluxFactor"":1.4,""spectralNoveltyRatio"":2.217546,""spectralNoveltyMinBins"":21,""cooldownFrames"":4,""confirmedRmsFactor"":1.393249,""confirmedRmsMinDelta"":0.003313,""confirmedFluxFactor"":1.659791,""confirmedMinFlux"":0.011174,""confirmedMinBandRatio"":0.034132,""confirmedSpectralNoveltyMinBins"":23,""cooldownOverrideFactor"":4.002437,""cooldownOverrideMinFlux"":0.010044,""cooldownOverrideMinBandRatio"":0.080148,""analyzeIntervalMs"":42}"
464,r005-0030-a289c02b,5,-147,2,2,19,1,2,154,"{""relativeReattackFactor"":2.693364,""relativeReattackMinDelta"":0.018476,""relativeFluxFactor"":1.481858,""spectralNoveltyRatio"":1.976634,""spectralNoveltyMinBins"":18,""cooldownFrames"":4,""confirmedRmsFactor"":1.290809,""confirmedRmsMinDelta"":0.005044,""confirmedFluxFactor"":1.711407,""confirmedMinFlux"":0.015803,""confirmedMinBandRatio"":0.036768,""confirmedSpectralNoveltyMinBins"":22,""cooldownOverrideFactor"":4.649073,""cooldownOverrideMinFlux"":0.00997,""cooldownOverrideMinBandRatio"":0.080119,""analyzeIntervalMs"":41}"
465,r003-0072-d7d05a75,3,-147,2,2,20,1,2,153,"{""relativeReattackFactor"":2.462173,""relativeReattackMinDelta"":0.020362,""relativeFluxFactor"":1.4,""spectralNoveltyRatio"":3.030543,""spectralNoveltyMinBins"":13,""cooldownFrames"":4,""confirmedRmsFactor"":1.346649,""confirmedRmsMinDelta"":0.003449,""confirmedFluxFactor"":1.550152,""confirmedMinFlux"":0.012414,""confirmedMinBandRatio"":0.025511,""confirmedSpectralNoveltyMinBins"":24,""cooldownOverrideFactor"":4.797669,""cooldownOverrideMinFlux"":0.005635,""cooldownOverrideMinBandRatio"":0.081004,""analyzeIntervalMs"":42}"
466,r004-0018-db62fdc0,4,-148,2,2,20,1,2,152,"{""relativeReattackFactor"":2.617676,""relativeReattackMinDelta"":0.013207,""relativeFluxFactor"":1.4,""spectralNoveltyRatio"":2.200708,""spectralNoveltyMinBins"":16,""cooldownFrames"":4,""confirmedRmsFactor"":1.566581,""confirmedRmsMinDelta"":0.004703,""confirmedFluxFactor"":1.837276,""confirmedMinFlux"":0.012295,""confirmedMinBandRatio"":0.03474,""confirmedSpectralNoveltyMinBins"":24,""cooldownOverrideFactor"":4.433602,""cooldownOverrideMinFlux"":0.007298,""cooldownOverrideMinBandRatio"":0.080033,""analyzeIntervalMs"":42}"
467,r006-0078-7ec776ae,6,-148,2,4,11,2,0,140,"{""relativeReattackFactor"":2.985965,""relativeReattackMinDelta"":0.018986,""relativeFluxFactor"":1.449462,""spectralNoveltyRatio"":2.885641,""spectralNoveltyMinBins"":26,""cooldownFrames"":4,""confirmedRmsFactor"":1.212725,""confirmedRmsMinDelta"":0.003407,""confirmedFluxFactor"":1.602422,""confirmedMinFlux"":0.014131,""confirmedMinBandRatio"":0.038075,""confirmedSpectralNoveltyMinBins"":26,""cooldownOverrideFactor"":5,""cooldownOverrideMinFlux"":0.005802,""cooldownOverrideMinBandRatio"":0.082026,""analyzeIntervalMs"":40}"
468,r005-0013-0faea668,5,-151,1,3,15,1,1,144,"{""relativeReattackFactor"":2.732881,""relativeReattackMinDelta"":0.015018,""relativeFluxFactor"":1.41518,""spectralNoveltyRatio"":2.4408,""spectralNoveltyMinBins"":22,""cooldownFrames"":4,""confirmedRmsFactor"":1.396857,""confirmedRmsMinDelta"":0.003989,""confirmedFluxFactor"":1.61486,""confirmedMinFlux"":0.012129,""confirmedMinBandRatio"":0.035757,""confirmedSpectralNoveltyMinBins"":23,""cooldownOverrideFactor"":4.136493,""cooldownOverrideMinFlux"":0.00864,""cooldownOverrideMinBandRatio"":0.081776,""analyzeIntervalMs"":42}"
469,r004-0048-efd6d2ff,4,-151,3,3,14,2,1,145,"{""relativeReattackFactor"":2.730008,""relativeReattackMinDelta"":0.012868,""relativeFluxFactor"":1.650597,""spectralNoveltyRatio"":2.67939,""spectralNoveltyMinBins"":25,""cooldownFrames"":4,""confirmedRmsFactor"":1.58491,""confirmedRmsMinDelta"":0.003626,""confirmedFluxFactor"":1.713753,""confirmedMinFlux"":0.010945,""confirmedMinBandRatio"":0.035496,""confirmedSpectralNoveltyMinBins"":21,""cooldownOverrideFactor"":4.20164,""cooldownOverrideMinFlux"":0.009081,""cooldownOverrideMinBandRatio"":0.079221,""analyzeIntervalMs"":41}"
470,r005-0003-3289c3fe,5,-154,1,3,16,1,1,145,"{""relativeReattackFactor"":2.66448,""relativeReattackMinDelta"":0.0146,""relativeFluxFactor"":1.4,""spectralNoveltyRatio"":2.277668,""spectralNoveltyMinBins"":21,""cooldownFrames"":4,""confirmedRmsFactor"":1.427553,""confirmedRmsMinDelta"":0.003478,""confirmedFluxFactor"":1.586538,""confirmedMinFlux"":0.013173,""confirmedMinBandRatio"":0.033469,""confirmedSpectralNoveltyMinBins"":27,""cooldownOverrideFactor"":3.953817,""cooldownOverrideMinFlux"":0.010057,""cooldownOverrideMinBandRatio"":0.083421,""analyzeIntervalMs"":42}"
471,r002-0066-71c825a5,2,-157,2,4,14,2,0,142,"{""relativeReattackFactor"":3.128052,""relativeReattackMinDelta"":0.016767,""relativeFluxFactor"":1.691624,""spectralNoveltyRatio"":2.532223,""spectralNoveltyMinBins"":26,""cooldownFrames"":4,""confirmedRmsFactor"":1.567478,""confirmedRmsMinDelta"":0.003139,""confirmedFluxFactor"":1.659165,""confirmedMinFlux"":0.012463,""confirmedMinBandRatio"":0.02873,""confirmedSpectralNoveltyMinBins"":28,""cooldownOverrideFactor"":5,""cooldownOverrideMinFlux"":0.005348,""cooldownOverrideMinBandRatio"":0.076641,""analyzeIntervalMs"":43}"
472,r005-0080-a7f78483,5,-157,3,3,15,2,2,146,"{""relativeReattackFactor"":2.687626,""relativeReattackMinDelta"":0.01765,""relativeFluxFactor"":1.484458,""spectralNoveltyRatio"":2.071696,""spectralNoveltyMinBins"":19,""cooldownFrames"":4,""confirmedRmsFactor"":1.353471,""confirmedRmsMinDelta"":0.004128,""confirmedFluxFactor"":1.619954,""confirmedMinFlux"":0.015691,""confirmedMinBandRatio"":0.038097,""confirmedSpectralNoveltyMinBins"":21,""cooldownOverrideFactor"":4.920768,""cooldownOverrideMinFlux"":0.007659,""cooldownOverrideMinBandRatio"":0.079519,""analyzeIntervalMs"":42}"
473,r008-0020-76a7d88b,8,-158,2,4,8,2,0,135,"{""relativeReattackFactor"":3.013616,""relativeReattackMinDelta"":0.016812,""relativeFluxFactor"":1.509257,""spectralNoveltyRatio"":3.250662,""spectralNoveltyMinBins"":33,""cooldownFrames"":4,""confirmedRmsFactor"":1.185624,""confirmedRmsMinDelta"":0.003068,""confirmedFluxFactor"":1.556019,""confirmedMinFlux"":0.015503,""confirmedMinBandRatio"":0.037079,""confirmedSpectralNoveltyMinBins"":24,""cooldownOverrideFactor"":4.995642,""cooldownOverrideMinFlux"":0.01164,""cooldownOverrideMinBandRatio"":0.070325,""analyzeIntervalMs"":41}"
474,r005-0069-f1021878,5,-162,2,4,10,2,1,138,"{""relativeReattackFactor"":2.900335,""relativeReattackMinDelta"":0.019364,""relativeFluxFactor"":1.546776,""spectralNoveltyRatio"":2.182539,""spectralNoveltyMinBins"":22,""cooldownFrames"":4,""confirmedRmsFactor"":1.354595,""confirmedRmsMinDelta"":0.004514,""confirmedFluxFactor"":1.514474,""confirmedMinFlux"":0.015241,""confirmedMinBandRatio"":0.033601,""confirmedSpectralNoveltyMinBins"":18,""cooldownOverrideFactor"":4.610859,""cooldownOverrideMinFlux"":0.008724,""cooldownOverrideMinBandRatio"":0.088875,""analyzeIntervalMs"":42}"
475,r005-0020-30f9122d,5,-163,2,2,18,1,3,150,"{""relativeReattackFactor"":2.745628,""relativeReattackMinDelta"":0.015776,""relativeFluxFactor"":1.4,""spectralNoveltyRatio"":1.936608,""spectralNoveltyMinBins"":16,""cooldownFrames"":4,""confirmedRmsFactor"":1.406994,""confirmedRmsMinDelta"":0.004255,""confirmedFluxFactor"":1.695988,""confirmedMinFlux"":0.015636,""confirmedMinBandRatio"":0.038546,""confirmedSpectralNoveltyMinBins"":24,""cooldownOverrideFactor"":4.932931,""cooldownOverrideMinFlux"":0.008496,""cooldownOverrideMinBandRatio"":0.083791,""analyzeIntervalMs"":42}"
476,r003-0032-1ca89794,3,-166,2,1,22,0,3,158,"{""relativeReattackFactor"":2.534188,""relativeReattackMinDelta"":0.019473,""relativeFluxFactor"":1.4,""spectralNoveltyRatio"":2.29197,""spectralNoveltyMinBins"":12,""cooldownFrames"":4,""confirmedRmsFactor"":1.283782,""confirmedRmsMinDelta"":0.004422,""confirmedFluxFactor"":1.439325,""confirmedMinFlux"":0.010277,""confirmedMinBandRatio"":0.026491,""confirmedSpectralNoveltyMinBins"":22,""cooldownOverrideFactor"":4.784244,""cooldownOverrideMinFlux"":0.009928,""cooldownOverrideMinBandRatio"":0.077509,""analyzeIntervalMs"":41}"
477,r006-0041-af47cc8a,6,-167,2,5,9,3,0,135,"{""relativeReattackFactor"":2.865339,""relativeReattackMinDelta"":0.015977,""relativeFluxFactor"":1.4,""spectralNoveltyRatio"":3.08724,""spectralNoveltyMinBins"":30,""cooldownFrames"":4,""confirmedRmsFactor"":1.216261,""confirmedRmsMinDelta"":0.003696,""confirmedFluxFactor"":1.588593,""confirmedMinFlux"":0.013776,""confirmedMinBandRatio"":0.036754,""confirmedSpectralNoveltyMinBins"":21,""cooldownOverrideFactor"":4.831017,""cooldownOverrideMinFlux"":0.009042,""cooldownOverrideMinBandRatio"":0.079826,""analyzeIntervalMs"":42}"
478,r007-0037-3fbfefc7,7,-167,2,5,9,3,0,135,"{""relativeReattackFactor"":2.997803,""relativeReattackMinDelta"":0.017707,""relativeFluxFactor"":1.4,""spectralNoveltyRatio"":3.045822,""spectralNoveltyMinBins"":30,""cooldownFrames"":4,""confirmedRmsFactor"":1.279718,""confirmedRmsMinDelta"":0.003462,""confirmedFluxFactor"":1.596138,""confirmedMinFlux"":0.015072,""confirmedMinBandRatio"":0.035885,""confirmedSpectralNoveltyMinBins"":21,""cooldownOverrideFactor"":4.700635,""cooldownOverrideMinFlux"":0.008958,""cooldownOverrideMinBandRatio"":0.082301,""analyzeIntervalMs"":42}"
479,r007-0053-acbbfb94,7,-167,2,5,9,3,0,135,"{""relativeReattackFactor"":3.054496,""relativeReattackMinDelta"":0.017091,""relativeFluxFactor"":1.4,""spectralNoveltyRatio"":2.896043,""spectralNoveltyMinBins"":31,""cooldownFrames"":4,""confirmedRmsFactor"":1.183228,""confirmedRmsMinDelta"":0.002979,""confirmedFluxFactor"":1.5736,""confirmedMinFlux"":0.012608,""confirmedMinBandRatio"":0.035267,""confirmedSpectralNoveltyMinBins"":24,""cooldownOverrideFactor"":4.851366,""cooldownOverrideMinFlux"":0.008616,""cooldownOverrideMinBandRatio"":0.087553,""analyzeIntervalMs"":42}"
480,r008-0039-a11422cc,8,-167,2,5,9,3,0,135,"{""relativeReattackFactor"":3.09433,""relativeReattackMinDelta"":0.015471,""relativeFluxFactor"":1.4,""spectralNoveltyRatio"":3.115571,""spectralNoveltyMinBins"":30,""cooldownFrames"":4,""confirmedRmsFactor"":1.192149,""confirmedRmsMinDelta"":0.002846,""confirmedFluxFactor"":1.56482,""confirmedMinFlux"":0.01201,""confirmedMinBandRatio"":0.034575,""confirmedSpectralNoveltyMinBins"":24,""cooldownOverrideFactor"":4.901529,""cooldownOverrideMinFlux"":0.009269,""cooldownOverrideMinBandRatio"":0.084996,""analyzeIntervalMs"":42}"
481,r008-0065-a6cea1df,8,-167,2,5,9,3,0,135,"{""relativeReattackFactor"":2.938065,""relativeReattackMinDelta"":0.018117,""relativeFluxFactor"":1.4,""spectralNoveltyRatio"":3.128319,""spectralNoveltyMinBins"":31,""cooldownFrames"":4,""confirmedRmsFactor"":1.156315,""confirmedRmsMinDelta"":0.003581,""confirmedFluxFactor"":1.586799,""confirmedMinFlux"":0.015945,""confirmedMinBandRatio"":0.03495,""confirmedSpectralNoveltyMinBins"":26,""cooldownOverrideFactor"":4.979586,""cooldownOverrideMinFlux"":0.011388,""cooldownOverrideMinBandRatio"":0.070397,""analyzeIntervalMs"":42}"
482,r008-0074-15039f2d,8,-167,2,5,9,3,0,135,"{""relativeReattackFactor"":3.180854,""relativeReattackMinDelta"":0.015846,""relativeFluxFactor"":1.4,""spectralNoveltyRatio"":2.764344,""spectralNoveltyMinBins"":33,""cooldownFrames"":4,""confirmedRmsFactor"":1.198072,""confirmedRmsMinDelta"":0.002576,""confirmedFluxFactor"":1.55284,""confirmedMinFlux"":0.013075,""confirmedMinBandRatio"":0.034404,""confirmedSpectralNoveltyMinBins"":24,""cooldownOverrideFactor"":4.772495,""cooldownOverrideMinFlux"":0.008337,""cooldownOverrideMinBandRatio"":0.08884,""analyzeIntervalMs"":42}"
483,r009-0079-83ca619f,9,-167,2,5,9,3,0,135,"{""relativeReattackFactor"":3.252151,""relativeReattackMinDelta"":0.018175,""relativeFluxFactor"":1.4,""spectralNoveltyRatio"":2.94784,""spectralNoveltyMinBins"":31,""cooldownFrames"":4,""confirmedRmsFactor"":1.194286,""confirmedRmsMinDelta"":0.003534,""confirmedFluxFactor"":1.652894,""confirmedMinFlux"":0.015696,""confirmedMinBandRatio"":0.035891,""confirmedSpectralNoveltyMinBins"":23,""cooldownOverrideFactor"":5,""cooldownOverrideMinFlux"":0.007584,""cooldownOverrideMinBandRatio"":0.081088,""analyzeIntervalMs"":42}"
484,r012-0015-a7be164c,12,-167,2,5,9,3,0,135,"{""relativeReattackFactor"":3.234805,""relativeReattackMinDelta"":0.016927,""relativeFluxFactor"":1.441644,""spectralNoveltyRatio"":3.079351,""spectralNoveltyMinBins"":30,""cooldownFrames"":4,""confirmedRmsFactor"":1.161386,""confirmedRmsMinDelta"":0.002918,""confirmedFluxFactor"":1.575497,""confirmedMinFlux"":0.012466,""confirmedMinBandRatio"":0.03474,""confirmedSpectralNoveltyMinBins"":25,""cooldownOverrideFactor"":4.6505,""cooldownOverrideMinFlux"":0.007074,""cooldownOverrideMinBandRatio"":0.09,""analyzeIntervalMs"":42}"
485,r012-0018-59c2415e,12,-167,2,5,9,3,0,135,"{""relativeReattackFactor"":3.104029,""relativeReattackMinDelta"":0.01699,""relativeFluxFactor"":1.4,""spectralNoveltyRatio"":2.896947,""spectralNoveltyMinBins"":31,""cooldownFrames"":4,""confirmedRmsFactor"":1.259139,""confirmedRmsMinDelta"":0.003634,""confirmedFluxFactor"":1.641355,""confirmedMinFlux"":0.012949,""confirmedMinBandRatio"":0.03344,""confirmedSpectralNoveltyMinBins"":24,""cooldownOverrideFactor"":4.86562,""cooldownOverrideMinFlux"":0.009714,""cooldownOverrideMinBandRatio"":0.088761,""analyzeIntervalMs"":42}"
486,r012-0025-37b5ffd4,12,-167,2,5,9,3,0,135,"{""relativeReattackFactor"":3.122031,""relativeReattackMinDelta"":0.016166,""relativeFluxFactor"":1.4,""spectralNoveltyRatio"":3.088052,""spectralNoveltyMinBins"":31,""cooldownFrames"":4,""confirmedRmsFactor"":1.15663,""confirmedRmsMinDelta"":0.002952,""confirmedFluxFactor"":1.576697,""confirmedMinFlux"":0.011897,""confirmedMinBandRatio"":0.034593,""confirmedSpectralNoveltyMinBins"":24,""cooldownOverrideFactor"":4.662812,""cooldownOverrideMinFlux"":0.007078,""cooldownOverrideMinBandRatio"":0.08683,""analyzeIntervalMs"":42}"
487,r012-0029-f89e6068,12,-167,2,5,9,3,0,135,"{""relativeReattackFactor"":3.287821,""relativeReattackMinDelta"":0.019369,""relativeFluxFactor"":1.4,""spectralNoveltyRatio"":3.138822,""spectralNoveltyMinBins"":30,""cooldownFrames"":4,""confirmedRmsFactor"":1.209686,""confirmedRmsMinDelta"":0.003834,""confirmedFluxFactor"":1.746687,""confirmedMinFlux"":0.014914,""confirmedMinBandRatio"":0.03661,""confirmedSpectralNoveltyMinBins"":24,""cooldownOverrideFactor"":4.966251,""cooldownOverrideMinFlux"":0.009217,""cooldownOverrideMinBandRatio"":0.081814,""analyzeIntervalMs"":42}"
488,r003-0020-4c27a568,3,-168,2,4,12,2,1,140,"{""relativeReattackFactor"":3.669734,""relativeReattackMinDelta"":0.013656,""relativeFluxFactor"":1.573545,""spectralNoveltyRatio"":4.364455,""spectralNoveltyMinBins"":19,""cooldownFrames"":3,""confirmedRmsFactor"":1.754071,""confirmedRmsMinDelta"":0.006576,""confirmedFluxFactor"":2.237226,""confirmedMinFlux"":0.004254,""confirmedMinBandRatio"":0.031556,""confirmedSpectralNoveltyMinBins"":16,""cooldownOverrideFactor"":1.8,""cooldownOverrideMinFlux"":0.016947,""cooldownOverrideMinBandRatio"":0.086213,""analyzeIntervalMs"":42}"
489,r002-0042-c4eafd34,2,-170,3,5,9,3,0,135,"{""relativeReattackFactor"":3.734612,""relativeReattackMinDelta"":0.008295,""relativeFluxFactor"":1.4,""spectralNoveltyRatio"":4.214784,""spectralNoveltyMinBins"":28,""cooldownFrames"":3,""confirmedRmsFactor"":1.985693,""confirmedRmsMinDelta"":0.007397,""confirmedFluxFactor"":2.067571,""confirmedMinFlux"":0.006727,""confirmedMinBandRatio"":0.02752,""confirmedSpectralNoveltyMinBins"":11,""cooldownOverrideFactor"":2.297625,""cooldownOverrideMinFlux"":0.022693,""cooldownOverrideMinBandRatio"":0.076648,""analyzeIntervalMs"":49}"
490,r004-0004-b80d7984,4,-175,2,4,13,2,0,140,"{""relativeReattackFactor"":3.469456,""relativeReattackMinDelta"":0.017362,""relativeFluxFactor"":1.4,""spectralNoveltyRatio"":2.358736,""spectralNoveltyMinBins"":22,""cooldownFrames"":4,""confirmedRmsFactor"":1.430835,""confirmedRmsMinDelta"":0.003629,""confirmedFluxFactor"":1.640631,""confirmedMinFlux"":0.012297,""confirmedMinBandRatio"":0.023753,""confirmedSpectralNoveltyMinBins"":28,""cooldownOverrideFactor"":5,""cooldownOverrideMinFlux"":0.004,""cooldownOverrideMinBandRatio"":0.071577,""analyzeIntervalMs"":45}"
491,r004-0046-c3f8245d,4,-175,2,4,14,2,1,142,"{""relativeReattackFactor"":2.682887,""relativeReattackMinDelta"":0.016497,""relativeFluxFactor"":1.546046,""spectralNoveltyRatio"":2.556617,""spectralNoveltyMinBins"":22,""cooldownFrames"":4,""confirmedRmsFactor"":1.363431,""confirmedRmsMinDelta"":0.005119,""confirmedFluxFactor"":1.600823,""confirmedMinFlux"":0.015364,""confirmedMinBandRatio"":0.040243,""confirmedSpectralNoveltyMinBins"":21,""cooldownOverrideFactor"":4.810281,""cooldownOverrideMinFlux"":0.006499,""cooldownOverrideMinBandRatio"":0.08438,""analyzeIntervalMs"":42}"
492,r006-0038-356bad2d,6,-177,1,4,11,2,0,139,"{""relativeReattackFactor"":3.02665,""relativeReattackMinDelta"":0.01747,""relativeFluxFactor"":1.4,""spectralNoveltyRatio"":2.948995,""spectralNoveltyMinBins"":28,""cooldownFrames"":4,""confirmedRmsFactor"":1.204746,""confirmedRmsMinDelta"":0.004191,""confirmedFluxFactor"":1.624966,""confirmedMinFlux"":0.01444,""confirmedMinBandRatio"":0.039648,""confirmedSpectralNoveltyMinBins"":26,""cooldownOverrideFactor"":5,""cooldownOverrideMinFlux"":0.008003,""cooldownOverrideMinBandRatio"":0.080113,""analyzeIntervalMs"":42}"
493,r006-0073-0049cf0d,6,-177,1,4,11,2,0,139,"{""relativeReattackFactor"":3.012307,""relativeReattackMinDelta"":0.018746,""relativeFluxFactor"":1.4,""spectralNoveltyRatio"":2.935937,""spectralNoveltyMinBins"":28,""cooldownFrames"":4,""confirmedRmsFactor"":1.298315,""confirmedRmsMinDelta"":0.003619,""confirmedFluxFactor"":1.577857,""confirmedMinFlux"":0.015953,""confirmedMinBandRatio"":0.038401,""confirmedSpectralNoveltyMinBins"":26,""cooldownOverrideFactor"":5,""cooldownOverrideMinFlux"":0.00847,""cooldownOverrideMinBandRatio"":0.077197,""analyzeIntervalMs"":42}"
494,r008-0015-cdf32474,8,-177,1,4,11,2,0,139,"{""relativeReattackFactor"":3.009976,""relativeReattackMinDelta"":0.017547,""relativeFluxFactor"":1.4,""spectralNoveltyRatio"":3.05937,""spectralNoveltyMinBins"":29,""cooldownFrames"":4,""confirmedRmsFactor"":1.182756,""confirmedRmsMinDelta"":0.003351,""confirmedFluxFactor"":1.527798,""confirmedMinFlux"":0.015482,""confirmedMinBandRatio"":0.034325,""confirmedSpectralNoveltyMinBins"":26,""cooldownOverrideFactor"":4.80064,""cooldownOverrideMinFlux"":0.01091,""cooldownOverrideMinBandRatio"":0.069199,""analyzeIntervalMs"":42}"
495,r009-0058-cab6e39a,9,-177,1,4,11,2,0,139,"{""relativeReattackFactor"":3.192233,""relativeReattackMinDelta"":0.017104,""relativeFluxFactor"":1.4,""spectralNoveltyRatio"":2.835423,""spectralNoveltyMinBins"":29,""cooldownFrames"":4,""confirmedRmsFactor"":1.217036,""confirmedRmsMinDelta"":0.003288,""confirmedFluxFactor"":1.6254,""confirmedMinFlux"":0.012586,""confirmedMinBandRatio"":0.032327,""confirmedSpectralNoveltyMinBins"":26,""cooldownOverrideFactor"":5,""cooldownOverrideMinFlux"":0.009107,""cooldownOverrideMinBandRatio"":0.087321,""analyzeIntervalMs"":42}"
496,r010-0034-4f9d553f,10,-177,1,4,11,2,0,139,"{""relativeReattackFactor"":3.215738,""relativeReattackMinDelta"":0.018332,""relativeFluxFactor"":1.4,""spectralNoveltyRatio"":3.106974,""spectralNoveltyMinBins"":28,""cooldownFrames"":4,""confirmedRmsFactor"":1.210759,""confirmedRmsMinDelta"":0.003638,""confirmedFluxFactor"":1.67242,""confirmedMinFlux"":0.014976,""confirmedMinBandRatio"":0.037511,""confirmedSpectralNoveltyMinBins"":23,""cooldownOverrideFactor"":4.899827,""cooldownOverrideMinFlux"":0.008574,""cooldownOverrideMinBandRatio"":0.079117,""analyzeIntervalMs"":42}"
497,r010-0059-0c5fbead,10,-177,1,4,11,2,0,139,"{""relativeReattackFactor"":3.31472,""relativeReattackMinDelta"":0.019277,""relativeFluxFactor"":1.4,""spectralNoveltyRatio"":3.009853,""spectralNoveltyMinBins"":29,""cooldownFrames"":4,""confirmedRmsFactor"":1.166623,""confirmedRmsMinDelta"":0.003839,""confirmedFluxFactor"":1.657944,""confirmedMinFlux"":0.016141,""confirmedMinBandRatio"":0.037417,""confirmedSpectralNoveltyMinBins"":24,""cooldownOverrideFactor"":5,""cooldownOverrideMinFlux"":0.008401,""cooldownOverrideMinBandRatio"":0.081346,""analyzeIntervalMs"":42}"
498,r010-0070-18f534fe,10,-177,1,4,11,2,0,139,"{""relativeReattackFactor"":3.153,""relativeReattackMinDelta"":0.017005,""relativeFluxFactor"":1.4,""spectralNoveltyRatio"":3.074298,""spectralNoveltyMinBins"":28,""cooldownFrames"":4,""confirmedRmsFactor"":1.16924,""confirmedRmsMinDelta"":0.003398,""confirmedFluxFactor"":1.611288,""confirmedMinFlux"":0.012795,""confirmedMinBandRatio"":0.032413,""confirmedSpectralNoveltyMinBins"":23,""cooldownOverrideFactor"":4.667647,""cooldownOverrideMinFlux"":0.007963,""cooldownOverrideMinBandRatio"":0.09,""analyzeIntervalMs"":42}"
499,r010-0080-0816995f,10,-177,1,4,11,2,0,139,"{""relativeReattackFactor"":3.111199,""relativeReattackMinDelta"":0.017046,""relativeFluxFactor"":1.4,""spectralNoveltyRatio"":2.932582,""spectralNoveltyMinBins"":28,""cooldownFrames"":4,""confirmedRmsFactor"":1.190077,""confirmedRmsMinDelta"":0.002779,""confirmedFluxFactor"":1.600599,""confirmedMinFlux"":0.012711,""confirmedMinBandRatio"":0.033718,""confirmedSpectralNoveltyMinBins"":25,""cooldownOverrideFactor"":4.757283,""cooldownOverrideMinFlux"":0.007573,""cooldownOverrideMinBandRatio"":0.09,""analyzeIntervalMs"":42}"
500,r011-0002-d6533391,11,-177,1,4,11,2,0,139,"{""relativeReattackFactor"":3.20113,""relativeReattackMinDelta"":0.018472,""relativeFluxFactor"":1.4,""spectralNoveltyRatio"":2.90218,""spectralNoveltyMinBins"":28,""cooldownFrames"":4,""confirmedRmsFactor"":1.304616,""confirmedRmsMinDelta"":0.003602,""confirmedFluxFactor"":1.644321,""confirmedMinFlux"":0.015841,""confirmedMinBandRatio"":0.036344,""confirmedSpectralNoveltyMinBins"":24,""cooldownOverrideFactor"":4.978608,""cooldownOverrideMinFlux"":0.008561,""cooldownOverrideMinBandRatio"":0.086178,""analyzeIntervalMs"":42}"
501,r012-0017-bf4b09df,12,-177,1,4,11,2,0,139,"{""relativeReattackFactor"":3.246035,""relativeReattackMinDelta"":0.019375,""relativeFluxFactor"":1.4,""spectralNoveltyRatio"":2.948487,""spectralNoveltyMinBins"":29,""cooldownFrames"":4,""confirmedRmsFactor"":1.332554,""confirmedRmsMinDelta"":0.003877,""confirmedFluxFactor"":1.641449,""confirmedMinFlux"":0.015803,""confirmedMinBandRatio"":0.037956,""confirmedSpectralNoveltyMinBins"":25,""cooldownOverrideFactor"":4.905958,""cooldownOverrideMinFlux"":0.008744,""cooldownOverrideMinBandRatio"":0.088384,""analyzeIntervalMs"":42}"
502,r012-0034-77e61536,12,-177,1,4,11,2,0,139,"{""relativeReattackFactor"":3.181301,""relativeReattackMinDelta"":0.019049,""relativeFluxFactor"":1.4,""spectralNoveltyRatio"":3.06297,""spectralNoveltyMinBins"":28,""cooldownFrames"":4,""confirmedRmsFactor"":1.187904,""confirmedRmsMinDelta"":0.003722,""confirmedFluxFactor"":1.721254,""confirmedMinFlux"":0.016056,""confirmedMinBandRatio"":0.035421,""confirmedSpectralNoveltyMinBins"":23,""cooldownOverrideFactor"":5,""cooldownOverrideMinFlux"":0.007665,""cooldownOverrideMinBandRatio"":0.083006,""analyzeIntervalMs"":42}"
503,r012-0055-12739340,12,-177,1,4,11,2,0,139,"{""relativeReattackFactor"":3.086168,""relativeReattackMinDelta"":0.016306,""relativeFluxFactor"":1.4,""spectralNoveltyRatio"":3.029273,""spectralNoveltyMinBins"":28,""cooldownFrames"":4,""confirmedRmsFactor"":1.231862,""confirmedRmsMinDelta"":0.003087,""confirmedFluxFactor"":1.604206,""confirmedMinFlux"":0.01212,""confirmedMinBandRatio"":0.034671,""confirmedSpectralNoveltyMinBins"":23,""cooldownOverrideFactor"":4.65639,""cooldownOverrideMinFlux"":0.00842,""cooldownOverrideMinBandRatio"":0.089539,""analyzeIntervalMs"":42}"
504,r012-0060-a2bc3c0a,12,-177,1,4,11,2,0,139,"{""relativeReattackFactor"":3.060505,""relativeReattackMinDelta"":0.016967,""relativeFluxFactor"":1.4,""spectralNoveltyRatio"":3.204455,""spectralNoveltyMinBins"":28,""cooldownFrames"":4,""confirmedRmsFactor"":1.204541,""confirmedRmsMinDelta"":0.002885,""confirmedFluxFactor"":1.613265,""confirmedMinFlux"":0.011543,""confirmedMinBandRatio"":0.035144,""confirmedSpectralNoveltyMinBins"":24,""cooldownOverrideFactor"":4.671973,""cooldownOverrideMinFlux"":0.007294,""cooldownOverrideMinBandRatio"":0.088675,""analyzeIntervalMs"":42}"
505,r012-0068-94bb8f5b,12,-177,1,4,11,2,0,139,"{""relativeReattackFactor"":3.184367,""relativeReattackMinDelta"":0.016952,""relativeFluxFactor"":1.4,""spectralNoveltyRatio"":2.891654,""spectralNoveltyMinBins"":28,""cooldownFrames"":4,""confirmedRmsFactor"":1.212351,""confirmedRmsMinDelta"":0.003081,""confirmedFluxFactor"":1.558177,""confirmedMinFlux"":0.012055,""confirmedMinBandRatio"":0.0324,""confirmedSpectralNoveltyMinBins"":25,""cooldownOverrideFactor"":4.895464,""cooldownOverrideMinFlux"":0.00888,""cooldownOverrideMinBandRatio"":0.089009,""analyzeIntervalMs"":42}"
506,r003-0055-6ecb7101,3,-178,2,3,14,2,0,143,"{""relativeReattackFactor"":3.315676,""relativeReattackMinDelta"":0.012117,""relativeFluxFactor"":1.4,""spectralNoveltyRatio"":4.62997,""spectralNoveltyMinBins"":23,""cooldownFrames"":3,""confirmedRmsFactor"":1.794505,""confirmedRmsMinDelta"":0.006234,""confirmedFluxFactor"":2.274084,""confirmedMinFlux"":0.005119,""confirmedMinBandRatio"":0.022178,""confirmedSpectralNoveltyMinBins"":18,""cooldownOverrideFactor"":1.8,""cooldownOverrideMinFlux"":0.021332,""cooldownOverrideMinBandRatio"":0.082276,""analyzeIntervalMs"":45}"
507,r003-0006-b03c79d9,3,-179,1,3,23,1,1,153,"{""relativeReattackFactor"":2.776923,""relativeReattackMinDelta"":0.016859,""relativeFluxFactor"":1.4,""spectralNoveltyRatio"":2.309991,""spectralNoveltyMinBins"":28,""cooldownFrames"":4,""confirmedRmsFactor"":1.266237,""confirmedRmsMinDelta"":0.004159,""confirmedFluxFactor"":1.58555,""confirmedMinFlux"":0.015037,""confirmedMinBandRatio"":0.027898,""confirmedSpectralNoveltyMinBins"":21,""cooldownOverrideFactor"":4.333737,""cooldownOverrideMinFlux"":0.010468,""cooldownOverrideMinBandRatio"":0.080284,""analyzeIntervalMs"":43}"
508,r004-0049-3afdd5ab,4,-179,3,5,11,3,0,136,"{""relativeReattackFactor"":3.338325,""relativeReattackMinDelta"":0.018871,""relativeFluxFactor"":1.525816,""spectralNoveltyRatio"":2.422617,""spectralNoveltyMinBins"":26,""cooldownFrames"":4,""confirmedRmsFactor"":1.523339,""confirmedRmsMinDelta"":0.004248,""confirmedFluxFactor"":1.721168,""confirmedMinFlux"":0.012663,""confirmedMinBandRatio"":0.022353,""confirmedSpectralNoveltyMinBins"":25,""cooldownOverrideFactor"":4.728245,""cooldownOverrideMinFlux"":0.004,""cooldownOverrideMinBandRatio"":0.076259,""analyzeIntervalMs"":46}"
509,r006-0047-7ca8beab,6,-180,2,5,13,3,0,139,"{""relativeReattackFactor"":2.723602,""relativeReattackMinDelta"":0.019419,""relativeFluxFactor"":1.4,""spectralNoveltyRatio"":2.997503,""spectralNoveltyMinBins"":31,""cooldownFrames"":4,""confirmedRmsFactor"":1.337237,""confirmedRmsMinDelta"":0.003429,""confirmedFluxFactor"":1.74974,""confirmedMinFlux"":0.014025,""confirmedMinBandRatio"":0.034344,""confirmedSpectralNoveltyMinBins"":23,""cooldownOverrideFactor"":4.874037,""cooldownOverrideMinFlux"":0.011453,""cooldownOverrideMinBandRatio"":0.079201,""analyzeIntervalMs"":42}"
510,r002-0012-480ab6e5,2,-186,2,3,16,2,0,145,"{""relativeReattackFactor"":3.467474,""relativeReattackMinDelta"":0.013283,""relativeFluxFactor"":1.4,""spectralNoveltyRatio"":4.5032,""spectralNoveltyMinBins"":19,""cooldownFrames"":3,""confirmedRmsFactor"":1.859422,""confirmedRmsMinDelta"":0.006805,""confirmedFluxFactor"":2.210451,""confirmedMinFlux"":0.005754,""confirmedMinBandRatio"":0.026868,""confirmedSpectralNoveltyMinBins"":19,""cooldownOverrideFactor"":1.8,""cooldownOverrideMinFlux"":0.0196,""cooldownOverrideMinBandRatio"":0.079397,""analyzeIntervalMs"":45}"
511,r003-0002-978b25bd,3,-189,2,2,25,1,3,159,"{""relativeReattackFactor"":2.357281,""relativeReattackMinDelta"":0.016635,""relativeFluxFactor"":1.4,""spectralNoveltyRatio"":2.693356,""spectralNoveltyMinBins"":10,""cooldownFrames"":4,""confirmedRmsFactor"":1.497308,""confirmedRmsMinDelta"":0.003426,""confirmedFluxFactor"":1.528423,""confirmedMinFlux"":0.010014,""confirmedMinBandRatio"":0.031898,""confirmedSpectralNoveltyMinBins"":27,""cooldownOverrideFactor"":4.839964,""cooldownOverrideMinFlux"":0.007485,""cooldownOverrideMinBandRatio"":0.083321,""analyzeIntervalMs"":42}"
512,r002-0008-c0f91e42,2,-191,1,3,20,1,2,149,"{""relativeReattackFactor"":3.048819,""relativeReattackMinDelta"":0.015136,""relativeFluxFactor"":1.4,""spectralNoveltyRatio"":4.087526,""spectralNoveltyMinBins"":26,""cooldownFrames"":3,""confirmedRmsFactor"":1.73536,""confirmedRmsMinDelta"":0.006277,""confirmedFluxFactor"":1.36355,""confirmedMinFlux"":0.015955,""confirmedMinBandRatio"":0.041448,""confirmedSpectralNoveltyMinBins"":32,""cooldownOverrideFactor"":4.450088,""cooldownOverrideMinFlux"":0.006611,""cooldownOverrideMinBandRatio"":0.024245,""analyzeIntervalMs"":35}"
513,r005-0021-5ef2fa5f,5,-191,2,3,18,2,0,147,"{""relativeReattackFactor"":3.080828,""relativeReattackMinDelta"":0.017048,""relativeFluxFactor"":1.4,""spectralNoveltyRatio"":2.863476,""spectralNoveltyMinBins"":25,""cooldownFrames"":4,""confirmedRmsFactor"":1.289328,""confirmedRmsMinDelta"":0.002893,""confirmedFluxFactor"":1.571309,""confirmedMinFlux"":0.013846,""confirmedMinBandRatio"":0.035274,""confirmedSpectralNoveltyMinBins"":24,""cooldownOverrideFactor"":4.66412,""cooldownOverrideMinFlux"":0.009462,""cooldownOverrideMinBandRatio"":0.077563,""analyzeIntervalMs"":39}"
514,r005-0045-b61704f5,5,-192,2,3,18,2,0,149,"{""relativeReattackFactor"":2.736188,""relativeReattackMinDelta"":0.01666,""relativeFluxFactor"":1.463884,""spectralNoveltyRatio"":2.181253,""spectralNoveltyMinBins"":19,""cooldownFrames"":4,""confirmedRmsFactor"":1.374812,""confirmedRmsMinDelta"":0.004183,""confirmedFluxFactor"":1.739252,""confirmedMinFlux"":0.014454,""confirmedMinBandRatio"":0.032549,""confirmedSpectralNoveltyMinBins"":25,""cooldownOverrideFactor"":4.859299,""cooldownOverrideMinFlux"":0.01044,""cooldownOverrideMinBandRatio"":0.082641,""analyzeIntervalMs"":40}"
515,r008-0024-62c2e812,8,-192,3,6,8,4,0,133,"{""relativeReattackFactor"":3.104857,""relativeReattackMinDelta"":0.017178,""relativeFluxFactor"":1.55609,""spectralNoveltyRatio"":2.753151,""spectralNoveltyMinBins"":33,""cooldownFrames"":4,""confirmedRmsFactor"":1.198523,""confirmedRmsMinDelta"":0.002898,""confirmedFluxFactor"":1.549604,""confirmedMinFlux"":0.011971,""confirmedMinBandRatio"":0.035474,""confirmedSpectralNoveltyMinBins"":24,""cooldownOverrideFactor"":4.827961,""cooldownOverrideMinFlux"":0.008226,""cooldownOverrideMinBandRatio"":0.086781,""analyzeIntervalMs"":42}"
516,r008-0070-84a47a24,8,-192,3,6,8,4,0,133,"{""relativeReattackFactor"":3.075627,""relativeReattackMinDelta"":0.01751,""relativeFluxFactor"":1.514362,""spectralNoveltyRatio"":3.103615,""spectralNoveltyMinBins"":32,""cooldownFrames"":4,""confirmedRmsFactor"":1.16984,""confirmedRmsMinDelta"":0.003573,""confirmedFluxFactor"":1.485643,""confirmedMinFlux"":0.014975,""confirmedMinBandRatio"":0.036364,""confirmedSpectralNoveltyMinBins"":26,""cooldownOverrideFactor"":4.864732,""cooldownOverrideMinFlux"":0.010624,""cooldownOverrideMinBandRatio"":0.070062,""analyzeIntervalMs"":42}"
517,r010-0003-c3a0a512,10,-192,3,6,8,4,0,133,"{""relativeReattackFactor"":3.2296,""relativeReattackMinDelta"":0.017625,""relativeFluxFactor"":1.503435,""spectralNoveltyRatio"":2.897053,""spectralNoveltyMinBins"":32,""cooldownFrames"":4,""confirmedRmsFactor"":1.180759,""confirmedRmsMinDelta"":0.003481,""confirmedFluxFactor"":1.542998,""confirmedMinFlux"":0.012953,""confirmedMinBandRatio"":0.034114,""confirmedSpectralNoveltyMinBins"":25,""cooldownOverrideFactor"":5,""cooldownOverrideMinFlux"":0.009595,""cooldownOverrideMinBandRatio"":0.087653,""analyzeIntervalMs"":42}"
518,r012-0028-cb15bb9c,12,-192,3,6,8,4,0,133,"{""relativeReattackFactor"":3.157641,""relativeReattackMinDelta"":0.017752,""relativeFluxFactor"":1.506782,""spectralNoveltyRatio"":2.893312,""spectralNoveltyMinBins"":32,""cooldownFrames"":4,""confirmedRmsFactor"":1.220911,""confirmedRmsMinDelta"":0.003167,""confirmedFluxFactor"":1.612989,""confirmedMinFlux"":0.012896,""confirmedMinBandRatio"":0.032305,""confirmedSpectralNoveltyMinBins"":25,""cooldownOverrideFactor"":4.844403,""cooldownOverrideMinFlux"":0.008172,""cooldownOverrideMinBandRatio"":0.088759,""analyzeIntervalMs"":42}"
519,r012-0038-c98bcc69,12,-192,3,6,8,4,0,133,"{""relativeReattackFactor"":3.109981,""relativeReattackMinDelta"":0.016453,""relativeFluxFactor"":1.470485,""spectralNoveltyRatio"":2.921794,""spectralNoveltyMinBins"":31,""cooldownFrames"":4,""confirmedRmsFactor"":1.250481,""confirmedRmsMinDelta"":0.003534,""confirmedFluxFactor"":1.58642,""confirmedMinFlux"":0.012705,""confirmedMinBandRatio"":0.034336,""confirmedSpectralNoveltyMinBins"":24,""cooldownOverrideFactor"":4.902699,""cooldownOverrideMinFlux"":0.009596,""cooldownOverrideMinBandRatio"":0.088408,""analyzeIntervalMs"":42}"
520,r006-0072-31c6a11e,6,-195,3,6,9,4,0,134,"{""relativeReattackFactor"":2.81492,""relativeReattackMinDelta"":0.017398,""relativeFluxFactor"":1.5713,""spectralNoveltyRatio"":2.883571,""spectralNoveltyMinBins"":31,""cooldownFrames"":4,""confirmedRmsFactor"":1.244023,""confirmedRmsMinDelta"":0.003546,""confirmedFluxFactor"":1.656864,""confirmedMinFlux"":0.013485,""confirmedMinBandRatio"":0.032787,""confirmedSpectralNoveltyMinBins"":24,""cooldownOverrideFactor"":4.856973,""cooldownOverrideMinFlux"":0.009635,""cooldownOverrideMinBandRatio"":0.077303,""analyzeIntervalMs"":42}"
521,r006-0016-a19a5a17,6,-198,2,5,9,3,0,136,"{""relativeReattackFactor"":2.943246,""relativeReattackMinDelta"":0.017153,""relativeFluxFactor"":1.492242,""spectralNoveltyRatio"":3.074764,""spectralNoveltyMinBins"":28,""cooldownFrames"":4,""confirmedRmsFactor"":1.244193,""confirmedRmsMinDelta"":0.003797,""confirmedFluxFactor"":1.638892,""confirmedMinFlux"":0.014248,""confirmedMinBandRatio"":0.035795,""confirmedSpectralNoveltyMinBins"":24,""cooldownOverrideFactor"":4.787967,""cooldownOverrideMinFlux"":0.006701,""cooldownOverrideMinBandRatio"":0.082431,""analyzeIntervalMs"":42}"
522,r006-0028-cac53954,6,-198,2,5,9,3,0,136,"{""relativeReattackFactor"":2.844567,""relativeReattackMinDelta"":0.017633,""relativeFluxFactor"":1.490583,""spectralNoveltyRatio"":2.742934,""spectralNoveltyMinBins"":30,""cooldownFrames"":4,""confirmedRmsFactor"":1.226753,""confirmedRmsMinDelta"":0.003615,""confirmedFluxFactor"":1.591011,""confirmedMinFlux"":0.014169,""confirmedMinBandRatio"":0.039049,""confirmedSpectralNoveltyMinBins"":26,""cooldownOverrideFactor"":4.895442,""cooldownOverrideMinFlux"":0.006301,""cooldownOverrideMinBandRatio"":0.084506,""analyzeIntervalMs"":42}"
523,r008-0071-cbbbd975,8,-198,2,5,9,3,0,136,"{""relativeReattackFactor"":3.12556,""relativeReattackMinDelta"":0.020126,""relativeFluxFactor"":1.517227,""spectralNoveltyRatio"":3.016643,""spectralNoveltyMinBins"":29,""cooldownFrames"":4,""confirmedRmsFactor"":1.249498,""confirmedRmsMinDelta"":0.003434,""confirmedFluxFactor"":1.751871,""confirmedMinFlux"":0.015254,""confirmedMinBandRatio"":0.034887,""confirmedSpectralNoveltyMinBins"":24,""cooldownOverrideFactor"":4.813835,""cooldownOverrideMinFlux"":0.007785,""cooldownOverrideMinBandRatio"":0.07878,""analyzeIntervalMs"":42}"
524,r009-0007-7ca14d6d,9,-198,2,5,9,3,0,136,"{""relativeReattackFactor"":3.222804,""relativeReattackMinDelta"":0.019066,""relativeFluxFactor"":1.534693,""spectralNoveltyRatio"":2.944069,""spectralNoveltyMinBins"":28,""cooldownFrames"":4,""confirmedRmsFactor"":1.330853,""confirmedRmsMinDelta"":0.003859,""confirmedFluxFactor"":1.702352,""confirmedMinFlux"":0.015051,""confirmedMinBandRatio"":0.037245,""confirmedSpectralNoveltyMinBins"":25,""cooldownOverrideFactor"":5,""cooldownOverrideMinFlux"":0.008704,""cooldownOverrideMinBandRatio"":0.08449,""analyzeIntervalMs"":42}"
525,r009-0019-95661b0d,9,-198,2,5,9,3,0,136,"{""relativeReattackFactor"":3.22976,""relativeReattackMinDelta"":0.019262,""relativeFluxFactor"":1.536862,""spectralNoveltyRatio"":2.933496,""spectralNoveltyMinBins"":28,""cooldownFrames"":4,""confirmedRmsFactor"":1.157313,""confirmedRmsMinDelta"":0.003216,""confirmedFluxFactor"":1.707438,""confirmedMinFlux"":0.014915,""confirmedMinBandRatio"":0.036599,""confirmedSpectralNoveltyMinBins"":23,""cooldownOverrideFactor"":5,""cooldownOverrideMinFlux"":0.008008,""cooldownOverrideMinBandRatio"":0.082853,""analyzeIntervalMs"":42}"
526,r009-0078-7ccf36fb,9,-198,2,5,9,3,0,136,"{""relativeReattackFactor"":3.294833,""relativeReattackMinDelta"":0.017855,""relativeFluxFactor"":1.479833,""spectralNoveltyRatio"":2.922492,""spectralNoveltyMinBins"":28,""cooldownFrames"":4,""confirmedRmsFactor"":1.243951,""confirmedRmsMinDelta"":0.003155,""confirmedFluxFactor"":1.599658,""confirmedMinFlux"":0.012793,""confirmedMinBandRatio"":0.035619,""confirmedSpectralNoveltyMinBins"":25,""cooldownOverrideFactor"":5,""cooldownOverrideMinFlux"":0.009869,""cooldownOverrideMinBandRatio"":0.085553,""analyzeIntervalMs"":42}"
527,r010-0001-4175d23c,10,-198,2,5,9,3,0,136,"{""relativeReattackFactor"":3.185387,""relativeReattackMinDelta"":0.020279,""relativeFluxFactor"":1.505305,""spectralNoveltyRatio"":3.014628,""spectralNoveltyMinBins"":29,""cooldownFrames"":4,""confirmedRmsFactor"":1.231244,""confirmedRmsMinDelta"":0.003444,""confirmedFluxFactor"":1.684264,""confirmedMinFlux"":0.01561,""confirmedMinBandRatio"":0.035483,""confirmedSpectralNoveltyMinBins"":25,""cooldownOverrideFactor"":4.752233,""cooldownOverrideMinFlux"":0.007637,""cooldownOverrideMinBandRatio"":0.08161,""analyzeIntervalMs"":42}"
528,r010-0047-16094d6b,10,-198,2,5,9,3,0,136,"{""relativeReattackFactor"":3.241743,""relativeReattackMinDelta"":0.019835,""relativeFluxFactor"":1.513389,""spectralNoveltyRatio"":3.000796,""spectralNoveltyMinBins"":28,""cooldownFrames"":4,""confirmedRmsFactor"":1.340622,""confirmedRmsMinDelta"":0.003447,""confirmedFluxFactor"":1.656246,""confirmedMinFlux"":0.015468,""confirmedMinBandRatio"":0.03637,""confirmedSpectralNoveltyMinBins"":24,""cooldownOverrideFactor"":5,""cooldownOverrideMinFlux"":0.009538,""cooldownOverrideMinBandRatio"":0.083602,""analyzeIntervalMs"":42}"
529,r011-0011-5fbfc105,11,-198,2,5,9,3,0,136,"{""relativeReattackFactor"":3.229081,""relativeReattackMinDelta"":0.019321,""relativeFluxFactor"":1.503934,""spectralNoveltyRatio"":2.957312,""spectralNoveltyMinBins"":28,""cooldownFrames"":4,""confirmedRmsFactor"":1.267466,""confirmedRmsMinDelta"":0.003566,""confirmedFluxFactor"":1.684264,""confirmedMinFlux"":0.015204,""confirmedMinBandRatio"":0.035303,""confirmedSpectralNoveltyMinBins"":25,""cooldownOverrideFactor"":4.930444,""cooldownOverrideMinFlux"":0.008835,""cooldownOverrideMinBandRatio"":0.079651,""analyzeIntervalMs"":42}"
530,r011-0058-c11949be,11,-198,2,5,9,3,0,136,"{""relativeReattackFactor"":3.250267,""relativeReattackMinDelta"":0.017146,""relativeFluxFactor"":1.498159,""spectralNoveltyRatio"":2.686969,""spectralNoveltyMinBins"":30,""cooldownFrames"":4,""confirmedRmsFactor"":1.198462,""confirmedRmsMinDelta"":0.003298,""confirmedFluxFactor"":1.618545,""confirmedMinFlux"":0.011997,""confirmedMinBandRatio"":0.035358,""confirmedSpectralNoveltyMinBins"":25,""cooldownOverrideFactor"":4.985207,""cooldownOverrideMinFlux"":0.009784,""cooldownOverrideMinBandRatio"":0.086873,""analyzeIntervalMs"":42}"
531,r004-0066-52bccf1f,4,-202,2,3,15,2,1,148,"{""relativeReattackFactor"":2.667458,""relativeReattackMinDelta"":0.016885,""relativeFluxFactor"":1.561207,""spectralNoveltyRatio"":2.658035,""spectralNoveltyMinBins"":22,""cooldownFrames"":4,""confirmedRmsFactor"":1.234551,""confirmedRmsMinDelta"":0.004632,""confirmedFluxFactor"":1.685997,""confirmedMinFlux"":0.014222,""confirmedMinBandRatio"":0.036004,""confirmedSpectralNoveltyMinBins"":20,""cooldownOverrideFactor"":5,""cooldownOverrideMinFlux"":0.008172,""cooldownOverrideMinBandRatio"":0.087769,""analyzeIntervalMs"":41}"
532,r005-0036-d79f1916,5,-203,1,4,12,2,1,140,"{""relativeReattackFactor"":3.029269,""relativeReattackMinDelta"":0.018341,""relativeFluxFactor"":1.4,""spectralNoveltyRatio"":2.671032,""spectralNoveltyMinBins"":25,""cooldownFrames"":4,""confirmedRmsFactor"":1.315739,""confirmedRmsMinDelta"":0.00308,""confirmedFluxFactor"":1.595966,""confirmedMinFlux"":0.014388,""confirmedMinBandRatio"":0.03588,""confirmedSpectralNoveltyMinBins"":24,""cooldownOverrideFactor"":4.759133,""cooldownOverrideMinFlux"":0.009275,""cooldownOverrideMinBandRatio"":0.075593,""analyzeIntervalMs"":42}"
533,r005-0042-22cc92d5,5,-203,1,4,12,2,1,140,"{""relativeReattackFactor"":2.892088,""relativeReattackMinDelta"":0.016488,""relativeFluxFactor"":1.4,""spectralNoveltyRatio"":2.219788,""spectralNoveltyMinBins"":27,""cooldownFrames"":4,""confirmedRmsFactor"":1.542585,""confirmedRmsMinDelta"":0.004706,""confirmedFluxFactor"":1.705777,""confirmedMinFlux"":0.012409,""confirmedMinBandRatio"":0.036001,""confirmedSpectralNoveltyMinBins"":22,""cooldownOverrideFactor"":4.164924,""cooldownOverrideMinFlux"":0.007708,""cooldownOverrideMinBandRatio"":0.084854,""analyzeIntervalMs"":42}"
534,r005-0056-6316e38d,5,-203,1,4,12,2,1,140,"{""relativeReattackFactor"":2.938707,""relativeReattackMinDelta"":0.017611,""relativeFluxFactor"":1.4,""spectralNoveltyRatio"":2.606998,""spectralNoveltyMinBins"":29,""cooldownFrames"":4,""confirmedRmsFactor"":1.28474,""confirmedRmsMinDelta"":0.003793,""confirmedFluxFactor"":1.573449,""confirmedMinFlux"":0.01517,""confirmedMinBandRatio"":0.037487,""confirmedSpectralNoveltyMinBins"":22,""cooldownOverrideFactor"":4.807728,""cooldownOverrideMinFlux"":0.009271,""cooldownOverrideMinBandRatio"":0.078771,""analyzeIntervalMs"":42}"
535,r005-0061-8b9632ee,5,-203,1,4,12,2,1,140,"{""relativeReattackFactor"":2.848152,""relativeReattackMinDelta"":0.016944,""relativeFluxFactor"":1.4,""spectralNoveltyRatio"":3.08516,""spectralNoveltyMinBins"":24,""cooldownFrames"":4,""confirmedRmsFactor"":1.284603,""confirmedRmsMinDelta"":0.00329,""confirmedFluxFactor"":1.662889,""confirmedMinFlux"":0.013699,""confirmedMinBandRatio"":0.033985,""confirmedSpectralNoveltyMinBins"":21,""cooldownOverrideFactor"":5,""cooldownOverrideMinFlux"":0.007987,""cooldownOverrideMinBandRatio"":0.082346,""analyzeIntervalMs"":42}"
536,r006-0013-f79a4be7,6,-203,1,4,12,2,1,140,"{""relativeReattackFactor"":2.990497,""relativeReattackMinDelta"":0.018547,""relativeFluxFactor"":1.4,""spectralNoveltyRatio"":2.561754,""spectralNoveltyMinBins"":28,""cooldownFrames"":4,""confirmedRmsFactor"":1.295448,""confirmedRmsMinDelta"":0.003808,""confirmedFluxFactor"":1.537806,""confirmedMinFlux"":0.015663,""confirmedMinBandRatio"":0.036011,""confirmedSpectralNoveltyMinBins"":23,""cooldownOverrideFactor"":4.932734,""cooldownOverrideMinFlux"":0.006082,""cooldownOverrideMinBandRatio"":0.084239,""analyzeIntervalMs"":42}"
537,r006-0015-4621be1c,6,-203,1,4,12,2,1,140,"{""relativeReattackFactor"":3.076943,""relativeReattackMinDelta"":0.018066,""relativeFluxFactor"":1.4,""spectralNoveltyRatio"":3.006414,""spectralNoveltyMinBins"":25,""cooldownFrames"":4,""confirmedRmsFactor"":1.238904,""confirmedRmsMinDelta"":0.004011,""confirmedFluxFactor"":1.699083,""confirmedMinFlux"":0.014131,""confirmedMinBandRatio"":0.038787,""confirmedSpectralNoveltyMinBins"":23,""cooldownOverrideFactor"":5,""cooldownOverrideMinFlux"":0.007821,""cooldownOverrideMinBandRatio"":0.075645,""analyzeIntervalMs"":42}"
538,r006-0018-5760fbe3,6,-203,1,4,12,2,1,140,"{""relativeReattackFactor"":3.008077,""relativeReattackMinDelta"":0.017949,""relativeFluxFactor"":1.4,""spectralNoveltyRatio"":2.625521,""spectralNoveltyMinBins"":25,""cooldownFrames"":4,""confirmedRmsFactor"":1.277216,""confirmedRmsMinDelta"":0.00436,""confirmedFluxFactor"":1.617823,""confirmedMinFlux"":0.014848,""confirmedMinBandRatio"":0.037372,""confirmedSpectralNoveltyMinBins"":25,""cooldownOverrideFactor"":5,""cooldownOverrideMinFlux"":0.00742,""cooldownOverrideMinBandRatio"":0.081748,""analyzeIntervalMs"":42}"
539,r006-0033-d11d0c69,6,-203,1,4,12,2,1,140,"{""relativeReattackFactor"":2.846151,""relativeReattackMinDelta"":0.017447,""relativeFluxFactor"":1.4,""spectralNoveltyRatio"":2.928863,""spectralNoveltyMinBins"":26,""cooldownFrames"":4,""confirmedRmsFactor"":1.271515,""confirmedRmsMinDelta"":0.003424,""confirmedFluxFactor"":1.624928,""confirmedMinFlux"":0.015993,""confirmedMinBandRatio"":0.036378,""confirmedSpectralNoveltyMinBins"":26,""cooldownOverrideFactor"":5,""cooldownOverrideMinFlux"":0.008379,""cooldownOverrideMinBandRatio"":0.07819,""analyzeIntervalMs"":42}"
540,r006-0044-f48b8353,6,-203,1,4,12,2,1,140,"{""relativeReattackFactor"":3.12142,""relativeReattackMinDelta"":0.017301,""relativeFluxFactor"":1.4,""spectralNoveltyRatio"":2.688719,""spectralNoveltyMinBins"":27,""cooldownFrames"":4,""confirmedRmsFactor"":1.15,""confirmedRmsMinDelta"":0.003036,""confirmedFluxFactor"":1.548315,""confirmedMinFlux"":0.013508,""confirmedMinBandRatio"":0.035533,""confirmedSpectralNoveltyMinBins"":24,""cooldownOverrideFactor"":5,""cooldownOverrideMinFlux"":0.011698,""cooldownOverrideMinBandRatio"":0.073513,""analyzeIntervalMs"":42}"
541,r006-0062-18873d2c,6,-203,1,4,12,2,1,140,"{""relativeReattackFactor"":2.902479,""relativeReattackMinDelta"":0.019285,""relativeFluxFactor"":1.4,""spectralNoveltyRatio"":3.102647,""spectralNoveltyMinBins"":27,""cooldownFrames"":4,""confirmedRmsFactor"":1.2388,""confirmedRmsMinDelta"":0.00308,""confirmedFluxFactor"":1.702215,""confirmedMinFlux"":0.013217,""confirmedMinBandRatio"":0.036016,""confirmedSpectralNoveltyMinBins"":22,""cooldownOverrideFactor"":4.665388,""cooldownOverrideMinFlux"":0.010459,""cooldownOverrideMinBandRatio"":0.079553,""analyzeIntervalMs"":42}"
542,r006-0069-8cab26f6,6,-203,1,4,12,2,1,140,"{""relativeReattackFactor"":3.130916,""relativeReattackMinDelta"":0.017649,""relativeFluxFactor"":1.4,""spectralNoveltyRatio"":2.89561,""spectralNoveltyMinBins"":25,""cooldownFrames"":4,""confirmedRmsFactor"":1.153837,""confirmedRmsMinDelta"":0.003328,""confirmedFluxFactor"":1.550828,""confirmedMinFlux"":0.013986,""confirmedMinBandRatio"":0.037875,""confirmedSpectralNoveltyMinBins"":26,""cooldownOverrideFactor"":5,""cooldownOverrideMinFlux"":0.011018,""cooldownOverrideMinBandRatio"":0.078312,""analyzeIntervalMs"":42}"
543,r007-0022-0533ba48,7,-203,1,4,12,2,1,140,"{""relativeReattackFactor"":2.888955,""relativeReattackMinDelta"":0.016963,""relativeFluxFactor"":1.4,""spectralNoveltyRatio"":2.96318,""spectralNoveltyMinBins"":26,""cooldownFrames"":4,""confirmedRmsFactor"":1.289511,""confirmedRmsMinDelta"":0.003523,""confirmedFluxFactor"":1.5293,""confirmedMinFlux"":0.014841,""confirmedMinBandRatio"":0.032547,""confirmedSpectralNoveltyMinBins"":23,""cooldownOverrideFactor"":4.894461,""cooldownOverrideMinFlux"":0.007996,""cooldownOverrideMinBandRatio"":0.080157,""analyzeIntervalMs"":42}"
544,r007-0033-2f8ae355,7,-203,1,4,12,2,1,140,"{""relativeReattackFactor"":3.021394,""relativeReattackMinDelta"":0.016407,""relativeFluxFactor"":1.4,""spectralNoveltyRatio"":2.677371,""spectralNoveltyMinBins"":29,""cooldownFrames"":4,""confirmedRmsFactor"":1.269786,""confirmedRmsMinDelta"":0.002938,""confirmedFluxFactor"":1.460631,""confirmedMinFlux"":0.013861,""confirmedMinBandRatio"":0.03181,""confirmedSpectralNoveltyMinBins"":23,""cooldownOverrideFactor"":4.94752,""cooldownOverrideMinFlux"":0.009163,""cooldownOverrideMinBandRatio"":0.087556,""analyzeIntervalMs"":42}"
545,r007-0041-97809641,7,-203,1,4,12,2,1,140,"{""relativeReattackFactor"":3.193867,""relativeReattackMinDelta"":0.017396,""relativeFluxFactor"":1.4,""spectralNoveltyRatio"":2.654774,""spectralNoveltyMinBins"":26,""cooldownFrames"":4,""confirmedRmsFactor"":1.173374,""confirmedRmsMinDelta"":0.003417,""confirmedFluxFactor"":1.44988,""confirmedMinFlux"":0.014133,""confirmedMinBandRatio"":0.034253,""confirmedSpectralNoveltyMinBins"":26,""cooldownOverrideFactor"":4.772033,""cooldownOverrideMinFlux"":0.009886,""cooldownOverrideMinBandRatio"":0.077665,""analyzeIntervalMs"":42}"
546,r007-0044-94f08c4d,7,-203,1,4,12,2,1,140,"{""relativeReattackFactor"":3.015726,""relativeReattackMinDelta"":0.01885,""relativeFluxFactor"":1.4,""spectralNoveltyRatio"":3.089499,""spectralNoveltyMinBins"":24,""cooldownFrames"":4,""confirmedRmsFactor"":1.278744,""confirmedRmsMinDelta"":0.003563,""confirmedFluxFactor"":1.772109,""confirmedMinFlux"":0.015571,""confirmedMinBandRatio"":0.038965,""confirmedSpectralNoveltyMinBins"":23,""cooldownOverrideFactor"":5,""cooldownOverrideMinFlux"":0.007991,""cooldownOverrideMinBandRatio"":0.079524,""analyzeIntervalMs"":42}"
547,r007-0048-665e806d,7,-203,1,4,12,2,1,140,"{""relativeReattackFactor"":2.944761,""relativeReattackMinDelta"":0.016488,""relativeFluxFactor"":1.408928,""spectralNoveltyRatio"":2.621703,""spectralNoveltyMinBins"":28,""cooldownFrames"":4,""confirmedRmsFactor"":1.230229,""confirmedRmsMinDelta"":0.003153,""confirmedFluxFactor"":1.487472,""confirmedMinFlux"":0.012656,""confirmedMinBandRatio"":0.03258,""confirmedSpectralNoveltyMinBins"":22,""cooldownOverrideFactor"":4.790323,""cooldownOverrideMinFlux"":0.009567,""cooldownOverrideMinBandRatio"":0.082005,""analyzeIntervalMs"":42}"
548,r007-0052-29630fc8,7,-203,1,4,12,2,1,140,"{""relativeReattackFactor"":3.086885,""relativeReattackMinDelta"":0.016485,""relativeFluxFactor"":1.4,""spectralNoveltyRatio"":2.983456,""spectralNoveltyMinBins"":25,""cooldownFrames"":4,""confirmedRmsFactor"":1.263082,""confirmedRmsMinDelta"":0.003595,""confirmedFluxFactor"":1.562394,""confirmedMinFlux"":0.014552,""confirmedMinBandRatio"":0.036419,""confirmedSpectralNoveltyMinBins"":23,""cooldownOverrideFactor"":4.768886,""cooldownOverrideMinFlux"":0.008892,""cooldownOverrideMinBandRatio"":0.079228,""analyzeIntervalMs"":42}"
549,r007-0055-bb3467a5,7,-203,1,4,12,2,1,140,"{""relativeReattackFactor"":2.851769,""relativeReattackMinDelta"":0.01763,""relativeFluxFactor"":1.4,""spectralNoveltyRatio"":2.778235,""spectralNoveltyMinBins"":28,""cooldownFrames"":4,""confirmedRmsFactor"":1.15,""confirmedRmsMinDelta"":0.003617,""confirmedFluxFactor"":1.532197,""confirmedMinFlux"":0.015014,""confirmedMinBandRatio"":0.03591,""confirmedSpectralNoveltyMinBins"":24,""cooldownOverrideFactor"":4.968088,""cooldownOverrideMinFlux"":0.0107,""cooldownOverrideMinBandRatio"":0.073801,""analyzeIntervalMs"":42}"
550,r007-0069-9e117d2d,7,-203,1,4,12,2,1,140,"{""relativeReattackFactor"":3.01548,""relativeReattackMinDelta"":0.019835,""relativeFluxFactor"":1.4,""spectralNoveltyRatio"":3.208574,""spectralNoveltyMinBins"":27,""cooldownFrames"":4,""confirmedRmsFactor"":1.325343,""confirmedRmsMinDelta"":0.00355,""confirmedFluxFactor"":1.769013,""confirmedMinFlux"":0.014999,""confirmedMinBandRatio"":0.038373,""confirmedSpectralNoveltyMinBins"":24,""cooldownOverrideFactor"":5,""cooldownOverrideMinFlux"":0.010117,""cooldownOverrideMinBandRatio"":0.083822,""analyzeIntervalMs"":42}"
551,r007-0071-55b1fff2,7,-203,1,4,12,2,1,140,"{""relativeReattackFactor"":3.250417,""relativeReattackMinDelta"":0.016643,""relativeFluxFactor"":1.4,""spectralNoveltyRatio"":2.661716,""spectralNoveltyMinBins"":26,""cooldownFrames"":4,""confirmedRmsFactor"":1.183781,""confirmedRmsMinDelta"":0.003485,""confirmedFluxFactor"":1.559441,""confirmedMinFlux"":0.013855,""confirmedMinBandRatio"":0.033206,""confirmedSpectralNoveltyMinBins"":27,""cooldownOverrideFactor"":4.716059,""cooldownOverrideMinFlux"":0.010486,""cooldownOverrideMinBandRatio"":0.075785,""analyzeIntervalMs"":42}"
552,r007-0076-9b8f5f55,7,-203,1,4,12,2,1,140,"{""relativeReattackFactor"":3.096395,""relativeReattackMinDelta"":0.016348,""relativeFluxFactor"":1.4,""spectralNoveltyRatio"":2.634901,""spectralNoveltyMinBins"":26,""cooldownFrames"":4,""confirmedRmsFactor"":1.15,""confirmedRmsMinDelta"":0.002874,""confirmedFluxFactor"":1.522532,""confirmedMinFlux"":0.012929,""confirmedMinBandRatio"":0.033595,""confirmedSpectralNoveltyMinBins"":26,""cooldownOverrideFactor"":4.790001,""cooldownOverrideMinFlux"":0.010743,""cooldownOverrideMinBandRatio"":0.072029,""analyzeIntervalMs"":42}"
553,r008-0003-c96a5d0b,8,-203,1,4,12,2,1,140,"{""relativeReattackFactor"":3.21387,""relativeReattackMinDelta"":0.01996,""relativeFluxFactor"":1.4,""spectralNoveltyRatio"":2.993721,""spectralNoveltyMinBins"":25,""cooldownFrames"":4,""confirmedRmsFactor"":1.2981,""confirmedRmsMinDelta"":0.003409,""confirmedFluxFactor"":1.710156,""confirmedMinFlux"":0.015433,""confirmedMinBandRatio"":0.04014,""confirmedSpectralNoveltyMinBins"":25,""cooldownOverrideFactor"":5,""cooldownOverrideMinFlux"":0.009444,""cooldownOverrideMinBandRatio"":0.084443,""analyzeIntervalMs"":42}"
554,r008-0007-8195b6f5,8,-203,1,4,12,2,1,140,"{""relativeReattackFactor"":3.290976,""relativeReattackMinDelta"":0.017661,""relativeFluxFactor"":1.4,""spectralNoveltyRatio"":2.699109,""spectralNoveltyMinBins"":27,""cooldownFrames"":4,""confirmedRmsFactor"":1.15,""confirmedRmsMinDelta"":0.00274,""confirmedFluxFactor"":1.543362,""confirmedMinFlux"":0.013264,""confirmedMinBandRatio"":0.03593,""confirmedSpectralNoveltyMinBins"":27,""cooldownOverrideFactor"":4.928963,""cooldownOverrideMinFlux"":0.011751,""cooldownOverrideMinBandRatio"":0.076824,""analyzeIntervalMs"":42}"
555,r008-0012-53453c72,8,-203,1,4,12,2,1,140,"{""relativeReattackFactor"":3.263537,""relativeReattackMinDelta"":0.017907,""relativeFluxFactor"":1.4,""spectralNoveltyRatio"":2.735662,""spectralNoveltyMinBins"":26,""cooldownFrames"":4,""confirmedRmsFactor"":1.15,""confirmedRmsMinDelta"":0.003214,""confirmedFluxFactor"":1.460876,""confirmedMinFlux"":0.013264,""confirmedMinBandRatio"":0.033014,""confirmedSpectralNoveltyMinBins"":25,""cooldownOverrideFactor"":4.717884,""cooldownOverrideMinFlux"":0.011145,""cooldownOverrideMinBandRatio"":0.075315,""analyzeIntervalMs"":42}"
556,r008-0036-d9d1cdbb,8,-203,1,4,12,2,1,140,"{""relativeReattackFactor"":3.244903,""relativeReattackMinDelta"":0.018876,""relativeFluxFactor"":1.412272,""spectralNoveltyRatio"":2.817054,""spectralNoveltyMinBins"":27,""cooldownFrames"":4,""confirmedRmsFactor"":1.217223,""confirmedRmsMinDelta"":0.003388,""confirmedFluxFactor"":1.758768,""confirmedMinFlux"":0.015771,""confirmedMinBandRatio"":0.038017,""confirmedSpectralNoveltyMinBins"":25,""cooldownOverrideFactor"":4.8089,""cooldownOverrideMinFlux"":0.008688,""cooldownOverrideMinBandRatio"":0.07806,""analyzeIntervalMs"":42}"
557,r009-0009-a72f6e6f,9,-203,1,4,12,2,1,140,"{""relativeReattackFactor"":3.225662,""relativeReattackMinDelta"":0.019038,""relativeFluxFactor"":1.4,""spectralNoveltyRatio"":2.944761,""spectralNoveltyMinBins"":27,""cooldownFrames"":4,""confirmedRmsFactor"":1.171086,""confirmedRmsMinDelta"":0.003567,""confirmedFluxFactor"":1.670708,""confirmedMinFlux"":0.015351,""confirmedMinBandRatio"":0.036789,""confirmedSpectralNoveltyMinBins"":23,""cooldownOverrideFactor"":5,""cooldownOverrideMinFlux"":0.008158,""cooldownOverrideMinBandRatio"":0.080586,""analyzeIntervalMs"":42}"
558,r009-0018-3cfa4953,9,-203,1,4,12,2,1,140,"{""relativeReattackFactor"":3.101862,""relativeReattackMinDelta"":0.016915,""relativeFluxFactor"":1.4,""spectralNoveltyRatio"":2.642975,""spectralNoveltyMinBins"":29,""cooldownFrames"":4,""confirmedRmsFactor"":1.249122,""confirmedRmsMinDelta"":0.002961,""confirmedFluxFactor"":1.603159,""confirmedMinFlux"":0.01193,""confirmedMinBandRatio"":0.035008,""confirmedSpectralNoveltyMinBins"":26,""cooldownOverrideFactor"":4.98673,""cooldownOverrideMinFlux"":0.009861,""cooldownOverrideMinBandRatio"":0.08556,""analyzeIntervalMs"":42}"
559,r009-0026-75795753,9,-203,1,4,12,2,1,140,"{""relativeReattackFactor"":3.17241,""relativeReattackMinDelta"":0.020418,""relativeFluxFactor"":1.4,""spectralNoveltyRatio"":2.904665,""spectralNoveltyMinBins"":26,""cooldownFrames"":4,""confirmedRmsFactor"":1.215288,""confirmedRmsMinDelta"":0.00357,""confirmedFluxFactor"":1.741847,""confirmedMinFlux"":0.015478,""confirmedMinBandRatio"":0.035639,""confirmedSpectralNoveltyMinBins"":25,""cooldownOverrideFactor"":4.963711,""cooldownOverrideMinFlux"":0.008501,""cooldownOverrideMinBandRatio"":0.079303,""analyzeIntervalMs"":42}"
560,r009-0044-f286fd56,9,-203,1,4,12,2,1,140,"{""relativeReattackFactor"":3.15934,""relativeReattackMinDelta"":0.018661,""relativeFluxFactor"":1.405958,""spectralNoveltyRatio"":3.104646,""spectralNoveltyMinBins"":27,""cooldownFrames"":4,""confirmedRmsFactor"":1.168827,""confirmedRmsMinDelta"":0.003726,""confirmedFluxFactor"":1.656762,""confirmedMinFlux"":0.015689,""confirmedMinBandRatio"":0.035652,""confirmedSpectralNoveltyMinBins"":23,""cooldownOverrideFactor"":4.855729,""cooldownOverrideMinFlux"":0.007737,""cooldownOverrideMinBandRatio"":0.078725,""analyzeIntervalMs"":42}"
561,r009-0066-9f788a59,9,-203,1,4,12,2,1,140,"{""relativeReattackFactor"":3.162263,""relativeReattackMinDelta"":0.018984,""relativeFluxFactor"":1.4,""spectralNoveltyRatio"":2.808633,""spectralNoveltyMinBins"":28,""cooldownFrames"":4,""confirmedRmsFactor"":1.250011,""confirmedRmsMinDelta"":0.003465,""confirmedFluxFactor"":1.762344,""confirmedMinFlux"":0.014815,""confirmedMinBandRatio"":0.036745,""confirmedSpectralNoveltyMinBins"":24,""cooldownOverrideFactor"":4.784563,""cooldownOverrideMinFlux"":0.008591,""cooldownOverrideMinBandRatio"":0.081986,""analyzeIntervalMs"":42}"
562,r010-0012-1c9a66d4,10,-203,1,4,12,2,1,140,"{""relativeReattackFactor"":3.198342,""relativeReattackMinDelta"":0.018672,""relativeFluxFactor"":1.4,""spectralNoveltyRatio"":2.977662,""spectralNoveltyMinBins"":25,""cooldownFrames"":4,""confirmedRmsFactor"":1.316969,""confirmedRmsMinDelta"":0.004031,""confirmedFluxFactor"":1.704485,""confirmedMinFlux"":0.014917,""confirmedMinBandRatio"":0.039216,""confirmedSpectralNoveltyMinBins"":24,""cooldownOverrideFactor"":4.914974,""cooldownOverrideMinFlux"":0.008537,""cooldownOverrideMinBandRatio"":0.086168,""analyzeIntervalMs"":42}"
563,r010-0016-0e8ba46a,10,-203,1,4,12,2,1,140,"{""relativeReattackFactor"":3.321932,""relativeReattackMinDelta"":0.018913,""relativeFluxFactor"":1.4,""spectralNoveltyRatio"":3.124151,""spectralNoveltyMinBins"":27,""cooldownFrames"":4,""confirmedRmsFactor"":1.223875,""confirmedRmsMinDelta"":0.003821,""confirmedFluxFactor"":1.768969,""confirmedMinFlux"":0.015531,""confirmedMinBandRatio"":0.036932,""confirmedSpectralNoveltyMinBins"":25,""cooldownOverrideFactor"":4.948951,""cooldownOverrideMinFlux"":0.009216,""cooldownOverrideMinBandRatio"":0.081785,""analyzeIntervalMs"":42}"
564,r010-0068-47fe4287,10,-203,1,4,12,2,1,140,"{""relativeReattackFactor"":3.299043,""relativeReattackMinDelta"":0.016388,""relativeFluxFactor"":1.4,""spectralNoveltyRatio"":2.802128,""spectralNoveltyMinBins"":28,""cooldownFrames"":4,""confirmedRmsFactor"":1.214798,""confirmedRmsMinDelta"":0.003048,""confirmedFluxFactor"":1.616026,""confirmedMinFlux"":0.012612,""confirmedMinBandRatio"":0.03459,""confirmedSpectralNoveltyMinBins"":25,""cooldownOverrideFactor"":5,""cooldownOverrideMinFlux"":0.00989,""cooldownOverrideMinBandRatio"":0.089855,""analyzeIntervalMs"":42}"
565,r010-0069-1d477cea,10,-203,1,4,12,2,1,140,"{""relativeReattackFactor"":3.160983,""relativeReattackMinDelta"":0.019691,""relativeFluxFactor"":1.4,""spectralNoveltyRatio"":2.924959,""spectralNoveltyMinBins"":27,""cooldownFrames"":4,""confirmedRmsFactor"":1.188237,""confirmedRmsMinDelta"":0.003711,""confirmedFluxFactor"":1.655634,""confirmedMinFlux"":0.015932,""confirmedMinBandRatio"":0.035984,""confirmedSpectralNoveltyMinBins"":25,""cooldownOverrideFactor"":4.932253,""cooldownOverrideMinFlux"":0.007331,""cooldownOverrideMinBandRatio"":0.08213,""analyzeIntervalMs"":42}"
566,r011-0022-2c68c133,11,-203,1,4,12,2,1,140,"{""relativeReattackFactor"":3.246036,""relativeReattackMinDelta"":0.01908,""relativeFluxFactor"":1.401775,""spectralNoveltyRatio"":3.035789,""spectralNoveltyMinBins"":25,""cooldownFrames"":4,""confirmedRmsFactor"":1.290943,""confirmedRmsMinDelta"":0.003425,""confirmedFluxFactor"":1.687531,""confirmedMinFlux"":0.015456,""confirmedMinBandRatio"":0.038824,""confirmedSpectralNoveltyMinBins"":26,""cooldownOverrideFactor"":5,""cooldownOverrideMinFlux"":0.010159,""cooldownOverrideMinBandRatio"":0.088567,""analyzeIntervalMs"":42}"
567,r011-0023-00002671,11,-203,1,4,12,2,1,140,"{""relativeReattackFactor"":3.184851,""relativeReattackMinDelta"":0.016406,""relativeFluxFactor"":1.4,""spectralNoveltyRatio"":2.788341,""spectralNoveltyMinBins"":28,""cooldownFrames"":4,""confirmedRmsFactor"":1.247635,""confirmedRmsMinDelta"":0.003446,""confirmedFluxFactor"":1.585102,""confirmedMinFlux"":0.012978,""confirmedMinBandRatio"":0.035136,""confirmedSpectralNoveltyMinBins"":25,""cooldownOverrideFactor"":5,""cooldownOverrideMinFlux"":0.00884,""cooldownOverrideMinBandRatio"":0.086981,""analyzeIntervalMs"":42}"
568,r011-0026-f307244d,11,-203,1,4,12,2,1,140,"{""relativeReattackFactor"":3.233239,""relativeReattackMinDelta"":0.019053,""relativeFluxFactor"":1.4,""spectralNoveltyRatio"":3.078217,""spectralNoveltyMinBins"":27,""cooldownFrames"":4,""confirmedRmsFactor"":1.255641,""confirmedRmsMinDelta"":0.003766,""confirmedFluxFactor"":1.733096,""confirmedMinFlux"":0.015232,""confirmedMinBandRatio"":0.037479,""confirmedSpectralNoveltyMinBins"":26,""cooldownOverrideFactor"":4.813455,""cooldownOverrideMinFlux"":0.007339,""cooldownOverrideMinBandRatio"":0.078568,""analyzeIntervalMs"":42}"
569,r011-0031-923cda69,11,-203,1,4,12,2,1,140,"{""relativeReattackFactor"":3.158494,""relativeReattackMinDelta"":0.019091,""relativeFluxFactor"":1.413713,""spectralNoveltyRatio"":2.799827,""spectralNoveltyMinBins"":26,""cooldownFrames"":4,""confirmedRmsFactor"":1.236926,""confirmedRmsMinDelta"":0.003413,""confirmedFluxFactor"":1.698052,""confirmedMinFlux"":0.015102,""confirmedMinBandRatio"":0.03747,""confirmedSpectralNoveltyMinBins"":24,""cooldownOverrideFactor"":4.836092,""cooldownOverrideMinFlux"":0.007634,""cooldownOverrideMinBandRatio"":0.080828,""analyzeIntervalMs"":42}"
570,r011-0032-ddcf5a75,11,-203,1,4,12,2,1,140,"{""relativeReattackFactor"":3.25236,""relativeReattackMinDelta"":0.01983,""relativeFluxFactor"":1.4,""spectralNoveltyRatio"":2.959569,""spectralNoveltyMinBins"":26,""cooldownFrames"":4,""confirmedRmsFactor"":1.317331,""confirmedRmsMinDelta"":0.003974,""confirmedFluxFactor"":1.689361,""confirmedMinFlux"":0.014971,""confirmedMinBandRatio"":0.037428,""confirmedSpectralNoveltyMinBins"":25,""cooldownOverrideFactor"":4.992398,""cooldownOverrideMinFlux"":0.009821,""cooldownOverrideMinBandRatio"":0.085739,""analyzeIntervalMs"":42}"
571,r011-0071-4c52ab3c,11,-203,1,4,12,2,1,140,"{""relativeReattackFactor"":3.161183,""relativeReattackMinDelta"":0.020407,""relativeFluxFactor"":1.4,""spectralNoveltyRatio"":3.048544,""spectralNoveltyMinBins"":25,""cooldownFrames"":4,""confirmedRmsFactor"":1.219046,""confirmedRmsMinDelta"":0.003358,""confirmedFluxFactor"":1.740366,""confirmedMinFlux"":0.01469,""confirmedMinBandRatio"":0.035512,""confirmedSpectralNoveltyMinBins"":25,""cooldownOverrideFactor"":4.980904,""cooldownOverrideMinFlux"":0.008743,""cooldownOverrideMinBandRatio"":0.082954,""analyzeIntervalMs"":42}"
572,r012-0031-193cea68,12,-203,1,4,12,2,1,140,"{""relativeReattackFactor"":3.150707,""relativeReattackMinDelta"":0.019882,""relativeFluxFactor"":1.4,""spectralNoveltyRatio"":2.966507,""spectralNoveltyMinBins"":26,""cooldownFrames"":4,""confirmedRmsFactor"":1.235214,""confirmedRmsMinDelta"":0.003672,""confirmedFluxFactor"":1.768048,""confirmedMinFlux"":0.015571,""confirmedMinBandRatio"":0.035999,""confirmedSpectralNoveltyMinBins"":26,""cooldownOverrideFactor"":4.808752,""cooldownOverrideMinFlux"":0.009027,""cooldownOverrideMinBandRatio"":0.080186,""analyzeIntervalMs"":42}"
573,r012-0061-93c7bdfd,12,-203,1,4,12,2,1,140,"{""relativeReattackFactor"":3.245594,""relativeReattackMinDelta"":0.019399,""relativeFluxFactor"":1.409617,""spectralNoveltyRatio"":2.90545,""spectralNoveltyMinBins"":25,""cooldownFrames"":4,""confirmedRmsFactor"":1.237137,""confirmedRmsMinDelta"":0.003429,""confirmedFluxFactor"":1.673973,""confirmedMinFlux"":0.014619,""confirmedMinBandRatio"":0.037324,""confirmedSpectralNoveltyMinBins"":25,""cooldownOverrideFactor"":4.83041,""cooldownOverrideMinFlux"":0.009082,""cooldownOverrideMinBandRatio"":0.083403,""analyzeIntervalMs"":42}"
574,r012-0069-f7686ab5,12,-203,1,4,12,2,1,140,"{""relativeReattackFactor"":3.192829,""relativeReattackMinDelta"":0.019518,""relativeFluxFactor"":1.4,""spectralNoveltyRatio"":3.054339,""spectralNoveltyMinBins"":27,""cooldownFrames"":4,""confirmedRmsFactor"":1.206219,""confirmedRmsMinDelta"":0.00328,""confirmedFluxFactor"":1.732652,""confirmedMinFlux"":0.015639,""confirmedMinBandRatio"":0.037141,""confirmedSpectralNoveltyMinBins"":24,""cooldownOverrideFactor"":4.935063,""cooldownOverrideMinFlux"":0.007791,""cooldownOverrideMinBandRatio"":0.080275,""analyzeIntervalMs"":42}"
575,r012-0071-2579e902,12,-203,1,4,12,2,1,140,"{""relativeReattackFactor"":3.243256,""relativeReattackMinDelta"":0.019698,""relativeFluxFactor"":1.4,""spectralNoveltyRatio"":2.816247,""spectralNoveltyMinBins"":26,""cooldownFrames"":4,""confirmedRmsFactor"":1.229441,""confirmedRmsMinDelta"":0.003974,""confirmedFluxFactor"":1.6682,""confirmedMinFlux"":0.015009,""confirmedMinBandRatio"":0.036085,""confirmedSpectralNoveltyMinBins"":24,""cooldownOverrideFactor"":4.860371,""cooldownOverrideMinFlux"":0.007733,""cooldownOverrideMinBandRatio"":0.082561,""analyzeIntervalMs"":42}"
576,r012-0078-53a455b7,12,-203,1,4,12,2,1,140,"{""relativeReattackFactor"":3.171531,""relativeReattackMinDelta"":0.017537,""relativeFluxFactor"":1.4,""spectralNoveltyRatio"":2.72596,""spectralNoveltyMinBins"":29,""cooldownFrames"":4,""confirmedRmsFactor"":1.224508,""confirmedRmsMinDelta"":0.00335,""confirmedFluxFactor"":1.570494,""confirmedMinFlux"":0.012971,""confirmedMinBandRatio"":0.033036,""confirmedSpectralNoveltyMinBins"":26,""cooldownOverrideFactor"":4.956854,""cooldownOverrideMinFlux"":0.009382,""cooldownOverrideMinBandRatio"":0.089059,""analyzeIntervalMs"":42}"
577,r006-0048-7b786384,6,-204,2,5,11,3,0,138,"{""relativeReattackFactor"":2.794656,""relativeReattackMinDelta"":0.019479,""relativeFluxFactor"":1.476922,""spectralNoveltyRatio"":2.903496,""spectralNoveltyMinBins"":28,""cooldownFrames"":4,""confirmedRmsFactor"":1.265158,""confirmedRmsMinDelta"":0.003505,""confirmedFluxFactor"":1.641962,""confirmedMinFlux"":0.014501,""confirmedMinBandRatio"":0.035868,""confirmedSpectralNoveltyMinBins"":26,""cooldownOverrideFactor"":5,""cooldownOverrideMinFlux"":0.006365,""cooldownOverrideMinBandRatio"":0.082128,""analyzeIntervalMs"":42}"
578,r009-0014-795aa8bd,9,-205,2,5,8,3,0,135,"{""relativeReattackFactor"":3.300485,""relativeReattackMinDelta"":0.018779,""relativeFluxFactor"":1.43262,""spectralNoveltyRatio"":2.996321,""spectralNoveltyMinBins"":31,""cooldownFrames"":4,""confirmedRmsFactor"":1.185703,""confirmedRmsMinDelta"":0.003887,""confirmedFluxFactor"":1.744745,""confirmedMinFlux"":0.015565,""confirmedMinBandRatio"":0.03806,""confirmedSpectralNoveltyMinBins"":25,""cooldownOverrideFactor"":5,""cooldownOverrideMinFlux"":0.009151,""cooldownOverrideMinBandRatio"":0.082376,""analyzeIntervalMs"":40}"
579,r006-0007-c5f961d4,6,-206,1,4,13,2,1,141,"{""relativeReattackFactor"":2.817483,""relativeReattackMinDelta"":0.018469,""relativeFluxFactor"":1.4,""spectralNoveltyRatio"":2.836481,""spectralNoveltyMinBins"":28,""cooldownFrames"":4,""confirmedRmsFactor"":1.343179,""confirmedRmsMinDelta"":0.003574,""confirmedFluxFactor"":1.737956,""confirmedMinFlux"":0.014775,""confirmedMinBandRatio"":0.034062,""confirmedSpectralNoveltyMinBins"":24,""cooldownOverrideFactor"":4.832267,""cooldownOverrideMinFlux"":0.011006,""cooldownOverrideMinBandRatio"":0.074724,""analyzeIntervalMs"":42}"
580,r004-0053-0380db78,4,-211,2,3,18,2,1,149,"{""relativeReattackFactor"":2.461497,""relativeReattackMinDelta"":0.01435,""relativeFluxFactor"":1.628621,""spectralNoveltyRatio"":2.422325,""spectralNoveltyMinBins"":24,""cooldownFrames"":4,""confirmedRmsFactor"":1.561962,""confirmedRmsMinDelta"":0.004827,""confirmedFluxFactor"":1.879214,""confirmedMinFlux"":0.011241,""confirmedMinBandRatio"":0.033882,""confirmedSpectralNoveltyMinBins"":23,""cooldownOverrideFactor"":4.287639,""cooldownOverrideMinFlux"":0.007788,""cooldownOverrideMinBandRatio"":0.082526,""analyzeIntervalMs"":41}"
581,r004-0039-6e63d03d,4,-211,3,4,11,3,0,140,"{""relativeReattackFactor"":3.147468,""relativeReattackMinDelta"":0.017374,""relativeFluxFactor"":1.460331,""spectralNoveltyRatio"":2.112999,""spectralNoveltyMinBins"":22,""cooldownFrames"":4,""confirmedRmsFactor"":1.483877,""confirmedRmsMinDelta"":0.002717,""confirmedFluxFactor"":1.571459,""confirmedMinFlux"":0.01224,""confirmedMinBandRatio"":0.023935,""confirmedSpectralNoveltyMinBins"":24,""cooldownOverrideFactor"":4.730317,""cooldownOverrideMinFlux"":0.004843,""cooldownOverrideMinBandRatio"":0.075549,""analyzeIntervalMs"":47}"
582,r003-0029-cfc70462,3,-213,3,4,16,3,0,144,"{""relativeReattackFactor"":3.626295,""relativeReattackMinDelta"":0.007761,""relativeFluxFactor"":1.4,""spectralNoveltyRatio"":4.557476,""spectralNoveltyMinBins"":26,""cooldownFrames"":3,""confirmedRmsFactor"":2.074717,""confirmedRmsMinDelta"":0.006534,""confirmedFluxFactor"":1.91473,""confirmedMinFlux"":0.007639,""confirmedMinBandRatio"":0.03016,""confirmedSpectralNoveltyMinBins"":11,""cooldownOverrideFactor"":1.986005,""cooldownOverrideMinFlux"":0.019925,""cooldownOverrideMinBandRatio"":0.071629,""analyzeIntervalMs"":48}"
583,r003-0066-8610df0c,3,-215,3,4,11,3,1,140,"{""relativeReattackFactor"":3.152559,""relativeReattackMinDelta"":0.01575,""relativeFluxFactor"":1.738532,""spectralNoveltyRatio"":2.744999,""spectralNoveltyMinBins"":17,""cooldownFrames"":4,""confirmedRmsFactor"":1.469096,""confirmedRmsMinDelta"":0.005789,""confirmedFluxFactor"":1.610811,""confirmedMinFlux"":0.012754,""confirmedMinBandRatio"":0.034954,""confirmedSpectralNoveltyMinBins"":26,""cooldownOverrideFactor"":4.578134,""cooldownOverrideMinFlux"":0.008147,""cooldownOverrideMinBandRatio"":0.079562,""analyzeIntervalMs"":42}"
584,r007-0011-5362f6f4,7,-216,1,4,12,2,0,140,"{""relativeReattackFactor"":3.104462,""relativeReattackMinDelta"":0.01803,""relativeFluxFactor"":1.462289,""spectralNoveltyRatio"":2.791868,""spectralNoveltyMinBins"":26,""cooldownFrames"":4,""confirmedRmsFactor"":1.15,""confirmedRmsMinDelta"":0.003167,""confirmedFluxFactor"":1.499273,""confirmedMinFlux"":0.012921,""confirmedMinBandRatio"":0.034944,""confirmedSpectralNoveltyMinBins"":26,""cooldownOverrideFactor"":4.855342,""cooldownOverrideMinFlux"":0.010191,""cooldownOverrideMinBandRatio"":0.071329,""analyzeIntervalMs"":40}"
585,r008-0023-a791a6b5,8,-216,1,4,12,2,0,140,"{""relativeReattackFactor"":3.081268,""relativeReattackMinDelta"":0.019014,""relativeFluxFactor"":1.454585,""spectralNoveltyRatio"":2.867492,""spectralNoveltyMinBins"":25,""cooldownFrames"":4,""confirmedRmsFactor"":1.373443,""confirmedRmsMinDelta"":0.003146,""confirmedFluxFactor"":1.630363,""confirmedMinFlux"":0.015641,""confirmedMinBandRatio"":0.038961,""confirmedSpectralNoveltyMinBins"":24,""cooldownOverrideFactor"":5,""cooldownOverrideMinFlux"":0.010385,""cooldownOverrideMinBandRatio"":0.083876,""analyzeIntervalMs"":40}"
586,r004-0061-62b06b30,4,-216,3,4,11,3,0,142,"{""relativeReattackFactor"":3.060143,""relativeReattackMinDelta"":0.017087,""relativeFluxFactor"":1.690895,""spectralNoveltyRatio"":2.581361,""spectralNoveltyMinBins"":22,""cooldownFrames"":4,""confirmedRmsFactor"":1.360796,""confirmedRmsMinDelta"":0.003934,""confirmedFluxFactor"":1.553498,""confirmedMinFlux"":0.013761,""confirmedMinBandRatio"":0.039278,""confirmedSpectralNoveltyMinBins"":19,""cooldownOverrideFactor"":4.92877,""cooldownOverrideMinFlux"":0.007812,""cooldownOverrideMinBandRatio"":0.078169,""analyzeIntervalMs"":41}"
587,r004-0067-990b3e91,4,-217,2,3,19,2,1,148,"{""relativeReattackFactor"":3.012114,""relativeReattackMinDelta"":0.015683,""relativeFluxFactor"":1.4,""spectralNoveltyRatio"":2.632456,""spectralNoveltyMinBins"":25,""cooldownFrames"":4,""confirmedRmsFactor"":1.621726,""confirmedRmsMinDelta"":0.00431,""confirmedFluxFactor"":1.906438,""confirmedMinFlux"":0.011353,""confirmedMinBandRatio"":0.034503,""confirmedSpectralNoveltyMinBins"":27,""cooldownOverrideFactor"":5,""cooldownOverrideMinFlux"":0.004991,""cooldownOverrideMinBandRatio"":0.087602,""analyzeIntervalMs"":39}"
588,r004-0065-b313ae04,4,-218,1,4,13,2,0,141,"{""relativeReattackFactor"":3.799808,""relativeReattackMinDelta"":0.01255,""relativeFluxFactor"":1.4,""spectralNoveltyRatio"":4.713548,""spectralNoveltyMinBins"":22,""cooldownFrames"":3,""confirmedRmsFactor"":1.833136,""confirmedRmsMinDelta"":0.007154,""confirmedFluxFactor"":2.055785,""confirmedMinFlux"":0.004801,""confirmedMinBandRatio"":0.027134,""confirmedSpectralNoveltyMinBins"":14,""cooldownOverrideFactor"":1.955241,""cooldownOverrideMinFlux"":0.02233,""cooldownOverrideMinBandRatio"":0.08101,""analyzeIntervalMs"":45}"
589,r002-0026-313ea827,2,-219,1,4,14,2,0,142,"{""relativeReattackFactor"":3.403767,""relativeReattackMinDelta"":0.015223,""relativeFluxFactor"":1.4,""spectralNoveltyRatio"":2.486759,""spectralNoveltyMinBins"":30,""cooldownFrames"":4,""confirmedRmsFactor"":1.250221,""confirmedRmsMinDelta"":0.003426,""confirmedFluxFactor"":1.540159,""confirmedMinFlux"":0.015712,""confirmedMinBandRatio"":0.037497,""confirmedSpectralNoveltyMinBins"":24,""cooldownOverrideFactor"":4.321143,""cooldownOverrideMinFlux"":0.010392,""cooldownOverrideMinBandRatio"":0.078119,""analyzeIntervalMs"":43}"
590,r004-0079-1158c9d3,4,-219,1,4,14,2,0,142,"{""relativeReattackFactor"":3.234815,""relativeReattackMinDelta"":0.018805,""relativeFluxFactor"":1.4,""spectralNoveltyRatio"":1.859425,""spectralNoveltyMinBins"":24,""cooldownFrames"":4,""confirmedRmsFactor"":1.468669,""confirmedRmsMinDelta"":0.002669,""confirmedFluxFactor"":1.605112,""confirmedMinFlux"":0.013262,""confirmedMinBandRatio"":0.024551,""confirmedSpectralNoveltyMinBins"":25,""cooldownOverrideFactor"":5,""cooldownOverrideMinFlux"":0.004,""cooldownOverrideMinBandRatio"":0.069825,""analyzeIntervalMs"":44}"
591,r006-0046-562d264a,6,-220,1,4,13,2,0,141,"{""relativeReattackFactor"":3.058308,""relativeReattackMinDelta"":0.016218,""relativeFluxFactor"":1.44942,""spectralNoveltyRatio"":2.716646,""spectralNoveltyMinBins"":25,""cooldownFrames"":4,""confirmedRmsFactor"":1.311568,""confirmedRmsMinDelta"":0.003688,""confirmedFluxFactor"":1.618647,""confirmedMinFlux"":0.014675,""confirmedMinBandRatio"":0.037021,""confirmedSpectralNoveltyMinBins"":23,""cooldownOverrideFactor"":4.718257,""cooldownOverrideMinFlux"":0.008464,""cooldownOverrideMinBandRatio"":0.083175,""analyzeIntervalMs"":40}"
592,r008-0052-c6d62356,8,-220,1,4,13,2,0,141,"{""relativeReattackFactor"":3.197406,""relativeReattackMinDelta"":0.016566,""relativeFluxFactor"":1.4624,""spectralNoveltyRatio"":2.785397,""spectralNoveltyMinBins"":24,""cooldownFrames"":4,""confirmedRmsFactor"":1.159115,""confirmedRmsMinDelta"":0.003329,""confirmedFluxFactor"":1.458566,""confirmedMinFlux"":0.013252,""confirmedMinBandRatio"":0.035548,""confirmedSpectralNoveltyMinBins"":27,""cooldownOverrideFactor"":4.968875,""cooldownOverrideMinFlux"":0.010777,""cooldownOverrideMinBandRatio"":0.076361,""analyzeIntervalMs"":40}"
593,r012-0077-68f47c98,12,-220,1,4,13,2,0,141,"{""relativeReattackFactor"":3.303125,""relativeReattackMinDelta"":0.019178,""relativeFluxFactor"":1.459856,""spectralNoveltyRatio"":2.694445,""spectralNoveltyMinBins"":25,""cooldownFrames"":4,""confirmedRmsFactor"":1.312931,""confirmedRmsMinDelta"":0.003882,""confirmedFluxFactor"":1.641063,""confirmedMinFlux"":0.015169,""confirmedMinBandRatio"":0.038865,""confirmedSpectralNoveltyMinBins"":26,""cooldownOverrideFactor"":4.917317,""cooldownOverrideMinFlux"":0.009856,""cooldownOverrideMinBandRatio"":0.085946,""analyzeIntervalMs"":40}"
594,r003-0026-182371fa,3,-221,3,6,6,4,0,131,"{""relativeReattackFactor"":3.051133,""relativeReattackMinDelta"":0.013594,""relativeFluxFactor"":1.945694,""spectralNoveltyRatio"":2.30284,""spectralNoveltyMinBins"":24,""cooldownFrames"":4,""confirmedRmsFactor"":1.384062,""confirmedRmsMinDelta"":0.004638,""confirmedFluxFactor"":1.865183,""confirmedMinFlux"":0.01199,""confirmedMinBandRatio"":0.030908,""confirmedSpectralNoveltyMinBins"":21,""cooldownOverrideFactor"":4.276378,""cooldownOverrideMinFlux"":0.004939,""cooldownOverrideMinBandRatio"":0.07347,""analyzeIntervalMs"":42}"
595,r003-0060-f2df991f,3,-222,1,4,14,2,0,142,"{""relativeReattackFactor"":3.597773,""relativeReattackMinDelta"":0.012912,""relativeFluxFactor"":1.4,""spectralNoveltyRatio"":4.522844,""spectralNoveltyMinBins"":22,""cooldownFrames"":3,""confirmedRmsFactor"":1.869941,""confirmedRmsMinDelta"":0.007355,""confirmedFluxFactor"":2.237969,""confirmedMinFlux"":0.00561,""confirmedMinBandRatio"":0.030152,""confirmedSpectralNoveltyMinBins"":16,""cooldownOverrideFactor"":2.144677,""cooldownOverrideMinFlux"":0.022007,""cooldownOverrideMinBandRatio"":0.073773,""analyzeIntervalMs"":45}"
596,r004-0050-2274ec4e,4,-222,1,4,14,2,0,142,"{""relativeReattackFactor"":3.662565,""relativeReattackMinDelta"":0.015325,""relativeFluxFactor"":1.4,""spectralNoveltyRatio"":4.899316,""spectralNoveltyMinBins"":22,""cooldownFrames"":3,""confirmedRmsFactor"":1.672929,""confirmedRmsMinDelta"":0.007318,""confirmedFluxFactor"":2.251376,""confirmedMinFlux"":0.005453,""confirmedMinBandRatio"":0.027619,""confirmedSpectralNoveltyMinBins"":18,""cooldownOverrideFactor"":1.8,""cooldownOverrideMinFlux"":0.021406,""cooldownOverrideMinBandRatio"":0.083056,""analyzeIntervalMs"":45}"
597,r003-0018-791a3d11,3,-222,3,6,7,4,0,133,"{""relativeReattackFactor"":3.186915,""relativeReattackMinDelta"":0.017628,""relativeFluxFactor"":1.896368,""spectralNoveltyRatio"":3.02862,""spectralNoveltyMinBins"":26,""cooldownFrames"":4,""confirmedRmsFactor"":1.598028,""confirmedRmsMinDelta"":0.003883,""confirmedFluxFactor"":1.754336,""confirmedMinFlux"":0.012932,""confirmedMinBandRatio"":0.029432,""confirmedSpectralNoveltyMinBins"":29,""cooldownOverrideFactor"":4.852126,""cooldownOverrideMinFlux"":0.007806,""cooldownOverrideMinBandRatio"":0.074624,""analyzeIntervalMs"":42}"
598,r003-0024-2ef197de,3,-223,1,4,15,2,0,142,"{""relativeReattackFactor"":3.669844,""relativeReattackMinDelta"":0.008285,""relativeFluxFactor"":1.4,""spectralNoveltyRatio"":4.075311,""spectralNoveltyMinBins"":22,""cooldownFrames"":3,""confirmedRmsFactor"":1.942801,""confirmedRmsMinDelta"":0.008538,""confirmedFluxFactor"":1.97451,""confirmedMinFlux"":0.0069,""confirmedMinBandRatio"":0.02771,""confirmedSpectralNoveltyMinBins"":11,""cooldownOverrideFactor"":2.498654,""cooldownOverrideMinFlux"":0.023725,""cooldownOverrideMinBandRatio"":0.071347,""analyzeIntervalMs"":50}"
599,r005-0022-77c15567,5,-224,2,3,21,2,1,150,"{""relativeReattackFactor"":2.828753,""relativeReattackMinDelta"":0.015768,""relativeFluxFactor"":1.4,""spectralNoveltyRatio"":2.251567,""spectralNoveltyMinBins"":26,""cooldownFrames"":4,""confirmedRmsFactor"":1.529956,""confirmedRmsMinDelta"":0.005416,""confirmedFluxFactor"":1.812086,""confirmedMinFlux"":0.012677,""confirmedMinBandRatio"":0.037051,""confirmedSpectralNoveltyMinBins"":19,""cooldownOverrideFactor"":3.913786,""cooldownOverrideMinFlux"":0.007264,""cooldownOverrideMinBandRatio"":0.077033,""analyzeIntervalMs"":39}"
600,r006-0050-187d951d,6,-224,2,5,10,3,1,137,"{""relativeReattackFactor"":2.851662,""relativeReattackMinDelta"":0.017841,""relativeFluxFactor"":1.569933,""spectralNoveltyRatio"":2.783876,""spectralNoveltyMinBins"":27,""cooldownFrames"":4,""confirmedRmsFactor"":1.256825,""confirmedRmsMinDelta"":0.003609,""confirmedFluxFactor"":1.606301,""confirmedMinFlux"":0.014749,""confirmedMinBandRatio"":0.03878,""confirmedSpectralNoveltyMinBins"":21,""cooldownOverrideFactor"":4.951828,""cooldownOverrideMinFlux"":0.010171,""cooldownOverrideMinBandRatio"":0.081451,""analyzeIntervalMs"":42}"
601,r006-0055-f25b4dcb,6,-224,2,5,10,3,1,137,"{""relativeReattackFactor"":2.953619,""relativeReattackMinDelta"":0.01901,""relativeFluxFactor"":1.466496,""spectralNoveltyRatio"":2.883292,""spectralNoveltyMinBins"":25,""cooldownFrames"":4,""confirmedRmsFactor"":1.255903,""confirmedRmsMinDelta"":0.00327,""confirmedFluxFactor"":1.621034,""confirmedMinFlux"":0.015412,""confirmedMinBandRatio"":0.034283,""confirmedSpectralNoveltyMinBins"":21,""cooldownOverrideFactor"":4.891137,""cooldownOverrideMinFlux"":0.007651,""cooldownOverrideMinBandRatio"":0.078771,""analyzeIntervalMs"":42}"
602,r006-0075-0fd14c43,6,-224,2,5,10,3,1,137,"{""relativeReattackFactor"":3.064631,""relativeReattackMinDelta"":0.018731,""relativeFluxFactor"":1.507574,""spectralNoveltyRatio"":3.091143,""spectralNoveltyMinBins"":24,""cooldownFrames"":4,""confirmedRmsFactor"":1.201174,""confirmedRmsMinDelta"":0.003977,""confirmedFluxFactor"":1.593613,""confirmedMinFlux"":0.015228,""confirmedMinBandRatio"":0.036071,""confirmedSpectralNoveltyMinBins"":23,""cooldownOverrideFactor"":4.975614,""cooldownOverrideMinFlux"":0.009579,""cooldownOverrideMinBandRatio"":0.076674,""analyzeIntervalMs"":42}"
603,r007-0016-bebe66d7,7,-224,2,5,10,3,1,137,"{""relativeReattackFactor"":3.218659,""relativeReattackMinDelta"":0.017483,""relativeFluxFactor"":1.556048,""spectralNoveltyRatio"":2.697489,""spectralNoveltyMinBins"":28,""cooldownFrames"":4,""confirmedRmsFactor"":1.15,""confirmedRmsMinDelta"":0.003636,""confirmedFluxFactor"":1.501178,""confirmedMinFlux"":0.013372,""confirmedMinBandRatio"":0.033025,""confirmedSpectralNoveltyMinBins"":26,""cooldownOverrideFactor"":4.884034,""cooldownOverrideMinFlux"":0.011089,""cooldownOverrideMinBandRatio"":0.073595,""analyzeIntervalMs"":42}"
604,r007-0050-b8c4b67a,7,-224,2,5,10,3,1,137,"{""relativeReattackFactor"":2.920376,""relativeReattackMinDelta"":0.017065,""relativeFluxFactor"":1.474129,""spectralNoveltyRatio"":3.03141,""spectralNoveltyMinBins"":26,""cooldownFrames"":4,""confirmedRmsFactor"":1.153347,""confirmedRmsMinDelta"":0.00319,""confirmedFluxFactor"":1.525786,""confirmedMinFlux"":0.014857,""confirmedMinBandRatio"":0.036324,""confirmedSpectralNoveltyMinBins"":25,""cooldownOverrideFactor"":4.756124,""cooldownOverrideMinFlux"":0.010629,""cooldownOverrideMinBandRatio"":0.073103,""analyzeIntervalMs"":42}"
605,r008-0027-928ec2c5,8,-224,2,5,10,3,1,137,"{""relativeReattackFactor"":3.186567,""relativeReattackMinDelta"":0.018023,""relativeFluxFactor"":1.492025,""spectralNoveltyRatio"":2.706435,""spectralNoveltyMinBins"":24,""cooldownFrames"":4,""confirmedRmsFactor"":1.160652,""confirmedRmsMinDelta"":0.003261,""confirmedFluxFactor"":1.535743,""confirmedMinFlux"":0.0132,""confirmedMinBandRatio"":0.035466,""confirmedSpectralNoveltyMinBins"":25,""cooldownOverrideFactor"":4.921263,""cooldownOverrideMinFlux"":0.010831,""cooldownOverrideMinBandRatio"":0.074457,""analyzeIntervalMs"":42}"
606,r008-0063-2c23f580,8,-224,2,5,10,3,1,137,"{""relativeReattackFactor"":3.152719,""relativeReattackMinDelta"":0.019877,""relativeFluxFactor"":1.526276,""spectralNoveltyRatio"":2.847391,""spectralNoveltyMinBins"":28,""cooldownFrames"":4,""confirmedRmsFactor"":1.284777,""confirmedRmsMinDelta"":0.003266,""confirmedFluxFactor"":1.614884,""confirmedMinFlux"":0.015235,""confirmedMinBandRatio"":0.03923,""confirmedSpectralNoveltyMinBins"":24,""cooldownOverrideFactor"":5,""cooldownOverrideMinFlux"":0.010176,""cooldownOverrideMinBandRatio"":0.084326,""analyzeIntervalMs"":42}"
607,r008-0077-c10c7402,8,-224,2,5,10,3,1,137,"{""relativeReattackFactor"":3.160283,""relativeReattackMinDelta"":0.01655,""relativeFluxFactor"":1.554237,""spectralNoveltyRatio"":2.583067,""spectralNoveltyMinBins"":28,""cooldownFrames"":4,""confirmedRmsFactor"":1.172935,""confirmedRmsMinDelta"":0.003416,""confirmedFluxFactor"":1.534981,""confirmedMinFlux"":0.013611,""confirmedMinBandRatio"":0.036251,""confirmedSpectralNoveltyMinBins"":25,""cooldownOverrideFactor"":4.922132,""cooldownOverrideMinFlux"":0.011107,""cooldownOverrideMinBandRatio"":0.075165,""analyzeIntervalMs"":42}"
608,r009-0053-279da8f8,9,-224,2,5,10,3,1,137,"{""relativeReattackFactor"":3.137673,""relativeReattackMinDelta"":0.01794,""relativeFluxFactor"":1.477609,""spectralNoveltyRatio"":2.713606,""spectralNoveltyMinBins"":29,""cooldownFrames"":4,""confirmedRmsFactor"":1.232216,""confirmedRmsMinDelta"":0.00368,""confirmedFluxFactor"":1.627587,""confirmedMinFlux"":0.012182,""confirmedMinBandRatio"":0.032406,""confirmedSpectralNoveltyMinBins"":25,""cooldownOverrideFactor"":4.920044,""cooldownOverrideMinFlux"":0.00891,""cooldownOverrideMinBandRatio"":0.088181,""analyzeIntervalMs"":42}"
609,r011-0017-a47b201c,11,-224,2,5,10,3,1,137,"{""relativeReattackFactor"":3.121289,""relativeReattackMinDelta"":0.019626,""relativeFluxFactor"":1.525621,""spectralNoveltyRatio"":2.813095,""spectralNoveltyMinBins"":26,""cooldownFrames"":4,""confirmedRmsFactor"":1.33492,""confirmedRmsMinDelta"":0.003805,""confirmedFluxFactor"":1.669382,""confirmedMinFlux"":0.015649,""confirmedMinBandRatio"":0.036677,""confirmedSpectralNoveltyMinBins"":26,""cooldownOverrideFactor"":5,""cooldownOverrideMinFlux"":0.008661,""cooldownOverrideMinBandRatio"":0.086643,""analyzeIntervalMs"":42}"
610,r011-0077-465722bd,11,-224,2,5,10,3,1,137,"{""relativeReattackFactor"":3.169953,""relativeReattackMinDelta"":0.018366,""relativeFluxFactor"":1.466542,""spectralNoveltyRatio"":2.708236,""spectralNoveltyMinBins"":25,""cooldownFrames"":4,""confirmedRmsFactor"":1.348871,""confirmedRmsMinDelta"":0.003675,""confirmedFluxFactor"":1.648118,""confirmedMinFlux"":0.015196,""confirmedMinBandRatio"":0.036523,""confirmedSpectralNoveltyMinBins"":25,""cooldownOverrideFactor"":4.922222,""cooldownOverrideMinFlux"":0.00949,""cooldownOverrideMinBandRatio"":0.086728,""analyzeIntervalMs"":42}"
611,r012-0042-19037d68,12,-224,2,5,10,3,1,137,"{""relativeReattackFactor"":3.264115,""relativeReattackMinDelta"":0.018257,""relativeFluxFactor"":1.46798,""spectralNoveltyRatio"":3.02322,""spectralNoveltyMinBins"":26,""cooldownFrames"":4,""confirmedRmsFactor"":1.280931,""confirmedRmsMinDelta"":0.003728,""confirmedFluxFactor"":1.698927,""confirmedMinFlux"":0.015189,""confirmedMinBandRatio"":0.037225,""confirmedSpectralNoveltyMinBins"":25,""cooldownOverrideFactor"":5,""cooldownOverrideMinFlux"":0.010191,""cooldownOverrideMinBandRatio"":0.087284,""analyzeIntervalMs"":42}"
612,r012-0074-0d00903f,12,-224,2,5,10,3,1,137,"{""relativeReattackFactor"":3.137993,""relativeReattackMinDelta"":0.018805,""relativeFluxFactor"":1.523786,""spectralNoveltyRatio"":3.091356,""spectralNoveltyMinBins"":27,""cooldownFrames"":4,""confirmedRmsFactor"":1.191433,""confirmedRmsMinDelta"":0.003947,""confirmedFluxFactor"":1.70498,""confirmedMinFlux"":0.015303,""confirmedMinBandRatio"":0.037641,""confirmedSpectralNoveltyMinBins"":25,""cooldownOverrideFactor"":4.977554,""cooldownOverrideMinFlux"":0.007382,""cooldownOverrideMinBandRatio"":0.078945,""analyzeIntervalMs"":42}"
613,r004-0005-7062a63a,4,-226,1,4,15,2,0,143,"{""relativeReattackFactor"":3.798188,""relativeReattackMinDelta"":0.012598,""relativeFluxFactor"":1.4,""spectralNoveltyRatio"":4.531666,""spectralNoveltyMinBins"":17,""cooldownFrames"":3,""confirmedRmsFactor"":1.802514,""confirmedRmsMinDelta"":0.007322,""confirmedFluxFactor"":2.193153,""confirmedMinFlux"":0.004481,""confirmedMinBandRatio"":0.033329,""confirmedSpectralNoveltyMinBins"":14,""cooldownOverrideFactor"":1.996236,""cooldownOverrideMinFlux"":0.019729,""cooldownOverrideMinBandRatio"":0.085456,""analyzeIntervalMs"":45}"
614,r004-0070-e6acf792,4,-226,1,4,15,2,0,143,"{""relativeReattackFactor"":3.908816,""relativeReattackMinDelta"":0.01217,""relativeFluxFactor"":1.4,""spectralNoveltyRatio"":4.859212,""spectralNoveltyMinBins"":17,""cooldownFrames"":3,""confirmedRmsFactor"":1.814908,""confirmedRmsMinDelta"":0.007319,""confirmedFluxFactor"":2.175361,""confirmedMinFlux"":0.003,""confirmedMinBandRatio"":0.026789,""confirmedSpectralNoveltyMinBins"":15,""cooldownOverrideFactor"":1.811732,""cooldownOverrideMinFlux"":0.022847,""cooldownOverrideMinBandRatio"":0.085523,""analyzeIntervalMs"":45}"
615,r004-0073-8c5b85ea,4,-227,2,3,23,2,1,152,"{""relativeReattackFactor"":2.804304,""relativeReattackMinDelta"":0.014155,""relativeFluxFactor"":1.486106,""spectralNoveltyRatio"":1.994617,""spectralNoveltyMinBins"":26,""cooldownFrames"":4,""confirmedRmsFactor"":1.535001,""confirmedRmsMinDelta"":0.004162,""confirmedFluxFactor"":1.715326,""confirmedMinFlux"":0.011571,""confirmedMinBandRatio"":0.039144,""confirmedSpectralNoveltyMinBins"":21,""cooldownOverrideFactor"":4.2795,""cooldownOverrideMinFlux"":0.008212,""cooldownOverrideMinBandRatio"":0.073744,""analyzeIntervalMs"":38}"
616,r005-0037-3ba7f857,5,-228,2,3,22,2,1,151,"{""relativeReattackFactor"":2.735735,""relativeReattackMinDelta"":0.01383,""relativeFluxFactor"":1.4,""spectralNoveltyRatio"":2.287259,""spectralNoveltyMinBins"":25,""cooldownFrames"":4,""confirmedRmsFactor"":1.533158,""confirmedRmsMinDelta"":0.004412,""confirmedFluxFactor"":1.706633,""confirmedMinFlux"":0.010891,""confirmedMinBandRatio"":0.032453,""confirmedSpectralNoveltyMinBins"":23,""cooldownOverrideFactor"":4.090756,""cooldownOverrideMinFlux"":0.008012,""cooldownOverrideMinBandRatio"":0.081934,""analyzeIntervalMs"":39}"
617,r005-0026-800a7c76,5,-228,2,5,11,3,1,138,"{""relativeReattackFactor"":3.000793,""relativeReattackMinDelta"":0.018375,""relativeFluxFactor"":1.456633,""spectralNoveltyRatio"":2.93891,""spectralNoveltyMinBins"":23,""cooldownFrames"":4,""confirmedRmsFactor"":1.177834,""confirmedRmsMinDelta"":0.004195,""confirmedFluxFactor"":1.725203,""confirmedMinFlux"":0.015464,""confirmedMinBandRatio"":0.036879,""confirmedSpectralNoveltyMinBins"":24,""cooldownOverrideFactor"":4.720399,""cooldownOverrideMinFlux"":0.009511,""cooldownOverrideMinBandRatio"":0.074809,""analyzeIntervalMs"":42}"
618,r006-0005-976bc8c0,6,-228,2,5,11,3,1,138,"{""relativeReattackFactor"":2.963519,""relativeReattackMinDelta"":0.018695,""relativeFluxFactor"":1.452029,""spectralNoveltyRatio"":2.818833,""spectralNoveltyMinBins"":26,""cooldownFrames"":4,""confirmedRmsFactor"":1.210013,""confirmedRmsMinDelta"":0.003775,""confirmedFluxFactor"":1.697622,""confirmedMinFlux"":0.015829,""confirmedMinBandRatio"":0.034473,""confirmedSpectralNoveltyMinBins"":23,""cooldownOverrideFactor"":4.980592,""cooldownOverrideMinFlux"":0.00757,""cooldownOverrideMinBandRatio"":0.080224,""analyzeIntervalMs"":42}"
619,r006-0059-c8cbec2c,6,-228,2,5,11,3,1,138,"{""relativeReattackFactor"":3.001335,""relativeReattackMinDelta"":0.019062,""relativeFluxFactor"":1.459072,""spectralNoveltyRatio"":3.172566,""spectralNoveltyMinBins"":27,""cooldownFrames"":4,""confirmedRmsFactor"":1.15,""confirmedRmsMinDelta"":0.002709,""confirmedFluxFactor"":1.635493,""confirmedMinFlux"":0.014249,""confirmedMinBandRatio"":0.03314,""confirmedSpectralNoveltyMinBins"":23,""cooldownOverrideFactor"":4.911104,""cooldownOverrideMinFlux"":0.01185,""cooldownOverrideMinBandRatio"":0.07729,""analyzeIntervalMs"":42}"
620,r010-0021-d65581f9,10,-228,2,5,11,3,1,138,"{""relativeReattackFactor"":3.234536,""relativeReattackMinDelta"":0.018996,""relativeFluxFactor"":1.448127,""spectralNoveltyRatio"":3.12453,""spectralNoveltyMinBins"":26,""cooldownFrames"":4,""confirmedRmsFactor"":1.22048,""confirmedRmsMinDelta"":0.003958,""confirmedFluxFactor"":1.756067,""confirmedMinFlux"":0.014935,""confirmedMinBandRatio"":0.035491,""confirmedSpectralNoveltyMinBins"":25,""cooldownOverrideFactor"":4.76451,""cooldownOverrideMinFlux"":0.007831,""cooldownOverrideMinBandRatio"":0.079321,""analyzeIntervalMs"":42}"
621,r011-0001-588122b7,11,-228,2,5,11,3,1,138,"{""relativeReattackFactor"":3.173873,""relativeReattackMinDelta"":0.019352,""relativeFluxFactor"":1.451881,""spectralNoveltyRatio"":2.901584,""spectralNoveltyMinBins"":25,""cooldownFrames"":4,""confirmedRmsFactor"":1.271304,""confirmedRmsMinDelta"":0.004117,""confirmedFluxFactor"":1.74547,""confirmedMinFlux"":0.015617,""confirmedMinBandRatio"":0.037355,""confirmedSpectralNoveltyMinBins"":25,""cooldownOverrideFactor"":4.788509,""cooldownOverrideMinFlux"":0.007864,""cooldownOverrideMinBandRatio"":0.08051,""analyzeIntervalMs"":42}"
622,r002-0044-e9f7c101,2,-230,3,4,15,3,0,144,"{""relativeReattackFactor"":4,""relativeReattackMinDelta"":0.012728,""relativeFluxFactor"":2.294688,""spectralNoveltyRatio"":4.8814,""spectralNoveltyMinBins"":13,""cooldownFrames"":4,""confirmedRmsFactor"":1.34843,""confirmedRmsMinDelta"":0.009444,""confirmedFluxFactor"":1.841467,""confirmedMinFlux"":0.007361,""confirmedMinBandRatio"":0.037035,""confirmedSpectralNoveltyMinBins"":6,""cooldownOverrideFactor"":3.251144,""cooldownOverrideMinFlux"":0.015909,""cooldownOverrideMinBandRatio"":0.035791,""analyzeIntervalMs"":28}"
623,r005-0058-a2c27cf3,5,-230,2,5,12,3,1,139,"{""relativeReattackFactor"":2.769255,""relativeReattackMinDelta"":0.015796,""relativeFluxFactor"":1.550267,""spectralNoveltyRatio"":2.25348,""spectralNoveltyMinBins"":23,""cooldownFrames"":4,""confirmedRmsFactor"":1.428337,""confirmedRmsMinDelta"":0.002937,""confirmedFluxFactor"":1.600386,""confirmedMinFlux"":0.012085,""confirmedMinBandRatio"":0.033029,""confirmedSpectralNoveltyMinBins"":25,""cooldownOverrideFactor"":3.928711,""cooldownOverrideMinFlux"":0.007317,""cooldownOverrideMinBandRatio"":0.078001,""analyzeIntervalMs"":42}"
624,r007-0047-f06f53aa,7,-232,2,5,7,3,0,135,"{""relativeReattackFactor"":2.961192,""relativeReattackMinDelta"":0.017326,""relativeFluxFactor"":1.470956,""spectralNoveltyRatio"":2.985119,""spectralNoveltyMinBins"":29,""cooldownFrames"":4,""confirmedRmsFactor"":1.227062,""confirmedRmsMinDelta"":0.003826,""confirmedFluxFactor"":1.56391,""confirmedMinFlux"":0.014568,""confirmedMinBandRatio"":0.033949,""confirmedSpectralNoveltyMinBins"":23,""cooldownOverrideFactor"":4.900042,""cooldownOverrideMinFlux"":0.009263,""cooldownOverrideMinBandRatio"":0.078613,""analyzeIntervalMs"":40}"
625,r007-0058-0c259722,7,-232,2,5,7,3,0,135,"{""relativeReattackFactor"":2.959758,""relativeReattackMinDelta"":0.015846,""relativeFluxFactor"":1.467209,""spectralNoveltyRatio"":2.578751,""spectralNoveltyMinBins"":31,""cooldownFrames"":4,""confirmedRmsFactor"":1.20169,""confirmedRmsMinDelta"":0.002644,""confirmedFluxFactor"":1.505749,""confirmedMinFlux"":0.012573,""confirmedMinBandRatio"":0.032664,""confirmedSpectralNoveltyMinBins"":23,""cooldownOverrideFactor"":4.775495,""cooldownOverrideMinFlux"":0.009407,""cooldownOverrideMinBandRatio"":0.082341,""analyzeIntervalMs"":40}"
626,r008-0080-cd8d439f,8,-232,2,5,7,3,0,134,"{""relativeReattackFactor"":3.133655,""relativeReattackMinDelta"":0.017503,""relativeFluxFactor"":1.514981,""spectralNoveltyRatio"":3.08892,""spectralNoveltyMinBins"":30,""cooldownFrames"":4,""confirmedRmsFactor"":1.192284,""confirmedRmsMinDelta"":0.003693,""confirmedFluxFactor"":1.557377,""confirmedMinFlux"":0.015181,""confirmedMinBandRatio"":0.034194,""confirmedSpectralNoveltyMinBins"":25,""cooldownOverrideFactor"":5,""cooldownOverrideMinFlux"":0.01113,""cooldownOverrideMinBandRatio"":0.068999,""analyzeIntervalMs"":40}"
627,r009-0054-0ebed788,9,-232,2,5,7,3,0,134,"{""relativeReattackFactor"":3.16564,""relativeReattackMinDelta"":0.01901,""relativeFluxFactor"":1.50859,""spectralNoveltyRatio"":2.902646,""spectralNoveltyMinBins"":29,""cooldownFrames"":4,""confirmedRmsFactor"":1.174301,""confirmedRmsMinDelta"":0.00343,""confirmedFluxFactor"":1.677979,""confirmedMinFlux"":0.016184,""confirmedMinBandRatio"":0.036156,""confirmedSpectralNoveltyMinBins"":23,""cooldownOverrideFactor"":4.859308,""cooldownOverrideMinFlux"":0.008081,""cooldownOverrideMinBandRatio"":0.083905,""analyzeIntervalMs"":40}"
628,r009-0064-eddb3897,9,-232,2,5,7,3,0,134,"{""relativeReattackFactor"":3.212283,""relativeReattackMinDelta"":0.019475,""relativeFluxFactor"":1.488307,""spectralNoveltyRatio"":3.216707,""spectralNoveltyMinBins"":30,""cooldownFrames"":4,""confirmedRmsFactor"":1.213712,""confirmedRmsMinDelta"":0.003567,""confirmedFluxFactor"":1.706742,""confirmedMinFlux"":0.015519,""confirmedMinBandRatio"":0.038418,""confirmedSpectralNoveltyMinBins"":23,""cooldownOverrideFactor"":4.998408,""cooldownOverrideMinFlux"":0.008019,""cooldownOverrideMinBandRatio"":0.080353,""analyzeIntervalMs"":40}"
629,r010-0065-87d4b820,10,-232,2,5,7,3,0,134,"{""relativeReattackFactor"":3.136682,""relativeReattackMinDelta"":0.016097,""relativeFluxFactor"":1.492745,""spectralNoveltyRatio"":2.925078,""spectralNoveltyMinBins"":29,""cooldownFrames"":4,""confirmedRmsFactor"":1.168421,""confirmedRmsMinDelta"":0.003379,""confirmedFluxFactor"":1.589424,""confirmedMinFlux"":0.012395,""confirmedMinBandRatio"":0.034834,""confirmedSpectralNoveltyMinBins"":23,""cooldownOverrideFactor"":4.822225,""cooldownOverrideMinFlux"":0.006771,""cooldownOverrideMinBandRatio"":0.09,""analyzeIntervalMs"":40}"
630,r010-0071-d8c6ba3b,10,-232,2,5,7,3,0,134,"{""relativeReattackFactor"":3.137535,""relativeReattackMinDelta"":0.019119,""relativeFluxFactor"":1.497938,""spectralNoveltyRatio"":3.010674,""spectralNoveltyMinBins"":29,""cooldownFrames"":4,""confirmedRmsFactor"":1.209402,""confirmedRmsMinDelta"":0.003563,""confirmedFluxFactor"":1.765311,""confirmedMinFlux"":0.015693,""confirmedMinBandRatio"":0.034587,""confirmedSpectralNoveltyMinBins"":25,""cooldownOverrideFactor"":4.791836,""cooldownOverrideMinFlux"":0.008009,""cooldownOverrideMinBandRatio"":0.078744,""analyzeIntervalMs"":40}"
631,r011-0015-207b7806,11,-232,2,5,7,3,0,134,"{""relativeReattackFactor"":3.062895,""relativeReattackMinDelta"":0.017271,""relativeFluxFactor"":1.481599,""spectralNoveltyRatio"":3.037943,""spectralNoveltyMinBins"":30,""cooldownFrames"":4,""confirmedRmsFactor"":1.232962,""confirmedRmsMinDelta"":0.002881,""confirmedFluxFactor"":1.591984,""confirmedMinFlux"":0.012638,""confirmedMinBandRatio"":0.035076,""confirmedSpectralNoveltyMinBins"":24,""cooldownOverrideFactor"":4.798469,""cooldownOverrideMinFlux"":0.007501,""cooldownOverrideMinBandRatio"":0.087384,""analyzeIntervalMs"":40}"
632,r012-0009-d976c1b5,12,-232,2,5,7,3,0,134,"{""relativeReattackFactor"":3.208727,""relativeReattackMinDelta"":0.018859,""relativeFluxFactor"":1.506021,""spectralNoveltyRatio"":3.083771,""spectralNoveltyMinBins"":30,""cooldownFrames"":4,""confirmedRmsFactor"":1.21582,""confirmedRmsMinDelta"":0.003896,""confirmedFluxFactor"":1.714615,""confirmedMinFlux"":0.015015,""confirmedMinBandRatio"":0.037057,""confirmedSpectralNoveltyMinBins"":23,""cooldownOverrideFactor"":5,""cooldownOverrideMinFlux"":0.007619,""cooldownOverrideMinBandRatio"":0.083798,""analyzeIntervalMs"":40}"
633,r009-0039-2385de7b,9,-233,2,5,8,3,0,135,"{""relativeReattackFactor"":3.165729,""relativeReattackMinDelta"":0.018286,""relativeFluxFactor"":1.492756,""spectralNoveltyRatio"":2.928102,""spectralNoveltyMinBins"":28,""cooldownFrames"":4,""confirmedRmsFactor"":1.197764,""confirmedRmsMinDelta"":0.003848,""confirmedFluxFactor"":1.683119,""confirmedMinFlux"":0.015996,""confirmedMinBandRatio"":0.035173,""confirmedSpectralNoveltyMinBins"":24,""cooldownOverrideFactor"":4.896966,""cooldownOverrideMinFlux"":0.007294,""cooldownOverrideMinBandRatio"":0.082238,""analyzeIntervalMs"":40}"
634,r010-0079-ff7487f6,10,-233,2,5,8,3,0,135,"{""relativeReattackFactor"":3.116003,""relativeReattackMinDelta"":0.018622,""relativeFluxFactor"":1.469695,""spectralNoveltyRatio"":3.038484,""spectralNoveltyMinBins"":28,""cooldownFrames"":4,""confirmedRmsFactor"":1.1822,""confirmedRmsMinDelta"":0.003459,""confirmedFluxFactor"":1.716495,""confirmedMinFlux"":0.016144,""confirmedMinBandRatio"":0.035242,""confirmedSpectralNoveltyMinBins"":24,""cooldownOverrideFactor"":4.948104,""cooldownOverrideMinFlux"":0.008153,""cooldownOverrideMinBandRatio"":0.081946,""analyzeIntervalMs"":40}"
635,r007-0080-db564ef7,7,-234,2,5,9,3,0,137,"{""relativeReattackFactor"":2.857962,""relativeReattackMinDelta"":0.017761,""relativeFluxFactor"":1.511323,""spectralNoveltyRatio"":2.763746,""spectralNoveltyMinBins"":28,""cooldownFrames"":4,""confirmedRmsFactor"":1.15,""confirmedRmsMinDelta"":0.003322,""confirmedFluxFactor"":1.502291,""confirmedMinFlux"":0.014856,""confirmedMinBandRatio"":0.034211,""confirmedSpectralNoveltyMinBins"":25,""cooldownOverrideFactor"":4.8932,""cooldownOverrideMinFlux"":0.010119,""cooldownOverrideMinBandRatio"":0.071383,""analyzeIntervalMs"":40}"
636,r009-0046-a316ca5d,9,-234,2,5,9,3,0,136,"{""relativeReattackFactor"":3.325672,""relativeReattackMinDelta"":0.019758,""relativeFluxFactor"":1.478603,""spectralNoveltyRatio"":2.958033,""spectralNoveltyMinBins"":27,""cooldownFrames"":4,""confirmedRmsFactor"":1.234948,""confirmedRmsMinDelta"":0.003462,""confirmedFluxFactor"":1.694574,""confirmedMinFlux"":0.01569,""confirmedMinBandRatio"":0.035099,""confirmedSpectralNoveltyMinBins"":26,""cooldownOverrideFactor"":4.906006,""cooldownOverrideMinFlux"":0.007524,""cooldownOverrideMinBandRatio"":0.079838,""analyzeIntervalMs"":40}"
637,r010-0041-dfc44b89,10,-234,2,5,9,3,0,136,"{""relativeReattackFactor"":3.236032,""relativeReattackMinDelta"":0.019268,""relativeFluxFactor"":1.470681,""spectralNoveltyRatio"":2.835602,""spectralNoveltyMinBins"":27,""cooldownFrames"":4,""confirmedRmsFactor"":1.272617,""confirmedRmsMinDelta"":0.003934,""confirmedFluxFactor"":1.734893,""confirmedMinFlux"":0.014817,""confirmedMinBandRatio"":0.036964,""confirmedSpectralNoveltyMinBins"":25,""cooldownOverrideFactor"":4.982455,""cooldownOverrideMinFlux"":0.007258,""cooldownOverrideMinBandRatio"":0.078929,""analyzeIntervalMs"":40}"
638,r010-0043-f315e719,10,-234,2,5,9,3,0,136,"{""relativeReattackFactor"":3.280757,""relativeReattackMinDelta"":0.017795,""relativeFluxFactor"":1.503806,""spectralNoveltyRatio"":2.683204,""spectralNoveltyMinBins"":28,""cooldownFrames"":4,""confirmedRmsFactor"":1.206963,""confirmedRmsMinDelta"":0.003271,""confirmedFluxFactor"":1.602928,""confirmedMinFlux"":0.013018,""confirmedMinBandRatio"":0.035405,""confirmedSpectralNoveltyMinBins"":26,""cooldownOverrideFactor"":5,""cooldownOverrideMinFlux"":0.008945,""cooldownOverrideMinBandRatio"":0.089767,""analyzeIntervalMs"":40}"
639,r010-0058-f0426403,10,-234,2,5,9,3,0,136,"{""relativeReattackFactor"":3.198618,""relativeReattackMinDelta"":0.016642,""relativeFluxFactor"":1.51788,""spectralNoveltyRatio"":2.643689,""spectralNoveltyMinBins"":28,""cooldownFrames"":4,""confirmedRmsFactor"":1.181657,""confirmedRmsMinDelta"":0.003308,""confirmedFluxFactor"":1.586957,""confirmedMinFlux"":0.011933,""confirmedMinBandRatio"":0.033052,""confirmedSpectralNoveltyMinBins"":25,""cooldownOverrideFactor"":5,""cooldownOverrideMinFlux"":0.008494,""cooldownOverrideMinBandRatio"":0.085369,""analyzeIntervalMs"":40}"
640,r004-0032-f8aa89be,4,-235,2,3,25,2,1,155,"{""relativeReattackFactor"":2.688878,""relativeReattackMinDelta"":0.015693,""relativeFluxFactor"":1.613924,""spectralNoveltyRatio"":2.051699,""spectralNoveltyMinBins"":19,""cooldownFrames"":4,""confirmedRmsFactor"":1.565181,""confirmedRmsMinDelta"":0.003889,""confirmedFluxFactor"":1.757865,""confirmedMinFlux"":0.01322,""confirmedMinBandRatio"":0.035473,""confirmedSpectralNoveltyMinBins"":27,""cooldownOverrideFactor"":4.76054,""cooldownOverrideMinFlux"":0.004,""cooldownOverrideMinBandRatio"":0.079085,""analyzeIntervalMs"":38}"
641,r008-0011-367d375c,8,-239,1,5,11,3,0,138,"{""relativeReattackFactor"":3.340253,""relativeReattackMinDelta"":0.020056,""relativeFluxFactor"":1.406341,""spectralNoveltyRatio"":3.109534,""spectralNoveltyMinBins"":29,""cooldownFrames"":4,""confirmedRmsFactor"":1.243175,""confirmedRmsMinDelta"":0.004001,""confirmedFluxFactor"":1.711039,""confirmedMinFlux"":0.015631,""confirmedMinBandRatio"":0.037643,""confirmedSpectralNoveltyMinBins"":24,""cooldownOverrideFactor"":4.936903,""cooldownOverrideMinFlux"":0.009154,""cooldownOverrideMinBandRatio"":0.083168,""analyzeIntervalMs"":42}"
642,r008-0030-2f1c48ea,8,-239,1,5,11,3,0,138,"{""relativeReattackFactor"":3.079812,""relativeReattackMinDelta"":0.0169,""relativeFluxFactor"":1.4,""spectralNoveltyRatio"":3.125186,""spectralNoveltyMinBins"":29,""cooldownFrames"":4,""confirmedRmsFactor"":1.159624,""confirmedRmsMinDelta"":0.003624,""confirmedFluxFactor"":1.51953,""confirmedMinFlux"":0.015937,""confirmedMinBandRatio"":0.033418,""confirmedSpectralNoveltyMinBins"":24,""cooldownOverrideFactor"":4.969644,""cooldownOverrideMinFlux"":0.010187,""cooldownOverrideMinBandRatio"":0.071448,""analyzeIntervalMs"":42}"
643,r008-0079-4436318d,8,-239,1,5,11,3,0,138,"{""relativeReattackFactor"":3.069806,""relativeReattackMinDelta"":0.016438,""relativeFluxFactor"":1.4,""spectralNoveltyRatio"":3.102689,""spectralNoveltyMinBins"":29,""cooldownFrames"":4,""confirmedRmsFactor"":1.248956,""confirmedRmsMinDelta"":0.002714,""confirmedFluxFactor"":1.525357,""confirmedMinFlux"":0.013021,""confirmedMinBandRatio"":0.036658,""confirmedSpectralNoveltyMinBins"":25,""cooldownOverrideFactor"":5,""cooldownOverrideMinFlux"":0.009299,""cooldownOverrideMinBandRatio"":0.085099,""analyzeIntervalMs"":42}"
644,r010-0004-61031423,10,-239,1,5,11,3,0,138,"{""relativeReattackFactor"":3.117776,""relativeReattackMinDelta"":0.018704,""relativeFluxFactor"":1.4,""spectralNoveltyRatio"":3.149474,""spectralNoveltyMinBins"":29,""cooldownFrames"":4,""confirmedRmsFactor"":1.180771,""confirmedRmsMinDelta"":0.00321,""confirmedFluxFactor"":1.697331,""confirmedMinFlux"":0.015977,""confirmedMinBandRatio"":0.037125,""confirmedSpectralNoveltyMinBins"":24,""cooldownOverrideFactor"":4.996696,""cooldownOverrideMinFlux"":0.009218,""cooldownOverrideMinBandRatio"":0.083522,""analyzeIntervalMs"":42}"
645,r010-0044-e68e3957,10,-239,1,5,11,3,0,138,"{""relativeReattackFactor"":3.132628,""relativeReattackMinDelta"":0.018101,""relativeFluxFactor"":1.4,""spectralNoveltyRatio"":3.088529,""spectralNoveltyMinBins"":29,""cooldownFrames"":4,""confirmedRmsFactor"":1.226131,""confirmedRmsMinDelta"":0.003286,""confirmedFluxFactor"":1.680733,""confirmedMinFlux"":0.015576,""confirmedMinBandRatio"":0.035155,""confirmedSpectralNoveltyMinBins"":23,""cooldownOverrideFactor"":4.89488,""cooldownOverrideMinFlux"":0.008501,""cooldownOverrideMinBandRatio"":0.080828,""analyzeIntervalMs"":42}"
646,r007-0035-7524bd3b,7,-241,2,5,11,3,0,139,"{""relativeReattackFactor"":2.995159,""relativeReattackMinDelta"":0.017029,""relativeFluxFactor"":1.51134,""spectralNoveltyRatio"":2.890993,""spectralNoveltyMinBins"":26,""cooldownFrames"":4,""confirmedRmsFactor"":1.15,""confirmedRmsMinDelta"":0.003393,""confirmedFluxFactor"":1.476651,""confirmedMinFlux"":0.014699,""confirmedMinBandRatio"":0.035773,""confirmedSpectralNoveltyMinBins"":25,""cooldownOverrideFactor"":4.811205,""cooldownOverrideMinFlux"":0.012251,""cooldownOverrideMinBandRatio"":0.071609,""analyzeIntervalMs"":40}"
647,r005-0028-b405dd7c,5,-244,2,3,20,2,2,154,"{""relativeReattackFactor"":2.689596,""relativeReattackMinDelta"":0.016336,""relativeFluxFactor"":1.627661,""spectralNoveltyRatio"":2.284651,""spectralNoveltyMinBins"":17,""cooldownFrames"":4,""confirmedRmsFactor"":1.423013,""confirmedRmsMinDelta"":0.004068,""confirmedFluxFactor"":1.729812,""confirmedMinFlux"":0.011976,""confirmedMinBandRatio"":0.034443,""confirmedSpectralNoveltyMinBins"":25,""cooldownOverrideFactor"":3.984293,""cooldownOverrideMinFlux"":0.009934,""cooldownOverrideMinBandRatio"":0.080613,""analyzeIntervalMs"":41}"
648,r004-0019-c9c4ef02,4,-246,3,3,17,2,1,145,"{""relativeReattackFactor"":3.137968,""relativeReattackMinDelta"":0.018546,""relativeFluxFactor"":1.4,""spectralNoveltyRatio"":1.785694,""spectralNoveltyMinBins"":19,""cooldownFrames"":4,""confirmedRmsFactor"":1.387535,""confirmedRmsMinDelta"":0.003953,""confirmedFluxFactor"":1.763998,""confirmedMinFlux"":0.013133,""confirmedMinBandRatio"":0.029502,""confirmedSpectralNoveltyMinBins"":24,""cooldownOverrideFactor"":5,""cooldownOverrideMinFlux"":0.004,""cooldownOverrideMinBandRatio"":0.072229,""analyzeIntervalMs"":45}"
649,r002-0023-351bd47d,2,-248,2,5,14,3,0,141,"{""relativeReattackFactor"":3.525602,""relativeReattackMinDelta"":0.019583,""relativeFluxFactor"":1.943169,""spectralNoveltyRatio"":3.935881,""spectralNoveltyMinBins"":20,""cooldownFrames"":3,""confirmedRmsFactor"":1.82273,""confirmedRmsMinDelta"":0.00553,""confirmedFluxFactor"":1.445427,""confirmedMinFlux"":0.015853,""confirmedMinBandRatio"":0.046403,""confirmedSpectralNoveltyMinBins"":32,""cooldownOverrideFactor"":4.269049,""cooldownOverrideMinFlux"":0.005498,""cooldownOverrideMinBandRatio"":0.024039,""analyzeIntervalMs"":37}"
650,r003-0004-da4dcaa0,3,-249,2,5,13,3,0,140,"{""relativeReattackFactor"":3.74598,""relativeReattackMinDelta"":0.009965,""relativeFluxFactor"":1.4,""spectralNoveltyRatio"":4.525477,""spectralNoveltyMinBins"":29,""cooldownFrames"":3,""confirmedRmsFactor"":1.955209,""confirmedRmsMinDelta"":0.007772,""confirmedFluxFactor"":2.194196,""confirmedMinFlux"":0.005618,""confirmedMinBandRatio"":0.024489,""confirmedSpectralNoveltyMinBins"":14,""cooldownOverrideFactor"":2.169308,""cooldownOverrideMinFlux"":0.022064,""cooldownOverrideMinBandRatio"":0.070086,""analyzeIntervalMs"":48}"
651,r005-0043-76b28ddb,5,-255,2,5,10,3,1,137,"{""relativeReattackFactor"":2.872793,""relativeReattackMinDelta"":0.014574,""relativeFluxFactor"":1.642103,""spectralNoveltyRatio"":2.57913,""spectralNoveltyMinBins"":22,""cooldownFrames"":4,""confirmedRmsFactor"":1.359707,""confirmedRmsMinDelta"":0.003391,""confirmedFluxFactor"":1.644339,""confirmedMinFlux"":0.012709,""confirmedMinBandRatio"":0.031525,""confirmedSpectralNoveltyMinBins"":23,""cooldownOverrideFactor"":3.995269,""cooldownOverrideMinFlux"":0.008521,""cooldownOverrideMinBandRatio"":0.085183,""analyzeIntervalMs"":42}"
652,r003-0025-8f9f6ade,3,-255,3,6,11,4,1,137,"{""relativeReattackFactor"":3.743258,""relativeReattackMinDelta"":0.010862,""relativeFluxFactor"":1.596537,""spectralNoveltyRatio"":4.807767,""spectralNoveltyMinBins"":22,""cooldownFrames"":3,""confirmedRmsFactor"":1.912899,""confirmedRmsMinDelta"":0.005667,""confirmedFluxFactor"":2.124284,""confirmedMinFlux"":0.005073,""confirmedMinBandRatio"":0.028721,""confirmedSpectralNoveltyMinBins"":17,""cooldownOverrideFactor"":2.128044,""cooldownOverrideMinFlux"":0.016847,""cooldownOverrideMinBandRatio"":0.076118,""analyzeIntervalMs"":42}"
653,r004-0063-70505eac,4,-256,2,3,25,2,2,155,"{""relativeReattackFactor"":2.631083,""relativeReattackMinDelta"":0.0149,""relativeFluxFactor"":1.45243,""spectralNoveltyRatio"":2.27138,""spectralNoveltyMinBins"":26,""cooldownFrames"":4,""confirmedRmsFactor"":1.560024,""confirmedRmsMinDelta"":0.003809,""confirmedFluxFactor"":1.829924,""confirmedMinFlux"":0.011574,""confirmedMinBandRatio"":0.033977,""confirmedSpectralNoveltyMinBins"":21,""cooldownOverrideFactor"":4.313069,""cooldownOverrideMinFlux"":0.006968,""cooldownOverrideMinBandRatio"":0.078023,""analyzeIntervalMs"":38}"
654,r002-0061-03386855,2,-260,1,3,24,1,1,154,"{""relativeReattackFactor"":2.803641,""relativeReattackMinDelta"":0.017101,""relativeFluxFactor"":1.4,""spectralNoveltyRatio"":1.790922,""spectralNoveltyMinBins"":24,""cooldownFrames"":4,""confirmedRmsFactor"":1.434201,""confirmedRmsMinDelta"":0.003701,""confirmedFluxFactor"":1.918389,""confirmedMinFlux"":0.014151,""confirmedMinBandRatio"":0.02877,""confirmedSpectralNoveltyMinBins"":20,""cooldownOverrideFactor"":4.408197,""cooldownOverrideMinFlux"":0.008263,""cooldownOverrideMinBandRatio"":0.077479,""analyzeIntervalMs"":43}"
655,r003-0013-7b2b505a,3,-260,3,6,8,4,0,132,"{""relativeReattackFactor"":3.324245,""relativeReattackMinDelta"":0.017918,""relativeFluxFactor"":1.691892,""spectralNoveltyRatio"":2.130361,""spectralNoveltyMinBins"":31,""cooldownFrames"":4,""confirmedRmsFactor"":1.622852,""confirmedRmsMinDelta"":0.002863,""confirmedFluxFactor"":1.792602,""confirmedMinFlux"":0.012609,""confirmedMinBandRatio"":0.024369,""confirmedSpectralNoveltyMinBins"":29,""cooldownOverrideFactor"":5,""cooldownOverrideMinFlux"":0.004,""cooldownOverrideMinBandRatio"":0.070453,""analyzeIntervalMs"":46}"
656,r007-0075-8c28e164,7,-260,2,6,9,4,0,135,"{""relativeReattackFactor"":2.933192,""relativeReattackMinDelta"":0.016314,""relativeFluxFactor"":1.489481,""spectralNoveltyRatio"":3.068865,""spectralNoveltyMinBins"":29,""cooldownFrames"":4,""confirmedRmsFactor"":1.176165,""confirmedRmsMinDelta"":0.003504,""confirmedFluxFactor"":1.502209,""confirmedMinFlux"":0.01448,""confirmedMinBandRatio"":0.037214,""confirmedSpectralNoveltyMinBins"":24,""cooldownOverrideFactor"":4.723433,""cooldownOverrideMinFlux"":0.011399,""cooldownOverrideMinBandRatio"":0.075616,""analyzeIntervalMs"":42}"
657,r008-0019-c482bb07,8,-260,2,6,9,4,0,134,"{""relativeReattackFactor"":3.189894,""relativeReattackMinDelta"":0.016356,""relativeFluxFactor"":1.4,""spectralNoveltyRatio"":3.060603,""spectralNoveltyMinBins"":33,""cooldownFrames"":4,""confirmedRmsFactor"":1.187688,""confirmedRmsMinDelta"":0.003216,""confirmedFluxFactor"":1.57466,""confirmedMinFlux"":0.012423,""confirmedMinBandRatio"":0.035025,""confirmedSpectralNoveltyMinBins"":23,""cooldownOverrideFactor"":4.801328,""cooldownOverrideMinFlux"":0.009421,""cooldownOverrideMinBandRatio"":0.088368,""analyzeIntervalMs"":42}"
658,r008-0029-dcda3a8b,8,-260,2,6,9,4,0,134,"{""relativeReattackFactor"":3.068425,""relativeReattackMinDelta"":0.01657,""relativeFluxFactor"":1.4,""spectralNoveltyRatio"":2.99603,""spectralNoveltyMinBins"":33,""cooldownFrames"":4,""confirmedRmsFactor"":1.197056,""confirmedRmsMinDelta"":0.003156,""confirmedFluxFactor"":1.475856,""confirmedMinFlux"":0.013294,""confirmedMinBandRatio"":0.03641,""confirmedSpectralNoveltyMinBins"":24,""cooldownOverrideFactor"":4.969682,""cooldownOverrideMinFlux"":0.009371,""cooldownOverrideMinBandRatio"":0.08555,""analyzeIntervalMs"":42}"
659,r008-0041-a4904cc4,8,-260,2,6,9,4,0,135,"{""relativeReattackFactor"":3.139684,""relativeReattackMinDelta"":0.020528,""relativeFluxFactor"":1.555687,""spectralNoveltyRatio"":3.083216,""spectralNoveltyMinBins"":29,""cooldownFrames"":4,""confirmedRmsFactor"":1.241511,""confirmedRmsMinDelta"":0.003406,""confirmedFluxFactor"":1.711252,""confirmedMinFlux"":0.014655,""confirmedMinBandRatio"":0.034658,""confirmedSpectralNoveltyMinBins"":24,""cooldownOverrideFactor"":4.784977,""cooldownOverrideMinFlux"":0.008254,""cooldownOverrideMinBandRatio"":0.083244,""analyzeIntervalMs"":42}"
660,r011-0005-e5287166,11,-260,2,6,9,4,0,134,"{""relativeReattackFactor"":3.178135,""relativeReattackMinDelta"":0.017044,""relativeFluxFactor"":1.4,""spectralNoveltyRatio"":3.024772,""spectralNoveltyMinBins"":32,""cooldownFrames"":4,""confirmedRmsFactor"":1.180166,""confirmedRmsMinDelta"":0.002822,""confirmedFluxFactor"":1.552051,""confirmedMinFlux"":0.011577,""confirmedMinBandRatio"":0.035564,""confirmedSpectralNoveltyMinBins"":25,""cooldownOverrideFactor"":4.663031,""cooldownOverrideMinFlux"":0.006565,""cooldownOverrideMinBandRatio"":0.09,""analyzeIntervalMs"":42}"
661,r011-0050-b5f474e6,11,-260,2,6,9,4,0,134,"{""relativeReattackFactor"":3.157211,""relativeReattackMinDelta"":0.016923,""relativeFluxFactor"":1.4,""spectralNoveltyRatio"":3.241332,""spectralNoveltyMinBins"":32,""cooldownFrames"":4,""confirmedRmsFactor"":1.229644,""confirmedRmsMinDelta"":0.003129,""confirmedFluxFactor"":1.509497,""confirmedMinFlux"":0.011924,""confirmedMinBandRatio"":0.032189,""confirmedSpectralNoveltyMinBins"":24,""cooldownOverrideFactor"":4.763769,""cooldownOverrideMinFlux"":0.007582,""cooldownOverrideMinBandRatio"":0.09,""analyzeIntervalMs"":42}"
662,r011-0064-f2a7e2b6,11,-260,2,6,9,4,0,134,"{""relativeReattackFactor"":3.150153,""relativeReattackMinDelta"":0.019018,""relativeFluxFactor"":1.445431,""spectralNoveltyRatio"":3.209189,""spectralNoveltyMinBins"":31,""cooldownFrames"":4,""confirmedRmsFactor"":1.213843,""confirmedRmsMinDelta"":0.003712,""confirmedFluxFactor"":1.652429,""confirmedMinFlux"":0.015284,""confirmedMinBandRatio"":0.036007,""confirmedSpectralNoveltyMinBins"":25,""cooldownOverrideFactor"":4.875078,""cooldownOverrideMinFlux"":0.007306,""cooldownOverrideMinBandRatio"":0.082421,""analyzeIntervalMs"":42}"
663,r011-0079-e351ef79,11,-260,2,6,9,4,0,134,"{""relativeReattackFactor"":3.252336,""relativeReattackMinDelta"":0.019242,""relativeFluxFactor"":1.407563,""spectralNoveltyRatio"":3.169166,""spectralNoveltyMinBins"":30,""cooldownFrames"":4,""confirmedRmsFactor"":1.201795,""confirmedRmsMinDelta"":0.003677,""confirmedFluxFactor"":1.751604,""confirmedMinFlux"":0.015351,""confirmedMinBandRatio"":0.036433,""confirmedSpectralNoveltyMinBins"":24,""cooldownOverrideFactor"":4.97844,""cooldownOverrideMinFlux"":0.008357,""cooldownOverrideMinBandRatio"":0.080364,""analyzeIntervalMs"":42}"
664,r012-0013-f2e4368a,12,-260,2,6,9,4,0,134,"{""relativeReattackFactor"":3.112336,""relativeReattackMinDelta"":0.017371,""relativeFluxFactor"":1.45681,""spectralNoveltyRatio"":2.741415,""spectralNoveltyMinBins"":32,""cooldownFrames"":4,""confirmedRmsFactor"":1.257793,""confirmedRmsMinDelta"":0.003223,""confirmedFluxFactor"":1.596363,""confirmedMinFlux"":0.013202,""confirmedMinBandRatio"":0.032738,""confirmedSpectralNoveltyMinBins"":26,""cooldownOverrideFactor"":4.893122,""cooldownOverrideMinFlux"":0.008591,""cooldownOverrideMinBandRatio"":0.085993,""analyzeIntervalMs"":42}"
665,r012-0080-e3349afb,12,-260,2,6,9,4,0,134,"{""relativeReattackFactor"":3.123505,""relativeReattackMinDelta"":0.016341,""relativeFluxFactor"":1.4,""spectralNoveltyRatio"":3.117881,""spectralNoveltyMinBins"":32,""cooldownFrames"":4,""confirmedRmsFactor"":1.189487,""confirmedRmsMinDelta"":0.003264,""confirmedFluxFactor"":1.550376,""confirmedMinFlux"":0.012398,""confirmedMinBandRatio"":0.033792,""confirmedSpectralNoveltyMinBins"":25,""cooldownOverrideFactor"":4.856831,""cooldownOverrideMinFlux"":0.008365,""cooldownOverrideMinBandRatio"":0.09,""analyzeIntervalMs"":42}"
666,r002-0032-312718dc,2,-266,2,4,14,3,0,143,"{""relativeReattackFactor"":3.64733,""relativeReattackMinDelta"":0.013254,""relativeFluxFactor"":1.4,""spectralNoveltyRatio"":3.304386,""spectralNoveltyMinBins"":23,""cooldownFrames"":3,""confirmedRmsFactor"":1.944043,""confirmedRmsMinDelta"":0.008209,""confirmedFluxFactor"":2.28298,""confirmedMinFlux"":0.010786,""confirmedMinBandRatio"":0.016087,""confirmedSpectralNoveltyMinBins"":16,""cooldownOverrideFactor"":1.851868,""cooldownOverrideMinFlux"":0.023405,""cooldownOverrideMinBandRatio"":0.072822,""analyzeIntervalMs"":47}"
667,r002-0017-70a6d0a2,2,-269,2,4,13,3,0,141,"{""relativeReattackFactor"":3.538661,""relativeReattackMinDelta"":0.008065,""relativeFluxFactor"":1.620617,""spectralNoveltyRatio"":3.402763,""spectralNoveltyMinBins"":27,""cooldownFrames"":3,""confirmedRmsFactor"":2.031972,""confirmedRmsMinDelta"":0.007412,""confirmedFluxFactor"":2.026912,""confirmedMinFlux"":0.009852,""confirmedMinBandRatio"":0.020071,""confirmedSpectralNoveltyMinBins"":10,""cooldownOverrideFactor"":1.8,""cooldownOverrideMinFlux"":0.025614,""cooldownOverrideMinBandRatio"":0.068828,""analyzeIntervalMs"":45}"
668,r005-0038-e5119670,5,-269,2,4,13,3,0,142,"{""relativeReattackFactor"":2.878032,""relativeReattackMinDelta"":0.013945,""relativeFluxFactor"":1.480997,""spectralNoveltyRatio"":2.64993,""spectralNoveltyMinBins"":21,""cooldownFrames"":4,""confirmedRmsFactor"":1.486461,""confirmedRmsMinDelta"":0.003853,""confirmedFluxFactor"":1.759586,""confirmedMinFlux"":0.013168,""confirmedMinBandRatio"":0.035907,""confirmedSpectralNoveltyMinBins"":26,""cooldownOverrideFactor"":3.914194,""cooldownOverrideMinFlux"":0.007111,""cooldownOverrideMinBandRatio"":0.07964,""analyzeIntervalMs"":40}"
669,r005-0070-2dfb1ec5,5,-270,3,4,14,3,3,144,"{""relativeReattackFactor"":2.817091,""relativeReattackMinDelta"":0.016793,""relativeFluxFactor"":1.594834,""spectralNoveltyRatio"":1.964209,""spectralNoveltyMinBins"":15,""cooldownFrames"":4,""confirmedRmsFactor"":1.403214,""confirmedRmsMinDelta"":0.004611,""confirmedFluxFactor"":1.602519,""confirmedMinFlux"":0.014842,""confirmedMinBandRatio"":0.036246,""confirmedSpectralNoveltyMinBins"":21,""cooldownOverrideFactor"":5,""cooldownOverrideMinFlux"":0.007442,""cooldownOverrideMinBandRatio"":0.080769,""analyzeIntervalMs"":42}"
670,r004-0064-91ecdda5,4,-271,1,4,16,2,2,144,"{""relativeReattackFactor"":3.144161,""relativeReattackMinDelta"":0.016786,""relativeFluxFactor"":1.4,""spectralNoveltyRatio"":2.146553,""spectralNoveltyMinBins"":20,""cooldownFrames"":4,""confirmedRmsFactor"":1.547792,""confirmedRmsMinDelta"":0.003482,""confirmedFluxFactor"":1.642038,""confirmedMinFlux"":0.013274,""confirmedMinBandRatio"":0.023533,""confirmedSpectralNoveltyMinBins"":26,""cooldownOverrideFactor"":4.980664,""cooldownOverrideMinFlux"":0.004485,""cooldownOverrideMinBandRatio"":0.079834,""analyzeIntervalMs"":44}"
671,r002-0067-336f14b5,2,-271,2,4,13,3,0,141,"{""relativeReattackFactor"":3.805527,""relativeReattackMinDelta"":0.011032,""relativeFluxFactor"":1.475248,""spectralNoveltyRatio"":3.456829,""spectralNoveltyMinBins"":22,""cooldownFrames"":3,""confirmedRmsFactor"":2.065772,""confirmedRmsMinDelta"":0.007033,""confirmedFluxFactor"":2.229282,""confirmedMinFlux"":0.006076,""confirmedMinBandRatio"":0.020589,""confirmedSpectralNoveltyMinBins"":11,""cooldownOverrideFactor"":1.8,""cooldownOverrideMinFlux"":0.01813,""cooldownOverrideMinBandRatio"":0.08446,""analyzeIntervalMs"":49}"
672,r002-0051-5d7147b2,2,-272,2,3,29,2,2,160,"{""relativeReattackFactor"":2.62246,""relativeReattackMinDelta"":0.018665,""relativeFluxFactor"":1.4,""spectralNoveltyRatio"":1.931926,""spectralNoveltyMinBins"":23,""cooldownFrames"":4,""confirmedRmsFactor"":1.488457,""confirmedRmsMinDelta"":0.004729,""confirmedFluxFactor"":1.730634,""confirmedMinFlux"":0.010514,""confirmedMinBandRatio"":0.036728,""confirmedSpectralNoveltyMinBins"":26,""cooldownOverrideFactor"":4.955343,""cooldownOverrideMinFlux"":0.010904,""cooldownOverrideMinBandRatio"":0.085345,""analyzeIntervalMs"":38}"
673,r003-0059-11be6af5,3,-273,1,5,10,3,0,134,"{""relativeReattackFactor"":3.969043,""relativeReattackMinDelta"":0.008004,""relativeFluxFactor"":1.438329,""spectralNoveltyRatio"":4.060301,""spectralNoveltyMinBins"":27,""cooldownFrames"":3,""confirmedRmsFactor"":1.910455,""confirmedRmsMinDelta"":0.006389,""confirmedFluxFactor"":2.019279,""confirmedMinFlux"":0.006982,""confirmedMinBandRatio"":0.026267,""confirmedSpectralNoveltyMinBins"":12,""cooldownOverrideFactor"":2.274896,""cooldownOverrideMinFlux"":0.024786,""cooldownOverrideMinBandRatio"":0.068633,""analyzeIntervalMs"":46}"
674,r003-0012-fc7f0b0d,3,-273,3,4,15,3,3,145,"{""relativeReattackFactor"":2.745782,""relativeReattackMinDelta"":0.019654,""relativeFluxFactor"":1.654663,""spectralNoveltyRatio"":3.005691,""spectralNoveltyMinBins"":10,""cooldownFrames"":4,""confirmedRmsFactor"":1.308994,""confirmedRmsMinDelta"":0.003071,""confirmedFluxFactor"":1.667891,""confirmedMinFlux"":0.010144,""confirmedMinBandRatio"":0.024264,""confirmedSpectralNoveltyMinBins"":26,""cooldownOverrideFactor"":4.606673,""cooldownOverrideMinFlux"":0.010147,""cooldownOverrideMinBandRatio"":0.075766,""analyzeIntervalMs"":42}"
675,r003-0009-7f1b5c85,3,-274,2,4,14,3,0,141,"{""relativeReattackFactor"":3.595844,""relativeReattackMinDelta"":0.007853,""relativeFluxFactor"":1.4,""spectralNoveltyRatio"":4.235135,""spectralNoveltyMinBins"":22,""cooldownFrames"":3,""confirmedRmsFactor"":2.007036,""confirmedRmsMinDelta"":0.006241,""confirmedFluxFactor"":2.077184,""confirmedMinFlux"":0.006942,""confirmedMinBandRatio"":0.023816,""confirmedSpectralNoveltyMinBins"":9,""cooldownOverrideFactor"":2.288274,""cooldownOverrideMinFlux"":0.024503,""cooldownOverrideMinBandRatio"":0.07042,""analyzeIntervalMs"":49}"
676,r003-0067-5aa95e81,3,-277,2,1,25,0,4,161,"{""relativeReattackFactor"":2.663484,""relativeReattackMinDelta"":0.020807,""relativeFluxFactor"":1.4,""spectralNoveltyRatio"":3.092626,""spectralNoveltyMinBins"":6,""cooldownFrames"":4,""confirmedRmsFactor"":1.3288,""confirmedRmsMinDelta"":0.003222,""confirmedFluxFactor"":1.501722,""confirmedMinFlux"":0.012623,""confirmedMinBandRatio"":0.022963,""confirmedSpectralNoveltyMinBins"":23,""cooldownOverrideFactor"":4.449655,""cooldownOverrideMinFlux"":0.007826,""cooldownOverrideMinBandRatio"":0.084623,""analyzeIntervalMs"":41}"
677,r002-0078-d51d7b1c,2,-279,1,4,24,2,1,152,"{""relativeReattackFactor"":3.044415,""relativeReattackMinDelta"":0.02021,""relativeFluxFactor"":1.4,""spectralNoveltyRatio"":4.476947,""spectralNoveltyMinBins"":19,""cooldownFrames"":3,""confirmedRmsFactor"":1.746463,""confirmedRmsMinDelta"":0.003557,""confirmedFluxFactor"":1.287905,""confirmedMinFlux"":0.015131,""confirmedMinBandRatio"":0.039027,""confirmedSpectralNoveltyMinBins"":32,""cooldownOverrideFactor"":4.47899,""cooldownOverrideMinFlux"":0.004,""cooldownOverrideMinBandRatio"":0.034597,""analyzeIntervalMs"":39}"
678,r005-0063-50a06a92,5,-280,2,4,16,3,0,145,"{""relativeReattackFactor"":2.7697,""relativeReattackMinDelta"":0.015416,""relativeFluxFactor"":1.637381,""spectralNoveltyRatio"":2.170295,""spectralNoveltyMinBins"":20,""cooldownFrames"":4,""confirmedRmsFactor"":1.377029,""confirmedRmsMinDelta"":0.003182,""confirmedFluxFactor"":1.629657,""confirmedMinFlux"":0.011052,""confirmedMinBandRatio"":0.033631,""confirmedSpectralNoveltyMinBins"":25,""cooldownOverrideFactor"":4.0856,""cooldownOverrideMinFlux"":0.006774,""cooldownOverrideMinBandRatio"":0.08094,""analyzeIntervalMs"":40}"
679,r004-0072-235ea5cc,4,-281,2,4,16,3,0,145,"{""relativeReattackFactor"":2.969225,""relativeReattackMinDelta"":0.018399,""relativeFluxFactor"":1.635488,""spectralNoveltyRatio"":2.585939,""spectralNoveltyMinBins"":17,""cooldownFrames"":4,""confirmedRmsFactor"":1.49199,""confirmedRmsMinDelta"":0.005098,""confirmedFluxFactor"":1.695089,""confirmedMinFlux"":0.012116,""confirmedMinBandRatio"":0.031354,""confirmedSpectralNoveltyMinBins"":30,""cooldownOverrideFactor"":4.984821,""cooldownOverrideMinFlux"":0.004,""cooldownOverrideMinBandRatio"":0.087324,""analyzeIntervalMs"":40}"
680,r004-0029-fd71c55d,4,-282,2,4,15,2,1,142,"{""relativeReattackFactor"":3.387906,""relativeReattackMinDelta"":0.018261,""relativeFluxFactor"":1.4,""spectralNoveltyRatio"":2.132559,""spectralNoveltyMinBins"":23,""cooldownFrames"":4,""confirmedRmsFactor"":1.523152,""confirmedRmsMinDelta"":0.00299,""confirmedFluxFactor"":1.580069,""confirmedMinFlux"":0.012505,""confirmedMinBandRatio"":0.027992,""confirmedSpectralNoveltyMinBins"":26,""cooldownOverrideFactor"":4.923729,""cooldownOverrideMinFlux"":0.006143,""cooldownOverrideMinBandRatio"":0.070033,""analyzeIntervalMs"":45}"
681,r004-0009-b41e558a,4,-283,2,4,15,2,1,142,"{""relativeReattackFactor"":3.501763,""relativeReattackMinDelta"":0.019378,""relativeFluxFactor"":1.406026,""spectralNoveltyRatio"":1.927912,""spectralNoveltyMinBins"":18,""cooldownFrames"":4,""confirmedRmsFactor"":1.515591,""confirmedRmsMinDelta"":0.003763,""confirmedFluxFactor"":1.673009,""confirmedMinFlux"":0.013703,""confirmedMinBandRatio"":0.023818,""confirmedSpectralNoveltyMinBins"":28,""cooldownOverrideFactor"":5,""cooldownOverrideMinFlux"":0.004,""cooldownOverrideMinBandRatio"":0.079576,""analyzeIntervalMs"":45}"
682,r004-0025-460a3982,4,-284,1,5,15,3,0,140,"{""relativeReattackFactor"":3.596412,""relativeReattackMinDelta"":0.013139,""relativeFluxFactor"":1.532093,""spectralNoveltyRatio"":4.644844,""spectralNoveltyMinBins"":23,""cooldownFrames"":3,""confirmedRmsFactor"":1.736294,""confirmedRmsMinDelta"":0.006674,""confirmedFluxFactor"":2.167028,""confirmedMinFlux"":0.004206,""confirmedMinBandRatio"":0.027071,""confirmedSpectralNoveltyMinBins"":14,""cooldownOverrideFactor"":1.863422,""cooldownOverrideMinFlux"":0.022067,""cooldownOverrideMinBandRatio"":0.078609,""analyzeIntervalMs"":46}"
683,r003-0063-65ac45b3,3,-284,3,7,7,5,0,130,"{""relativeReattackFactor"":2.851996,""relativeReattackMinDelta"":0.018265,""relativeFluxFactor"":1.777061,""spectralNoveltyRatio"":2.858765,""spectralNoveltyMinBins"":33,""cooldownFrames"":4,""confirmedRmsFactor"":1.657617,""confirmedRmsMinDelta"":0.002413,""confirmedFluxFactor"":1.644908,""confirmedMinFlux"":0.010771,""confirmedMinBandRatio"":0.028197,""confirmedSpectralNoveltyMinBins"":25,""cooldownOverrideFactor"":4.959324,""cooldownOverrideMinFlux"":0.007752,""cooldownOverrideMinBandRatio"":0.079577,""analyzeIntervalMs"":42}"
684,r002-0013-d6b7ee75,2,-285,2,3,23,1,2,151,"{""relativeReattackFactor"":3.212972,""relativeReattackMinDelta"":0.018875,""relativeFluxFactor"":1.418916,""spectralNoveltyRatio"":3.77981,""spectralNoveltyMinBins"":22,""cooldownFrames"":3,""confirmedRmsFactor"":1.776311,""confirmedRmsMinDelta"":0.003555,""confirmedFluxFactor"":1.454002,""confirmedMinFlux"":0.01729,""confirmedMinBandRatio"":0.045323,""confirmedSpectralNoveltyMinBins"":32,""cooldownOverrideFactor"":3.583321,""cooldownOverrideMinFlux"":0.005214,""cooldownOverrideMinBandRatio"":0.03386,""analyzeIntervalMs"":33}"
685,r005-0039-26ddb06d,5,-285,2,4,18,3,0,148,"{""relativeReattackFactor"":2.818121,""relativeReattackMinDelta"":0.019334,""relativeFluxFactor"":1.544116,""spectralNoveltyRatio"":2.285878,""spectralNoveltyMinBins"":18,""cooldownFrames"":4,""confirmedRmsFactor"":1.373213,""confirmedRmsMinDelta"":0.004286,""confirmedFluxFactor"":1.414714,""confirmedMinFlux"":0.013705,""confirmedMinBandRatio"":0.032938,""confirmedSpectralNoveltyMinBins"":18,""cooldownOverrideFactor"":4.684424,""cooldownOverrideMinFlux"":0.009177,""cooldownOverrideMinBandRatio"":0.087512,""analyzeIntervalMs"":40}"
686,r005-0065-02d135b8,5,-286,2,4,18,3,0,149,"{""relativeReattackFactor"":2.940089,""relativeReattackMinDelta"":0.017689,""relativeFluxFactor"":1.52823,""spectralNoveltyRatio"":2.326904,""spectralNoveltyMinBins"":15,""cooldownFrames"":4,""confirmedRmsFactor"":1.283088,""confirmedRmsMinDelta"":0.004568,""confirmedFluxFactor"":1.692104,""confirmedMinFlux"":0.013977,""confirmedMinBandRatio"":0.033829,""confirmedSpectralNoveltyMinBins"":21,""cooldownOverrideFactor"":4.725324,""cooldownOverrideMinFlux"":0.00778,""cooldownOverrideMinBandRatio"":0.079925,""analyzeIntervalMs"":40}"
687,r004-0058-529635bd,4,-289,2,4,19,3,0,149,"{""relativeReattackFactor"":2.667459,""relativeReattackMinDelta"":0.013301,""relativeFluxFactor"":1.486756,""spectralNoveltyRatio"":2.560226,""spectralNoveltyMinBins"":17,""cooldownFrames"":4,""confirmedRmsFactor"":1.420079,""confirmedRmsMinDelta"":0.003359,""confirmedFluxFactor"":1.860061,""confirmedMinFlux"":0.01137,""confirmedMinBandRatio"":0.039566,""confirmedSpectralNoveltyMinBins"":21,""cooldownOverrideFactor"":3.937329,""cooldownOverrideMinFlux"":0.007415,""cooldownOverrideMinBandRatio"":0.072425,""analyzeIntervalMs"":40}"
688,r003-0077-951ede7e,3,-290,2,4,19,3,0,150,"{""relativeReattackFactor"":2.853661,""relativeReattackMinDelta"":0.016329,""relativeFluxFactor"":1.559105,""spectralNoveltyRatio"":2.273216,""spectralNoveltyMinBins"":14,""cooldownFrames"":4,""confirmedRmsFactor"":1.492903,""confirmedRmsMinDelta"":0.003254,""confirmedFluxFactor"":1.586301,""confirmedMinFlux"":0.010176,""confirmedMinBandRatio"":0.030404,""confirmedSpectralNoveltyMinBins"":23,""cooldownOverrideFactor"":4.962973,""cooldownOverrideMinFlux"":0.010404,""cooldownOverrideMinBandRatio"":0.080206,""analyzeIntervalMs"":40}"
689,r003-0078-15d42bb5,3,-291,2,6,9,4,0,135,"{""relativeReattackFactor"":2.891723,""relativeReattackMinDelta"":0.015623,""relativeFluxFactor"":1.595079,""spectralNoveltyRatio"":2.857801,""spectralNoveltyMinBins"":29,""cooldownFrames"":4,""confirmedRmsFactor"":1.665668,""confirmedRmsMinDelta"":0.002428,""confirmedFluxFactor"":1.546424,""confirmedMinFlux"":0.011501,""confirmedMinBandRatio"":0.025188,""confirmedSpectralNoveltyMinBins"":28,""cooldownOverrideFactor"":5,""cooldownOverrideMinFlux"":0.004563,""cooldownOverrideMinBandRatio"":0.071795,""analyzeIntervalMs"":42}"
690,r002-0022-d46fa9e0,2,-293,1,5,17,3,0,142,"{""relativeReattackFactor"":3.700969,""relativeReattackMinDelta"":0.008771,""relativeFluxFactor"":1.4,""spectralNoveltyRatio"":3.712478,""spectralNoveltyMinBins"":32,""cooldownFrames"":3,""confirmedRmsFactor"":1.884104,""confirmedRmsMinDelta"":0.007021,""confirmedFluxFactor"":2.338475,""confirmedMinFlux"":0.007385,""confirmedMinBandRatio"":0.02377,""confirmedSpectralNoveltyMinBins"":15,""cooldownOverrideFactor"":2.009128,""cooldownOverrideMinFlux"":0.018088,""cooldownOverrideMinBandRatio"":0.087627,""analyzeIntervalMs"":43}"
691,r009-0005-f86f56d1,9,-293,2,6,6,4,0,131,"{""relativeReattackFactor"":3.142568,""relativeReattackMinDelta"":0.017199,""relativeFluxFactor"":1.532616,""spectralNoveltyRatio"":2.951153,""spectralNoveltyMinBins"":32,""cooldownFrames"":4,""confirmedRmsFactor"":1.225558,""confirmedRmsMinDelta"":0.003425,""confirmedFluxFactor"":1.534501,""confirmedMinFlux"":0.012723,""confirmedMinBandRatio"":0.034169,""confirmedSpectralNoveltyMinBins"":25,""cooldownOverrideFactor"":4.848065,""cooldownOverrideMinFlux"":0.008525,""cooldownOverrideMinBandRatio"":0.087756,""analyzeIntervalMs"":40}"
692,r009-0040-54d243ec,9,-293,2,6,6,4,0,131,"{""relativeReattackFactor"":3.234836,""relativeReattackMinDelta"":0.016398,""relativeFluxFactor"":1.469597,""spectralNoveltyRatio"":2.937997,""spectralNoveltyMinBins"":32,""cooldownFrames"":4,""confirmedRmsFactor"":1.214065,""confirmedRmsMinDelta"":0.003077,""confirmedFluxFactor"":1.544122,""confirmedMinFlux"":0.011659,""confirmedMinBandRatio"":0.034004,""confirmedSpectralNoveltyMinBins"":25,""cooldownOverrideFactor"":4.776382,""cooldownOverrideMinFlux"":0.007918,""cooldownOverrideMinBandRatio"":0.09,""analyzeIntervalMs"":40}"
693,r006-0066-3be2730a,6,-294,2,6,7,4,0,134,"{""relativeReattackFactor"":2.904968,""relativeReattackMinDelta"":0.017592,""relativeFluxFactor"":1.576415,""spectralNoveltyRatio"":2.745813,""spectralNoveltyMinBins"":29,""cooldownFrames"":4,""confirmedRmsFactor"":1.244853,""confirmedRmsMinDelta"":0.003389,""confirmedFluxFactor"":1.586857,""confirmedMinFlux"":0.013871,""confirmedMinBandRatio"":0.032655,""confirmedSpectralNoveltyMinBins"":23,""cooldownOverrideFactor"":4.733851,""cooldownOverrideMinFlux"":0.007357,""cooldownOverrideMinBandRatio"":0.078563,""analyzeIntervalMs"":40}"
694,r007-0073-4a5de6bc,7,-294,2,6,7,4,0,133,"{""relativeReattackFactor"":3.017937,""relativeReattackMinDelta"":0.016615,""relativeFluxFactor"":1.551296,""spectralNoveltyRatio"":2.561625,""spectralNoveltyMinBins"":30,""cooldownFrames"":4,""confirmedRmsFactor"":1.241801,""confirmedRmsMinDelta"":0.003555,""confirmedFluxFactor"":1.541858,""confirmedMinFlux"":0.013431,""confirmedMinBandRatio"":0.034476,""confirmedSpectralNoveltyMinBins"":23,""cooldownOverrideFactor"":4.937261,""cooldownOverrideMinFlux"":0.009822,""cooldownOverrideMinBandRatio"":0.081424,""analyzeIntervalMs"":40}"
695,r008-0001-d1c641c2,8,-294,2,6,7,4,0,133,"{""relativeReattackFactor"":3.147566,""relativeReattackMinDelta"":0.019739,""relativeFluxFactor"":1.531632,""spectralNoveltyRatio"":2.81471,""spectralNoveltyMinBins"":29,""cooldownFrames"":4,""confirmedRmsFactor"":1.21497,""confirmedRmsMinDelta"":0.003623,""confirmedFluxFactor"":1.755164,""confirmedMinFlux"":0.015405,""confirmedMinBandRatio"":0.034759,""confirmedSpectralNoveltyMinBins"":25,""cooldownOverrideFactor"":4.742064,""cooldownOverrideMinFlux"":0.008163,""cooldownOverrideMinBandRatio"":0.079893,""analyzeIntervalMs"":40}"
696,r008-0035-3bddc7f4,8,-294,2,6,7,4,0,133,"{""relativeReattackFactor"":3.07303,""relativeReattackMinDelta"":0.01716,""relativeFluxFactor"":1.537948,""spectralNoveltyRatio"":3.026762,""spectralNoveltyMinBins"":31,""cooldownFrames"":4,""confirmedRmsFactor"":1.17753,""confirmedRmsMinDelta"":0.003119,""confirmedFluxFactor"":1.572666,""confirmedMinFlux"":0.015849,""confirmedMinBandRatio"":0.034585,""confirmedSpectralNoveltyMinBins"":25,""cooldownOverrideFactor"":5,""cooldownOverrideMinFlux"":0.011525,""cooldownOverrideMinBandRatio"":0.06944,""analyzeIntervalMs"":40}"
697,r008-0064-1d15ad09,8,-294,2,6,7,4,0,133,"{""relativeReattackFactor"":3.129345,""relativeReattackMinDelta"":0.016231,""relativeFluxFactor"":1.532532,""spectralNoveltyRatio"":3.01747,""spectralNoveltyMinBins"":31,""cooldownFrames"":4,""confirmedRmsFactor"":1.261487,""confirmedRmsMinDelta"":0.002571,""confirmedFluxFactor"":1.521068,""confirmedMinFlux"":0.012853,""confirmedMinBandRatio"":0.03653,""confirmedSpectralNoveltyMinBins"":23,""cooldownOverrideFactor"":4.761129,""cooldownOverrideMinFlux"":0.008006,""cooldownOverrideMinBandRatio"":0.089733,""analyzeIntervalMs"":40}"
698,r009-0035-906ef5be,9,-294,2,6,7,4,0,133,"{""relativeReattackFactor"":3.218809,""relativeReattackMinDelta"":0.016461,""relativeFluxFactor"":1.533635,""spectralNoveltyRatio"":3.180343,""spectralNoveltyMinBins"":29,""cooldownFrames"":4,""confirmedRmsFactor"":1.187004,""confirmedRmsMinDelta"":0.003119,""confirmedFluxFactor"":1.516647,""confirmedMinFlux"":0.012496,""confirmedMinBandRatio"":0.034695,""confirmedSpectralNoveltyMinBins"":24,""cooldownOverrideFactor"":4.632182,""cooldownOverrideMinFlux"":0.007569,""cooldownOverrideMinBandRatio"":0.09,""analyzeIntervalMs"":40}"
699,r009-0068-22faecc7,9,-294,2,6,7,4,0,133,"{""relativeReattackFactor"":3.148208,""relativeReattackMinDelta"":0.016491,""relativeFluxFactor"":1.537206,""spectralNoveltyRatio"":2.74971,""spectralNoveltyMinBins"":31,""cooldownFrames"":4,""confirmedRmsFactor"":1.196894,""confirmedRmsMinDelta"":0.003679,""confirmedFluxFactor"":1.559051,""confirmedMinFlux"":0.013181,""confirmedMinBandRatio"":0.035242,""confirmedSpectralNoveltyMinBins"":24,""cooldownOverrideFactor"":4.989327,""cooldownOverrideMinFlux"":0.009827,""cooldownOverrideMinBandRatio"":0.089932,""analyzeIntervalMs"":40}"
700,r010-0074-53ed8141,10,-294,2,6,7,4,0,133,"{""relativeReattackFactor"":3.318181,""relativeReattackMinDelta"":0.019422,""relativeFluxFactor"":1.537008,""spectralNoveltyRatio"":3.022948,""spectralNoveltyMinBins"":31,""cooldownFrames"":4,""confirmedRmsFactor"":1.214873,""confirmedRmsMinDelta"":0.003308,""confirmedFluxFactor"":1.740933,""confirmedMinFlux"":0.015772,""confirmedMinBandRatio"":0.035486,""confirmedSpectralNoveltyMinBins"":25,""cooldownOverrideFactor"":4.868073,""cooldownOverrideMinFlux"":0.007293,""cooldownOverrideMinBandRatio"":0.080759,""analyzeIntervalMs"":40}"
701,r012-0059-6dbdedd1,12,-294,2,6,7,4,0,132,"{""relativeReattackFactor"":3.245375,""relativeReattackMinDelta"":0.019258,""relativeFluxFactor"":1.512064,""spectralNoveltyRatio"":3.187085,""spectralNoveltyMinBins"":31,""cooldownFrames"":4,""confirmedRmsFactor"":1.193897,""confirmedRmsMinDelta"":0.003739,""confirmedFluxFactor"":1.719901,""confirmedMinFlux"":0.015051,""confirmedMinBandRatio"":0.038111,""confirmedSpectralNoveltyMinBins"":24,""cooldownOverrideFactor"":4.932734,""cooldownOverrideMinFlux"":0.009236,""cooldownOverrideMinBandRatio"":0.081184,""analyzeIntervalMs"":40}"
702,r006-0054-1be23c24,6,-295,2,6,8,4,0,134,"{""relativeReattackFactor"":3.057547,""relativeReattackMinDelta"":0.017953,""relativeFluxFactor"":1.539834,""spectralNoveltyRatio"":3.08265,""spectralNoveltyMinBins"":28,""cooldownFrames"":4,""confirmedRmsFactor"":1.163201,""confirmedRmsMinDelta"":0.003674,""confirmedFluxFactor"":1.643827,""confirmedMinFlux"":0.013268,""confirmedMinBandRatio"":0.034669,""confirmedSpectralNoveltyMinBins"":23,""cooldownOverrideFactor"":4.849818,""cooldownOverrideMinFlux"":0.010397,""cooldownOverrideMinBandRatio"":0.075973,""analyzeIntervalMs"":40}"
703,r008-0031-bc88e00a,8,-295,2,6,8,4,0,134,"{""relativeReattackFactor"":3.287064,""relativeReattackMinDelta"":0.020445,""relativeFluxFactor"":1.553614,""spectralNoveltyRatio"":2.92533,""spectralNoveltyMinBins"":28,""cooldownFrames"":4,""confirmedRmsFactor"":1.261238,""confirmedRmsMinDelta"":0.003413,""confirmedFluxFactor"":1.721022,""confirmedMinFlux"":0.015069,""confirmedMinBandRatio"":0.037845,""confirmedSpectralNoveltyMinBins"":24,""cooldownOverrideFactor"":4.867336,""cooldownOverrideMinFlux"":0.007119,""cooldownOverrideMinBandRatio"":0.079716,""analyzeIntervalMs"":40}"
704,r011-0072-da1b951c,11,-295,2,6,8,4,0,134,"{""relativeReattackFactor"":3.135212,""relativeReattackMinDelta"":0.01939,""relativeFluxFactor"":1.523113,""spectralNoveltyRatio"":2.937561,""spectralNoveltyMinBins"":28,""cooldownFrames"":4,""confirmedRmsFactor"":1.2925,""confirmedRmsMinDelta"":0.003498,""confirmedFluxFactor"":1.669918,""confirmedMinFlux"":0.016085,""confirmedMinBandRatio"":0.037881,""confirmedSpectralNoveltyMinBins"":25,""cooldownOverrideFactor"":5,""cooldownOverrideMinFlux"":0.008732,""cooldownOverrideMinBandRatio"":0.086251,""analyzeIntervalMs"":40}"
705,r012-0039-9bb7f78f,12,-295,2,6,8,4,0,134,"{""relativeReattackFactor"":3.151798,""relativeReattackMinDelta"":0.019667,""relativeFluxFactor"":1.537518,""spectralNoveltyRatio"":3.182443,""spectralNoveltyMinBins"":28,""cooldownFrames"":4,""confirmedRmsFactor"":1.172001,""confirmedRmsMinDelta"":0.003957,""confirmedFluxFactor"":1.739244,""confirmedMinFlux"":0.014973,""confirmedMinBandRatio"":0.037774,""confirmedSpectralNoveltyMinBins"":25,""cooldownOverrideFactor"":5,""cooldownOverrideMinFlux"":0.00866,""cooldownOverrideMinBandRatio"":0.082953,""analyzeIntervalMs"":40}"
706,r007-0051-b7e2a5d7,7,-296,2,6,9,4,0,135,"{""relativeReattackFactor"":3.291159,""relativeReattackMinDelta"":0.017036,""relativeFluxFactor"":1.532978,""spectralNoveltyRatio"":2.785577,""spectralNoveltyMinBins"":28,""cooldownFrames"":4,""confirmedRmsFactor"":1.15,""confirmedRmsMinDelta"":0.002977,""confirmedFluxFactor"":1.525228,""confirmedMinFlux"":0.014389,""confirmedMinBandRatio"":0.035609,""confirmedSpectralNoveltyMinBins"":25,""cooldownOverrideFactor"":4.923389,""cooldownOverrideMinFlux"":0.011992,""cooldownOverrideMinBandRatio"":0.071828,""analyzeIntervalMs"":40}"
707,r009-0002-d4a3e804,9,-296,2,6,9,4,0,135,"{""relativeReattackFactor"":3.135754,""relativeReattackMinDelta"":0.018744,""relativeFluxFactor"":1.52187,""spectralNoveltyRatio"":2.855742,""spectralNoveltyMinBins"":28,""cooldownFrames"":4,""confirmedRmsFactor"":1.296659,""confirmedRmsMinDelta"":0.003807,""confirmedFluxFactor"":1.681594,""confirmedMinFlux"":0.015359,""confirmedMinBandRatio"":0.037402,""confirmedSpectralNoveltyMinBins"":24,""cooldownOverrideFactor"":4.922158,""cooldownOverrideMinFlux"":0.00886,""cooldownOverrideMinBandRatio"":0.088913,""analyzeIntervalMs"":40}"
708,r012-0004-a0c7b0eb,12,-296,2,6,9,4,0,135,"{""relativeReattackFactor"":3.208173,""relativeReattackMinDelta"":0.018853,""relativeFluxFactor"":1.543278,""spectralNoveltyRatio"":3.241623,""spectralNoveltyMinBins"":27,""cooldownFrames"":4,""confirmedRmsFactor"":1.197858,""confirmedRmsMinDelta"":0.003326,""confirmedFluxFactor"":1.738658,""confirmedMinFlux"":0.015156,""confirmedMinBandRatio"":0.037342,""confirmedSpectralNoveltyMinBins"":23,""cooldownOverrideFactor"":4.997946,""cooldownOverrideMinFlux"":0.008887,""cooldownOverrideMinBandRatio"":0.080334,""analyzeIntervalMs"":40}"
709,r006-0071-5b2fb933,6,-298,2,6,9,4,0,135,"{""relativeReattackFactor"":3.094079,""relativeReattackMinDelta"":0.016001,""relativeFluxFactor"":1.58505,""spectralNoveltyRatio"":3.071536,""spectralNoveltyMinBins"":24,""cooldownFrames"":4,""confirmedRmsFactor"":1.247949,""confirmedRmsMinDelta"":0.003104,""confirmedFluxFactor"":1.630587,""confirmedMinFlux"":0.0146,""confirmedMinBandRatio"":0.034456,""confirmedSpectralNoveltyMinBins"":21,""cooldownOverrideFactor"":4.834218,""cooldownOverrideMinFlux"":0.006721,""cooldownOverrideMinBandRatio"":0.079985,""analyzeIntervalMs"":40}"
710,r007-0042-bddb4437,7,-298,2,6,9,4,0,136,"{""relativeReattackFactor"":2.896123,""relativeReattackMinDelta"":0.017536,""relativeFluxFactor"":1.593143,""spectralNoveltyRatio"":2.994783,""spectralNoveltyMinBins"":25,""cooldownFrames"":4,""confirmedRmsFactor"":1.286698,""confirmedRmsMinDelta"":0.003229,""confirmedFluxFactor"":1.537112,""confirmedMinFlux"":0.013635,""confirmedMinBandRatio"":0.035243,""confirmedSpectralNoveltyMinBins"":21,""cooldownOverrideFactor"":4.698757,""cooldownOverrideMinFlux"":0.008936,""cooldownOverrideMinBandRatio"":0.080939,""analyzeIntervalMs"":40}"
711,r006-0077-2d908b12,6,-299,2,6,10,4,0,137,"{""relativeReattackFactor"":2.937061,""relativeReattackMinDelta"":0.01905,""relativeFluxFactor"":1.553148,""spectralNoveltyRatio"":3.000615,""spectralNoveltyMinBins"":26,""cooldownFrames"":4,""confirmedRmsFactor"":1.308286,""confirmedRmsMinDelta"":0.003282,""confirmedFluxFactor"":1.72379,""confirmedMinFlux"":0.014591,""confirmedMinBandRatio"":0.034451,""confirmedSpectralNoveltyMinBins"":25,""cooldownOverrideFactor"":4.668349,""cooldownOverrideMinFlux"":0.008645,""cooldownOverrideMinBandRatio"":0.08,""analyzeIntervalMs"":40}"
712,r003-0064-50d79ea5,3,-299,3,6,15,4,0,141,"{""relativeReattackFactor"":3.869615,""relativeReattackMinDelta"":0.006404,""relativeFluxFactor"":1.751944,""spectralNoveltyRatio"":4.39853,""spectralNoveltyMinBins"":22,""cooldownFrames"":3,""confirmedRmsFactor"":1.876299,""confirmedRmsMinDelta"":0.008513,""confirmedFluxFactor"":2.209532,""confirmedMinFlux"":0.005497,""confirmedMinBandRatio"":0.027357,""confirmedSpectralNoveltyMinBins"":8,""cooldownOverrideFactor"":2.249015,""cooldownOverrideMinFlux"":0.020076,""cooldownOverrideMinBandRatio"":0.075109,""analyzeIntervalMs"":48}"
713,r003-0037-3b7027d5,3,-300,2,2,28,1,4,160,"{""relativeReattackFactor"":2.676854,""relativeReattackMinDelta"":0.016884,""relativeFluxFactor"":1.4,""spectralNoveltyRatio"":2.229252,""spectralNoveltyMinBins"":12,""cooldownFrames"":4,""confirmedRmsFactor"":1.31387,""confirmedRmsMinDelta"":0.003647,""confirmedFluxFactor"":1.447363,""confirmedMinFlux"":0.011983,""confirmedMinBandRatio"":0.031798,""confirmedSpectralNoveltyMinBins"":21,""cooldownOverrideFactor"":4.875347,""cooldownOverrideMinFlux"":0.007911,""cooldownOverrideMinBandRatio"":0.072797,""analyzeIntervalMs"":37}"
714,r003-0070-34ee6e51,3,-300,1,5,19,3,0,146,"{""relativeReattackFactor"":3.186421,""relativeReattackMinDelta"":0.012355,""relativeFluxFactor"":1.431604,""spectralNoveltyRatio"":4.081552,""spectralNoveltyMinBins"":19,""cooldownFrames"":3,""confirmedRmsFactor"":1.865162,""confirmedRmsMinDelta"":0.006296,""confirmedFluxFactor"":2.270923,""confirmedMinFlux"":0.00613,""confirmedMinBandRatio"":0.022506,""confirmedSpectralNoveltyMinBins"":21,""cooldownOverrideFactor"":1.977429,""cooldownOverrideMinFlux"":0.017698,""cooldownOverrideMinBandRatio"":0.085636,""analyzeIntervalMs"":46}"
715,r007-0062-c555253f,7,-302,1,5,10,3,0,137,"{""relativeReattackFactor"":3.076142,""relativeReattackMinDelta"":0.015872,""relativeFluxFactor"":1.505314,""spectralNoveltyRatio"":2.739877,""spectralNoveltyMinBins"":27,""cooldownFrames"":4,""confirmedRmsFactor"":1.222941,""confirmedRmsMinDelta"":0.003503,""confirmedFluxFactor"":1.5194,""confirmedMinFlux"":0.01378,""confirmedMinBandRatio"":0.036161,""confirmedSpectralNoveltyMinBins"":22,""cooldownOverrideFactor"":4.688517,""cooldownOverrideMinFlux"":0.006926,""cooldownOverrideMinBandRatio"":0.078308,""analyzeIntervalMs"":40}"
716,r008-0073-ae460066,8,-302,1,5,10,3,0,137,"{""relativeReattackFactor"":3.070406,""relativeReattackMinDelta"":0.019402,""relativeFluxFactor"":1.516121,""spectralNoveltyRatio"":2.770464,""spectralNoveltyMinBins"":27,""cooldownFrames"":4,""confirmedRmsFactor"":1.33729,""confirmedRmsMinDelta"":0.003399,""confirmedFluxFactor"":1.614654,""confirmedMinFlux"":0.015765,""confirmedMinBandRatio"":0.039932,""confirmedSpectralNoveltyMinBins"":24,""cooldownOverrideFactor"":4.967306,""cooldownOverrideMinFlux"":0.009321,""cooldownOverrideMinBandRatio"":0.083386,""analyzeIntervalMs"":40}"
717,r003-0001-3204f06d,3,-303,2,3,20,2,1,149,"{""relativeReattackFactor"":3.245386,""relativeReattackMinDelta"":0.016533,""relativeFluxFactor"":1.610326,""spectralNoveltyRatio"":2.281093,""spectralNoveltyMinBins"":18,""cooldownFrames"":4,""confirmedRmsFactor"":1.277881,""confirmedRmsMinDelta"":0.003859,""confirmedFluxFactor"":1.593534,""confirmedMinFlux"":0.014162,""confirmedMinBandRatio"":0.031205,""confirmedSpectralNoveltyMinBins"":25,""cooldownOverrideFactor"":4.233236,""cooldownOverrideMinFlux"":0.005085,""cooldownOverrideMinBandRatio"":0.077082,""analyzeIntervalMs"":43}"
718,r006-0058-dde6c28d,6,-303,2,6,11,4,0,138,"{""relativeReattackFactor"":2.986158,""relativeReattackMinDelta"":0.019279,""relativeFluxFactor"":1.566221,""spectralNoveltyRatio"":2.903635,""spectralNoveltyMinBins"":26,""cooldownFrames"":4,""confirmedRmsFactor"":1.211373,""confirmedRmsMinDelta"":0.00379,""confirmedFluxFactor"":1.59412,""confirmedMinFlux"":0.015317,""confirmedMinBandRatio"":0.039712,""confirmedSpectralNoveltyMinBins"":26,""cooldownOverrideFactor"":5,""cooldownOverrideMinFlux"":0.008701,""cooldownOverrideMinBandRatio"":0.078546,""analyzeIntervalMs"":40}"
719,r003-0079-54c2aa40,3,-307,1,5,10,3,0,135,"{""relativeReattackFactor"":3.758648,""relativeReattackMinDelta"":0.008721,""relativeFluxFactor"":1.4,""spectralNoveltyRatio"":4.080158,""spectralNoveltyMinBins"":31,""cooldownFrames"":3,""confirmedRmsFactor"":1.994261,""confirmedRmsMinDelta"":0.00634,""confirmedFluxFactor"":2.007419,""confirmedMinFlux"":0.005063,""confirmedMinBandRatio"":0.02668,""confirmedSpectralNoveltyMinBins"":9,""cooldownOverrideFactor"":1.977077,""cooldownOverrideMinFlux"":0.022462,""cooldownOverrideMinBandRatio"":0.077375,""analyzeIntervalMs"":50}"
720,r005-0044-defe08da,5,-308,1,5,11,3,0,138,"{""relativeReattackFactor"":3.065888,""relativeReattackMinDelta"":0.017616,""relativeFluxFactor"":1.638341,""spectralNoveltyRatio"":2.035304,""spectralNoveltyMinBins"":24,""cooldownFrames"":4,""confirmedRmsFactor"":1.348679,""confirmedRmsMinDelta"":0.003783,""confirmedFluxFactor"":1.603112,""confirmedMinFlux"":0.014083,""confirmedMinBandRatio"":0.036313,""confirmedSpectralNoveltyMinBins"":21,""cooldownOverrideFactor"":4.754144,""cooldownOverrideMinFlux"":0.007616,""cooldownOverrideMinBandRatio"":0.087462,""analyzeIntervalMs"":40}"
721,r003-0040-8a55c004,3,-308,2,4,19,3,1,148,"{""relativeReattackFactor"":3.329671,""relativeReattackMinDelta"":0.014314,""relativeFluxFactor"":1.48776,""spectralNoveltyRatio"":4.022846,""spectralNoveltyMinBins"":13,""cooldownFrames"":3,""confirmedRmsFactor"":1.864521,""confirmedRmsMinDelta"":0.007943,""confirmedFluxFactor"":2.257398,""confirmedMinFlux"":0.007683,""confirmedMinBandRatio"":0.0281,""confirmedSpectralNoveltyMinBins"":22,""cooldownOverrideFactor"":1.919454,""cooldownOverrideMinFlux"":0.017801,""cooldownOverrideMinBandRatio"":0.074458,""analyzeIntervalMs"":47}"
722,r003-0014-1012fd69,3,-309,1,5,12,3,0,137,"{""relativeReattackFactor"":3.952278,""relativeReattackMinDelta"":0.010129,""relativeFluxFactor"":1.4,""spectralNoveltyRatio"":4.685145,""spectralNoveltyMinBins"":24,""cooldownFrames"":3,""confirmedRmsFactor"":2.002295,""confirmedRmsMinDelta"":0.006406,""confirmedFluxFactor"":2.115399,""confirmedMinFlux"":0.00618,""confirmedMinBandRatio"":0.026603,""confirmedSpectralNoveltyMinBins"":13,""cooldownOverrideFactor"":2.124785,""cooldownOverrideMinFlux"":0.022821,""cooldownOverrideMinBandRatio"":0.080738,""analyzeIntervalMs"":50}"
723,r003-0074-7000bbdf,3,-309,1,5,12,3,0,137,"{""relativeReattackFactor"":3.710343,""relativeReattackMinDelta"":0.008803,""relativeFluxFactor"":1.4,""spectralNoveltyRatio"":3.940838,""spectralNoveltyMinBins"":29,""cooldownFrames"":3,""confirmedRmsFactor"":1.980907,""confirmedRmsMinDelta"":0.006536,""confirmedFluxFactor"":2.010259,""confirmedMinFlux"":0.005768,""confirmedMinBandRatio"":0.023659,""confirmedSpectralNoveltyMinBins"":14,""cooldownOverrideFactor"":2.511727,""cooldownOverrideMinFlux"":0.020661,""cooldownOverrideMinBandRatio"":0.06885,""analyzeIntervalMs"":50}"
724,r006-0019-8614cf0b,6,-309,1,5,12,3,0,140,"{""relativeReattackFactor"":2.947537,""relativeReattackMinDelta"":0.019463,""relativeFluxFactor"":1.503032,""spectralNoveltyRatio"":2.755618,""spectralNoveltyMinBins"":26,""cooldownFrames"":4,""confirmedRmsFactor"":1.15,""confirmedRmsMinDelta"":0.003129,""confirmedFluxFactor"":1.629888,""confirmedMinFlux"":0.014775,""confirmedMinBandRatio"":0.036716,""confirmedSpectralNoveltyMinBins"":26,""cooldownOverrideFactor"":5,""cooldownOverrideMinFlux"":0.009883,""cooldownOverrideMinBandRatio"":0.076646,""analyzeIntervalMs"":40}"
725,r006-0020-080374b7,6,-309,1,5,12,3,0,140,"{""relativeReattackFactor"":2.92639,""relativeReattackMinDelta"":0.018489,""relativeFluxFactor"":1.477714,""spectralNoveltyRatio"":3.008863,""spectralNoveltyMinBins"":23,""cooldownFrames"":4,""confirmedRmsFactor"":1.240024,""confirmedRmsMinDelta"":0.003075,""confirmedFluxFactor"":1.611609,""confirmedMinFlux"":0.014344,""confirmedMinBandRatio"":0.036557,""confirmedSpectralNoveltyMinBins"":24,""cooldownOverrideFactor"":4.714424,""cooldownOverrideMinFlux"":0.007365,""cooldownOverrideMinBandRatio"":0.075986,""analyzeIntervalMs"":40}"
726,r007-0066-980a2bc6,7,-309,1,5,12,3,0,139,"{""relativeReattackFactor"":3.250205,""relativeReattackMinDelta"":0.01633,""relativeFluxFactor"":1.47802,""spectralNoveltyRatio"":2.891252,""spectralNoveltyMinBins"":24,""cooldownFrames"":4,""confirmedRmsFactor"":1.15,""confirmedRmsMinDelta"":0.00277,""confirmedFluxFactor"":1.432661,""confirmedMinFlux"":0.014027,""confirmedMinBandRatio"":0.036664,""confirmedSpectralNoveltyMinBins"":26,""cooldownOverrideFactor"":4.862782,""cooldownOverrideMinFlux"":0.011197,""cooldownOverrideMinBandRatio"":0.072898,""analyzeIntervalMs"":40}"
727,r008-0032-9fed4746,8,-309,1,5,12,3,0,139,"{""relativeReattackFactor"":3.109911,""relativeReattackMinDelta"":0.017981,""relativeFluxFactor"":1.521233,""spectralNoveltyRatio"":2.91812,""spectralNoveltyMinBins"":25,""cooldownFrames"":4,""confirmedRmsFactor"":1.161691,""confirmedRmsMinDelta"":0.003498,""confirmedFluxFactor"":1.474383,""confirmedMinFlux"":0.013282,""confirmedMinBandRatio"":0.035638,""confirmedSpectralNoveltyMinBins"":25,""cooldownOverrideFactor"":4.842661,""cooldownOverrideMinFlux"":0.010956,""cooldownOverrideMinBandRatio"":0.071417,""analyzeIntervalMs"":40}"
728,r010-0006-03f0443a,10,-309,1,5,12,3,0,139,"{""relativeReattackFactor"":3.278286,""relativeReattackMinDelta"":0.019663,""relativeFluxFactor"":1.500928,""spectralNoveltyRatio"":2.830079,""spectralNoveltyMinBins"":25,""cooldownFrames"":4,""confirmedRmsFactor"":1.211405,""confirmedRmsMinDelta"":0.003745,""confirmedFluxFactor"":1.666007,""confirmedMinFlux"":0.015705,""confirmedMinBandRatio"":0.035146,""confirmedSpectralNoveltyMinBins"":25,""cooldownOverrideFactor"":4.746567,""cooldownOverrideMinFlux"":0.008917,""cooldownOverrideMinBandRatio"":0.080762,""analyzeIntervalMs"":40}"
729,r011-0052-ebb620f3,11,-309,1,5,12,3,0,139,"{""relativeReattackFactor"":3.277959,""relativeReattackMinDelta"":0.018947,""relativeFluxFactor"":1.479495,""spectralNoveltyRatio"":2.808429,""spectralNoveltyMinBins"":25,""cooldownFrames"":4,""confirmedRmsFactor"":1.316326,""confirmedRmsMinDelta"":0.00366,""confirmedFluxFactor"":1.703115,""confirmedMinFlux"":0.01503,""confirmedMinBandRatio"":0.036571,""confirmedSpectralNoveltyMinBins"":25,""cooldownOverrideFactor"":4.97946,""cooldownOverrideMinFlux"":0.008888,""cooldownOverrideMinBandRatio"":0.088663,""analyzeIntervalMs"":40}"
730,r003-0044-5fe313c1,3,-310,1,5,11,3,0,136,"{""relativeReattackFactor"":3.787273,""relativeReattackMinDelta"":0.005992,""relativeFluxFactor"":1.4,""spectralNoveltyRatio"":4.345045,""spectralNoveltyMinBins"":31,""cooldownFrames"":3,""confirmedRmsFactor"":1.916693,""confirmedRmsMinDelta"":0.007621,""confirmedFluxFactor"":2.230084,""confirmedMinFlux"":0.006954,""confirmedMinBandRatio"":0.029751,""confirmedSpectralNoveltyMinBins"":13,""cooldownOverrideFactor"":2.032054,""cooldownOverrideMinFlux"":0.022556,""cooldownOverrideMinBandRatio"":0.077951,""analyzeIntervalMs"":50}"
731,r002-0037-e92de7a5,2,-310,1,5,12,3,0,139,"{""relativeReattackFactor"":3.94897,""relativeReattackMinDelta"":0.01079,""relativeFluxFactor"":1.717334,""spectralNoveltyRatio"":4.045733,""spectralNoveltyMinBins"":20,""cooldownFrames"":3,""confirmedRmsFactor"":2.044465,""confirmedRmsMinDelta"":0.006787,""confirmedFluxFactor"":2.011367,""confirmedMinFlux"":0.008405,""confirmedMinBandRatio"":0.018104,""confirmedSpectralNoveltyMinBins"":17,""cooldownOverrideFactor"":2.252225,""cooldownOverrideMinFlux"":0.023905,""cooldownOverrideMinBandRatio"":0.087495,""analyzeIntervalMs"":45}"
732,r004-0040-5d35b5b4,4,-310,1,5,12,3,0,139,"{""relativeReattackFactor"":3.845945,""relativeReattackMinDelta"":0.014198,""relativeFluxFactor"":1.570484,""spectralNoveltyRatio"":4.829786,""spectralNoveltyMinBins"":20,""cooldownFrames"":3,""confirmedRmsFactor"":1.774371,""confirmedRmsMinDelta"":0.007086,""confirmedFluxFactor"":2.278233,""confirmedMinFlux"":0.003183,""confirmedMinBandRatio"":0.031886,""confirmedSpectralNoveltyMinBins"":18,""cooldownOverrideFactor"":1.8,""cooldownOverrideMinFlux"":0.020022,""cooldownOverrideMinBandRatio"":0.08504,""analyzeIntervalMs"":45}"
733,r003-0039-ccd6534a,3,-312,1,5,13,3,0,138,"{""relativeReattackFactor"":3.874505,""relativeReattackMinDelta"":0.010233,""relativeFluxFactor"":1.4,""spectralNoveltyRatio"":4.508861,""spectralNoveltyMinBins"":23,""cooldownFrames"":3,""confirmedRmsFactor"":1.907541,""confirmedRmsMinDelta"":0.006856,""confirmedFluxFactor"":1.998065,""confirmedMinFlux"":0.007612,""confirmedMinBandRatio"":0.031541,""confirmedSpectralNoveltyMinBins"":10,""cooldownOverrideFactor"":2.041329,""cooldownOverrideMinFlux"":0.020892,""cooldownOverrideMinBandRatio"":0.071257,""analyzeIntervalMs"":50}"
734,r003-0054-a8eb55ad,3,-312,1,5,13,3,0,138,"{""relativeReattackFactor"":3.771906,""relativeReattackMinDelta"":0.006899,""relativeFluxFactor"":1.4,""spectralNoveltyRatio"":4.229493,""spectralNoveltyMinBins"":25,""cooldownFrames"":3,""confirmedRmsFactor"":1.891649,""confirmedRmsMinDelta"":0.007382,""confirmedFluxFactor"":1.924032,""confirmedMinFlux"":0.007385,""confirmedMinBandRatio"":0.026547,""confirmedSpectralNoveltyMinBins"":13,""cooldownOverrideFactor"":2.367708,""cooldownOverrideMinFlux"":0.024409,""cooldownOverrideMinBandRatio"":0.076574,""analyzeIntervalMs"":50}"
735,r003-0069-4997780c,3,-312,3,7,10,5,0,133,"{""relativeReattackFactor"":3.999475,""relativeReattackMinDelta"":0.005897,""relativeFluxFactor"":1.4,""spectralNoveltyRatio"":3.7616,""spectralNoveltyMinBins"":31,""cooldownFrames"":3,""confirmedRmsFactor"":2.020595,""confirmedRmsMinDelta"":0.006296,""confirmedFluxFactor"":2.203085,""confirmedMinFlux"":0.005323,""confirmedMinBandRatio"":0.028417,""confirmedSpectralNoveltyMinBins"":13,""cooldownOverrideFactor"":2.257539,""cooldownOverrideMinFlux"":0.022512,""cooldownOverrideMinBandRatio"":0.08348,""analyzeIntervalMs"":47}"
736,r005-0011-95fef947,5,-313,1,5,13,3,0,140,"{""relativeReattackFactor"":3.032519,""relativeReattackMinDelta"":0.018842,""relativeFluxFactor"":1.470246,""spectralNoveltyRatio"":2.711301,""spectralNoveltyMinBins"":24,""cooldownFrames"":4,""confirmedRmsFactor"":1.27881,""confirmedRmsMinDelta"":0.003405,""confirmedFluxFactor"":1.657383,""confirmedMinFlux"":0.015039,""confirmedMinBandRatio"":0.038404,""confirmedSpectralNoveltyMinBins"":24,""cooldownOverrideFactor"":4.969194,""cooldownOverrideMinFlux"":0.00759,""cooldownOverrideMinBandRatio"":0.078843,""analyzeIntervalMs"":40}"
737,r005-0018-e6ceaabc,5,-313,1,5,13,3,0,141,"{""relativeReattackFactor"":2.874555,""relativeReattackMinDelta"":0.014899,""relativeFluxFactor"":1.484233,""spectralNoveltyRatio"":2.62437,""spectralNoveltyMinBins"":24,""cooldownFrames"":4,""confirmedRmsFactor"":1.480763,""confirmedRmsMinDelta"":0.0041,""confirmedFluxFactor"":1.698118,""confirmedMinFlux"":0.012926,""confirmedMinBandRatio"":0.034929,""confirmedSpectralNoveltyMinBins"":26,""cooldownOverrideFactor"":3.890577,""cooldownOverrideMinFlux"":0.00657,""cooldownOverrideMinBandRatio"":0.08369,""analyzeIntervalMs"":40}"
738,r007-0021-f66fd9c9,7,-313,1,5,13,3,0,140,"{""relativeReattackFactor"":3.319398,""relativeReattackMinDelta"":0.016429,""relativeFluxFactor"":1.568087,""spectralNoveltyRatio"":2.560977,""spectralNoveltyMinBins"":23,""cooldownFrames"":4,""confirmedRmsFactor"":1.15,""confirmedRmsMinDelta"":0.003188,""confirmedFluxFactor"":1.430294,""confirmedMinFlux"":0.012771,""confirmedMinBandRatio"":0.034024,""confirmedSpectralNoveltyMinBins"":27,""cooldownOverrideFactor"":4.772021,""cooldownOverrideMinFlux"":0.010445,""cooldownOverrideMinBandRatio"":0.077204,""analyzeIntervalMs"":40}"
739,r004-0030-57219798,4,-314,1,5,13,3,0,140,"{""relativeReattackFactor"":3.606552,""relativeReattackMinDelta"":0.015712,""relativeFluxFactor"":1.555871,""spectralNoveltyRatio"":4.815514,""spectralNoveltyMinBins"":20,""cooldownFrames"":3,""confirmedRmsFactor"":1.834732,""confirmedRmsMinDelta"":0.007442,""confirmedFluxFactor"":2.232058,""confirmedMinFlux"":0.003422,""confirmedMinBandRatio"":0.028564,""confirmedSpectralNoveltyMinBins"":15,""cooldownOverrideFactor"":1.937907,""cooldownOverrideMinFlux"":0.02094,""cooldownOverrideMinBandRatio"":0.084764,""analyzeIntervalMs"":45}"
740,r004-0045-3b207f66,4,-314,1,5,13,3,0,140,"{""relativeReattackFactor"":3.603531,""relativeReattackMinDelta"":0.012691,""relativeFluxFactor"":1.494723,""spectralNoveltyRatio"":4.687826,""spectralNoveltyMinBins"":20,""cooldownFrames"":3,""confirmedRmsFactor"":1.790347,""confirmedRmsMinDelta"":0.007343,""confirmedFluxFactor"":2.136031,""confirmedMinFlux"":0.003913,""confirmedMinBandRatio"":0.028214,""confirmedSpectralNoveltyMinBins"":16,""cooldownOverrideFactor"":1.8,""cooldownOverrideMinFlux"":0.018588,""cooldownOverrideMinBandRatio"":0.085874,""analyzeIntervalMs"":45}"
741,r004-0076-d8bacf49,4,-316,1,5,14,3,0,142,"{""relativeReattackFactor"":2.653765,""relativeReattackMinDelta"":0.016463,""relativeFluxFactor"":1.551006,""spectralNoveltyRatio"":2.255515,""spectralNoveltyMinBins"":22,""cooldownFrames"":4,""confirmedRmsFactor"":1.214296,""confirmedRmsMinDelta"":0.003464,""confirmedFluxFactor"":1.490042,""confirmedMinFlux"":0.016017,""confirmedMinBandRatio"":0.040508,""confirmedSpectralNoveltyMinBins"":19,""cooldownOverrideFactor"":4.615985,""cooldownOverrideMinFlux"":0.006081,""cooldownOverrideMinBandRatio"":0.086791,""analyzeIntervalMs"":40}"
742,r005-0029-a6891e1a,5,-317,2,6,10,4,1,136,"{""relativeReattackFactor"":2.915906,""relativeReattackMinDelta"":0.019201,""relativeFluxFactor"":1.604112,""spectralNoveltyRatio"":2.089963,""spectralNoveltyMinBins"":24,""cooldownFrames"":4,""confirmedRmsFactor"":1.372686,""confirmedRmsMinDelta"":0.004345,""confirmedFluxFactor"":1.480813,""confirmedMinFlux"":0.014912,""confirmedMinBandRatio"":0.031692,""confirmedSpectralNoveltyMinBins"":18,""cooldownOverrideFactor"":4.444547,""cooldownOverrideMinFlux"":0.007424,""cooldownOverrideMinBandRatio"":0.083404,""analyzeIntervalMs"":42}"
743,r005-0046-ea68dcef,5,-317,2,6,10,4,1,136,"{""relativeReattackFactor"":2.906269,""relativeReattackMinDelta"":0.017573,""relativeFluxFactor"":1.643698,""spectralNoveltyRatio"":2.804146,""spectralNoveltyMinBins"":24,""cooldownFrames"":4,""confirmedRmsFactor"":1.208899,""confirmedRmsMinDelta"":0.003385,""confirmedFluxFactor"":1.547551,""confirmedMinFlux"":0.016028,""confirmedMinBandRatio"":0.034415,""confirmedSpectralNoveltyMinBins"":24,""cooldownOverrideFactor"":4.655041,""cooldownOverrideMinFlux"":0.008213,""cooldownOverrideMinBandRatio"":0.074833,""analyzeIntervalMs"":42}"
744,r004-0055-3c6da9d1,4,-318,1,5,14,3,0,141,"{""relativeReattackFactor"":3.839966,""relativeReattackMinDelta"":0.015493,""relativeFluxFactor"":1.504703,""spectralNoveltyRatio"":5.169735,""spectralNoveltyMinBins"":17,""cooldownFrames"":3,""confirmedRmsFactor"":1.826656,""confirmedRmsMinDelta"":0.006547,""confirmedFluxFactor"":2.114332,""confirmedMinFlux"":0.004913,""confirmedMinBandRatio"":0.027174,""confirmedSpectralNoveltyMinBins"":16,""cooldownOverrideFactor"":1.8,""cooldownOverrideMinFlux"":0.021446,""cooldownOverrideMinBandRatio"":0.078018,""analyzeIntervalMs"":45}"
745,r004-0080-9bfd0925,4,-318,1,5,14,3,0,141,"{""relativeReattackFactor"":3.737658,""relativeReattackMinDelta"":0.013677,""relativeFluxFactor"":1.654027,""spectralNoveltyRatio"":5.004169,""spectralNoveltyMinBins"":15,""cooldownFrames"":3,""confirmedRmsFactor"":1.695798,""confirmedRmsMinDelta"":0.00737,""confirmedFluxFactor"":2.290329,""confirmedMinFlux"":0.003291,""confirmedMinBandRatio"":0.026373,""confirmedSpectralNoveltyMinBins"":15,""cooldownOverrideFactor"":2.011275,""cooldownOverrideMinFlux"":0.020599,""cooldownOverrideMinBandRatio"":0.077941,""analyzeIntervalMs"":45}"
746,r002-0073-2400195d,2,-322,1,4,25,2,3,154,"{""relativeReattackFactor"":3.167322,""relativeReattackMinDelta"":0.01461,""relativeFluxFactor"":1.4,""spectralNoveltyRatio"":4.573646,""spectralNoveltyMinBins"":21,""cooldownFrames"":3,""confirmedRmsFactor"":1.740373,""confirmedRmsMinDelta"":0.003105,""confirmedFluxFactor"":1.240083,""confirmedMinFlux"":0.018359,""confirmedMinBandRatio"":0.045668,""confirmedSpectralNoveltyMinBins"":26,""cooldownOverrideFactor"":4.026626,""cooldownOverrideMinFlux"":0.004,""cooldownOverrideMinBandRatio"":0.029824,""analyzeIntervalMs"":38}"
747,r003-0073-0e2e63ed,3,-323,2,6,12,4,0,137,"{""relativeReattackFactor"":3.275102,""relativeReattackMinDelta"":0.018978,""relativeFluxFactor"":1.669685,""spectralNoveltyRatio"":2.103445,""spectralNoveltyMinBins"":27,""cooldownFrames"":4,""confirmedRmsFactor"":1.586342,""confirmedRmsMinDelta"":0.003823,""confirmedFluxFactor"":1.550282,""confirmedMinFlux"":0.013493,""confirmedMinBandRatio"":0.033167,""confirmedSpectralNoveltyMinBins"":25,""cooldownOverrideFactor"":5,""cooldownOverrideMinFlux"":0.005481,""cooldownOverrideMinBandRatio"":0.081114,""analyzeIntervalMs"":46}"
748,r004-0017-2d12e22d,4,-323,2,6,12,4,1,138,"{""relativeReattackFactor"":2.757225,""relativeReattackMinDelta"":0.018667,""relativeFluxFactor"":1.714645,""spectralNoveltyRatio"":2.243607,""spectralNoveltyMinBins"":26,""cooldownFrames"":4,""confirmedRmsFactor"":1.635898,""confirmedRmsMinDelta"":0.00511,""confirmedFluxFactor"":1.67609,""confirmedMinFlux"":0.01366,""confirmedMinBandRatio"":0.03509,""confirmedSpectralNoveltyMinBins"":30,""cooldownOverrideFactor"":4.775912,""cooldownOverrideMinFlux"":0.004,""cooldownOverrideMinBandRatio"":0.078269,""analyzeIntervalMs"":42}"
749,r005-0059-7914b76b,5,-323,2,6,12,4,1,138,"{""relativeReattackFactor"":2.773635,""relativeReattackMinDelta"":0.018481,""relativeFluxFactor"":1.632296,""spectralNoveltyRatio"":2.003602,""spectralNoveltyMinBins"":24,""cooldownFrames"":4,""confirmedRmsFactor"":1.357189,""confirmedRmsMinDelta"":0.005022,""confirmedFluxFactor"":1.534454,""confirmedMinFlux"":0.015353,""confirmedMinBandRatio"":0.034591,""confirmedSpectralNoveltyMinBins"":20,""cooldownOverrideFactor"":4.715075,""cooldownOverrideMinFlux"":0.010071,""cooldownOverrideMinBandRatio"":0.086738,""analyzeIntervalMs"":42}"
750,r003-0065-95bda6d1,3,-326,2,4,18,3,2,147,"{""relativeReattackFactor"":3.262333,""relativeReattackMinDelta"":0.012755,""relativeFluxFactor"":1.4,""spectralNoveltyRatio"":4.571885,""spectralNoveltyMinBins"":17,""cooldownFrames"":3,""confirmedRmsFactor"":1.864818,""confirmedRmsMinDelta"":0.00731,""confirmedFluxFactor"":2.207415,""confirmedMinFlux"":0.005685,""confirmedMinBandRatio"":0.031721,""confirmedSpectralNoveltyMinBins"":17,""cooldownOverrideFactor"":2.077335,""cooldownOverrideMinFlux"":0.018003,""cooldownOverrideMinBandRatio"":0.081284,""analyzeIntervalMs"":47}"
751,r004-0035-46c3fcfc,4,-332,1,5,14,3,1,142,"{""relativeReattackFactor"":3.720503,""relativeReattackMinDelta"":0.014307,""relativeFluxFactor"":1.4,""spectralNoveltyRatio"":4.862889,""spectralNoveltyMinBins"":17,""cooldownFrames"":3,""confirmedRmsFactor"":1.736401,""confirmedRmsMinDelta"":0.007824,""confirmedFluxFactor"":2.204308,""confirmedMinFlux"":0.004887,""confirmedMinBandRatio"":0.027675,""confirmedSpectralNoveltyMinBins"":17,""cooldownOverrideFactor"":1.8,""cooldownOverrideMinFlux"":0.018983,""cooldownOverrideMinBandRatio"":0.079566,""analyzeIntervalMs"":47}"
752,r011-0055-7aae0f0a,11,-332,1,6,11,4,0,137,"{""relativeReattackFactor"":3.213499,""relativeReattackMinDelta"":0.015649,""relativeFluxFactor"":1.4,""spectralNoveltyRatio"":3.19614,""spectralNoveltyMinBins"":29,""cooldownFrames"":4,""confirmedRmsFactor"":1.176945,""confirmedRmsMinDelta"":0.003197,""confirmedFluxFactor"":1.508312,""confirmedMinFlux"":0.011903,""confirmedMinBandRatio"":0.032239,""confirmedSpectralNoveltyMinBins"":24,""cooldownOverrideFactor"":4.685346,""cooldownOverrideMinFlux"":0.007658,""cooldownOverrideMinBandRatio"":0.086749,""analyzeIntervalMs"":42}"
753,r003-0068-6af07e8a,3,-333,1,5,16,3,2,143,"{""relativeReattackFactor"":3.293238,""relativeReattackMinDelta"":0.018891,""relativeFluxFactor"":1.4,""spectralNoveltyRatio"":2.798353,""spectralNoveltyMinBins"":21,""cooldownFrames"":4,""confirmedRmsFactor"":1.585424,""confirmedRmsMinDelta"":0.003998,""confirmedFluxFactor"":1.693003,""confirmedMinFlux"":0.014052,""confirmedMinBandRatio"":0.024448,""confirmedSpectralNoveltyMinBins"":30,""cooldownOverrideFactor"":4.902686,""cooldownOverrideMinFlux"":0.008144,""cooldownOverrideMinBandRatio"":0.077559,""analyzeIntervalMs"":44}"
754,r002-0036-8339469b,2,-337,2,4,22,3,2,150,"{""relativeReattackFactor"":2.637021,""relativeReattackMinDelta"":0.01836,""relativeFluxFactor"":1.752259,""spectralNoveltyRatio"":2.545637,""spectralNoveltyMinBins"":28,""cooldownFrames"":4,""confirmedRmsFactor"":1.508502,""confirmedRmsMinDelta"":0.006387,""confirmedFluxFactor"":1.641399,""confirmedMinFlux"":0.013521,""confirmedMinBandRatio"":0.028269,""confirmedSpectralNoveltyMinBins"":22,""cooldownOverrideFactor"":4.633272,""cooldownOverrideMinFlux"":0.012154,""cooldownOverrideMinBandRatio"":0.088487,""analyzeIntervalMs"":38}"
755,r004-0074-c6636c19,4,-338,1,5,15,3,1,142,"{""relativeReattackFactor"":3.326391,""relativeReattackMinDelta"":0.019084,""relativeFluxFactor"":1.524821,""spectralNoveltyRatio"":2.047783,""spectralNoveltyMinBins"":18,""cooldownFrames"":4,""confirmedRmsFactor"":1.433733,""confirmedRmsMinDelta"":0.003468,""confirmedFluxFactor"":1.737908,""confirmedMinFlux"":0.014211,""confirmedMinBandRatio"":0.022675,""confirmedSpectralNoveltyMinBins"":24,""cooldownOverrideFactor"":4.823117,""cooldownOverrideMinFlux"":0.00449,""cooldownOverrideMinBandRatio"":0.080504,""analyzeIntervalMs"":44}"
756,r006-0002-2ee09a9b,6,-338,1,6,13,4,0,139,"{""relativeReattackFactor"":2.806509,""relativeReattackMinDelta"":0.017939,""relativeFluxFactor"":1.4,""spectralNoveltyRatio"":3.203668,""spectralNoveltyMinBins"":29,""cooldownFrames"":4,""confirmedRmsFactor"":1.253553,""confirmedRmsMinDelta"":0.003025,""confirmedFluxFactor"":1.651622,""confirmedMinFlux"":0.014621,""confirmedMinBandRatio"":0.034877,""confirmedSpectralNoveltyMinBins"":24,""cooldownOverrideFactor"":4.937787,""cooldownOverrideMinFlux"":0.01135,""cooldownOverrideMinBandRatio"":0.078019,""analyzeIntervalMs"":42}"
757,r003-0015-f26d30ad,3,-339,1,5,21,3,0,148,"{""relativeReattackFactor"":3.233696,""relativeReattackMinDelta"":0.014215,""relativeFluxFactor"":1.756005,""spectralNoveltyRatio"":4.904979,""spectralNoveltyMinBins"":17,""cooldownFrames"":3,""confirmedRmsFactor"":1.791111,""confirmedRmsMinDelta"":0.00743,""confirmedFluxFactor"":2.192079,""confirmedMinFlux"":0.00466,""confirmedMinBandRatio"":0.028779,""confirmedSpectralNoveltyMinBins"":21,""cooldownOverrideFactor"":1.8,""cooldownOverrideMinFlux"":0.022023,""cooldownOverrideMinBandRatio"":0.085387,""analyzeIntervalMs"":43}"
758,r004-0011-436e1014,4,-343,2,3,27,2,2,158,"{""relativeReattackFactor"":2.854558,""relativeReattackMinDelta"":0.017704,""relativeFluxFactor"":1.4,""spectralNoveltyRatio"":2.2312,""spectralNoveltyMinBins"":20,""cooldownFrames"":4,""confirmedRmsFactor"":1.238782,""confirmedRmsMinDelta"":0.004354,""confirmedFluxFactor"":1.682173,""confirmedMinFlux"":0.014085,""confirmedMinBandRatio"":0.036818,""confirmedSpectralNoveltyMinBins"":19,""cooldownOverrideFactor"":4.921329,""cooldownOverrideMinFlux"":0.006807,""cooldownOverrideMinBandRatio"":0.087524,""analyzeIntervalMs"":38}"
759,r002-0057-5dbb394b,2,-348,3,7,10,5,0,134,"{""relativeReattackFactor"":4,""relativeReattackMinDelta"":0.01196,""relativeFluxFactor"":1.720121,""spectralNoveltyRatio"":3.379468,""spectralNoveltyMinBins"":33,""cooldownFrames"":3,""confirmedRmsFactor"":2.058764,""confirmedRmsMinDelta"":0.009017,""confirmedFluxFactor"":2.282839,""confirmedMinFlux"":0.011513,""confirmedMinBandRatio"":0.016728,""confirmedSpectralNoveltyMinBins"":14,""cooldownOverrideFactor"":1.8,""cooldownOverrideMinFlux"":0.024357,""cooldownOverrideMinBandRatio"":0.072111,""analyzeIntervalMs"":48}"
760,r002-0033-e49963ae,2,-351,1,6,14,4,0,140,"{""relativeReattackFactor"":2.953051,""relativeReattackMinDelta"":0.017512,""relativeFluxFactor"":1.4,""spectralNoveltyRatio"":4.801024,""spectralNoveltyMinBins"":36,""cooldownFrames"":3,""confirmedRmsFactor"":1.756908,""confirmedRmsMinDelta"":0.003361,""confirmedFluxFactor"":1.330123,""confirmedMinFlux"":0.018097,""confirmedMinBandRatio"":0.043916,""confirmedSpectralNoveltyMinBins"":29,""cooldownOverrideFactor"":3.672346,""cooldownOverrideMinFlux"":0.004,""cooldownOverrideMinBandRatio"":0.020426,""analyzeIntervalMs"":36}"
761,r005-0017-03f21dff,5,-353,1,4,24,2,1,153,"{""relativeReattackFactor"":2.696941,""relativeReattackMinDelta"":0.014155,""relativeFluxFactor"":1.475566,""spectralNoveltyRatio"":2.667491,""spectralNoveltyMinBins"":26,""cooldownFrames"":4,""confirmedRmsFactor"":1.508986,""confirmedRmsMinDelta"":0.004598,""confirmedFluxFactor"":1.786756,""confirmedMinFlux"":0.012087,""confirmedMinBandRatio"":0.032834,""confirmedSpectralNoveltyMinBins"":22,""cooldownOverrideFactor"":3.862241,""cooldownOverrideMinFlux"":0.007341,""cooldownOverrideMinBandRatio"":0.082349,""analyzeIntervalMs"":43}"
762,r002-0006-53a1b2f5,2,-353,3,3,18,2,2,147,"{""relativeReattackFactor"":2.847939,""relativeReattackMinDelta"":0.013363,""relativeFluxFactor"":1.460586,""spectralNoveltyRatio"":1.700568,""spectralNoveltyMinBins"":12,""cooldownFrames"":4,""confirmedRmsFactor"":1.284354,""confirmedRmsMinDelta"":0.005996,""confirmedFluxFactor"":1.792792,""confirmedMinFlux"":0.01064,""confirmedMinBandRatio"":0.034407,""confirmedSpectralNoveltyMinBins"":21,""cooldownOverrideFactor"":5,""cooldownOverrideMinFlux"":0.006854,""cooldownOverrideMinBandRatio"":0.09,""analyzeIntervalMs"":45}"
763,r004-0043-679c56ef,4,-358,2,3,24,2,3,153,"{""relativeReattackFactor"":2.860025,""relativeReattackMinDelta"":0.013936,""relativeFluxFactor"":1.4,""spectralNoveltyRatio"":2.53631,""spectralNoveltyMinBins"":23,""cooldownFrames"":4,""confirmedRmsFactor"":1.420657,""confirmedRmsMinDelta"":0.004548,""confirmedFluxFactor"":1.69088,""confirmedMinFlux"":0.012125,""confirmedMinBandRatio"":0.035854,""confirmedSpectralNoveltyMinBins"":24,""cooldownOverrideFactor"":4.303512,""cooldownOverrideMinFlux"":0.007116,""cooldownOverrideMinBandRatio"":0.079494,""analyzeIntervalMs"":39}"
764,r007-0030-77dc84e0,7,-366,1,6,10,4,0,137,"{""relativeReattackFactor"":2.858906,""relativeReattackMinDelta"":0.016779,""relativeFluxFactor"":1.591221,""spectralNoveltyRatio"":2.771328,""spectralNoveltyMinBins"":26,""cooldownFrames"":4,""confirmedRmsFactor"":1.17621,""confirmedRmsMinDelta"":0.003342,""confirmedFluxFactor"":1.45439,""confirmedMinFlux"":0.014249,""confirmedMinBandRatio"":0.035709,""confirmedSpectralNoveltyMinBins"":24,""cooldownOverrideFactor"":4.9497,""cooldownOverrideMinFlux"":0.010701,""cooldownOverrideMinBandRatio"":0.072972,""analyzeIntervalMs"":40}"
765,r007-0077-2314d73e,7,-366,1,6,10,4,0,137,"{""relativeReattackFactor"":2.994466,""relativeReattackMinDelta"":0.017622,""relativeFluxFactor"":1.595426,""spectralNoveltyRatio"":2.743813,""spectralNoveltyMinBins"":26,""cooldownFrames"":4,""confirmedRmsFactor"":1.287242,""confirmedRmsMinDelta"":0.003775,""confirmedFluxFactor"":1.639754,""confirmedMinFlux"":0.013759,""confirmedMinBandRatio"":0.036092,""confirmedSpectralNoveltyMinBins"":22,""cooldownOverrideFactor"":4.795349,""cooldownOverrideMinFlux"":0.007281,""cooldownOverrideMinBandRatio"":0.081127,""analyzeIntervalMs"":40}"
766,r007-0064-6fcd6dc9,7,-367,1,6,11,4,0,137,"{""relativeReattackFactor"":3.116258,""relativeReattackMinDelta"":0.01943,""relativeFluxFactor"":1.571997,""spectralNoveltyRatio"":3.068556,""spectralNoveltyMinBins"":22,""cooldownFrames"":4,""confirmedRmsFactor"":1.294044,""confirmedRmsMinDelta"":0.003519,""confirmedFluxFactor"":1.77928,""confirmedMinFlux"":0.0157,""confirmedMinBandRatio"":0.036971,""confirmedSpectralNoveltyMinBins"":23,""cooldownOverrideFactor"":4.981915,""cooldownOverrideMinFlux"":0.008838,""cooldownOverrideMinBandRatio"":0.082688,""analyzeIntervalMs"":40}"
767,r004-0075-1e13e72d,4,-367,1,6,12,4,0,139,"{""relativeReattackFactor"":3.887721,""relativeReattackMinDelta"":0.014908,""relativeFluxFactor"":1.4,""spectralNoveltyRatio"":4.697268,""spectralNoveltyMinBins"":21,""cooldownFrames"":3,""confirmedRmsFactor"":1.766478,""confirmedRmsMinDelta"":0.006965,""confirmedFluxFactor"":2.068035,""confirmedMinFlux"":0.003053,""confirmedMinBandRatio"":0.027349,""confirmedSpectralNoveltyMinBins"":17,""cooldownOverrideFactor"":1.884856,""cooldownOverrideMinFlux"":0.020469,""cooldownOverrideMinBandRatio"":0.076987,""analyzeIntervalMs"":47}"
768,r001-0025-70ed9d41,1,-369,1,6,12,4,0,136,"{""relativeReattackFactor"":3.864504,""relativeReattackMinDelta"":0.011592,""relativeFluxFactor"":1.728165,""spectralNoveltyRatio"":4.036585,""spectralNoveltyMinBins"":25,""cooldownFrames"":3,""confirmedRmsFactor"":1.958149,""confirmedRmsMinDelta"":0.008535,""confirmedFluxFactor"":2.187488,""confirmedMinFlux"":0.008724,""confirmedMinBandRatio"":0.020552,""confirmedSpectralNoveltyMinBins"":15,""cooldownOverrideFactor"":1.853826,""cooldownOverrideMinFlux"":0.022162,""cooldownOverrideMinBandRatio"":0.079599,""analyzeIntervalMs"":46}"
769,r002-0016-bbcb7104,2,-370,2,5,15,4,0,142,"{""relativeReattackFactor"":3.078582,""relativeReattackMinDelta"":0.012375,""relativeFluxFactor"":1.870477,""spectralNoveltyRatio"":1.626195,""spectralNoveltyMinBins"":21,""cooldownFrames"":4,""confirmedRmsFactor"":1.456613,""confirmedRmsMinDelta"":0.004683,""confirmedFluxFactor"":1.621286,""confirmedMinFlux"":0.010985,""confirmedMinBandRatio"":0.031583,""confirmedSpectralNoveltyMinBins"":22,""cooldownOverrideFactor"":4.772958,""cooldownOverrideMinFlux"":0.009483,""cooldownOverrideMinBandRatio"":0.088947,""analyzeIntervalMs"":40}"
770,r004-0002-e1b788ea,4,-371,1,6,12,4,0,138,"{""relativeReattackFactor"":3.068568,""relativeReattackMinDelta"":0.018297,""relativeFluxFactor"":1.570049,""spectralNoveltyRatio"":2.445819,""spectralNoveltyMinBins"":25,""cooldownFrames"":4,""confirmedRmsFactor"":1.572404,""confirmedRmsMinDelta"":0.0036,""confirmedFluxFactor"":1.707987,""confirmedMinFlux"":0.013629,""confirmedMinBandRatio"":0.032209,""confirmedSpectralNoveltyMinBins"":30,""cooldownOverrideFactor"":5,""cooldownOverrideMinFlux"":0.004689,""cooldownOverrideMinBandRatio"":0.087078,""analyzeIntervalMs"":40}"
771,r007-0034-4180584a,7,-371,1,6,12,4,0,138,"{""relativeReattackFactor"":3.20365,""relativeReattackMinDelta"":0.0189,""relativeFluxFactor"":1.545058,""spectralNoveltyRatio"":3.095577,""spectralNoveltyMinBins"":22,""cooldownFrames"":4,""confirmedRmsFactor"":1.288566,""confirmedRmsMinDelta"":0.003506,""confirmedFluxFactor"":1.667013,""confirmedMinFlux"":0.014695,""confirmedMinBandRatio"":0.037254,""confirmedSpectralNoveltyMinBins"":25,""cooldownOverrideFactor"":5,""cooldownOverrideMinFlux"":0.010188,""cooldownOverrideMinBandRatio"":0.083749,""analyzeIntervalMs"":40}"
772,r010-0031-0cf5a213,10,-371,1,6,12,4,0,138,"{""relativeReattackFactor"":3.2859,""relativeReattackMinDelta"":0.018941,""relativeFluxFactor"":1.526822,""spectralNoveltyRatio"":2.84989,""spectralNoveltyMinBins"":25,""cooldownFrames"":4,""confirmedRmsFactor"":1.228661,""confirmedRmsMinDelta"":0.003788,""confirmedFluxFactor"":1.743278,""confirmedMinFlux"":0.015227,""confirmedMinBandRatio"":0.036759,""confirmedSpectralNoveltyMinBins"":24,""cooldownOverrideFactor"":4.835634,""cooldownOverrideMinFlux"":0.008321,""cooldownOverrideMinBandRatio"":0.079253,""analyzeIntervalMs"":40}"
773,r003-0030-21c982e7,3,-372,1,6,14,4,0,141,"{""relativeReattackFactor"":3.657076,""relativeReattackMinDelta"":0.011306,""relativeFluxFactor"":1.4,""spectralNoveltyRatio"":4.558457,""spectralNoveltyMinBins"":21,""cooldownFrames"":3,""confirmedRmsFactor"":1.859995,""confirmedRmsMinDelta"":0.00654,""confirmedFluxFactor"":2.289817,""confirmedMinFlux"":0.006173,""confirmedMinBandRatio"":0.025367,""confirmedSpectralNoveltyMinBins"":19,""cooldownOverrideFactor"":1.81766,""cooldownOverrideMinFlux"":0.022121,""cooldownOverrideMinBandRatio"":0.078772,""analyzeIntervalMs"":47}"
774,r002-0021-a9962a30,2,-373,2,5,16,4,0,144,"{""relativeReattackFactor"":2.722294,""relativeReattackMinDelta"":0.017121,""relativeFluxFactor"":1.90372,""spectralNoveltyRatio"":1.531744,""spectralNoveltyMinBins"":21,""cooldownFrames"":4,""confirmedRmsFactor"":1.527774,""confirmedRmsMinDelta"":0.006391,""confirmedFluxFactor"":1.671376,""confirmedMinFlux"":0.015734,""confirmedMinBandRatio"":0.034718,""confirmedSpectralNoveltyMinBins"":27,""cooldownOverrideFactor"":5,""cooldownOverrideMinFlux"":0.008771,""cooldownOverrideMinBandRatio"":0.084665,""analyzeIntervalMs"":40}"
775,r003-0007-06023886,3,-373,2,5,16,4,0,144,"{""relativeReattackFactor"":2.728721,""relativeReattackMinDelta"":0.017926,""relativeFluxFactor"":1.778756,""spectralNoveltyRatio"":2.921225,""spectralNoveltyMinBins"":16,""cooldownFrames"":4,""confirmedRmsFactor"":1.278401,""confirmedRmsMinDelta"":0.003604,""confirmedFluxFactor"":1.644306,""confirmedMinFlux"":0.011441,""confirmedMinBandRatio"":0.03166,""confirmedSpectralNoveltyMinBins"":21,""cooldownOverrideFactor"":4.324107,""cooldownOverrideMinFlux"":0.010963,""cooldownOverrideMinBandRatio"":0.082003,""analyzeIntervalMs"":40}"
776,r004-0003-1f63a81a,4,-374,1,6,13,4,0,140,"{""relativeReattackFactor"":2.747504,""relativeReattackMinDelta"":0.012273,""relativeFluxFactor"":1.540779,""spectralNoveltyRatio"":2.705875,""spectralNoveltyMinBins"":26,""cooldownFrames"":4,""confirmedRmsFactor"":1.550059,""confirmedRmsMinDelta"":0.003532,""confirmedFluxFactor"":1.876464,""confirmedMinFlux"":0.012825,""confirmedMinBandRatio"":0.034333,""confirmedSpectralNoveltyMinBins"":21,""cooldownOverrideFactor"":4.276704,""cooldownOverrideMinFlux"":0.006165,""cooldownOverrideMinBandRatio"":0.070654,""analyzeIntervalMs"":40}"
777,r006-0063-caf82d0a,6,-374,1,6,13,4,0,140,"{""relativeReattackFactor"":2.746643,""relativeReattackMinDelta"":0.018409,""relativeFluxFactor"":1.558948,""spectralNoveltyRatio"":2.913161,""spectralNoveltyMinBins"":25,""cooldownFrames"":4,""confirmedRmsFactor"":1.190759,""confirmedRmsMinDelta"":0.003324,""confirmedFluxFactor"":1.597491,""confirmedMinFlux"":0.014554,""confirmedMinBandRatio"":0.035574,""confirmedSpectralNoveltyMinBins"":26,""cooldownOverrideFactor"":4.965356,""cooldownOverrideMinFlux"":0.007763,""cooldownOverrideMinBandRatio"":0.079754,""analyzeIntervalMs"":40}"
778,r006-0045-3114f393,6,-375,1,6,13,4,0,139,"{""relativeReattackFactor"":3.094901,""relativeReattackMinDelta"":0.016664,""relativeFluxFactor"":1.533139,""spectralNoveltyRatio"":2.652518,""spectralNoveltyMinBins"":25,""cooldownFrames"":4,""confirmedRmsFactor"":1.290062,""confirmedRmsMinDelta"":0.003355,""confirmedFluxFactor"":1.568187,""confirmedMinFlux"":0.013908,""confirmedMinBandRatio"":0.036392,""confirmedSpectralNoveltyMinBins"":22,""cooldownOverrideFactor"":4.809589,""cooldownOverrideMinFlux"":0.007505,""cooldownOverrideMinBandRatio"":0.075186,""analyzeIntervalMs"":40}"
779,r008-0037-2650113f,8,-375,1,6,13,4,0,139,"{""relativeReattackFactor"":3.177159,""relativeReattackMinDelta"":0.016652,""relativeFluxFactor"":1.52892,""spectralNoveltyRatio"":2.725156,""spectralNoveltyMinBins"":24,""cooldownFrames"":4,""confirmedRmsFactor"":1.15,""confirmedRmsMinDelta"":0.002755,""confirmedFluxFactor"":1.518902,""confirmedMinFlux"":0.014245,""confirmedMinBandRatio"":0.033271,""confirmedSpectralNoveltyMinBins"":26,""cooldownOverrideFactor"":4.707539,""cooldownOverrideMinFlux"":0.009998,""cooldownOverrideMinBandRatio"":0.075672,""analyzeIntervalMs"":40}"
780,r002-0007-b1e05b47,2,-376,1,6,17,4,1,143,"{""relativeReattackFactor"":3.448126,""relativeReattackMinDelta"":0.008664,""relativeFluxFactor"":1.4,""spectralNoveltyRatio"":4.111186,""spectralNoveltyMinBins"":17,""cooldownFrames"":3,""confirmedRmsFactor"":1.831814,""confirmedRmsMinDelta"":0.008201,""confirmedFluxFactor"":2.055084,""confirmedMinFlux"":0.007877,""confirmedMinBandRatio"":0.016949,""confirmedSpectralNoveltyMinBins"":10,""cooldownOverrideFactor"":1.842732,""cooldownOverrideMinFlux"":0.022243,""cooldownOverrideMinBandRatio"":0.084003,""analyzeIntervalMs"":44}"
781,r003-0080-87628abf,3,-376,1,6,17,4,1,143,"{""relativeReattackFactor"":3.711513,""relativeReattackMinDelta"":0.01331,""relativeFluxFactor"":1.4,""spectralNoveltyRatio"":4.909692,""spectralNoveltyMinBins"":14,""cooldownFrames"":3,""confirmedRmsFactor"":1.754527,""confirmedRmsMinDelta"":0.005996,""confirmedFluxFactor"":2.060264,""confirmedMinFlux"":0.005393,""confirmedMinBandRatio"":0.030635,""confirmedSpectralNoveltyMinBins"":18,""cooldownOverrideFactor"":1.8,""cooldownOverrideMinFlux"":0.017769,""cooldownOverrideMinBandRatio"":0.082238,""analyzeIntervalMs"":44}"
782,r001-0032-a5f1eb84,1,-379,1,6,16,4,0,141,"{""relativeReattackFactor"":3.167596,""relativeReattackMinDelta"":0.018268,""relativeFluxFactor"":1.747915,""spectralNoveltyRatio"":4.474342,""spectralNoveltyMinBins"":26,""cooldownFrames"":3,""confirmedRmsFactor"":1.894061,""confirmedRmsMinDelta"":0.00482,""confirmedFluxFactor"":1.210948,""confirmedMinFlux"":0.016285,""confirmedMinBandRatio"":0.044244,""confirmedSpectralNoveltyMinBins"":30,""cooldownOverrideFactor"":4.04322,""cooldownOverrideMinFlux"":0.006032,""cooldownOverrideMinBandRatio"":0.030656,""analyzeIntervalMs"":35}"
783,r005-0067-16150909,5,-380,2,5,19,4,0,146,"{""relativeReattackFactor"":2.716724,""relativeReattackMinDelta"":0.014298,""relativeFluxFactor"":1.640665,""spectralNoveltyRatio"":2.48607,""spectralNoveltyMinBins"":26,""cooldownFrames"":4,""confirmedRmsFactor"":1.498553,""confirmedRmsMinDelta"":0.005386,""confirmedFluxFactor"":1.728614,""confirmedMinFlux"":0.01145,""confirmedMinBandRatio"":0.032832,""confirmedSpectralNoveltyMinBins"":21,""cooldownOverrideFactor"":3.974336,""cooldownOverrideMinFlux"":0.007705,""cooldownOverrideMinBandRatio"":0.080139,""analyzeIntervalMs"":39}"
784,r002-0052-0c24bfdd,2,-380,3,8,6,6,0,127,"{""relativeReattackFactor"":3.49296,""relativeReattackMinDelta"":0.012403,""relativeFluxFactor"":2.091453,""spectralNoveltyRatio"":4.564564,""spectralNoveltyMinBins"":29,""cooldownFrames"":3,""confirmedRmsFactor"":2.109647,""confirmedRmsMinDelta"":0.007889,""confirmedFluxFactor"":2.101489,""confirmedMinFlux"":0.01088,""confirmedMinBandRatio"":0.023311,""confirmedSpectralNoveltyMinBins"":12,""cooldownOverrideFactor"":1.989808,""cooldownOverrideMinFlux"":0.021459,""cooldownOverrideMinBandRatio"":0.082987,""analyzeIntervalMs"":42}"
785,r004-0068-8240d389,4,-381,1,6,15,4,0,142,"{""relativeReattackFactor"":2.586802,""relativeReattackMinDelta"":0.013003,""relativeFluxFactor"":1.557444,""spectralNoveltyRatio"":2.525147,""spectralNoveltyMinBins"":26,""cooldownFrames"":4,""confirmedRmsFactor"":1.540601,""confirmedRmsMinDelta"":0.003568,""confirmedFluxFactor"":1.669096,""confirmedMinFlux"":0.01148,""confirmedMinBandRatio"":0.040444,""confirmedSpectralNoveltyMinBins"":25,""cooldownOverrideFactor"":4.261368,""cooldownOverrideMinFlux"":0.007463,""cooldownOverrideMinBandRatio"":0.078674,""analyzeIntervalMs"":40}"
786,r003-0061-fc075a18,3,-385,2,5,20,4,0,148,"{""relativeReattackFactor"":3.183566,""relativeReattackMinDelta"":0.014739,""relativeFluxFactor"":1.456199,""spectralNoveltyRatio"":1.992496,""spectralNoveltyMinBins"":23,""cooldownFrames"":4,""confirmedRmsFactor"":1.326739,""confirmedRmsMinDelta"":0.005359,""confirmedFluxFactor"":1.744859,""confirmedMinFlux"":0.014086,""confirmedMinBandRatio"":0.036485,""confirmedSpectralNoveltyMinBins"":21,""cooldownOverrideFactor"":4.593245,""cooldownOverrideMinFlux"":0.005584,""cooldownOverrideMinBandRatio"":0.078929,""analyzeIntervalMs"":39}"
787,r002-0072-1092adf2,2,-391,1,6,13,4,1,139,"{""relativeReattackFactor"":3.600873,""relativeReattackMinDelta"":0.011083,""relativeFluxFactor"":1.593351,""spectralNoveltyRatio"":3.286816,""spectralNoveltyMinBins"":22,""cooldownFrames"":3,""confirmedRmsFactor"":2.019013,""confirmedRmsMinDelta"":0.009193,""confirmedFluxFactor"":2.363822,""confirmedMinFlux"":0.007297,""confirmedMinBandRatio"":0.020612,""confirmedSpectralNoveltyMinBins"":12,""cooldownOverrideFactor"":1.8,""cooldownOverrideMinFlux"":0.023582,""cooldownOverrideMinBandRatio"":0.072942,""analyzeIntervalMs"":42}"
788,r004-0057-0bf48387,4,-392,2,5,22,4,0,149,"{""relativeReattackFactor"":2.897272,""relativeReattackMinDelta"":0.015427,""relativeFluxFactor"":1.557234,""spectralNoveltyRatio"":2.016994,""spectralNoveltyMinBins"":25,""cooldownFrames"":4,""confirmedRmsFactor"":1.626988,""confirmedRmsMinDelta"":0.003689,""confirmedFluxFactor"":1.860902,""confirmedMinFlux"":0.012464,""confirmedMinBandRatio"":0.034717,""confirmedSpectralNoveltyMinBins"":26,""cooldownOverrideFactor"":5,""cooldownOverrideMinFlux"":0.004499,""cooldownOverrideMinBandRatio"":0.077974,""analyzeIntervalMs"":39}"
789,r003-0048-82598e90,3,-393,3,6,8,5,0,134,"{""relativeReattackFactor"":3.218622,""relativeReattackMinDelta"":0.017676,""relativeFluxFactor"":1.936721,""spectralNoveltyRatio"":2.502684,""spectralNoveltyMinBins"":28,""cooldownFrames"":4,""confirmedRmsFactor"":1.482256,""confirmedRmsMinDelta"":0.002682,""confirmedFluxFactor"":1.545934,""confirmedMinFlux"":0.011642,""confirmedMinBandRatio"":0.025273,""confirmedSpectralNoveltyMinBins"":25,""cooldownOverrideFactor"":5,""cooldownOverrideMinFlux"":0.007594,""cooldownOverrideMinBandRatio"":0.080627,""analyzeIntervalMs"":41}"
790,r002-0025-a6bd6c6f,2,-396,2,5,24,4,0,153,"{""relativeReattackFactor"":2.589068,""relativeReattackMinDelta"":0.004,""relativeFluxFactor"":2.08729,""spectralNoveltyRatio"":3.575362,""spectralNoveltyMinBins"":24,""cooldownFrames"":4,""confirmedRmsFactor"":1.916904,""confirmedRmsMinDelta"":0.002723,""confirmedFluxFactor"":1.470719,""confirmedMinFlux"":0.003,""confirmedMinBandRatio"":0.046124,""confirmedSpectralNoveltyMinBins"":13,""cooldownOverrideFactor"":4.498019,""cooldownOverrideMinFlux"":0.015015,""cooldownOverrideMinBandRatio"":0.048551,""analyzeIntervalMs"":34}"
791,r003-0053-6f9c47fb,3,-396,3,6,9,5,0,134,"{""relativeReattackFactor"":3.003356,""relativeReattackMinDelta"":0.014379,""relativeFluxFactor"":1.977803,""spectralNoveltyRatio"":2.225253,""spectralNoveltyMinBins"":28,""cooldownFrames"":4,""confirmedRmsFactor"":1.603669,""confirmedRmsMinDelta"":0.002978,""confirmedFluxFactor"":1.819435,""confirmedMinFlux"":0.01229,""confirmedMinBandRatio"":0.033397,""confirmedSpectralNoveltyMinBins"":25,""cooldownOverrideFactor"":4.749314,""cooldownOverrideMinFlux"":0.006903,""cooldownOverrideMinBandRatio"":0.074423,""analyzeIntervalMs"":45}"
792,r002-0046-630892a1,2,-397,1,7,12,5,0,136,"{""relativeReattackFactor"":3.373076,""relativeReattackMinDelta"":0.015121,""relativeFluxFactor"":1.4,""spectralNoveltyRatio"":2.963846,""spectralNoveltyMinBins"":24,""cooldownFrames"":4,""confirmedRmsFactor"":1.541729,""confirmedRmsMinDelta"":0.003817,""confirmedFluxFactor"":1.752289,""confirmedMinFlux"":0.015747,""confirmedMinBandRatio"":0.02962,""confirmedSpectralNoveltyMinBins"":26,""cooldownOverrideFactor"":4.276936,""cooldownOverrideMinFlux"":0.00557,""cooldownOverrideMinBandRatio"":0.075105,""analyzeIntervalMs"":44}"
793,r003-0075-2d0d30cb,3,-402,1,4,24,2,3,152,"{""relativeReattackFactor"":3.479837,""relativeReattackMinDelta"":0.013013,""relativeFluxFactor"":1.50869,""spectralNoveltyRatio"":4.562299,""spectralNoveltyMinBins"":15,""cooldownFrames"":3,""confirmedRmsFactor"":1.955841,""confirmedRmsMinDelta"":0.006111,""confirmedFluxFactor"":2.164623,""confirmedMinFlux"":0.005974,""confirmedMinBandRatio"":0.02368,""confirmedSpectralNoveltyMinBins"":20,""cooldownOverrideFactor"":2.085659,""cooldownOverrideMinFlux"":0.021036,""cooldownOverrideMinBandRatio"":0.082156,""analyzeIntervalMs"":46}"
794,r003-0035-2e38b9e6,3,-402,1,6,18,4,2,144,"{""relativeReattackFactor"":3.433856,""relativeReattackMinDelta"":0.010979,""relativeFluxFactor"":1.4,""spectralNoveltyRatio"":4.816901,""spectralNoveltyMinBins"":15,""cooldownFrames"":3,""confirmedRmsFactor"":1.845863,""confirmedRmsMinDelta"":0.006022,""confirmedFluxFactor"":2.270403,""confirmedMinFlux"":0.004379,""confirmedMinBandRatio"":0.024352,""confirmedSpectralNoveltyMinBins"":16,""cooldownOverrideFactor"":1.95795,""cooldownOverrideMinFlux"":0.01768,""cooldownOverrideMinBandRatio"":0.084934,""analyzeIntervalMs"":44}"
795,r003-0071-5abd3125,3,-402,3,6,11,5,0,137,"{""relativeReattackFactor"":3.122175,""relativeReattackMinDelta"":0.014753,""relativeFluxFactor"":1.993474,""spectralNoveltyRatio"":2.378688,""spectralNoveltyMinBins"":25,""cooldownFrames"":4,""confirmedRmsFactor"":1.363968,""confirmedRmsMinDelta"":0.005397,""confirmedFluxFactor"":1.89719,""confirmedMinFlux"":0.013462,""confirmedMinBandRatio"":0.027729,""confirmedSpectralNoveltyMinBins"":21,""cooldownOverrideFactor"":4.638238,""cooldownOverrideMinFlux"":0.008072,""cooldownOverrideMinBandRatio"":0.079168,""analyzeIntervalMs"":41}"
796,r003-0008-61c04d60,3,-405,2,7,14,5,0,139,"{""relativeReattackFactor"":3.096205,""relativeReattackMinDelta"":0.014347,""relativeFluxFactor"":1.840444,""spectralNoveltyRatio"":2.330741,""spectralNoveltyMinBins"":23,""cooldownFrames"":4,""confirmedRmsFactor"":1.459273,""confirmedRmsMinDelta"":0.002021,""confirmedFluxFactor"":1.70281,""confirmedMinFlux"":0.01171,""confirmedMinBandRatio"":0.030906,""confirmedSpectralNoveltyMinBins"":27,""cooldownOverrideFactor"":5,""cooldownOverrideMinFlux"":0.005411,""cooldownOverrideMinBandRatio"":0.071513,""analyzeIntervalMs"":43}"
797,r005-0007-00833012,5,-406,1,6,13,4,0,140,"{""relativeReattackFactor"":2.967359,""relativeReattackMinDelta"":0.013788,""relativeFluxFactor"":1.650104,""spectralNoveltyRatio"":2.089835,""spectralNoveltyMinBins"":22,""cooldownFrames"":4,""confirmedRmsFactor"":1.497576,""confirmedRmsMinDelta"":0.004812,""confirmedFluxFactor"":1.852746,""confirmedMinFlux"":0.011936,""confirmedMinBandRatio"":0.035933,""confirmedSpectralNoveltyMinBins"":19,""cooldownOverrideFactor"":4.018269,""cooldownOverrideMinFlux"":0.008576,""cooldownOverrideMinBandRatio"":0.077767,""analyzeIntervalMs"":40}"
798,r003-0034-1862c74f,3,-406,3,8,11,6,0,135,"{""relativeReattackFactor"":3.993222,""relativeReattackMinDelta"":0.007336,""relativeFluxFactor"":1.656326,""spectralNoveltyRatio"":3.753743,""spectralNoveltyMinBins"":28,""cooldownFrames"":3,""confirmedRmsFactor"":2.02626,""confirmedRmsMinDelta"":0.006419,""confirmedFluxFactor"":2.169196,""confirmedMinFlux"":0.008408,""confirmedMinBandRatio"":0.023658,""confirmedSpectralNoveltyMinBins"":13,""cooldownOverrideFactor"":2.396977,""cooldownOverrideMinFlux"":0.020291,""cooldownOverrideMinBandRatio"":0.080998,""analyzeIntervalMs"":47}"
799,r003-0005-1cea004a,3,-407,1,6,15,4,0,142,"{""relativeReattackFactor"":3.39472,""relativeReattackMinDelta"":0.014129,""relativeFluxFactor"":1.768737,""spectralNoveltyRatio"":4.677103,""spectralNoveltyMinBins"":17,""cooldownFrames"":3,""confirmedRmsFactor"":1.865941,""confirmedRmsMinDelta"":0.005951,""confirmedFluxFactor"":2.054451,""confirmedMinFlux"":0.006599,""confirmedMinBandRatio"":0.031958,""confirmedSpectralNoveltyMinBins"":22,""cooldownOverrideFactor"":1.8,""cooldownOverrideMinFlux"":0.021426,""cooldownOverrideMinBandRatio"":0.073978,""analyzeIntervalMs"":47}"
800,r002-0056-35ad5d6f,2,-424,3,6,16,5,0,141,"{""relativeReattackFactor"":3.150287,""relativeReattackMinDelta"":0.018508,""relativeFluxFactor"":1.871445,""spectralNoveltyRatio"":2.35488,""spectralNoveltyMinBins"":13,""cooldownFrames"":4,""confirmedRmsFactor"":1.489089,""confirmedRmsMinDelta"":0.005951,""confirmedFluxFactor"":1.730134,""confirmedMinFlux"":0.01353,""confirmedMinBandRatio"":0.030403,""confirmedSpectralNoveltyMinBins"":28,""cooldownOverrideFactor"":4.617438,""cooldownOverrideMinFlux"":0.008782,""cooldownOverrideMinBandRatio"":0.07937,""analyzeIntervalMs"":45}"
801,r002-0041-e0f1a9ac,2,-428,2,7,15,5,1,140,"{""relativeReattackFactor"":3.272302,""relativeReattackMinDelta"":0.016948,""relativeFluxFactor"":2.17078,""spectralNoveltyRatio"":1.83976,""spectralNoveltyMinBins"":18,""cooldownFrames"":4,""confirmedRmsFactor"":1.43639,""confirmedRmsMinDelta"":0.004832,""confirmedFluxFactor"":1.696568,""confirmedMinFlux"":0.013174,""confirmedMinBandRatio"":0.038016,""confirmedSpectralNoveltyMinBins"":20,""cooldownOverrideFactor"":4.804861,""cooldownOverrideMinFlux"":0.011829,""cooldownOverrideMinBandRatio"":0.076967,""analyzeIntervalMs"":37}"
802,r002-0018-96340916,2,-429,1,6,19,4,0,145,"{""relativeReattackFactor"":3.048031,""relativeReattackMinDelta"":0.01865,""relativeFluxFactor"":2.117349,""spectralNoveltyRatio"":3.881043,""spectralNoveltyMinBins"":20,""cooldownFrames"":3,""confirmedRmsFactor"":2.023428,""confirmedRmsMinDelta"":0.005335,""confirmedFluxFactor"":1.103548,""confirmedMinFlux"":0.017538,""confirmedMinBandRatio"":0.040008,""confirmedSpectralNoveltyMinBins"":31,""cooldownOverrideFactor"":4.369254,""cooldownOverrideMinFlux"":0.009639,""cooldownOverrideMinBandRatio"":0.028218,""analyzeIntervalMs"":35}"
803,r001-0056-01acc5da,1,-429,3,6,19,5,0,149,"{""relativeReattackFactor"":3.704661,""relativeReattackMinDelta"":0.01071,""relativeFluxFactor"":2.40069,""spectralNoveltyRatio"":5.230295,""spectralNoveltyMinBins"":7,""cooldownFrames"":4,""confirmedRmsFactor"":1.517772,""confirmedRmsMinDelta"":0.010252,""confirmedFluxFactor"":1.835032,""confirmedMinFlux"":0.009881,""confirmedMinBandRatio"":0.04425,""confirmedSpectralNoveltyMinBins"":3,""cooldownOverrideFactor"":3.224743,""cooldownOverrideMinFlux"":0.020265,""cooldownOverrideMinBandRatio"":0.033424,""analyzeIntervalMs"":28}"
804,r001-0037-18d74b3b,1,-429,3,6,20,5,0,147,"{""relativeReattackFactor"":2.755086,""relativeReattackMinDelta"":0.006962,""relativeFluxFactor"":2.64588,""spectralNoveltyRatio"":3.44586,""spectralNoveltyMinBins"":22,""cooldownFrames"":4,""confirmedRmsFactor"":2.036604,""confirmedRmsMinDelta"":0.004112,""confirmedFluxFactor"":1.398656,""confirmedMinFlux"":0.004114,""confirmedMinBandRatio"":0.048324,""confirmedSpectralNoveltyMinBins"":17,""cooldownOverrideFactor"":4.484827,""cooldownOverrideMinFlux"":0.011718,""cooldownOverrideMinBandRatio"":0.05821,""analyzeIntervalMs"":36}"
805,r002-0058-b57ad121,2,-429,1,7,15,5,1,139,"{""relativeReattackFactor"":3.298741,""relativeReattackMinDelta"":0.019209,""relativeFluxFactor"":1.4,""spectralNoveltyRatio"":4.789859,""spectralNoveltyMinBins"":29,""cooldownFrames"":3,""confirmedRmsFactor"":1.914146,""confirmedRmsMinDelta"":0.006537,""confirmedFluxFactor"":1.335542,""confirmedMinFlux"":0.0158,""confirmedMinBandRatio"":0.044275,""confirmedSpectralNoveltyMinBins"":29,""cooldownOverrideFactor"":4.447534,""cooldownOverrideMinFlux"":0.00926,""cooldownOverrideMinBandRatio"":0.025269,""analyzeIntervalMs"":35}"
806,r004-0060-df0eb594,4,-434,2,8,14,6,0,137,"{""relativeReattackFactor"":3.637992,""relativeReattackMinDelta"":0.014877,""relativeFluxFactor"":1.4,""spectralNoveltyRatio"":4.483467,""spectralNoveltyMinBins"":20,""cooldownFrames"":3,""confirmedRmsFactor"":1.776195,""confirmedRmsMinDelta"":0.008092,""confirmedFluxFactor"":2.055523,""confirmedMinFlux"":0.004794,""confirmedMinBandRatio"":0.031236,""confirmedSpectralNoveltyMinBins"":19,""cooldownOverrideFactor"":1.8,""cooldownOverrideMinFlux"":0.019165,""cooldownOverrideMinBandRatio"":0.088133,""analyzeIntervalMs"":44}"
807,r003-0042-43a101bd,3,-438,2,1,26,0,4,161,"{""relativeReattackFactor"":2.776191,""relativeReattackMinDelta"":0.020861,""relativeFluxFactor"":1.4,""spectralNoveltyRatio"":3.209259,""spectralNoveltyMinBins"":7,""cooldownFrames"":4,""confirmedRmsFactor"":1.426884,""confirmedRmsMinDelta"":0.003577,""confirmedFluxFactor"":1.488954,""confirmedMinFlux"":0.01176,""confirmedMinBandRatio"":0.025415,""confirmedSpectralNoveltyMinBins"":27,""cooldownOverrideFactor"":4.495717,""cooldownOverrideMinFlux"":0.005841,""cooldownOverrideMinBandRatio"":0.084674,""analyzeIntervalMs"":40}"
808,r004-0020-1510310d,4,-442,1,7,15,5,0,140,"{""relativeReattackFactor"":3.70422,""relativeReattackMinDelta"":0.01364,""relativeFluxFactor"":1.476178,""spectralNoveltyRatio"":4.792241,""spectralNoveltyMinBins"":14,""cooldownFrames"":3,""confirmedRmsFactor"":1.774798,""confirmedRmsMinDelta"":0.006603,""confirmedFluxFactor"":2.271107,""confirmedMinFlux"":0.005093,""confirmedMinBandRatio"":0.030424,""confirmedSpectralNoveltyMinBins"":14,""cooldownOverrideFactor"":1.84791,""cooldownOverrideMinFlux"":0.02275,""cooldownOverrideMinBandRatio"":0.083813,""analyzeIntervalMs"":44}"
809,r001-0010-7a16692e,1,-448,2,5,26,4,2,153,"{""relativeReattackFactor"":3.096987,""relativeReattackMinDelta"":0.014351,""relativeFluxFactor"":1.721014,""spectralNoveltyRatio"":4.140029,""spectralNoveltyMinBins"":24,""cooldownFrames"":2,""confirmedRmsFactor"":1.998564,""confirmedRmsMinDelta"":0.002779,""confirmedFluxFactor"":2.078755,""confirmedMinFlux"":0.00798,""confirmedMinBandRatio"":0.04329,""confirmedSpectralNoveltyMinBins"":5,""cooldownOverrideFactor"":2.503452,""cooldownOverrideMinFlux"":0.009832,""cooldownOverrideMinBandRatio"":0.064666,""analyzeIntervalMs"":34}"
810,r004-0021-14d8ae72,4,-451,2,3,29,2,3,160,"{""relativeReattackFactor"":2.806499,""relativeReattackMinDelta"":0.018727,""relativeFluxFactor"":1.4,""spectralNoveltyRatio"":2.367672,""spectralNoveltyMinBins"":19,""cooldownFrames"":4,""confirmedRmsFactor"":1.236809,""confirmedRmsMinDelta"":0.004927,""confirmedFluxFactor"":1.543132,""confirmedMinFlux"":0.013893,""confirmedMinBandRatio"":0.034886,""confirmedSpectralNoveltyMinBins"":24,""cooldownOverrideFactor"":5,""cooldownOverrideMinFlux"":0.008621,""cooldownOverrideMinBandRatio"":0.082977,""analyzeIntervalMs"":38}"
811,r004-0023-d73cc467,4,-451,2,3,29,2,3,160,"{""relativeReattackFactor"":2.78416,""relativeReattackMinDelta"":0.015024,""relativeFluxFactor"":1.4,""spectralNoveltyRatio"":2.571248,""spectralNoveltyMinBins"":17,""cooldownFrames"":4,""confirmedRmsFactor"":1.497895,""confirmedRmsMinDelta"":0.003308,""confirmedFluxFactor"":1.844655,""confirmedMinFlux"":0.01232,""confirmedMinBandRatio"":0.034861,""confirmedSpectralNoveltyMinBins"":21,""cooldownOverrideFactor"":4.310588,""cooldownOverrideMinFlux"":0.006791,""cooldownOverrideMinBandRatio"":0.071045,""analyzeIntervalMs"":38}"
812,r003-0041-a698a35b,3,-459,2,8,11,6,0,135,"{""relativeReattackFactor"":3.209159,""relativeReattackMinDelta"":0.014351,""relativeFluxFactor"":1.882812,""spectralNoveltyRatio"":1.859652,""spectralNoveltyMinBins"":26,""cooldownFrames"":4,""confirmedRmsFactor"":1.29585,""confirmedRmsMinDelta"":0.004979,""confirmedFluxFactor"":1.810175,""confirmedMinFlux"":0.011598,""confirmedMinBandRatio"":0.03101,""confirmedSpectralNoveltyMinBins"":21,""cooldownOverrideFactor"":4.344746,""cooldownOverrideMinFlux"":0.009623,""cooldownOverrideMinBandRatio"":0.081885,""analyzeIntervalMs"":44}"
813,r003-0033-b0ff183f,3,-460,2,8,10,6,0,132,"{""relativeReattackFactor"":3.334831,""relativeReattackMinDelta"":0.019154,""relativeFluxFactor"":1.949159,""spectralNoveltyRatio"":3.033813,""spectralNoveltyMinBins"":29,""cooldownFrames"":4,""confirmedRmsFactor"":1.480646,""confirmedRmsMinDelta"":0.003805,""confirmedFluxFactor"":1.71155,""confirmedMinFlux"":0.011387,""confirmedMinBandRatio"":0.024746,""confirmedSpectralNoveltyMinBins"":29,""cooldownOverrideFactor"":5,""cooldownOverrideMinFlux"":0.004,""cooldownOverrideMinBandRatio"":0.069941,""analyzeIntervalMs"":43}"
814,r002-0048-8663082f,2,-460,2,9,12,7,0,132,"{""relativeReattackFactor"":3.156879,""relativeReattackMinDelta"":0.015278,""relativeFluxFactor"":1.4,""spectralNoveltyRatio"":4.879403,""spectralNoveltyMinBins"":34,""cooldownFrames"":3,""confirmedRmsFactor"":1.901462,""confirmedRmsMinDelta"":0.004957,""confirmedFluxFactor"":1.191954,""confirmedMinFlux"":0.014282,""confirmedMinBandRatio"":0.048415,""confirmedSpectralNoveltyMinBins"":28,""cooldownOverrideFactor"":4.043102,""cooldownOverrideMinFlux"":0.009905,""cooldownOverrideMinBandRatio"":0.021363,""analyzeIntervalMs"":37}"
815,r002-0001-0330cf04,2,-461,3,3,20,2,3,149,"{""relativeReattackFactor"":2.505963,""relativeReattackMinDelta"":0.012851,""relativeFluxFactor"":1.492068,""spectralNoveltyRatio"":2.364962,""spectralNoveltyMinBins"":11,""cooldownFrames"":4,""confirmedRmsFactor"":1.270903,""confirmedRmsMinDelta"":0.004474,""confirmedFluxFactor"":1.623929,""confirmedMinFlux"":0.012526,""confirmedMinBandRatio"":0.025491,""confirmedSpectralNoveltyMinBins"":20,""cooldownOverrideFactor"":4.755574,""cooldownOverrideMinFlux"":0.007846,""cooldownOverrideMinBandRatio"":0.08642,""analyzeIntervalMs"":45}"
816,r002-0068-1012dd47,2,-463,2,6,19,4,2,141,"{""relativeReattackFactor"":3.61469,""relativeReattackMinDelta"":0.019305,""relativeFluxFactor"":1.4,""spectralNoveltyRatio"":4.189987,""spectralNoveltyMinBins"":27,""cooldownFrames"":3,""confirmedRmsFactor"":1.728489,""confirmedRmsMinDelta"":0.006523,""confirmedFluxFactor"":1.266891,""confirmedMinFlux"":0.018082,""confirmedMinBandRatio"":0.042629,""confirmedSpectralNoveltyMinBins"":27,""cooldownOverrideFactor"":3.569906,""cooldownOverrideMinFlux"":0.004,""cooldownOverrideMinBandRatio"":0.032697,""analyzeIntervalMs"":32}"
817,r003-0051-42aaecab,3,-463,1,7,11,5,0,137,"{""relativeReattackFactor"":3.012809,""relativeReattackMinDelta"":0.016463,""relativeFluxFactor"":1.950669,""spectralNoveltyRatio"":1.993361,""spectralNoveltyMinBins"":27,""cooldownFrames"":4,""confirmedRmsFactor"":1.395789,""confirmedRmsMinDelta"":0.004756,""confirmedFluxFactor"":1.616508,""confirmedMinFlux"":0.011827,""confirmedMinBandRatio"":0.031985,""confirmedSpectralNoveltyMinBins"":22,""cooldownOverrideFactor"":4.417179,""cooldownOverrideMinFlux"":0.004725,""cooldownOverrideMinBandRatio"":0.087384,""analyzeIntervalMs"":40}"
818,r005-0073-bab8da42,5,-466,2,3,26,2,4,156,"{""relativeReattackFactor"":2.804436,""relativeReattackMinDelta"":0.015261,""relativeFluxFactor"":1.4,""spectralNoveltyRatio"":2.604959,""spectralNoveltyMinBins"":21,""cooldownFrames"":4,""confirmedRmsFactor"":1.37416,""confirmedRmsMinDelta"":0.003594,""confirmedFluxFactor"":1.639557,""confirmedMinFlux"":0.011121,""confirmedMinBandRatio"":0.035737,""confirmedSpectralNoveltyMinBins"":25,""cooldownOverrideFactor"":4.049975,""cooldownOverrideMinFlux"":0.009078,""cooldownOverrideMinBandRatio"":0.077062,""analyzeIntervalMs"":39}"
819,r003-0003-d34a0a9b,3,-469,3,10,6,8,0,125,"{""relativeReattackFactor"":3.28779,""relativeReattackMinDelta"":0.017474,""relativeFluxFactor"":1.585749,""spectralNoveltyRatio"":2.78783,""spectralNoveltyMinBins"":32,""cooldownFrames"":4,""confirmedRmsFactor"":1.539616,""confirmedRmsMinDelta"":0.00401,""confirmedFluxFactor"":1.542564,""confirmedMinFlux"":0.012896,""confirmedMinBandRatio"":0.027816,""confirmedSpectralNoveltyMinBins"":25,""cooldownOverrideFactor"":4.833716,""cooldownOverrideMinFlux"":0.004,""cooldownOverrideMinBandRatio"":0.076174,""analyzeIntervalMs"":44}"
820,r004-0015-d40b1930,4,-477,2,9,7,7,0,129,"{""relativeReattackFactor"":3.56692,""relativeReattackMinDelta"":0.012954,""relativeFluxFactor"":1.572256,""spectralNoveltyRatio"":4.493884,""spectralNoveltyMinBins"":24,""cooldownFrames"":3,""confirmedRmsFactor"":1.78961,""confirmedRmsMinDelta"":0.007384,""confirmedFluxFactor"":2.272088,""confirmedMinFlux"":0.004672,""confirmedMinBandRatio"":0.028937,""confirmedSpectralNoveltyMinBins"":18,""cooldownOverrideFactor"":1.8,""cooldownOverrideMinFlux"":0.022031,""cooldownOverrideMinBandRatio"":0.087676,""analyzeIntervalMs"":44}"
821,r002-0064-deb7079b,2,-486,1,7,17,5,0,142,"{""relativeReattackFactor"":3.969994,""relativeReattackMinDelta"":0.0133,""relativeFluxFactor"":2.483033,""spectralNoveltyRatio"":5.609677,""spectralNoveltyMinBins"":13,""cooldownFrames"":4,""confirmedRmsFactor"":1.648126,""confirmedRmsMinDelta"":0.010908,""confirmedFluxFactor"":1.636932,""confirmedMinFlux"":0.008127,""confirmedMinBandRatio"":0.037436,""confirmedSpectralNoveltyMinBins"":5,""cooldownOverrideFactor"":3.662222,""cooldownOverrideMinFlux"":0.01937,""cooldownOverrideMinBandRatio"":0.045591,""analyzeIntervalMs"":30}"
822,r001-0050-264ab803,1,-488,2,5,19,3,2,145,"{""relativeReattackFactor"":3.889905,""relativeReattackMinDelta"":0.012197,""relativeFluxFactor"":2.033787,""spectralNoveltyRatio"":5.078128,""spectralNoveltyMinBins"":16,""cooldownFrames"":3,""confirmedRmsFactor"":1.222837,""confirmedRmsMinDelta"":0.00659,""confirmedFluxFactor"":1.709643,""confirmedMinFlux"":0.014931,""confirmedMinBandRatio"":0.007809,""confirmedSpectralNoveltyMinBins"":18,""cooldownOverrideFactor"":3.792751,""cooldownOverrideMinFlux"":0.008206,""cooldownOverrideMinBandRatio"":0.084576,""analyzeIntervalMs"":33}"
823,r002-0011-18291187,2,-488,2,5,21,4,1,148,"{""relativeReattackFactor"":2.820086,""relativeReattackMinDelta"":0.015481,""relativeFluxFactor"":1.708681,""spectralNoveltyRatio"":1.812881,""spectralNoveltyMinBins"":25,""cooldownFrames"":4,""confirmedRmsFactor"":1.292134,""confirmedRmsMinDelta"":0.005468,""confirmedFluxFactor"":1.492248,""confirmedMinFlux"":0.010602,""confirmedMinBandRatio"":0.024797,""confirmedSpectralNoveltyMinBins"":28,""cooldownOverrideFactor"":4.660699,""cooldownOverrideMinFlux"":0.01066,""cooldownOverrideMinBandRatio"":0.072457,""analyzeIntervalMs"":39}"
824,r003-0076-a5b402ca,3,-489,2,5,21,4,1,148,"{""relativeReattackFactor"":3.051486,""relativeReattackMinDelta"":0.017507,""relativeFluxFactor"":1.751426,""spectralNoveltyRatio"":2.056968,""spectralNoveltyMinBins"":21,""cooldownFrames"":4,""confirmedRmsFactor"":1.307517,""confirmedRmsMinDelta"":0.005778,""confirmedFluxFactor"":1.781961,""confirmedMinFlux"":0.013128,""confirmedMinBandRatio"":0.029209,""confirmedSpectralNoveltyMinBins"":27,""cooldownOverrideFactor"":4.581241,""cooldownOverrideMinFlux"":0.007884,""cooldownOverrideMinBandRatio"":0.080462,""analyzeIntervalMs"":39}"
825,r003-0050-c96f9183,3,-489,2,9,10,7,0,132,"{""relativeReattackFactor"":3.70204,""relativeReattackMinDelta"":0.015206,""relativeFluxFactor"":1.563119,""spectralNoveltyRatio"":4.857998,""spectralNoveltyMinBins"":22,""cooldownFrames"":3,""confirmedRmsFactor"":1.946834,""confirmedRmsMinDelta"":0.006109,""confirmedFluxFactor"":2.324369,""confirmedMinFlux"":0.004478,""confirmedMinBandRatio"":0.02543,""confirmedSpectralNoveltyMinBins"":21,""cooldownOverrideFactor"":1.8,""cooldownOverrideMinFlux"":0.018678,""cooldownOverrideMinBandRatio"":0.07354,""analyzeIntervalMs"":44}"
826,r004-0010-86519ff8,4,-490,2,9,11,7,0,133,"{""relativeReattackFactor"":3.652099,""relativeReattackMinDelta"":0.013503,""relativeFluxFactor"":1.5844,""spectralNoveltyRatio"":4.521001,""spectralNoveltyMinBins"":21,""cooldownFrames"":3,""confirmedRmsFactor"":1.784552,""confirmedRmsMinDelta"":0.008175,""confirmedFluxFactor"":2.118488,""confirmedMinFlux"":0.003395,""confirmedMinBandRatio"":0.026001,""confirmedSpectralNoveltyMinBins"":17,""cooldownOverrideFactor"":1.803538,""cooldownOverrideMinFlux"":0.021533,""cooldownOverrideMinBandRatio"":0.077397,""analyzeIntervalMs"":44}"
827,r002-0002-34fa1ab5,2,-495,1,7,12,5,0,135,"{""relativeReattackFactor"":3.854021,""relativeReattackMinDelta"":0.011728,""relativeFluxFactor"":1.683218,""spectralNoveltyRatio"":3.843763,""spectralNoveltyMinBins"":29,""cooldownFrames"":3,""confirmedRmsFactor"":1.879935,""confirmedRmsMinDelta"":0.007687,""confirmedFluxFactor"":2.241704,""confirmedMinFlux"":0.007671,""confirmedMinBandRatio"":0.021309,""confirmedSpectralNoveltyMinBins"":14,""cooldownOverrideFactor"":2.309644,""cooldownOverrideMinFlux"":0.019997,""cooldownOverrideMinBandRatio"":0.076459,""analyzeIntervalMs"":50}"
828,r003-0049-c84d3e4f,3,-496,1,7,11,5,0,134,"{""relativeReattackFactor"":3.487973,""relativeReattackMinDelta"":0.007675,""relativeFluxFactor"":1.67896,""spectralNoveltyRatio"":4.275692,""spectralNoveltyMinBins"":33,""cooldownFrames"":3,""confirmedRmsFactor"":1.901878,""confirmedRmsMinDelta"":0.008404,""confirmedFluxFactor"":2.014552,""confirmedMinFlux"":0.008543,""confirmedMinBandRatio"":0.025989,""confirmedSpectralNoveltyMinBins"":9,""cooldownOverrideFactor"":2.008255,""cooldownOverrideMinFlux"":0.021803,""cooldownOverrideMinBandRatio"":0.076746,""analyzeIntervalMs"":50}"
829,r002-0060-70bd32a4,2,-496,3,9,6,7,0,128,"{""relativeReattackFactor"":2.894401,""relativeReattackMinDelta"":0.00415,""relativeFluxFactor"":2.707107,""spectralNoveltyRatio"":3.045257,""spectralNoveltyMinBins"":32,""cooldownFrames"":4,""confirmedRmsFactor"":1.883668,""confirmedRmsMinDelta"":0.003507,""confirmedFluxFactor"":1.506841,""confirmedMinFlux"":0.003,""confirmedMinBandRatio"":0.047344,""confirmedSpectralNoveltyMinBins"":14,""cooldownOverrideFactor"":4.944896,""cooldownOverrideMinFlux"":0.014518,""cooldownOverrideMinBandRatio"":0.064611,""analyzeIntervalMs"":40}"
830,r003-0038-f5696a40,3,-497,1,8,13,6,0,137,"{""relativeReattackFactor"":3.041664,""relativeReattackMinDelta"":0.01915,""relativeFluxFactor"":1.746886,""spectralNoveltyRatio"":2.147181,""spectralNoveltyMinBins"":24,""cooldownFrames"":4,""confirmedRmsFactor"":1.623501,""confirmedRmsMinDelta"":0.00294,""confirmedFluxFactor"":1.678107,""confirmedMinFlux"":0.012622,""confirmedMinBandRatio"":0.025398,""confirmedSpectralNoveltyMinBins"":26,""cooldownOverrideFactor"":5,""cooldownOverrideMinFlux"":0.004026,""cooldownOverrideMinBandRatio"":0.084796,""analyzeIntervalMs"":44}"
831,r002-0027-43f25373,2,-499,3,9,10,7,0,133,"{""relativeReattackFactor"":3.527471,""relativeReattackMinDelta"":0.01425,""relativeFluxFactor"":2.032238,""spectralNoveltyRatio"":3.931272,""spectralNoveltyMinBins"":29,""cooldownFrames"":3,""confirmedRmsFactor"":1.949658,""confirmedRmsMinDelta"":0.008668,""confirmedFluxFactor"":2.173887,""confirmedMinFlux"":0.008921,""confirmedMinBandRatio"":0.023627,""confirmedSpectralNoveltyMinBins"":13,""cooldownOverrideFactor"":1.989395,""cooldownOverrideMinFlux"":0.022343,""cooldownOverrideMinBandRatio"":0.087595,""analyzeIntervalMs"":47}"
832,r002-0055-b3af93cc,2,-508,1,7,16,5,0,140,"{""relativeReattackFactor"":2.918166,""relativeReattackMinDelta"":0.00935,""relativeFluxFactor"":2.407652,""spectralNoveltyRatio"":4.166754,""spectralNoveltyMinBins"":21,""cooldownFrames"":4,""confirmedRmsFactor"":1.995253,""confirmedRmsMinDelta"":0.003684,""confirmedFluxFactor"":1.302931,""confirmedMinFlux"":0.005224,""confirmedMinBandRatio"":0.047683,""confirmedSpectralNoveltyMinBins"":17,""cooldownOverrideFactor"":4.412381,""cooldownOverrideMinFlux"":0.012936,""cooldownOverrideMinBandRatio"":0.059225,""analyzeIntervalMs"":35}"
833,r003-0036-588b233b,3,-514,2,5,22,4,2,149,"{""relativeReattackFactor"":2.874014,""relativeReattackMinDelta"":0.017122,""relativeFluxFactor"":1.647324,""spectralNoveltyRatio"":2.195514,""spectralNoveltyMinBins"":22,""cooldownFrames"":4,""confirmedRmsFactor"":1.376768,""confirmedRmsMinDelta"":0.004227,""confirmedFluxFactor"":1.64205,""confirmedMinFlux"":0.015249,""confirmedMinBandRatio"":0.033055,""confirmedSpectralNoveltyMinBins"":23,""cooldownOverrideFactor"":4.848646,""cooldownOverrideMinFlux"":0.008643,""cooldownOverrideMinBandRatio"":0.077963,""analyzeIntervalMs"":39}"
834,r004-0042-e3e696ae,4,-514,2,5,22,4,2,149,"{""relativeReattackFactor"":2.905221,""relativeReattackMinDelta"":0.015454,""relativeFluxFactor"":1.6239,""spectralNoveltyRatio"":2.694514,""spectralNoveltyMinBins"":21,""cooldownFrames"":4,""confirmedRmsFactor"":1.545172,""confirmedRmsMinDelta"":0.004112,""confirmedFluxFactor"":1.816315,""confirmedMinFlux"":0.011741,""confirmedMinBandRatio"":0.028725,""confirmedSpectralNoveltyMinBins"":26,""cooldownOverrideFactor"":5,""cooldownOverrideMinFlux"":0.004,""cooldownOverrideMinBandRatio"":0.085492,""analyzeIntervalMs"":39}"
835,r002-0050-436eb9ab,2,-514,1,7,16,5,0,141,"{""relativeReattackFactor"":3.032865,""relativeReattackMinDelta"":0.004,""relativeFluxFactor"":2.414582,""spectralNoveltyRatio"":3.205664,""spectralNoveltyMinBins"":17,""cooldownFrames"":4,""confirmedRmsFactor"":2.00876,""confirmedRmsMinDelta"":0.004115,""confirmedFluxFactor"":1.552051,""confirmedMinFlux"":0.003,""confirmedMinBandRatio"":0.05,""confirmedSpectralNoveltyMinBins"":19,""cooldownOverrideFactor"":4.066258,""cooldownOverrideMinFlux"":0.016046,""cooldownOverrideMinBandRatio"":0.060559,""analyzeIntervalMs"":35}"
836,r003-0011-899c46e0,3,-521,2,9,11,7,0,134,"{""relativeReattackFactor"":3.022926,""relativeReattackMinDelta"":0.015556,""relativeFluxFactor"":1.970536,""spectralNoveltyRatio"":2.382897,""spectralNoveltyMinBins"":23,""cooldownFrames"":4,""confirmedRmsFactor"":1.448153,""confirmedRmsMinDelta"":0.003837,""confirmedFluxFactor"":1.731749,""confirmedMinFlux"":0.014129,""confirmedMinBandRatio"":0.029359,""confirmedSpectralNoveltyMinBins"":22,""cooldownOverrideFactor"":4.53941,""cooldownOverrideMinFlux"":0.008462,""cooldownOverrideMinBandRatio"":0.082562,""analyzeIntervalMs"":44}"
837,r002-0038-b49b97ac,2,-526,2,7,20,5,2,140,"{""relativeReattackFactor"":3.378109,""relativeReattackMinDelta"":0.014697,""relativeFluxFactor"":1.589008,""spectralNoveltyRatio"":5.098549,""spectralNoveltyMinBins"":26,""cooldownFrames"":3,""confirmedRmsFactor"":1.786349,""confirmedRmsMinDelta"":0.00376,""confirmedFluxFactor"":1.331323,""confirmedMinFlux"":0.016655,""confirmedMinBandRatio"":0.041043,""confirmedSpectralNoveltyMinBins"":32,""cooldownOverrideFactor"":4.209965,""cooldownOverrideMinFlux"":0.004,""cooldownOverrideMinBandRatio"":0.027812,""analyzeIntervalMs"":32}"
838,r002-0054-e408a2af,2,-528,1,7,21,5,0,147,"{""relativeReattackFactor"":3.827212,""relativeReattackMinDelta"":0.012113,""relativeFluxFactor"":2.381949,""spectralNoveltyRatio"":5.004591,""spectralNoveltyMinBins"":15,""cooldownFrames"":4,""confirmedRmsFactor"":1.675039,""confirmedRmsMinDelta"":0.009622,""confirmedFluxFactor"":1.762177,""confirmedMinFlux"":0.007682,""confirmedMinBandRatio"":0.048826,""confirmedSpectralNoveltyMinBins"":6,""cooldownOverrideFactor"":3.35702,""cooldownOverrideMinFlux"":0.02002,""cooldownOverrideMinBandRatio"":0.025704,""analyzeIntervalMs"":31}"
839,r002-0059-4b05effd,2,-532,2,4,28,3,6,159,"{""relativeReattackFactor"":3.405233,""relativeReattackMinDelta"":0.014168,""relativeFluxFactor"":1.789708,""spectralNoveltyRatio"":4.666883,""spectralNoveltyMinBins"":8,""cooldownFrames"":4,""confirmedRmsFactor"":1.407738,""confirmedRmsMinDelta"":0.011356,""confirmedFluxFactor"":1.630266,""confirmedMinFlux"":0.006983,""confirmedMinBandRatio"":0.048641,""confirmedSpectralNoveltyMinBins"":2,""cooldownOverrideFactor"":3.188087,""cooldownOverrideMinFlux"":0.017748,""cooldownOverrideMinBandRatio"":0.044792,""analyzeIntervalMs"":29}"
840,r003-0045-386bcd61,3,-535,1,8,15,6,0,139,"{""relativeReattackFactor"":3.407366,""relativeReattackMinDelta"":0.015131,""relativeFluxFactor"":1.779344,""spectralNoveltyRatio"":4.374948,""spectralNoveltyMinBins"":17,""cooldownFrames"":3,""confirmedRmsFactor"":1.847835,""confirmedRmsMinDelta"":0.00725,""confirmedFluxFactor"":2.193834,""confirmedMinFlux"":0.006527,""confirmedMinBandRatio"":0.023693,""confirmedSpectralNoveltyMinBins"":16,""cooldownOverrideFactor"":1.8,""cooldownOverrideMinFlux"":0.021584,""cooldownOverrideMinBandRatio"":0.07488,""analyzeIntervalMs"":44}"
841,r002-0075-166d5266,2,-540,2,8,18,6,0,142,"{""relativeReattackFactor"":2.812111,""relativeReattackMinDelta"":0.009909,""relativeFluxFactor"":2.266826,""spectralNoveltyRatio"":3.779776,""spectralNoveltyMinBins"":21,""cooldownFrames"":4,""confirmedRmsFactor"":2.065309,""confirmedRmsMinDelta"":0.004341,""confirmedFluxFactor"":1.383728,""confirmedMinFlux"":0.003492,""confirmedMinBandRatio"":0.044374,""confirmedSpectralNoveltyMinBins"":13,""cooldownOverrideFactor"":4.697677,""cooldownOverrideMinFlux"":0.009607,""cooldownOverrideMinBandRatio"":0.065746,""analyzeIntervalMs"":38}"
842,r002-0005-367f6a1a,2,-556,3,5,20,4,3,145,"{""relativeReattackFactor"":2.609561,""relativeReattackMinDelta"":0.00596,""relativeFluxFactor"":2.514644,""spectralNoveltyRatio"":3.191456,""spectralNoveltyMinBins"":28,""cooldownFrames"":4,""confirmedRmsFactor"":1.992085,""confirmedRmsMinDelta"":0.005804,""confirmedFluxFactor"":1.313181,""confirmedMinFlux"":0.006968,""confirmedMinBandRatio"":0.041792,""confirmedSpectralNoveltyMinBins"":16,""cooldownOverrideFactor"":4.223673,""cooldownOverrideMinFlux"":0.012384,""cooldownOverrideMinBandRatio"":0.049357,""analyzeIntervalMs"":32}"
843,r002-0047-925d3748,2,-561,2,9,13,7,0,132,"{""relativeReattackFactor"":4,""relativeReattackMinDelta"":0.013863,""relativeFluxFactor"":2.220597,""spectralNoveltyRatio"":3.594537,""spectralNoveltyMinBins"":30,""cooldownFrames"":3,""confirmedRmsFactor"":1.830995,""confirmedRmsMinDelta"":0.009736,""confirmedFluxFactor"":1.949663,""confirmedMinFlux"":0.007856,""confirmedMinBandRatio"":0.019224,""confirmedSpectralNoveltyMinBins"":20,""cooldownOverrideFactor"":1.941839,""cooldownOverrideMinFlux"":0.020904,""cooldownOverrideMinBandRatio"":0.074545,""analyzeIntervalMs"":43}"
844,r002-0003-af119610,2,-563,1,8,23,6,0,147,"{""relativeReattackFactor"":2.964445,""relativeReattackMinDelta"":0.017303,""relativeFluxFactor"":2.117603,""spectralNoveltyRatio"":5.179267,""spectralNoveltyMinBins"":23,""cooldownFrames"":3,""confirmedRmsFactor"":2.008325,""confirmedRmsMinDelta"":0.006455,""confirmedFluxFactor"":1.031257,""confirmedMinFlux"":0.013875,""confirmedMinBandRatio"":0.043029,""confirmedSpectralNoveltyMinBins"":32,""cooldownOverrideFactor"":4.376171,""cooldownOverrideMinFlux"":0.008981,""cooldownOverrideMinBandRatio"":0.02,""analyzeIntervalMs"":31}"
845,r002-0040-039cd94c,2,-570,2,5,22,3,3,148,"{""relativeReattackFactor"":2.673953,""relativeReattackMinDelta"":0.008434,""relativeFluxFactor"":2.080681,""spectralNoveltyRatio"":3.674154,""spectralNoveltyMinBins"":21,""cooldownFrames"":4,""confirmedRmsFactor"":1.9896,""confirmedRmsMinDelta"":0.005283,""confirmedFluxFactor"":1.579664,""confirmedMinFlux"":0.004112,""confirmedMinBandRatio"":0.048345,""confirmedSpectralNoveltyMinBins"":18,""cooldownOverrideFactor"":4.61509,""cooldownOverrideMinFlux"":0.014669,""cooldownOverrideMinBandRatio"":0.055858,""analyzeIntervalMs"":33}"
846,r005-0005-338a8b86,5,-580,1,3,29,1,4,159,"{""relativeReattackFactor"":2.873939,""relativeReattackMinDelta"":0.017241,""relativeFluxFactor"":1.4,""spectralNoveltyRatio"":2.187984,""spectralNoveltyMinBins"":20,""cooldownFrames"":4,""confirmedRmsFactor"":1.350586,""confirmedRmsMinDelta"":0.004445,""confirmedFluxFactor"":1.607703,""confirmedMinFlux"":0.014566,""confirmedMinBandRatio"":0.036347,""confirmedSpectralNoveltyMinBins"":24,""cooldownOverrideFactor"":4.80934,""cooldownOverrideMinFlux"":0.007651,""cooldownOverrideMinBandRatio"":0.087513,""analyzeIntervalMs"":43}"
847,r002-0043-c8a63c02,2,-580,3,5,28,4,5,156,"{""relativeReattackFactor"":3.467163,""relativeReattackMinDelta"":0.018831,""relativeFluxFactor"":1.901055,""spectralNoveltyRatio"":3.87572,""spectralNoveltyMinBins"":17,""cooldownFrames"":3,""confirmedRmsFactor"":2.018011,""confirmedRmsMinDelta"":0.003828,""confirmedFluxFactor"":1.169919,""confirmedMinFlux"":0.016687,""confirmedMinBandRatio"":0.043673,""confirmedSpectralNoveltyMinBins"":26,""cooldownOverrideFactor"":3.727083,""cooldownOverrideMinFlux"":0.007646,""cooldownOverrideMinBandRatio"":0.022714,""analyzeIntervalMs"":32}"
848,r002-0024-fb8be8a8,2,-589,2,6,21,5,1,147,"{""relativeReattackFactor"":4,""relativeReattackMinDelta"":0.009706,""relativeFluxFactor"":2.664306,""spectralNoveltyRatio"":5.441672,""spectralNoveltyMinBins"":8,""cooldownFrames"":4,""confirmedRmsFactor"":1.693699,""confirmedRmsMinDelta"":0.009227,""confirmedFluxFactor"":1.962131,""confirmedMinFlux"":0.008973,""confirmedMinBandRatio"":0.048296,""confirmedSpectralNoveltyMinBins"":5,""cooldownOverrideFactor"":2.918352,""cooldownOverrideMinFlux"":0.020728,""cooldownOverrideMinBandRatio"":0.04423,""analyzeIntervalMs"":30}"
849,r002-0053-0eee4784,2,-593,1,9,13,7,0,135,"{""relativeReattackFactor"":3.157927,""relativeReattackMinDelta"":0.021476,""relativeFluxFactor"":2.146167,""spectralNoveltyRatio"":3.713877,""spectralNoveltyMinBins"":32,""cooldownFrames"":3,""confirmedRmsFactor"":1.783323,""confirmedRmsMinDelta"":0.005652,""confirmedFluxFactor"":1.008312,""confirmedMinFlux"":0.018479,""confirmedMinBandRatio"":0.037803,""confirmedSpectralNoveltyMinBins"":27,""cooldownOverrideFactor"":3.904431,""cooldownOverrideMinFlux"":0.004109,""cooldownOverrideMinBandRatio"":0.021658,""analyzeIntervalMs"":35}"
850,r003-0017-9c550675,3,-603,2,5,24,4,2,152,"{""relativeReattackFactor"":2.575579,""relativeReattackMinDelta"":0.019878,""relativeFluxFactor"":1.782464,""spectralNoveltyRatio"":2.587387,""spectralNoveltyMinBins"":6,""cooldownFrames"":4,""confirmedRmsFactor"":1.320698,""confirmedRmsMinDelta"":0.00492,""confirmedFluxFactor"":1.632718,""confirmedMinFlux"":0.011039,""confirmedMinBandRatio"":0.026115,""confirmedSpectralNoveltyMinBins"":27,""cooldownOverrideFactor"":4.947672,""cooldownOverrideMinFlux"":0.006938,""cooldownOverrideMinBandRatio"":0.07657,""analyzeIntervalMs"":40}"
851,r001-0079-e3148a1b,1,-608,2,5,19,4,3,147,"{""relativeReattackFactor"":3.955412,""relativeReattackMinDelta"":0.005743,""relativeFluxFactor"":2.442357,""spectralNoveltyRatio"":3.033102,""spectralNoveltyMinBins"":21,""cooldownFrames"":2,""confirmedRmsFactor"":2.110586,""confirmedRmsMinDelta"":0.00785,""confirmedFluxFactor"":1.562877,""confirmedMinFlux"":0.010379,""confirmedMinBandRatio"":0.032581,""confirmedSpectralNoveltyMinBins"":30,""cooldownOverrideFactor"":2.227716,""cooldownOverrideMinFlux"":0.009292,""cooldownOverrideMinBandRatio"":0.059123,""analyzeIntervalMs"":27}"
852,r002-0014-ff67a940,2,-617,3,4,28,3,5,159,"{""relativeReattackFactor"":3.432029,""relativeReattackMinDelta"":0.011403,""relativeFluxFactor"":1.770861,""spectralNoveltyRatio"":5.204491,""spectralNoveltyMinBins"":9,""cooldownFrames"":4,""confirmedRmsFactor"":1.634218,""confirmedRmsMinDelta"":0.011223,""confirmedFluxFactor"":1.694785,""confirmedMinFlux"":0.007065,""confirmedMinBandRatio"":0.046382,""confirmedSpectralNoveltyMinBins"":5,""cooldownOverrideFactor"":3.216555,""cooldownOverrideMinFlux"":0.016725,""cooldownOverrideMinBandRatio"":0.025332,""analyzeIntervalMs"":32}"
853,r002-0062-e3f14cf8,2,-619,2,10,12,8,0,129,"{""relativeReattackFactor"":4,""relativeReattackMinDelta"":0.009003,""relativeFluxFactor"":2.253719,""spectralNoveltyRatio"":4.778407,""spectralNoveltyMinBins"":30,""cooldownFrames"":3,""confirmedRmsFactor"":1.967006,""confirmedRmsMinDelta"":0.00918,""confirmedFluxFactor"":1.992594,""confirmedMinFlux"":0.006939,""confirmedMinBandRatio"":0.015275,""confirmedSpectralNoveltyMinBins"":10,""cooldownOverrideFactor"":2.098137,""cooldownOverrideMinFlux"":0.018034,""cooldownOverrideMinBandRatio"":0.070295,""analyzeIntervalMs"":43}"
854,r001-0019-13dc1567,1,-620,1,8,22,6,0,147,"{""relativeReattackFactor"":1.97382,""relativeReattackMinDelta"":0.01696,""relativeFluxFactor"":2.654903,""spectralNoveltyRatio"":2.206608,""spectralNoveltyMinBins"":37,""cooldownFrames"":4,""confirmedRmsFactor"":1.411245,""confirmedRmsMinDelta"":0.012,""confirmedFluxFactor"":1.994017,""confirmedMinFlux"":0.005114,""confirmedMinBandRatio"":0.034188,""confirmedSpectralNoveltyMinBins"":26,""cooldownOverrideFactor"":3.083057,""cooldownOverrideMinFlux"":0.007596,""cooldownOverrideMinBandRatio"":0.024093,""analyzeIntervalMs"":37}"
855,r001-0076-adf6a7d8,1,-620,1,9,12,7,0,134,"{""relativeReattackFactor"":3.189052,""relativeReattackMinDelta"":0.0177,""relativeFluxFactor"":2.155581,""spectralNoveltyRatio"":4.987175,""spectralNoveltyMinBins"":27,""cooldownFrames"":3,""confirmedRmsFactor"":1.893695,""confirmedRmsMinDelta"":0.00912,""confirmedFluxFactor"":1.039228,""confirmedMinFlux"":0.006785,""confirmedMinBandRatio"":0.01531,""confirmedSpectralNoveltyMinBins"":17,""cooldownOverrideFactor"":4.522199,""cooldownOverrideMinFlux"":0.028989,""cooldownOverrideMinBandRatio"":0.040812,""analyzeIntervalMs"":35}"
856,r001-0003-4ea4be3c,1,-625,1,4,32,2,6,161,"{""relativeReattackFactor"":1.922474,""relativeReattackMinDelta"":0.020856,""relativeFluxFactor"":1.523229,""spectralNoveltyRatio"":4.03914,""spectralNoveltyMinBins"":31,""cooldownFrames"":3,""confirmedRmsFactor"":1.436726,""confirmedRmsMinDelta"":0.002106,""confirmedFluxFactor"":1.199497,""confirmedMinFlux"":0.007293,""confirmedMinBandRatio"":0.020317,""confirmedSpectralNoveltyMinBins"":19,""cooldownOverrideFactor"":2.73702,""cooldownOverrideMinFlux"":0.018848,""cooldownOverrideMinBandRatio"":0.051073,""analyzeIntervalMs"":37}"
857,r001-0001-ba12f547,1,-626,1,8,23,6,0,147,"{""relativeReattackFactor"":1.879471,""relativeReattackMinDelta"":0.00799,""relativeFluxFactor"":4.317699,""spectralNoveltyRatio"":4.39687,""spectralNoveltyMinBins"":31,""cooldownFrames"":3,""confirmedRmsFactor"":1.702891,""confirmedRmsMinDelta"":0.007486,""confirmedFluxFactor"":1.761607,""confirmedMinFlux"":0.012242,""confirmedMinBandRatio"":0.035064,""confirmedSpectralNoveltyMinBins"":8,""cooldownOverrideFactor"":3.256412,""cooldownOverrideMinFlux"":0.014274,""cooldownOverrideMinBandRatio"":0.034175,""analyzeIntervalMs"":45}"
858,r002-0065-c20ac055,2,-627,1,7,21,5,1,146,"{""relativeReattackFactor"":2.449514,""relativeReattackMinDelta"":0.005339,""relativeFluxFactor"":2.970006,""spectralNoveltyRatio"":3.31545,""spectralNoveltyMinBins"":31,""cooldownFrames"":4,""confirmedRmsFactor"":2.153318,""confirmedRmsMinDelta"":0.005452,""confirmedFluxFactor"":1.235272,""confirmedMinFlux"":0.003,""confirmedMinBandRatio"":0.042523,""confirmedSpectralNoveltyMinBins"":20,""cooldownOverrideFactor"":4.495813,""cooldownOverrideMinFlux"":0.012561,""cooldownOverrideMinBandRatio"":0.052743,""analyzeIntervalMs"":36}"
859,r001-0053-ce349e24,1,-633,2,10,10,8,0,131,"{""relativeReattackFactor"":3.26919,""relativeReattackMinDelta"":0.017628,""relativeFluxFactor"":2.239236,""spectralNoveltyRatio"":5.513901,""spectralNoveltyMinBins"":42,""cooldownFrames"":2,""confirmedRmsFactor"":1.22025,""confirmedRmsMinDelta"":0.002122,""confirmedFluxFactor"":1.801,""confirmedMinFlux"":0.005419,""confirmedMinBandRatio"":0.030348,""confirmedSpectralNoveltyMinBins"":19,""cooldownOverrideFactor"":3.35642,""cooldownOverrideMinFlux"":0.017758,""cooldownOverrideMinBandRatio"":0.06885,""analyzeIntervalMs"":36}"
860,r001-0011-b0c1913f,1,-644,2,10,12,8,0,132,"{""relativeReattackFactor"":3.561571,""relativeReattackMinDelta"":0.010028,""relativeFluxFactor"":4.394056,""spectralNoveltyRatio"":5.295592,""spectralNoveltyMinBins"":20,""cooldownFrames"":2,""confirmedRmsFactor"":1.954154,""confirmedRmsMinDelta"":0.009947,""confirmedFluxFactor"":1.971784,""confirmedMinFlux"":0.013569,""confirmedMinBandRatio"":0.02819,""confirmedSpectralNoveltyMinBins"":22,""cooldownOverrideFactor"":2.01752,""cooldownOverrideMinFlux"":0.026557,""cooldownOverrideMinBandRatio"":0.084389,""analyzeIntervalMs"":29}"
861,r004-0028-3b022fa3,4,-648,2,5,25,4,4,153,"{""relativeReattackFactor"":2.80607,""relativeReattackMinDelta"":0.012554,""relativeFluxFactor"":1.498206,""spectralNoveltyRatio"":2.685762,""spectralNoveltyMinBins"":21,""cooldownFrames"":4,""confirmedRmsFactor"":1.430183,""confirmedRmsMinDelta"":0.003982,""confirmedFluxFactor"":1.852789,""confirmedMinFlux"":0.010823,""confirmedMinBandRatio"":0.037636,""confirmedSpectralNoveltyMinBins"":24,""cooldownOverrideFactor"":4.382437,""cooldownOverrideMinFlux"":0.010056,""cooldownOverrideMinBandRatio"":0.071949,""analyzeIntervalMs"":39}"
862,r002-0028-d5c7ca63,2,-650,2,8,19,6,2,141,"{""relativeReattackFactor"":3.09893,""relativeReattackMinDelta"":0.015693,""relativeFluxFactor"":2.108338,""spectralNoveltyRatio"":5.22113,""spectralNoveltyMinBins"":26,""cooldownFrames"":3,""confirmedRmsFactor"":1.814234,""confirmedRmsMinDelta"":0.004731,""confirmedFluxFactor"":1.363134,""confirmedMinFlux"":0.015949,""confirmedMinBandRatio"":0.042081,""confirmedSpectralNoveltyMinBins"":26,""cooldownOverrideFactor"":4.230878,""cooldownOverrideMinFlux"":0.004873,""cooldownOverrideMinBandRatio"":0.035584,""analyzeIntervalMs"":33}"
863,r001-0060-f6df818b,1,-651,2,8,25,6,2,150,"{""relativeReattackFactor"":1.944586,""relativeReattackMinDelta"":0.022558,""relativeFluxFactor"":1.890146,""spectralNoveltyRatio"":5.190207,""spectralNoveltyMinBins"":27,""cooldownFrames"":4,""confirmedRmsFactor"":2.080119,""confirmedRmsMinDelta"":0.003852,""confirmedFluxFactor"":1.526815,""confirmedMinFlux"":0.009688,""confirmedMinBandRatio"":0.009577,""confirmedSpectralNoveltyMinBins"":12,""cooldownOverrideFactor"":2.030122,""cooldownOverrideMinFlux"":0.008308,""cooldownOverrideMinBandRatio"":0.04441,""analyzeIntervalMs"":43}"
864,r004-0038-f7335aa0,4,-652,2,5,26,4,4,153,"{""relativeReattackFactor"":2.68286,""relativeReattackMinDelta"":0.014036,""relativeFluxFactor"":1.511063,""spectralNoveltyRatio"":1.995658,""spectralNoveltyMinBins"":23,""cooldownFrames"":4,""confirmedRmsFactor"":1.532127,""confirmedRmsMinDelta"":0.004727,""confirmedFluxFactor"":1.685911,""confirmedMinFlux"":0.012426,""confirmedMinBandRatio"":0.035683,""confirmedSpectralNoveltyMinBins"":24,""cooldownOverrideFactor"":3.959782,""cooldownOverrideMinFlux"":0.007191,""cooldownOverrideMinBandRatio"":0.07113,""analyzeIntervalMs"":39}"
865,r002-0077-2e1e7b2d,2,-664,2,12,8,10,0,125,"{""relativeReattackFactor"":3.493486,""relativeReattackMinDelta"":0.01445,""relativeFluxFactor"":1.4,""spectralNoveltyRatio"":3.980159,""spectralNoveltyMinBins"":35,""cooldownFrames"":3,""confirmedRmsFactor"":1.807947,""confirmedRmsMinDelta"":0.007007,""confirmedFluxFactor"":2.201361,""confirmedMinFlux"":0.008822,""confirmedMinBandRatio"":0.021916,""confirmedSpectralNoveltyMinBins"":15,""cooldownOverrideFactor"":1.8,""cooldownOverrideMinFlux"":0.025777,""cooldownOverrideMinBandRatio"":0.079732,""analyzeIntervalMs"":44}"
866,r001-0044-18a5d156,1,-665,2,10,12,8,0,132,"{""relativeReattackFactor"":2.976106,""relativeReattackMinDelta"":0.007367,""relativeFluxFactor"":3.156569,""spectralNoveltyRatio"":1.587699,""spectralNoveltyMinBins"":48,""cooldownFrames"":4,""confirmedRmsFactor"":1.718355,""confirmedRmsMinDelta"":0.009644,""confirmedFluxFactor"":1.237525,""confirmedMinFlux"":0.007782,""confirmedMinBandRatio"":0.016603,""confirmedSpectralNoveltyMinBins"":8,""cooldownOverrideFactor"":3.70014,""cooldownOverrideMinFlux"":0.005067,""cooldownOverrideMinBandRatio"":0.080558,""analyzeIntervalMs"":36}"
867,r002-0080-13b893d7,2,-675,2,6,27,5,2,155,"{""relativeReattackFactor"":2.519447,""relativeReattackMinDelta"":0.005015,""relativeFluxFactor"":2.693529,""spectralNoveltyRatio"":3.149934,""spectralNoveltyMinBins"":28,""cooldownFrames"":4,""confirmedRmsFactor"":2.066775,""confirmedRmsMinDelta"":0.003793,""confirmedFluxFactor"":1.222421,""confirmedMinFlux"":0.004784,""confirmedMinBandRatio"":0.05,""confirmedSpectralNoveltyMinBins"":14,""cooldownOverrideFactor"":4.675219,""cooldownOverrideMinFlux"":0.008767,""cooldownOverrideMinBandRatio"":0.0509,""analyzeIntervalMs"":34}"
868,r001-0009-e6bfaf7c,1,-678,2,10,11,8,0,135,"{""relativeReattackFactor"":1.961327,""relativeReattackMinDelta"":0.013311,""relativeFluxFactor"":3.908281,""spectralNoveltyRatio"":5.519362,""spectralNoveltyMinBins"":29,""cooldownFrames"":4,""confirmedRmsFactor"":1.531319,""confirmedRmsMinDelta"":0.005786,""confirmedFluxFactor"":2.260919,""confirmedMinFlux"":0.016713,""confirmedMinBandRatio"":0.022331,""confirmedSpectralNoveltyMinBins"":5,""cooldownOverrideFactor"":3.433406,""cooldownOverrideMinFlux"":0.006905,""cooldownOverrideMinBandRatio"":0.04042,""analyzeIntervalMs"":42}"
869,r001-0071-7dd112ac,1,-686,2,10,10,8,0,132,"{""relativeReattackFactor"":3.009307,""relativeReattackMinDelta"":0.006764,""relativeFluxFactor"":3.385662,""spectralNoveltyRatio"":4.303185,""spectralNoveltyMinBins"":25,""cooldownFrames"":3,""confirmedRmsFactor"":1.57633,""confirmedRmsMinDelta"":0.004069,""confirmedFluxFactor"":1.568844,""confirmedMinFlux"":0.011024,""confirmedMinBandRatio"":0.033425,""confirmedSpectralNoveltyMinBins"":10,""cooldownOverrideFactor"":4.703301,""cooldownOverrideMinFlux"":0.014273,""cooldownOverrideMinBandRatio"":0.064327,""analyzeIntervalMs"":41}"
870,r005-0035-6daf0050,5,-692,2,2,32,1,7,163,"{""relativeReattackFactor"":2.657243,""relativeReattackMinDelta"":0.017716,""relativeFluxFactor"":1.4,""spectralNoveltyRatio"":2.391336,""spectralNoveltyMinBins"":15,""cooldownFrames"":4,""confirmedRmsFactor"":1.413395,""confirmedRmsMinDelta"":0.004102,""confirmedFluxFactor"":1.654423,""confirmedMinFlux"":0.015891,""confirmedMinBandRatio"":0.033555,""confirmedSpectralNoveltyMinBins"":21,""cooldownOverrideFactor"":4.846992,""cooldownOverrideMinFlux"":0.008299,""cooldownOverrideMinBandRatio"":0.087641,""analyzeIntervalMs"":43}"
871,r002-0070-8a0e28ba,2,-692,2,6,24,5,2,152,"{""relativeReattackFactor"":2.457762,""relativeReattackMinDelta"":0.008735,""relativeFluxFactor"":2.749633,""spectralNoveltyRatio"":2.737835,""spectralNoveltyMinBins"":18,""cooldownFrames"":4,""confirmedRmsFactor"":1.999432,""confirmedRmsMinDelta"":0.005816,""confirmedFluxFactor"":1.5906,""confirmedMinFlux"":0.003,""confirmedMinBandRatio"":0.044819,""confirmedSpectralNoveltyMinBins"":20,""cooldownOverrideFactor"":4.920766,""cooldownOverrideMinFlux"":0.011887,""cooldownOverrideMinBandRatio"":0.067185,""analyzeIntervalMs"":36}"
872,r001-0055-b4e6f721,1,-692,2,10,17,8,0,138,"{""relativeReattackFactor"":3.711985,""relativeReattackMinDelta"":0.018619,""relativeFluxFactor"":4.356248,""spectralNoveltyRatio"":2.874527,""spectralNoveltyMinBins"":17,""cooldownFrames"":3,""confirmedRmsFactor"":2.156146,""confirmedRmsMinDelta"":0.010425,""confirmedFluxFactor"":1.344165,""confirmedMinFlux"":0.019253,""confirmedMinBandRatio"":0.029358,""confirmedSpectralNoveltyMinBins"":16,""cooldownOverrideFactor"":4.699602,""cooldownOverrideMinFlux"":0.014414,""cooldownOverrideMinBandRatio"":0.073165,""analyzeIntervalMs"":38}"
873,r001-0033-3b9d9213,1,-719,1,10,13,8,0,134,"{""relativeReattackFactor"":2.633322,""relativeReattackMinDelta"":0.019431,""relativeFluxFactor"":2.6809,""spectralNoveltyRatio"":3.365429,""spectralNoveltyMinBins"":30,""cooldownFrames"":3,""confirmedRmsFactor"":1.569944,""confirmedRmsMinDelta"":0.009564,""confirmedFluxFactor"":2.269332,""confirmedMinFlux"":0.003957,""confirmedMinBandRatio"":0.03496,""confirmedSpectralNoveltyMinBins"":12,""cooldownOverrideFactor"":3.550771,""cooldownOverrideMinFlux"":0.02023,""cooldownOverrideMinBandRatio"":0.085773,""analyzeIntervalMs"":46}"
874,r001-0008-05839e92,1,-721,2,13,11,10,1,126,"{""relativeReattackFactor"":3.290144,""relativeReattackMinDelta"":0.005191,""relativeFluxFactor"":1.842398,""spectralNoveltyRatio"":3.378252,""spectralNoveltyMinBins"":46,""cooldownFrames"":3,""confirmedRmsFactor"":1.762382,""confirmedRmsMinDelta"":0.003631,""confirmedFluxFactor"":1.969419,""confirmedMinFlux"":0.010932,""confirmedMinBandRatio"":0.04,""confirmedSpectralNoveltyMinBins"":10,""cooldownOverrideFactor"":3.103034,""cooldownOverrideMinFlux"":0.015048,""cooldownOverrideMinBandRatio"":0.081731,""analyzeIntervalMs"":28}"
875,r002-0015-eec668c1,2,-730,2,5,25,3,5,151,"{""relativeReattackFactor"":2.646292,""relativeReattackMinDelta"":0.004453,""relativeFluxFactor"":2.017404,""spectralNoveltyRatio"":3.144078,""spectralNoveltyMinBins"":21,""cooldownFrames"":4,""confirmedRmsFactor"":1.899182,""confirmedRmsMinDelta"":0.00565,""confirmedFluxFactor"":1.471709,""confirmedMinFlux"":0.003,""confirmedMinBandRatio"":0.05,""confirmedSpectralNoveltyMinBins"":22,""cooldownOverrideFactor"":4.285158,""cooldownOverrideMinFlux"":0.014124,""cooldownOverrideMinBandRatio"":0.069294,""analyzeIntervalMs"":33}"
876,r005-0040-a451697b,5,-730,2,5,26,4,4,153,"{""relativeReattackFactor"":2.686178,""relativeReattackMinDelta"":0.017088,""relativeFluxFactor"":1.564913,""spectralNoveltyRatio"":1.92994,""spectralNoveltyMinBins"":21,""cooldownFrames"":4,""confirmedRmsFactor"":1.29022,""confirmedRmsMinDelta"":0.004311,""confirmedFluxFactor"":1.627105,""confirmedMinFlux"":0.014523,""confirmedMinBandRatio"":0.033266,""confirmedSpectralNoveltyMinBins"":23,""cooldownOverrideFactor"":4.959604,""cooldownOverrideMinFlux"":0.009023,""cooldownOverrideMinBandRatio"":0.088193,""analyzeIntervalMs"":39}"
877,r001-0049-21332426,1,-753,1,10,14,8,0,136,"{""relativeReattackFactor"":2.555847,""relativeReattackMinDelta"":0.013666,""relativeFluxFactor"":2.461638,""spectralNoveltyRatio"":4.940202,""spectralNoveltyMinBins"":10,""cooldownFrames"":4,""confirmedRmsFactor"":1.239063,""confirmedRmsMinDelta"":0.011863,""confirmedFluxFactor"":1.081696,""confirmedMinFlux"":0.003704,""confirmedMinBandRatio"":0.030286,""confirmedSpectralNoveltyMinBins"":8,""cooldownOverrideFactor"":2.323239,""cooldownOverrideMinFlux"":0.00568,""cooldownOverrideMinBandRatio"":0.036501,""analyzeIntervalMs"":47}"
878,r003-0046-009641b0,3,-756,2,5,27,4,5,154,"{""relativeReattackFactor"":2.793759,""relativeReattackMinDelta"":0.014542,""relativeFluxFactor"":1.674127,""spectralNoveltyRatio"":2.23443,""spectralNoveltyMinBins"":15,""cooldownFrames"":4,""confirmedRmsFactor"":1.42417,""confirmedRmsMinDelta"":0.00438,""confirmedFluxFactor"":1.684448,""confirmedMinFlux"":0.013099,""confirmedMinBandRatio"":0.028188,""confirmedSpectralNoveltyMinBins"":25,""cooldownOverrideFactor"":4.293912,""cooldownOverrideMinFlux"":0.00798,""cooldownOverrideMinBandRatio"":0.079568,""analyzeIntervalMs"":39}"
879,r001-0070-bafadd7f,1,-759,0,7,32,5,4,159,"{""relativeReattackFactor"":1.638651,""relativeReattackMinDelta"":0.023565,""relativeFluxFactor"":3.144074,""spectralNoveltyRatio"":3.2048,""spectralNoveltyMinBins"":18,""cooldownFrames"":3,""confirmedRmsFactor"":1.375617,""confirmedRmsMinDelta"":0.003028,""confirmedFluxFactor"":1.177429,""confirmedMinFlux"":0.008368,""confirmedMinBandRatio"":0.035319,""confirmedSpectralNoveltyMinBins"":19,""cooldownOverrideFactor"":1.916947,""cooldownOverrideMinFlux"":0.026573,""cooldownOverrideMinBandRatio"":0.04952,""analyzeIntervalMs"":42}"
880,r003-0057-24430c9a,3,-762,2,5,29,4,5,156,"{""relativeReattackFactor"":2.475363,""relativeReattackMinDelta"":0.018163,""relativeFluxFactor"":1.728879,""spectralNoveltyRatio"":2.25842,""spectralNoveltyMinBins"":14,""cooldownFrames"":4,""confirmedRmsFactor"":1.505859,""confirmedRmsMinDelta"":0.004618,""confirmedFluxFactor"":1.414711,""confirmedMinFlux"":0.009804,""confirmedMinBandRatio"":0.023184,""confirmedSpectralNoveltyMinBins"":25,""cooldownOverrideFactor"":4.650785,""cooldownOverrideMinFlux"":0.011148,""cooldownOverrideMinBandRatio"":0.085348,""analyzeIntervalMs"":39}"
881,r002-0049-7f5460ec,2,-776,1,6,31,4,5,156,"{""relativeReattackFactor"":4,""relativeReattackMinDelta"":0.01169,""relativeFluxFactor"":2.048573,""spectralNoveltyRatio"":5.077671,""spectralNoveltyMinBins"":14,""cooldownFrames"":4,""confirmedRmsFactor"":1.519651,""confirmedRmsMinDelta"":0.009704,""confirmedFluxFactor"":1.694847,""confirmedMinFlux"":0.012511,""confirmedMinBandRatio"":0.037423,""confirmedSpectralNoveltyMinBins"":2,""cooldownOverrideFactor"":2.902128,""cooldownOverrideMinFlux"":0.019337,""cooldownOverrideMinBandRatio"":0.026208,""analyzeIntervalMs"":25}"
882,r001-0057-21c156b5,1,-779,1,11,13,9,0,133,"{""relativeReattackFactor"":3.303438,""relativeReattackMinDelta"":0.006912,""relativeFluxFactor"":2.300859,""spectralNoveltyRatio"":3.340392,""spectralNoveltyMinBins"":41,""cooldownFrames"":2,""confirmedRmsFactor"":1.507535,""confirmedRmsMinDelta"":0.002621,""confirmedFluxFactor"":2.24727,""confirmedMinFlux"":0.005541,""confirmedMinBandRatio"":0.049187,""confirmedSpectralNoveltyMinBins"":28,""cooldownOverrideFactor"":2.986879,""cooldownOverrideMinFlux"":0.01667,""cooldownOverrideMinBandRatio"":0.074876,""analyzeIntervalMs"":45}"
883,r003-0022-c8ca18c5,3,-791,2,4,37,3,7,167,"{""relativeReattackFactor"":2.563446,""relativeReattackMinDelta"":0.016202,""relativeFluxFactor"":1.716742,""spectralNoveltyRatio"":2.595119,""spectralNoveltyMinBins"":7,""cooldownFrames"":4,""confirmedRmsFactor"":1.477033,""confirmedRmsMinDelta"":0.003426,""confirmedFluxFactor"":1.541272,""confirmedMinFlux"":0.010007,""confirmedMinBandRatio"":0.02781,""confirmedSpectralNoveltyMinBins"":21,""cooldownOverrideFactor"":4.534496,""cooldownOverrideMinFlux"":0.008029,""cooldownOverrideMinBandRatio"":0.080959,""analyzeIntervalMs"":38}"
884,r005-0079-b5431211,5,-804,2,3,30,2,8,160,"{""relativeReattackFactor"":2.834209,""relativeReattackMinDelta"":0.018496,""relativeFluxFactor"":1.4,""spectralNoveltyRatio"":2.232351,""spectralNoveltyMinBins"":19,""cooldownFrames"":4,""confirmedRmsFactor"":1.322786,""confirmedRmsMinDelta"":0.003791,""confirmedFluxFactor"":1.451599,""confirmedMinFlux"":0.016055,""confirmedMinBandRatio"":0.035998,""confirmedSpectralNoveltyMinBins"":20,""cooldownOverrideFactor"":4.685398,""cooldownOverrideMinFlux"":0.00841,""cooldownOverrideMinBandRatio"":0.08336,""analyzeIntervalMs"":39}"
885,r002-0020-661905ff,2,-806,2,6,28,5,3,156,"{""relativeReattackFactor"":3.051806,""relativeReattackMinDelta"":0.00424,""relativeFluxFactor"":2.576501,""spectralNoveltyRatio"":2.846541,""spectralNoveltyMinBins"":18,""cooldownFrames"":4,""confirmedRmsFactor"":1.902461,""confirmedRmsMinDelta"":0.002502,""confirmedFluxFactor"":1.523185,""confirmedMinFlux"":0.005738,""confirmedMinBandRatio"":0.042069,""confirmedSpectralNoveltyMinBins"":21,""cooldownOverrideFactor"":4.690225,""cooldownOverrideMinFlux"":0.014435,""cooldownOverrideMinBandRatio"":0.052237,""analyzeIntervalMs"":34}"
886,r001-0004-cd145d9d,1,-816,2,11,20,9,1,141,"{""relativeReattackFactor"":3.634212,""relativeReattackMinDelta"":0.024104,""relativeFluxFactor"":3.86793,""spectralNoveltyRatio"":1.696697,""spectralNoveltyMinBins"":15,""cooldownFrames"":3,""confirmedRmsFactor"":1.282721,""confirmedRmsMinDelta"":0.003303,""confirmedFluxFactor"":1.363377,""confirmedMinFlux"":0.008587,""confirmedMinBandRatio"":0.016071,""confirmedSpectralNoveltyMinBins"":7,""cooldownOverrideFactor"":2.306111,""cooldownOverrideMinFlux"":0.023072,""cooldownOverrideMinBandRatio"":0.057696,""analyzeIntervalMs"":38}"
887,r002-0010-618d9d23,2,-819,2,8,21,6,3,145,"{""relativeReattackFactor"":2.811979,""relativeReattackMinDelta"":0.005798,""relativeFluxFactor"":2.947577,""spectralNoveltyRatio"":2.878777,""spectralNoveltyMinBins"":21,""cooldownFrames"":4,""confirmedRmsFactor"":2.095469,""confirmedRmsMinDelta"":0.00369,""confirmedFluxFactor"":1.501635,""confirmedMinFlux"":0.003,""confirmedMinBandRatio"":0.041085,""confirmedSpectralNoveltyMinBins"":22,""cooldownOverrideFactor"":4.702192,""cooldownOverrideMinFlux"":0.009719,""cooldownOverrideMinBandRatio"":0.060883,""analyzeIntervalMs"":33}"
888,r002-0063-2d0f593f,2,-834,1,11,26,9,1,147,"{""relativeReattackFactor"":2.739309,""relativeReattackMinDelta"":0.016352,""relativeFluxFactor"":2.183747,""spectralNoveltyRatio"":4.554734,""spectralNoveltyMinBins"":35,""cooldownFrames"":3,""confirmedRmsFactor"":2.000191,""confirmedRmsMinDelta"":0.005496,""confirmedFluxFactor"":1.374692,""confirmedMinFlux"":0.015825,""confirmedMinBandRatio"":0.037825,""confirmedSpectralNoveltyMinBins"":32,""cooldownOverrideFactor"":4.246207,""cooldownOverrideMinFlux"":0.004,""cooldownOverrideMinBandRatio"":0.020933,""analyzeIntervalMs"":31}"
889,r001-0014-7d67f128,1,-834,3,14,5,12,0,120,"{""relativeReattackFactor"":2.796596,""relativeReattackMinDelta"":0.021599,""relativeFluxFactor"":2.714453,""spectralNoveltyRatio"":3.125965,""spectralNoveltyMinBins"":52,""cooldownFrames"":4,""confirmedRmsFactor"":1.83477,""confirmedRmsMinDelta"":0.009567,""confirmedFluxFactor"":2.15193,""confirmedMinFlux"":0.007012,""confirmedMinBandRatio"":0.020691,""confirmedSpectralNoveltyMinBins"":27,""cooldownOverrideFactor"":3.364638,""cooldownOverrideMinFlux"":0.012992,""cooldownOverrideMinBandRatio"":0.085956,""analyzeIntervalMs"":40}"
890,r001-0077-289dc6d7,1,-836,1,11,21,9,0,143,"{""relativeReattackFactor"":3.909862,""relativeReattackMinDelta"":0.024854,""relativeFluxFactor"":3.953653,""spectralNoveltyRatio"":4.364927,""spectralNoveltyMinBins"":22,""cooldownFrames"":3,""confirmedRmsFactor"":1.77391,""confirmedRmsMinDelta"":0.006568,""confirmedFluxFactor"":1.634638,""confirmedMinFlux"":0.007489,""confirmedMinBandRatio"":0.026411,""confirmedSpectralNoveltyMinBins"":9,""cooldownOverrideFactor"":4.57278,""cooldownOverrideMinFlux"":0.004316,""cooldownOverrideMinBandRatio"":0.070208,""analyzeIntervalMs"":31}"
891,r001-0078-135b52f7,1,-845,4,16,1,13,0,111,"{""relativeReattackFactor"":3.815234,""relativeReattackMinDelta"":0.011497,""relativeFluxFactor"":2.889902,""spectralNoveltyRatio"":4.080248,""spectralNoveltyMinBins"":57,""cooldownFrames"":4,""confirmedRmsFactor"":1.51007,""confirmedRmsMinDelta"":0.00668,""confirmedFluxFactor"":1.795422,""confirmedMinFlux"":0.011262,""confirmedMinBandRatio"":0.048788,""confirmedSpectralNoveltyMinBins"":2,""cooldownOverrideFactor"":4.399955,""cooldownOverrideMinFlux"":0.006869,""cooldownOverrideMinBandRatio"":0.037698,""analyzeIntervalMs"":39}"
892,r002-0031-d8c61db9,2,-849,2,6,27,5,5,153,"{""relativeReattackFactor"":2.90161,""relativeReattackMinDelta"":0.015481,""relativeFluxFactor"":2.005713,""spectralNoveltyRatio"":2.836583,""spectralNoveltyMinBins"":14,""cooldownFrames"":4,""confirmedRmsFactor"":1.233921,""confirmedRmsMinDelta"":0.003088,""confirmedFluxFactor"":1.669035,""confirmedMinFlux"":0.010773,""confirmedMinBandRatio"":0.028857,""confirmedSpectralNoveltyMinBins"":24,""cooldownOverrideFactor"":4.578506,""cooldownOverrideMinFlux"":0.01033,""cooldownOverrideMinBandRatio"":0.084036,""analyzeIntervalMs"":39}"
893,r002-0035-a19e08ba,2,-851,2,9,20,7,3,142,"{""relativeReattackFactor"":3.011177,""relativeReattackMinDelta"":0.007395,""relativeFluxFactor"":3.048753,""spectralNoveltyRatio"":4.066032,""spectralNoveltyMinBins"":22,""cooldownFrames"":4,""confirmedRmsFactor"":1.921007,""confirmedRmsMinDelta"":0.002534,""confirmedFluxFactor"":1.182403,""confirmedMinFlux"":0.004976,""confirmedMinBandRatio"":0.05,""confirmedSpectralNoveltyMinBins"":13,""cooldownOverrideFactor"":4.346956,""cooldownOverrideMinFlux"":0.009528,""cooldownOverrideMinBandRatio"":0.065165,""analyzeIntervalMs"":32}"
894,r001-0030-fe10a5ae,1,-862,3,14,4,12,0,118,"{""relativeReattackFactor"":3.922148,""relativeReattackMinDelta"":0.013379,""relativeFluxFactor"":3.10066,""spectralNoveltyRatio"":2.017519,""spectralNoveltyMinBins"":46,""cooldownFrames"":3,""confirmedRmsFactor"":1.187717,""confirmedRmsMinDelta"":0.002482,""confirmedFluxFactor"":1.785944,""confirmedMinFlux"":0.006307,""confirmedMinBandRatio"":0.046813,""confirmedSpectralNoveltyMinBins"":11,""cooldownOverrideFactor"":2.835812,""cooldownOverrideMinFlux"":0.02561,""cooldownOverrideMinBandRatio"":0.073197,""analyzeIntervalMs"":40}"
895,r001-0016-47bdf84a,1,-875,4,14,4,12,0,117,"{""relativeReattackFactor"":3.706787,""relativeReattackMinDelta"":0.024828,""relativeFluxFactor"":3.581258,""spectralNoveltyRatio"":5.679127,""spectralNoveltyMinBins"":30,""cooldownFrames"":4,""confirmedRmsFactor"":1.321497,""confirmedRmsMinDelta"":0.005363,""confirmedFluxFactor"":1.140014,""confirmedMinFlux"":0.011117,""confirmedMinBandRatio"":0.029996,""confirmedSpectralNoveltyMinBins"":15,""cooldownOverrideFactor"":4.929337,""cooldownOverrideMinFlux"":0.014792,""cooldownOverrideMinBandRatio"":0.074902,""analyzeIntervalMs"":43}"
896,r005-0009-24f9681c,5,-883,2,5,28,4,7,156,"{""relativeReattackFactor"":2.990969,""relativeReattackMinDelta"":0.019303,""relativeFluxFactor"":1.479555,""spectralNoveltyRatio"":2.212014,""spectralNoveltyMinBins"":19,""cooldownFrames"":4,""confirmedRmsFactor"":1.392351,""confirmedRmsMinDelta"":0.004246,""confirmedFluxFactor"":1.534577,""confirmedMinFlux"":0.015539,""confirmedMinBandRatio"":0.037309,""confirmedSpectralNoveltyMinBins"":19,""cooldownOverrideFactor"":4.6004,""cooldownOverrideMinFlux"":0.008362,""cooldownOverrideMinBandRatio"":0.085786,""analyzeIntervalMs"":39}"
897,r002-0039-a7103f88,2,-886,1,4,34,2,8,162,"{""relativeReattackFactor"":4,""relativeReattackMinDelta"":0.008719,""relativeFluxFactor"":2.247463,""spectralNoveltyRatio"":4.581057,""spectralNoveltyMinBins"":12,""cooldownFrames"":4,""confirmedRmsFactor"":1.656762,""confirmedRmsMinDelta"":0.008506,""confirmedFluxFactor"":1.63747,""confirmedMinFlux"":0.011191,""confirmedMinBandRatio"":0.05,""confirmedSpectralNoveltyMinBins"":2,""cooldownOverrideFactor"":3.496955,""cooldownOverrideMinFlux"":0.018747,""cooldownOverrideMinBandRatio"":0.025187,""analyzeIntervalMs"":25}"
898,r002-0030-164b4b6c,2,-886,1,10,20,8,2,142,"{""relativeReattackFactor"":2.454189,""relativeReattackMinDelta"":0.00589,""relativeFluxFactor"":2.49764,""spectralNoveltyRatio"":3.403997,""spectralNoveltyMinBins"":27,""cooldownFrames"":4,""confirmedRmsFactor"":2.051952,""confirmedRmsMinDelta"":0.003034,""confirmedFluxFactor"":1.198049,""confirmedMinFlux"":0.004148,""confirmedMinBandRatio"":0.04456,""confirmedSpectralNoveltyMinBins"":13,""cooldownOverrideFactor"":4.379013,""cooldownOverrideMinFlux"":0.009846,""cooldownOverrideMinBandRatio"":0.067817,""analyzeIntervalMs"":37}"
899,r001-0075-ef790fd3,1,-889,3,14,3,12,0,118,"{""relativeReattackFactor"":2.686524,""relativeReattackMinDelta"":0.023462,""relativeFluxFactor"":3.252626,""spectralNoveltyRatio"":2.998133,""spectralNoveltyMinBins"":53,""cooldownFrames"":4,""confirmedRmsFactor"":1.626565,""confirmedRmsMinDelta"":0.004047,""confirmedFluxFactor"":1.796824,""confirmedMinFlux"":0.014843,""confirmedMinBandRatio"":0.042885,""confirmedSpectralNoveltyMinBins"":29,""cooldownOverrideFactor"":3.60175,""cooldownOverrideMinFlux"":0.02129,""cooldownOverrideMinBandRatio"":0.066675,""analyzeIntervalMs"":49}"
900,r001-0038-6bf5e445,1,-891,2,2,40,1,10,173,"{""relativeReattackFactor"":2.679547,""relativeReattackMinDelta"":0.017868,""relativeFluxFactor"":1.760439,""spectralNoveltyRatio"":5.619488,""spectralNoveltyMinBins"":8,""cooldownFrames"":3,""confirmedRmsFactor"":1.678037,""confirmedRmsMinDelta"":0.010254,""confirmedFluxFactor"":2.290922,""confirmedMinFlux"":0.018782,""confirmedMinBandRatio"":0.010268,""confirmedSpectralNoveltyMinBins"":17,""cooldownOverrideFactor"":4.281215,""cooldownOverrideMinFlux"":0.006146,""cooldownOverrideMinBandRatio"":0.088075,""analyzeIntervalMs"":28}"
901,r002-0071-e4104245,2,-908,2,3,31,2,9,162,"{""relativeReattackFactor"":2.83315,""relativeReattackMinDelta"":0.012396,""relativeFluxFactor"":1.4,""spectralNoveltyRatio"":1.800533,""spectralNoveltyMinBins"":15,""cooldownFrames"":4,""confirmedRmsFactor"":1.531777,""confirmedRmsMinDelta"":0.004956,""confirmedFluxFactor"":1.777612,""confirmedMinFlux"":0.013314,""confirmedMinBandRatio"":0.036732,""confirmedSpectralNoveltyMinBins"":26,""cooldownOverrideFactor"":5,""cooldownOverrideMinFlux"":0.004,""cooldownOverrideMinBandRatio"":0.084698,""analyzeIntervalMs"":39}"
902,r003-0047-79636100,3,-908,2,3,31,2,9,161,"{""relativeReattackFactor"":2.71376,""relativeReattackMinDelta"":0.019691,""relativeFluxFactor"":1.4,""spectralNoveltyRatio"":2.883815,""spectralNoveltyMinBins"":14,""cooldownFrames"":4,""confirmedRmsFactor"":1.380285,""confirmedRmsMinDelta"":0.003776,""confirmedFluxFactor"":1.480973,""confirmedMinFlux"":0.010466,""confirmedMinBandRatio"":0.024518,""confirmedSpectralNoveltyMinBins"":24,""cooldownOverrideFactor"":4.430388,""cooldownOverrideMinFlux"":0.005517,""cooldownOverrideMinBandRatio"":0.071259,""analyzeIntervalMs"":39}"
903,r001-0046-b6702dcf,1,-914,1,12,23,10,2,141,"{""relativeReattackFactor"":2.097103,""relativeReattackMinDelta"":0.020589,""relativeFluxFactor"":2.143844,""spectralNoveltyRatio"":4.931184,""spectralNoveltyMinBins"":47,""cooldownFrames"":3,""confirmedRmsFactor"":1.870054,""confirmedRmsMinDelta"":0.008108,""confirmedFluxFactor"":2.146479,""confirmedMinFlux"":0.011215,""confirmedMinBandRatio"":0.049637,""confirmedSpectralNoveltyMinBins"":27,""cooldownOverrideFactor"":2.678423,""cooldownOverrideMinFlux"":0.008458,""cooldownOverrideMinBandRatio"":0.054425,""analyzeIntervalMs"":47}"
904,r001-0051-bf5c9fbf,1,-921,2,14,9,12,0,122,"{""relativeReattackFactor"":3.792762,""relativeReattackMinDelta"":0.01172,""relativeFluxFactor"":2.927209,""spectralNoveltyRatio"":3.951789,""spectralNoveltyMinBins"":36,""cooldownFrames"":3,""confirmedRmsFactor"":1.626835,""confirmedRmsMinDelta"":0.011684,""confirmedFluxFactor"":1.94466,""confirmedMinFlux"":0.008356,""confirmedMinBandRatio"":0.019243,""confirmedSpectralNoveltyMinBins"":14,""cooldownOverrideFactor"":2.801025,""cooldownOverrideMinFlux"":0.027815,""cooldownOverrideMinBandRatio"":0.061151,""analyzeIntervalMs"":43}"
905,r001-0031-80021788,1,-924,3,15,4,13,0,117,"{""relativeReattackFactor"":3.999038,""relativeReattackMinDelta"":0.020772,""relativeFluxFactor"":3.239739,""spectralNoveltyRatio"":2.094892,""spectralNoveltyMinBins"":57,""cooldownFrames"":2,""confirmedRmsFactor"":1.256561,""confirmedRmsMinDelta"":0.008326,""confirmedFluxFactor"":1.360189,""confirmedMinFlux"":0.013141,""confirmedMinBandRatio"":0.017623,""confirmedSpectralNoveltyMinBins"":5,""cooldownOverrideFactor"":4.002525,""cooldownOverrideMinFlux"":0.028159,""cooldownOverrideMinBandRatio"":0.02625,""analyzeIntervalMs"":40}"
906,r001-0054-92f7e477,1,-934,3,12,13,10,2,130,"{""relativeReattackFactor"":3.067795,""relativeReattackMinDelta"":0.01567,""relativeFluxFactor"":2.678326,""spectralNoveltyRatio"":4.132364,""spectralNoveltyMinBins"":40,""cooldownFrames"":3,""confirmedRmsFactor"":1.595913,""confirmedRmsMinDelta"":0.005144,""confirmedFluxFactor"":1.49137,""confirmedMinFlux"":0.019005,""confirmedMinBandRatio"":0.027447,""confirmedSpectralNoveltyMinBins"":6,""cooldownOverrideFactor"":2.233238,""cooldownOverrideMinFlux"":0.01888,""cooldownOverrideMinBandRatio"":0.078403,""analyzeIntervalMs"":33}"
907,r001-0029-dda828b3,1,-961,3,14,13,12,1,128,"{""relativeReattackFactor"":3.002691,""relativeReattackMinDelta"":0.007035,""relativeFluxFactor"":4.428715,""spectralNoveltyRatio"":1.725258,""spectralNoveltyMinBins"":45,""cooldownFrames"":3,""confirmedRmsFactor"":1.568826,""confirmedRmsMinDelta"":0.011743,""confirmedFluxFactor"":2.292812,""confirmedMinFlux"":0.014531,""confirmedMinBandRatio"":0.020391,""confirmedSpectralNoveltyMinBins"":30,""cooldownOverrideFactor"":4.728861,""cooldownOverrideMinFlux"":0.008695,""cooldownOverrideMinBandRatio"":0.06248,""analyzeIntervalMs"":28}"
908,r001-0022-d32dd070,1,-987,2,15,12,13,0,127,"{""relativeReattackFactor"":3.157981,""relativeReattackMinDelta"":0.012676,""relativeFluxFactor"":2.342102,""spectralNoveltyRatio"":5.703651,""spectralNoveltyMinBins"":43,""cooldownFrames"":2,""confirmedRmsFactor"":1.340057,""confirmedRmsMinDelta"":0.002568,""confirmedFluxFactor"":1.966976,""confirmedMinFlux"":0.016584,""confirmedMinBandRatio"":0.030939,""confirmedSpectralNoveltyMinBins"":9,""cooldownOverrideFactor"":4.167898,""cooldownOverrideMinFlux"":0.016407,""cooldownOverrideMinBandRatio"":0.052286,""analyzeIntervalMs"":37}"
909,r001-0063-66571dcb,1,-991,1,13,19,11,0,138,"{""relativeReattackFactor"":2.782138,""relativeReattackMinDelta"":0.013615,""relativeFluxFactor"":4.311393,""spectralNoveltyRatio"":4.383899,""spectralNoveltyMinBins"":14,""cooldownFrames"":3,""confirmedRmsFactor"":2.069344,""confirmedRmsMinDelta"":0.002638,""confirmedFluxFactor"":1.646136,""confirmedMinFlux"":0.007814,""confirmedMinBandRatio"":0.045526,""confirmedSpectralNoveltyMinBins"":12,""cooldownOverrideFactor"":2.729883,""cooldownOverrideMinFlux"":0.019106,""cooldownOverrideMinBandRatio"":0.040187,""analyzeIntervalMs"":50}"
910,r001-0064-896b349d,1,-1009,0,8,31,6,4,157,"{""relativeReattackFactor"":2.512007,""relativeReattackMinDelta"":0.02093,""relativeFluxFactor"":3.151777,""spectralNoveltyRatio"":3.572189,""spectralNoveltyMinBins"":23,""cooldownFrames"":3,""confirmedRmsFactor"":1.676226,""confirmedRmsMinDelta"":0.005891,""confirmedFluxFactor"":1.53268,""confirmedMinFlux"":0.00761,""confirmedMinBandRatio"":0.008594,""confirmedSpectralNoveltyMinBins"":8,""cooldownOverrideFactor"":4.699383,""cooldownOverrideMinFlux"":0.014399,""cooldownOverrideMinBandRatio"":0.072715,""analyzeIntervalMs"":28}"
911,r001-0021-eb9f9461,1,-1010,2,10,25,8,4,149,"{""relativeReattackFactor"":1.834016,""relativeReattackMinDelta"":0.021582,""relativeFluxFactor"":2.882713,""spectralNoveltyRatio"":3.322021,""spectralNoveltyMinBins"":54,""cooldownFrames"":3,""confirmedRmsFactor"":1.508565,""confirmedRmsMinDelta"":0.002164,""confirmedFluxFactor"":1.4408,""confirmedMinFlux"":0.003374,""confirmedMinBandRatio"":0.023673,""confirmedSpectralNoveltyMinBins"":32,""cooldownOverrideFactor"":3.065444,""cooldownOverrideMinFlux"":0.007309,""cooldownOverrideMinBandRatio"":0.087259,""analyzeIntervalMs"":43}"
912,r001-0023-fe9ff8ec,1,-1011,1,10,24,8,3,146,"{""relativeReattackFactor"":2.329624,""relativeReattackMinDelta"":0.007567,""relativeFluxFactor"":3.363335,""spectralNoveltyRatio"":5.346097,""spectralNoveltyMinBins"":14,""cooldownFrames"":3,""confirmedRmsFactor"":1.775089,""confirmedRmsMinDelta"":0.002287,""confirmedFluxFactor"":1.495729,""confirmedMinFlux"":0.004141,""confirmedMinBandRatio"":0.016412,""confirmedSpectralNoveltyMinBins"":30,""cooldownOverrideFactor"":4.781619,""cooldownOverrideMinFlux"":0.012244,""cooldownOverrideMinBandRatio"":0.049311,""analyzeIntervalMs"":37}"
913,r001-0013-6a63c492,1,-1014,1,12,22,10,2,142,"{""relativeReattackFactor"":2.122456,""relativeReattackMinDelta"":0.008073,""relativeFluxFactor"":2.572739,""spectralNoveltyRatio"":4.468771,""spectralNoveltyMinBins"":61,""cooldownFrames"":3,""confirmedRmsFactor"":1.392812,""confirmedRmsMinDelta"":0.005392,""confirmedFluxFactor"":2.156519,""confirmedMinFlux"":0.011229,""confirmedMinBandRatio"":0.044164,""confirmedSpectralNoveltyMinBins"":9,""cooldownOverrideFactor"":3.119561,""cooldownOverrideMinFlux"":0.022479,""cooldownOverrideMinBandRatio"":0.039631,""analyzeIntervalMs"":38}"
914,r001-0002-98ba9e20,1,-1033,1,14,14,12,0,132,"{""relativeReattackFactor"":2.869564,""relativeReattackMinDelta"":0.023486,""relativeFluxFactor"":3.671531,""spectralNoveltyRatio"":1.88474,""spectralNoveltyMinBins"":18,""cooldownFrames"":2,""confirmedRmsFactor"":1.624627,""confirmedRmsMinDelta"":0.004904,""confirmedFluxFactor"":1.576559,""confirmedMinFlux"":0.015438,""confirmedMinBandRatio"":0.037973,""confirmedSpectralNoveltyMinBins"":8,""cooldownOverrideFactor"":2.191806,""cooldownOverrideMinFlux"":0.021525,""cooldownOverrideMinBandRatio"":0.032767,""analyzeIntervalMs"":44}"
915,r001-0017-ab28e52c,1,-1044,1,3,45,2,14,178,"{""relativeReattackFactor"":2.116814,""relativeReattackMinDelta"":0.011571,""relativeFluxFactor"":1.734768,""spectralNoveltyRatio"":1.98133,""spectralNoveltyMinBins"":7,""cooldownFrames"":3,""confirmedRmsFactor"":1.793526,""confirmedRmsMinDelta"":0.0063,""confirmedFluxFactor"":1.410175,""confirmedMinFlux"":0.00778,""confirmedMinBandRatio"":0.017753,""confirmedSpectralNoveltyMinBins"":21,""cooldownOverrideFactor"":2.298139,""cooldownOverrideMinFlux"":0.025222,""cooldownOverrideMinBandRatio"":0.065636,""analyzeIntervalMs"":38}"
916,r003-0052-ffdcd4af,3,-1085,2,2,37,1,11,169,"{""relativeReattackFactor"":2.557442,""relativeReattackMinDelta"":0.020667,""relativeFluxFactor"":1.428662,""spectralNoveltyRatio"":2.764688,""spectralNoveltyMinBins"":9,""cooldownFrames"":4,""confirmedRmsFactor"":1.503057,""confirmedRmsMinDelta"":0.003083,""confirmedFluxFactor"":1.565429,""confirmedMinFlux"":0.011804,""confirmedMinBandRatio"":0.028352,""confirmedSpectralNoveltyMinBins"":22,""cooldownOverrideFactor"":4.808464,""cooldownOverrideMinFlux"":0.006281,""cooldownOverrideMinBandRatio"":0.076332,""analyzeIntervalMs"":43}"
917,r001-0052-7023b648,1,-1124,2,16,8,14,0,121,"{""relativeReattackFactor"":2.565419,""relativeReattackMinDelta"":0.01244,""relativeFluxFactor"":4.349772,""spectralNoveltyRatio"":3.676486,""spectralNoveltyMinBins"":61,""cooldownFrames"":3,""confirmedRmsFactor"":2.058579,""confirmedRmsMinDelta"":0.003551,""confirmedFluxFactor"":2.326786,""confirmedMinFlux"":0.01123,""confirmedMinBandRatio"":0.012884,""confirmedSpectralNoveltyMinBins"":12,""cooldownOverrideFactor"":4.190979,""cooldownOverrideMinFlux"":0.028141,""cooldownOverrideMinBandRatio"":0.045226,""analyzeIntervalMs"":46}"
918,r001-0059-711ba698,1,-1132,1,16,15,14,0,131,"{""relativeReattackFactor"":2.114674,""relativeReattackMinDelta"":0.020752,""relativeFluxFactor"":4.157785,""spectralNoveltyRatio"":4.081748,""spectralNoveltyMinBins"":58,""cooldownFrames"":3,""confirmedRmsFactor"":1.712334,""confirmedRmsMinDelta"":0.004747,""confirmedFluxFactor"":1.963345,""confirmedMinFlux"":0.00401,""confirmedMinBandRatio"":0.041964,""confirmedSpectralNoveltyMinBins"":31,""cooldownOverrideFactor"":2.564632,""cooldownOverrideMinFlux"":0.022185,""cooldownOverrideMinBandRatio"":0.084258,""analyzeIntervalMs"":44}"
919,r001-0066-d3314bae,1,-1138,1,14,16,12,1,132,"{""relativeReattackFactor"":3.36556,""relativeReattackMinDelta"":0.012522,""relativeFluxFactor"":3.993967,""spectralNoveltyRatio"":1.611147,""spectralNoveltyMinBins"":17,""cooldownFrames"":3,""confirmedRmsFactor"":2.084823,""confirmedRmsMinDelta"":0.005916,""confirmedFluxFactor"":1.01467,""confirmedMinFlux"":0.012386,""confirmedMinBandRatio"":0.01046,""confirmedSpectralNoveltyMinBins"":4,""cooldownOverrideFactor"":2.162452,""cooldownOverrideMinFlux"":0.020429,""cooldownOverrideMinBandRatio"":0.037919,""analyzeIntervalMs"":48}"
920,r001-0040-1e4262ec,1,-1158,0,16,10,13,0,123,"{""relativeReattackFactor"":3.172368,""relativeReattackMinDelta"":0.010419,""relativeFluxFactor"":3.86475,""spectralNoveltyRatio"":3.87021,""spectralNoveltyMinBins"":45,""cooldownFrames"":2,""confirmedRmsFactor"":1.897275,""confirmedRmsMinDelta"":0.004057,""confirmedFluxFactor"":1.003831,""confirmedMinFlux"":0.004008,""confirmedMinBandRatio"":0.019071,""confirmedSpectralNoveltyMinBins"":22,""cooldownOverrideFactor"":2.040916,""cooldownOverrideMinFlux"":0.004633,""cooldownOverrideMinBandRatio"":0.071782,""analyzeIntervalMs"":46}"
921,r001-0072-48d6ffa7,1,-1171,3,19,5,16,0,112,"{""relativeReattackFactor"":3.529683,""relativeReattackMinDelta"":0.019505,""relativeFluxFactor"":3.737696,""spectralNoveltyRatio"":5.657689,""spectralNoveltyMinBins"":60,""cooldownFrames"":3,""confirmedRmsFactor"":2.198479,""confirmedRmsMinDelta"":0.007479,""confirmedFluxFactor"":2.224165,""confirmedMinFlux"":0.019579,""confirmedMinBandRatio"":0.027612,""confirmedSpectralNoveltyMinBins"":26,""cooldownOverrideFactor"":2.486866,""cooldownOverrideMinFlux"":0.013549,""cooldownOverrideMinBandRatio"":0.072719,""analyzeIntervalMs"":47}"
922,r001-0042-6e63e96e,1,-1186,1,13,29,11,3,146,"{""relativeReattackFactor"":1.805482,""relativeReattackMinDelta"":0.020735,""relativeFluxFactor"":4.234524,""spectralNoveltyRatio"":5.402074,""spectralNoveltyMinBins"":51,""cooldownFrames"":3,""confirmedRmsFactor"":1.809315,""confirmedRmsMinDelta"":0.009221,""confirmedFluxFactor"":2.275337,""confirmedMinFlux"":0.017538,""confirmedMinBandRatio"":0.046457,""confirmedSpectralNoveltyMinBins"":17,""cooldownOverrideFactor"":3.420227,""cooldownOverrideMinFlux"":0.022389,""cooldownOverrideMinBandRatio"":0.041251,""analyzeIntervalMs"":47}"
923,r001-0015-7959969d,1,-1200,3,19,10,16,1,119,"{""relativeReattackFactor"":3.22755,""relativeReattackMinDelta"":0.004997,""relativeFluxFactor"":3.557926,""spectralNoveltyRatio"":4.426061,""spectralNoveltyMinBins"":58,""cooldownFrames"":3,""confirmedRmsFactor"":1.533258,""confirmedRmsMinDelta"":0.011435,""confirmedFluxFactor"":1.306361,""confirmedMinFlux"":0.015653,""confirmedMinBandRatio"":0.034486,""confirmedSpectralNoveltyMinBins"":14,""cooldownOverrideFactor"":3.371038,""cooldownOverrideMinFlux"":0.025375,""cooldownOverrideMinBandRatio"":0.023502,""analyzeIntervalMs"":28}"
924,r001-0067-c9497be6,1,-1206,1,16,14,13,2,125,"{""relativeReattackFactor"":3.407645,""relativeReattackMinDelta"":0.006969,""relativeFluxFactor"":3.163118,""spectralNoveltyRatio"":5.975986,""spectralNoveltyMinBins"":47,""cooldownFrames"":3,""confirmedRmsFactor"":2.177988,""confirmedRmsMinDelta"":0.011287,""confirmedFluxFactor"":1.697423,""confirmedMinFlux"":0.013876,""confirmedMinBandRatio"":0.018548,""confirmedSpectralNoveltyMinBins"":17,""cooldownOverrideFactor"":3.80195,""cooldownOverrideMinFlux"":0.005395,""cooldownOverrideMinBandRatio"":0.046723,""analyzeIntervalMs"":32}"
925,r002-0045-f20db01a,2,-1225,2,6,33,5,7,163,"{""relativeReattackFactor"":3.027001,""relativeReattackMinDelta"":0.005808,""relativeFluxFactor"":2.035207,""spectralNoveltyRatio"":3.049874,""spectralNoveltyMinBins"":13,""cooldownFrames"":4,""confirmedRmsFactor"":1.9116,""confirmedRmsMinDelta"":0.002897,""confirmedFluxFactor"":1.56321,""confirmedMinFlux"":0.005756,""confirmedMinBandRatio"":0.041664,""confirmedSpectralNoveltyMinBins"":13,""cooldownOverrideFactor"":4.527318,""cooldownOverrideMinFlux"":0.010283,""cooldownOverrideMinBandRatio"":0.053982,""analyzeIntervalMs"":34}"
926,r001-0024-9904fa29,1,-1227,1,15,23,13,1,141,"{""relativeReattackFactor"":2.01776,""relativeReattackMinDelta"":0.007949,""relativeFluxFactor"":2.632452,""spectralNoveltyRatio"":2.906836,""spectralNoveltyMinBins"":47,""cooldownFrames"":2,""confirmedRmsFactor"":1.767621,""confirmedRmsMinDelta"":0.005418,""confirmedFluxFactor"":1.847172,""confirmedMinFlux"":0.010586,""confirmedMinBandRatio"":0.043984,""confirmedSpectralNoveltyMinBins"":2,""cooldownOverrideFactor"":3.56812,""cooldownOverrideMinFlux"":0.021303,""cooldownOverrideMinBandRatio"":0.026219,""analyzeIntervalMs"":48}"
927,r001-0039-f9105dc7,1,-1256,2,16,15,14,1,127,"{""relativeReattackFactor"":2.923536,""relativeReattackMinDelta"":0.015502,""relativeFluxFactor"":4.903913,""spectralNoveltyRatio"":5.815047,""spectralNoveltyMinBins"":46,""cooldownFrames"":2,""confirmedRmsFactor"":1.842127,""confirmedRmsMinDelta"":0.002285,""confirmedFluxFactor"":1.255095,""confirmedMinFlux"":0.004321,""confirmedMinBandRatio"":0.014671,""confirmedSpectralNoveltyMinBins"":12,""cooldownOverrideFactor"":2.942238,""cooldownOverrideMinFlux"":0.016791,""cooldownOverrideMinBandRatio"":0.062702,""analyzeIntervalMs"":30}"
928,r001-0047-792baf97,1,-1260,2,20,3,17,0,112,"{""relativeReattackFactor"":3.545326,""relativeReattackMinDelta"":0.016982,""relativeFluxFactor"":3.370032,""spectralNoveltyRatio"":3.897049,""spectralNoveltyMinBins"":59,""cooldownFrames"":2,""confirmedRmsFactor"":2.062624,""confirmedRmsMinDelta"":0.003245,""confirmedFluxFactor"":2.354056,""confirmedMinFlux"":0.016595,""confirmedMinBandRatio"":0.048651,""confirmedSpectralNoveltyMinBins"":32,""cooldownOverrideFactor"":4.582063,""cooldownOverrideMinFlux"":0.008292,""cooldownOverrideMinBandRatio"":0.048042,""analyzeIntervalMs"":44}"
929,r001-0018-5ad9d133,1,-1276,1,7,40,5,10,167,"{""relativeReattackFactor"":1.513274,""relativeReattackMinDelta"":0.013237,""relativeFluxFactor"":3.599087,""spectralNoveltyRatio"":5.541464,""spectralNoveltyMinBins"":24,""cooldownFrames"":4,""confirmedRmsFactor"":1.618352,""confirmedRmsMinDelta"":0.006819,""confirmedFluxFactor"":1.209981,""confirmedMinFlux"":0.011555,""confirmedMinBandRatio"":0.043601,""confirmedSpectralNoveltyMinBins"":16,""cooldownOverrideFactor"":2.581679,""cooldownOverrideMinFlux"":0.019371,""cooldownOverrideMinBandRatio"":0.05435,""analyzeIntervalMs"":46}"
930,r001-0043-a7fc7d96,1,-1294,2,18,12,16,0,122,"{""relativeReattackFactor"":3.135332,""relativeReattackMinDelta"":0.008729,""relativeFluxFactor"":3.928553,""spectralNoveltyRatio"":5.743149,""spectralNoveltyMinBins"":53,""cooldownFrames"":3,""confirmedRmsFactor"":1.666625,""confirmedRmsMinDelta"":0.007354,""confirmedFluxFactor"":2.060183,""confirmedMinFlux"":0.011052,""confirmedMinBandRatio"":0.029277,""confirmedSpectralNoveltyMinBins"":28,""cooldownOverrideFactor"":3.391898,""cooldownOverrideMinFlux"":0.021985,""cooldownOverrideMinBandRatio"":0.020953,""analyzeIntervalMs"":30}"
931,r001-0048-53f4c2fa,1,-1322,1,9,35,7,8,158,"{""relativeReattackFactor"":2.158118,""relativeReattackMinDelta"":0.020411,""relativeFluxFactor"":3.393965,""spectralNoveltyRatio"":2.759489,""spectralNoveltyMinBins"":26,""cooldownFrames"":3,""confirmedRmsFactor"":1.581013,""confirmedRmsMinDelta"":0.00736,""confirmedFluxFactor"":1.994051,""confirmedMinFlux"":0.018485,""confirmedMinBandRatio"":0.033166,""confirmedSpectralNoveltyMinBins"":32,""cooldownOverrideFactor"":4.204823,""cooldownOverrideMinFlux"":0.014938,""cooldownOverrideMinBandRatio"":0.046715,""analyzeIntervalMs"":33}"
932,r001-0035-39d718f4,1,-1323,3,21,4,18,0,112,"{""relativeReattackFactor"":2.77073,""relativeReattackMinDelta"":0.015136,""relativeFluxFactor"":4.756402,""spectralNoveltyRatio"":5.257724,""spectralNoveltyMinBins"":60,""cooldownFrames"":3,""confirmedRmsFactor"":1.190369,""confirmedRmsMinDelta"":0.010404,""confirmedFluxFactor"":1.419377,""confirmedMinFlux"":0.016383,""confirmedMinBandRatio"":0.009997,""confirmedSpectralNoveltyMinBins"":31,""cooldownOverrideFactor"":3.168402,""cooldownOverrideMinFlux"":0.026288,""cooldownOverrideMinBandRatio"":0.021229,""analyzeIntervalMs"":48}"
933,r002-0019-1db190bb,2,-1345,1,12,32,10,6,150,"{""relativeReattackFactor"":3.25519,""relativeReattackMinDelta"":0.011815,""relativeFluxFactor"":2.509218,""spectralNoveltyRatio"":5.745973,""spectralNoveltyMinBins"":16,""cooldownFrames"":4,""confirmedRmsFactor"":1.385851,""confirmedRmsMinDelta"":0.01126,""confirmedFluxFactor"":1.922798,""confirmedMinFlux"":0.00742,""confirmedMinBandRatio"":0.039083,""confirmedSpectralNoveltyMinBins"":8,""cooldownOverrideFactor"":2.880424,""cooldownOverrideMinFlux"":0.016631,""cooldownOverrideMinBandRatio"":0.042461,""analyzeIntervalMs"":25}"
934,r001-0041-ced962e1,1,-1393,2,16,22,14,3,140,"{""relativeReattackFactor"":2.124341,""relativeReattackMinDelta"":0.013031,""relativeFluxFactor"":3.663272,""spectralNoveltyRatio"":3.102974,""spectralNoveltyMinBins"":60,""cooldownFrames"":2,""confirmedRmsFactor"":1.197457,""confirmedRmsMinDelta"":0.008464,""confirmedFluxFactor"":1.576481,""confirmedMinFlux"":0.015738,""confirmedMinBandRatio"":0.047162,""confirmedSpectralNoveltyMinBins"":14,""cooldownOverrideFactor"":4.609227,""cooldownOverrideMinFlux"":0.019715,""cooldownOverrideMinBandRatio"":0.074104,""analyzeIntervalMs"":43}"
935,r001-0006-7562f8de,1,-1397,1,14,25,12,4,140,"{""relativeReattackFactor"":2.215532,""relativeReattackMinDelta"":0.01231,""relativeFluxFactor"":4.199114,""spectralNoveltyRatio"":5.259039,""spectralNoveltyMinBins"":62,""cooldownFrames"":3,""confirmedRmsFactor"":1.761712,""confirmedRmsMinDelta"":0.006853,""confirmedFluxFactor"":1.484282,""confirmedMinFlux"":0.003256,""confirmedMinBandRatio"":0.022558,""confirmedSpectralNoveltyMinBins"":21,""cooldownOverrideFactor"":4.681337,""cooldownOverrideMinFlux"":0.012801,""cooldownOverrideMinBandRatio"":0.063005,""analyzeIntervalMs"":30}"
936,r001-0065-4b4256aa,1,-1397,1,14,25,12,4,141,"{""relativeReattackFactor"":2.220534,""relativeReattackMinDelta"":0.024156,""relativeFluxFactor"":2.182903,""spectralNoveltyRatio"":5.894475,""spectralNoveltyMinBins"":57,""cooldownFrames"":3,""confirmedRmsFactor"":1.166318,""confirmedRmsMinDelta"":0.007201,""confirmedFluxFactor"":1.491791,""confirmedMinFlux"":0.009796,""confirmedMinBandRatio"":0.045364,""confirmedSpectralNoveltyMinBins"":18,""cooldownOverrideFactor"":4.724974,""cooldownOverrideMinFlux"":0.008877,""cooldownOverrideMinBandRatio"":0.030472,""analyzeIntervalMs"":30}"
937,r001-0026-8a0575f3,1,-1418,1,13,32,11,5,150,"{""relativeReattackFactor"":1.705372,""relativeReattackMinDelta"":0.017638,""relativeFluxFactor"":4.842997,""spectralNoveltyRatio"":1.868635,""spectralNoveltyMinBins"":41,""cooldownFrames"":3,""confirmedRmsFactor"":1.927598,""confirmedRmsMinDelta"":0.00999,""confirmedFluxFactor"":1.420821,""confirmedMinFlux"":0.0076,""confirmedMinBandRatio"":0.039618,""confirmedSpectralNoveltyMinBins"":26,""cooldownOverrideFactor"":3.154007,""cooldownOverrideMinFlux"":0.02894,""cooldownOverrideMinBandRatio"":0.064826,""analyzeIntervalMs"":48}"
938,r002-0079-f05f595e,2,-1429,1,8,32,6,8,157,"{""relativeReattackFactor"":3.914678,""relativeReattackMinDelta"":0.011498,""relativeFluxFactor"":2.96843,""spectralNoveltyRatio"":5.763172,""spectralNoveltyMinBins"":7,""cooldownFrames"":4,""confirmedRmsFactor"":1.648077,""confirmedRmsMinDelta"":0.009558,""confirmedFluxFactor"":1.792714,""confirmedMinFlux"":0.006987,""confirmedMinBandRatio"":0.05,""confirmedSpectralNoveltyMinBins"":2,""cooldownOverrideFactor"":3.718191,""cooldownOverrideMinFlux"":0.019707,""cooldownOverrideMinBandRatio"":0.031425,""analyzeIntervalMs"":26}"
939,r001-0073-e1ba638c,1,-1473,0,8,39,6,9,165,"{""relativeReattackFactor"":1.501899,""relativeReattackMinDelta"":0.009533,""relativeFluxFactor"":1.704245,""spectralNoveltyRatio"":4.626853,""spectralNoveltyMinBins"":45,""cooldownFrames"":3,""confirmedRmsFactor"":1.746111,""confirmedRmsMinDelta"":0.004343,""confirmedFluxFactor"":1.039651,""confirmedMinFlux"":0.0042,""confirmedMinBandRatio"":0.015856,""confirmedSpectralNoveltyMinBins"":22,""cooldownOverrideFactor"":2.490031,""cooldownOverrideMinFlux"":0.022343,""cooldownOverrideMinBandRatio"":0.062516,""analyzeIntervalMs"":48}"
940,r001-0034-8b3dc698,1,-1538,2,13,25,11,7,143,"{""relativeReattackFactor"":2.52292,""relativeReattackMinDelta"":0.01383,""relativeFluxFactor"":4.495208,""spectralNoveltyRatio"":2.184604,""spectralNoveltyMinBins"":56,""cooldownFrames"":2,""confirmedRmsFactor"":1.337411,""confirmedRmsMinDelta"":0.006956,""confirmedFluxFactor"":1.811173,""confirmedMinFlux"":0.005972,""confirmedMinBandRatio"":0.048419,""confirmedSpectralNoveltyMinBins"":16,""cooldownOverrideFactor"":4.439618,""cooldownOverrideMinFlux"":0.006473,""cooldownOverrideMinBandRatio"":0.084917,""analyzeIntervalMs"":27}"
941,r001-0058-4f1faf7b,1,-1626,1,7,44,6,12,171,"{""relativeReattackFactor"":2.157119,""relativeReattackMinDelta"":0.011622,""relativeFluxFactor"":4.534654,""spectralNoveltyRatio"":2.291481,""spectralNoveltyMinBins"":18,""cooldownFrames"":2,""confirmedRmsFactor"":1.534552,""confirmedRmsMinDelta"":0.008948,""confirmedFluxFactor"":2.304406,""confirmedMinFlux"":0.003534,""confirmedMinBandRatio"":0.008743,""confirmedSpectralNoveltyMinBins"":18,""cooldownOverrideFactor"":2.573997,""cooldownOverrideMinFlux"":0.017829,""cooldownOverrideMinBandRatio"":0.069744,""analyzeIntervalMs"":28}"
942,r001-0068-3732fbcb,1,-1649,1,10,40,8,10,163,"{""relativeReattackFactor"":1.877872,""relativeReattackMinDelta"":0.017095,""relativeFluxFactor"":2.138842,""spectralNoveltyRatio"":5.955091,""spectralNoveltyMinBins"":60,""cooldownFrames"":3,""confirmedRmsFactor"":1.720658,""confirmedRmsMinDelta"":0.004446,""confirmedFluxFactor"":1.448031,""confirmedMinFlux"":0.006145,""confirmedMinBandRatio"":0.034398,""confirmedSpectralNoveltyMinBins"":22,""cooldownOverrideFactor"":3.651749,""cooldownOverrideMinFlux"":0.007596,""cooldownOverrideMinBandRatio"":0.059084,""analyzeIntervalMs"":34}"
943,r002-0074-b789533e,2,-1652,2,5,41,4,15,171,"{""relativeReattackFactor"":3.413481,""relativeReattackMinDelta"":0.009398,""relativeFluxFactor"":2.642434,""spectralNoveltyRatio"":5.005454,""spectralNoveltyMinBins"":6,""cooldownFrames"":4,""confirmedRmsFactor"":1.548387,""confirmedRmsMinDelta"":0.008824,""confirmedFluxFactor"":1.987449,""confirmedMinFlux"":0.007005,""confirmedMinBandRatio"":0.046066,""confirmedSpectralNoveltyMinBins"":7,""cooldownOverrideFactor"":2.718555,""cooldownOverrideMinFlux"":0.02002,""cooldownOverrideMinBandRatio"":0.022494,""analyzeIntervalMs"":26}"
944,r001-0012-ce5b4aa2,1,-1685,1,9,41,7,13,166,"{""relativeReattackFactor"":2.200504,""relativeReattackMinDelta"":0.004372,""relativeFluxFactor"":3.13612,""spectralNoveltyRatio"":1.778273,""spectralNoveltyMinBins"":43,""cooldownFrames"":3,""confirmedRmsFactor"":2.187465,""confirmedRmsMinDelta"":0.005685,""confirmedFluxFactor"":1.77282,""confirmedMinFlux"":0.003392,""confirmedMinBandRatio"":0.044691,""confirmedSpectralNoveltyMinBins"":8,""cooldownOverrideFactor"":3.232879,""cooldownOverrideMinFlux"":0.013376,""cooldownOverrideMinBandRatio"":0.067321,""analyzeIntervalMs"":26}"
945,r001-0069-c1c4c492,1,-1723,0,7,50,5,18,177,"{""relativeReattackFactor"":1.454702,""relativeReattackMinDelta"":0.005838,""relativeFluxFactor"":3.979301,""spectralNoveltyRatio"":4.774854,""spectralNoveltyMinBins"":49,""cooldownFrames"":2,""confirmedRmsFactor"":1.376395,""confirmedRmsMinDelta"":0.008623,""confirmedFluxFactor"":1.68977,""confirmedMinFlux"":0.019941,""confirmedMinBandRatio"":0.024138,""confirmedSpectralNoveltyMinBins"":27,""cooldownOverrideFactor"":3.067856,""cooldownOverrideMinFlux"":0.018777,""cooldownOverrideMinBandRatio"":0.023959,""analyzeIntervalMs"":44}"
946,r001-0027-31878abe,1,-1814,0,9,42,7,16,167,"{""relativeReattackFactor"":1.504444,""relativeReattackMinDelta"":0.024643,""relativeFluxFactor"":3.522397,""spectralNoveltyRatio"":1.557903,""spectralNoveltyMinBins"":32,""cooldownFrames"":4,""confirmedRmsFactor"":2.058564,""confirmedRmsMinDelta"":0.011237,""confirmedFluxFactor"":2.16154,""confirmedMinFlux"":0.015592,""confirmedMinBandRatio"":0.01166,""confirmedSpectralNoveltyMinBins"":29,""cooldownOverrideFactor"":3.904162,""cooldownOverrideMinFlux"":0.00766,""cooldownOverrideMinBandRatio"":0.034197,""analyzeIntervalMs"":43}"
947,r002-0004-bafa6890,2,-1900,2,4,45,3,18,174,"{""relativeReattackFactor"":3.739895,""relativeReattackMinDelta"":0.010224,""relativeFluxFactor"":2.407004,""spectralNoveltyRatio"":5.690808,""spectralNoveltyMinBins"":6,""cooldownFrames"":4,""confirmedRmsFactor"":1.653198,""confirmedRmsMinDelta"":0.010839,""confirmedFluxFactor"":1.968194,""confirmedMinFlux"":0.010679,""confirmedMinBandRatio"":0.044279,""confirmedSpectralNoveltyMinBins"":2,""cooldownOverrideFactor"":2.733532,""cooldownOverrideMinFlux"":0.018718,""cooldownOverrideMinBandRatio"":0.044819,""analyzeIntervalMs"":25}"
948,r001-0061-b73385d9,1,-1992,1,10,42,8,12,165,"{""relativeReattackFactor"":1.435876,""relativeReattackMinDelta"":0.017956,""relativeFluxFactor"":4.018489,""spectralNoveltyRatio"":4.110789,""spectralNoveltyMinBins"":9,""cooldownFrames"":4,""confirmedRmsFactor"":1.541829,""confirmedRmsMinDelta"":0.00223,""confirmedFluxFactor"":1.262728,""confirmedMinFlux"":0.00372,""confirmedMinBandRatio"":0.015782,""confirmedSpectralNoveltyMinBins"":10,""cooldownOverrideFactor"":2.300653,""cooldownOverrideMinFlux"":0.015923,""cooldownOverrideMinBandRatio"":0.070073,""analyzeIntervalMs"":50}"
949,r002-0069-bc5bc1d7,2,-2037,1,6,45,4,18,171,"{""relativeReattackFactor"":4,""relativeReattackMinDelta"":0.011074,""relativeFluxFactor"":2.711747,""spectralNoveltyRatio"":5.754565,""spectralNoveltyMinBins"":6,""cooldownFrames"":4,""confirmedRmsFactor"":1.675815,""confirmedRmsMinDelta"":0.009806,""confirmedFluxFactor"":1.803852,""confirmedMinFlux"":0.010923,""confirmedMinBandRatio"":0.05,""confirmedSpectralNoveltyMinBins"":2,""cooldownOverrideFactor"":3.231415,""cooldownOverrideMinFlux"":0.018126,""cooldownOverrideMinBandRatio"":0.025695,""analyzeIntervalMs"":25}"
950,r002-0009-93430fc8,2,-2041,2,3,49,2,22,180,"{""relativeReattackFactor"":3.813503,""relativeReattackMinDelta"":0.010446,""relativeFluxFactor"":1.961837,""spectralNoveltyRatio"":4.728708,""spectralNoveltyMinBins"":6,""cooldownFrames"":4,""confirmedRmsFactor"":1.374467,""confirmedRmsMinDelta"":0.010127,""confirmedFluxFactor"":1.67425,""confirmedMinFlux"":0.011344,""confirmedMinBandRatio"":0.040657,""confirmedSpectralNoveltyMinBins"":2,""cooldownOverrideFactor"":3.444639,""cooldownOverrideMinFlux"":0.02356,""cooldownOverrideMinBandRatio"":0.029137,""analyzeIntervalMs"":25}"
951,r001-0074-a0a7d3f1,1,-2054,2,5,51,4,21,182,"{""relativeReattackFactor"":1.682541,""relativeReattackMinDelta"":0.009986,""relativeFluxFactor"":2.768574,""spectralNoveltyRatio"":5.332702,""spectralNoveltyMinBins"":20,""cooldownFrames"":3,""confirmedRmsFactor"":1.449091,""confirmedRmsMinDelta"":0.005173,""confirmedFluxFactor"":1.888611,""confirmedMinFlux"":0.005531,""confirmedMinBandRatio"":0.024086,""confirmedSpectralNoveltyMinBins"":8,""cooldownOverrideFactor"":4.931911,""cooldownOverrideMinFlux"":0.006165,""cooldownOverrideMinBandRatio"":0.065953,""analyzeIntervalMs"":36}"
952,r002-0029-d73ed924,2,-2071,2,5,46,4,19,174,"{""relativeReattackFactor"":4,""relativeReattackMinDelta"":0.011106,""relativeFluxFactor"":2.438614,""spectralNoveltyRatio"":5.600443,""spectralNoveltyMinBins"":6,""cooldownFrames"":4,""confirmedRmsFactor"":1.384557,""confirmedRmsMinDelta"":0.011544,""confirmedFluxFactor"":1.743585,""confirmedMinFlux"":0.011222,""confirmedMinBandRatio"":0.048564,""confirmedSpectralNoveltyMinBins"":4,""cooldownOverrideFactor"":3.00205,""cooldownOverrideMinFlux"":0.016578,""cooldownOverrideMinBandRatio"":0.030015,""analyzeIntervalMs"":25}"
953,r002-0034-27d93f2b,2,-2093,2,3,49,2,22,180,"{""relativeReattackFactor"":3.553455,""relativeReattackMinDelta"":0.007491,""relativeFluxFactor"":2.337719,""spectralNoveltyRatio"":4.963484,""spectralNoveltyMinBins"":6,""cooldownFrames"":4,""confirmedRmsFactor"":1.513948,""confirmedRmsMinDelta"":0.010112,""confirmedFluxFactor"":1.688031,""confirmedMinFlux"":0.010838,""confirmedMinBandRatio"":0.04148,""confirmedSpectralNoveltyMinBins"":6,""cooldownOverrideFactor"":3.44417,""cooldownOverrideMinFlux"":0.019789,""cooldownOverrideMinBandRatio"":0.036348,""analyzeIntervalMs"":25}"
954,r001-0020-e083c276,1,-2240,3,0,57,0,27,194,"{""relativeReattackFactor"":1.998556,""relativeReattackMinDelta"":0.020837,""relativeFluxFactor"":1.543978,""spectralNoveltyRatio"":3.459473,""spectralNoveltyMinBins"":9,""cooldownFrames"":3,""confirmedRmsFactor"":1.651327,""confirmedRmsMinDelta"":0.005569,""confirmedFluxFactor"":2.189415,""confirmedMinFlux"":0.018291,""confirmedMinBandRatio"":0.039785,""confirmedSpectralNoveltyMinBins"":28,""cooldownOverrideFactor"":3.373694,""cooldownOverrideMinFlux"":0.013678,""cooldownOverrideMinBandRatio"":0.057014,""analyzeIntervalMs"":30}"
955,r001-0028-01c12361,1,-2465,1,2,64,1,30,198,"{""relativeReattackFactor"":1.457248,""relativeReattackMinDelta"":0.008935,""relativeFluxFactor"":1.553131,""spectralNoveltyRatio"":4.219719,""spectralNoveltyMinBins"":29,""cooldownFrames"":2,""confirmedRmsFactor"":2.031078,""confirmedRmsMinDelta"":0.002155,""confirmedFluxFactor"":1.369211,""confirmedMinFlux"":0.003585,""confirmedMinBandRatio"":0.041093,""confirmedSpectralNoveltyMinBins"":5,""cooldownOverrideFactor"":3.621451,""cooldownOverrideMinFlux"":0.008627,""cooldownOverrideMinBandRatio"":0.034919,""analyzeIntervalMs"":45}"
956,r001-0036-37284ac6,1,-2497,1,14,41,12,15,158,"{""relativeReattackFactor"":2.197302,""relativeReattackMinDelta"":0.008767,""relativeFluxFactor"":2.923881,""spectralNoveltyRatio"":5.436815,""spectralNoveltyMinBins"":61,""cooldownFrames"":2,""confirmedRmsFactor"":1.276961,""confirmedRmsMinDelta"":0.006478,""confirmedFluxFactor"":1.996923,""confirmedMinFlux"":0.006663,""confirmedMinBandRatio"":0.018133,""confirmedSpectralNoveltyMinBins"":10,""cooldownOverrideFactor"":1.807321,""cooldownOverrideMinFlux"":0.021299,""cooldownOverrideMinBandRatio"":0.043029,""analyzeIntervalMs"":25}"
957,r001-0045-059b5a93,1,-2883,1,6,61,5,30,189,"{""relativeReattackFactor"":1.434595,""relativeReattackMinDelta"":0.011689,""relativeFluxFactor"":4.477858,""spectralNoveltyRatio"":1.701394,""spectralNoveltyMinBins"":37,""cooldownFrames"":3,""confirmedRmsFactor"":1.718673,""confirmedRmsMinDelta"":0.003826,""confirmedFluxFactor"":1.738979,""confirmedMinFlux"":0.019154,""confirmedMinBandRatio"":0.015365,""confirmedSpectralNoveltyMinBins"":20,""cooldownOverrideFactor"":2.521623,""cooldownOverrideMinFlux"":0.007274,""cooldownOverrideMinBandRatio"":0.087167,""analyzeIntervalMs"":37}"
958,r001-0080-f819f7a7,1,-2951,0,9,61,7,28,186,"{""relativeReattackFactor"":1.725277,""relativeReattackMinDelta"":0.023135,""relativeFluxFactor"":4.228117,""spectralNoveltyRatio"":4.676481,""spectralNoveltyMinBins"":48,""cooldownFrames"":2,""confirmedRmsFactor"":1.817414,""confirmedRmsMinDelta"":0.002102,""confirmedFluxFactor"":1.1114,""confirmedMinFlux"":0.0106,""confirmedMinBandRatio"":0.041198,""confirmedSpectralNoveltyMinBins"":31,""cooldownOverrideFactor"":4.204851,""cooldownOverrideMinFlux"":0.005544,""cooldownOverrideMinBandRatio"":0.031534,""analyzeIntervalMs"":26}"
959,r001-0007-66224159,1,-2954,1,7,59,6,26,187,"{""relativeReattackFactor"":1.874013,""relativeReattackMinDelta"":0.014316,""relativeFluxFactor"":4.350865,""spectralNoveltyRatio"":5.63612,""spectralNoveltyMinBins"":9,""cooldownFrames"":2,""confirmedRmsFactor"":1.66,""confirmedRmsMinDelta"":0.008615,""confirmedFluxFactor"":1.76482,""confirmedMinFlux"":0.014648,""confirmedMinBandRatio"":0.022211,""confirmedSpectralNoveltyMinBins"":23,""cooldownOverrideFactor"":3.285184,""cooldownOverrideMinFlux"":0.014657,""cooldownOverrideMinBandRatio"":0.067331,""analyzeIntervalMs"":28}"
960,r001-0062-60021a9b,1,-5152,1,0,106,0,69,247,"{""relativeReattackFactor"":1.433072,""relativeReattackMinDelta"":0.007586,""relativeFluxFactor"":1.89454,""spectralNoveltyRatio"":2.16292,""spectralNoveltyMinBins"":8,""cooldownFrames"":2,""confirmedRmsFactor"":1.164898,""confirmedRmsMinDelta"":0.011896,""confirmedFluxFactor"":1.565149,""confirmedMinFlux"":0.013574,""confirmedMinBandRatio"":0.020929,""confirmedSpectralNoveltyMinBins"":5,""cooldownOverrideFactor"":2.933033,""cooldownOverrideMinFlux"":0.011911,""cooldownOverrideMinBandRatio"":0.025886,""analyzeIntervalMs"":32}"
