rank,id,round,score,exact,under,over,extremeUnder,extremeOver,totalOnsets,parameters
1,r003-0043-dca11af9,3,52,3,0,21,0,0,155,"{""relativeReattackFactor"":3.01079,""relativeReattackMinDelta"":0.004,""relativeFluxFactor"":1.4,""spectralNoveltyRatio"":3.562818,""spectralNoveltyMinBins"":17,""cooldownFrames"":3,""confirmedRmsFactor"":1.737904,""confirmedRmsMinDelta"":0.009357,""confirmedFluxFactor"":2.099025,""confirmedMinFlux"":0.004311,""confirmedMinBandRatio"":0.017226,""confirmedSpectralNoveltyMinBins"":7,""cooldownOverrideFactor"":1.8,""cooldownOverrideMinFlux"":0.024848,""cooldownOverrideMinBandRatio"":0.09,""analyzeIntervalMs"":40}"
2,r002-0026-879c8e1d,2,51,3,4,2,1,0,127,"{""relativeReattackFactor"":3.851152,""relativeReattackMinDelta"":0.01447,""relativeFluxFactor"":1.4,""spectralNoveltyRatio"":2.678612,""spectralNoveltyMinBins"":40,""cooldownFrames"":4,""confirmedRmsFactor"":1.15,""confirmedRmsMinDelta"":0.002029,""confirmedFluxFactor"":1.344437,""confirmedMinFlux"":0.018143,""confirmedMinBandRatio"":0.042638,""confirmedSpectralNoveltyMinBins"":24,""cooldownOverrideFactor"":4.108141,""cooldownOverrideMinFlux"":0.013141,""cooldownOverrideMinBandRatio"":0.075482,""analyzeIntervalMs"":46}"
3,r003-0078-f8600f6a,3,40,3,0,25,0,0,160,"{""relativeReattackFactor"":2.677255,""relativeReattackMinDelta"":0.00402,""relativeFluxFactor"":1.4,""spectralNoveltyRatio"":4.674153,""spectralNoveltyMinBins"":12,""cooldownFrames"":3,""confirmedRmsFactor"":1.852764,""confirmedRmsMinDelta"":0.006801,""confirmedFluxFactor"":1.753568,""confirmedMinFlux"":0.005586,""confirmedMinBandRatio"":0.008033,""confirmedSpectralNoveltyMinBins"":5,""cooldownOverrideFactor"":1.898277,""cooldownOverrideMinFlux"":0.021147,""cooldownOverrideMinBandRatio"":0.081139,""analyzeIntervalMs"":40}"
4,r003-0055-7fe77ed1,3,39,3,1,13,0,1,146,"{""relativeReattackFactor"":2.728687,""relativeReattackMinDelta"":0.014229,""relativeFluxFactor"":1.4,""spectralNoveltyRatio"":2.485063,""spectralNoveltyMinBins"":27,""cooldownFrames"":4,""confirmedRmsFactor"":1.288032,""confirmedRmsMinDelta"":0.003965,""confirmedFluxFactor"":1.831331,""confirmedMinFlux"":0.012329,""confirmedMinBandRatio"":0.025321,""confirmedSpectralNoveltyMinBins"":22,""cooldownOverrideFactor"":4.114581,""cooldownOverrideMinFlux"":0.01024,""cooldownOverrideMinBandRatio"":0.085076,""analyzeIntervalMs"":41}"
5,r002-0046-562852ff,2,21,3,3,6,1,0,132,"{""relativeReattackFactor"":3.789769,""relativeReattackMinDelta"":0.014266,""relativeFluxFactor"":1.4,""spectralNoveltyRatio"":3.632785,""spectralNoveltyMinBins"":27,""cooldownFrames"":4,""confirmedRmsFactor"":1.69805,""confirmedRmsMinDelta"":0.002812,""confirmedFluxFactor"":1.768695,""confirmedMinFlux"":0.018214,""confirmedMinBandRatio"":0.026883,""confirmedSpectralNoveltyMinBins"":28,""cooldownOverrideFactor"":4.019726,""cooldownOverrideMinFlux"":0.004,""cooldownOverrideMinBandRatio"":0.069453,""analyzeIntervalMs"":46}"
6,r002-0007-1f2ee0f9,2,14,3,0,25,0,1,162,"{""relativeReattackFactor"":3.031749,""relativeReattackMinDelta"":0.005737,""relativeFluxFactor"":1.4,""spectralNoveltyRatio"":4.185786,""spectralNoveltyMinBins"":8,""cooldownFrames"":3,""confirmedRmsFactor"":1.705479,""confirmedRmsMinDelta"":0.007867,""confirmedFluxFactor"":1.92268,""confirmedMinFlux"":0.00703,""confirmedMinBandRatio"":0.013346,""confirmedSpectralNoveltyMinBins"":5,""cooldownOverrideFactor"":1.831639,""cooldownOverrideMinFlux"":0.022324,""cooldownOverrideMinBandRatio"":0.088407,""analyzeIntervalMs"":41}"
7,r003-0042-dcb6274c,3,8,3,3,10,1,0,137,"{""relativeReattackFactor"":4,""relativeReattackMinDelta"":0.017912,""relativeFluxFactor"":1.4,""spectralNoveltyRatio"":4.355,""spectralNoveltyMinBins"":19,""cooldownFrames"":4,""confirmedRmsFactor"":1.762909,""confirmedRmsMinDelta"":0.002168,""confirmedFluxFactor"":1.672858,""confirmedMinFlux"":0.019477,""confirmedMinBandRatio"":0.024617,""confirmedSpectralNoveltyMinBins"":32,""cooldownOverrideFactor"":3.873,""cooldownOverrideMinFlux"":0.004,""cooldownOverrideMinBandRatio"":0.077806,""analyzeIntervalMs"":46}"
8,r004-0009-c29c88cd,4,6,2,1,14,0,0,146,"{""relativeReattackFactor"":2.941704,""relativeReattackMinDelta"":0.016584,""relativeFluxFactor"":1.408035,""spectralNoveltyRatio"":2.278099,""spectralNoveltyMinBins"":22,""cooldownFrames"":4,""confirmedRmsFactor"":1.342582,""confirmedRmsMinDelta"":0.004399,""confirmedFluxFactor"":1.871579,""confirmedMinFlux"":0.013214,""confirmedMinBandRatio"":0.022648,""confirmedSpectralNoveltyMinBins"":25,""cooldownOverrideFactor"":4.198437,""cooldownOverrideMinFlux"":0.008377,""cooldownOverrideMinBandRatio"":0.09,""analyzeIntervalMs"":40}"
9,r004-0006-1afd4c42,4,-11,3,0,26,0,2,163,"{""relativeReattackFactor"":2.914128,""relativeReattackMinDelta"":0.004,""relativeFluxFactor"":1.4,""spectralNoveltyRatio"":3.040094,""spectralNoveltyMinBins"":14,""cooldownFrames"":3,""confirmedRmsFactor"":1.804391,""confirmedRmsMinDelta"":0.009762,""confirmedFluxFactor"":2.169562,""confirmedMinFlux"":0.004512,""confirmedMinBandRatio"":0.015044,""confirmedSpectralNoveltyMinBins"":10,""cooldownOverrideFactor"":1.8,""cooldownOverrideMinFlux"":0.027291,""cooldownOverrideMinBandRatio"":0.09,""analyzeIntervalMs"":41}"
10,r004-0001-ca5bc0bd,4,-14,3,0,27,0,2,164,"{""relativeReattackFactor"":2.884309,""relativeReattackMinDelta"":0.004005,""relativeFluxFactor"":1.4,""spectralNoveltyRatio"":3.477055,""spectralNoveltyMinBins"":10,""cooldownFrames"":3,""confirmedRmsFactor"":1.698969,""confirmedRmsMinDelta"":0.008533,""confirmedFluxFactor"":2.118438,""confirmedMinFlux"":0.005737,""confirmedMinBandRatio"":0.022016,""confirmedSpectralNoveltyMinBins"":7,""cooldownOverrideFactor"":1.876868,""cooldownOverrideMinFlux"":0.023771,""cooldownOverrideMinBandRatio"":0.09,""analyzeIntervalMs"":41}"
11,r003-0064-5031bfa4,3,-39,3,2,14,1,0,144,"{""relativeReattackFactor"":4,""relativeReattackMinDelta"":0.017506,""relativeFluxFactor"":1.927915,""spectralNoveltyRatio"":4.181251,""spectralNoveltyMinBins"":18,""cooldownFrames"":3,""confirmedRmsFactor"":1.398826,""confirmedRmsMinDelta"":0.0099,""confirmedFluxFactor"":1.535774,""confirmedMinFlux"":0.018035,""confirmedMinBandRatio"":0.040769,""confirmedSpectralNoveltyMinBins"":20,""cooldownOverrideFactor"":3.023678,""cooldownOverrideMinFlux"":0.004,""cooldownOverrideMinBandRatio"":0.03243,""analyzeIntervalMs"":28}"
12,r002-0068-35cd594d,2,-47,2,2,18,1,0,146,"{""relativeReattackFactor"":4,""relativeReattackMinDelta"":0.020342,""relativeFluxFactor"":1.4,""spectralNoveltyRatio"":3.905632,""spectralNoveltyMinBins"":27,""cooldownFrames"":3,""confirmedRmsFactor"":1.562917,""confirmedRmsMinDelta"":0.008226,""confirmedFluxFactor"":1.322833,""confirmedMinFlux"":0.019879,""confirmedMinBandRatio"":0.041013,""confirmedSpectralNoveltyMinBins"":25,""cooldownOverrideFactor"":3.096592,""cooldownOverrideMinFlux"":0.004,""cooldownOverrideMinBandRatio"":0.034738,""analyzeIntervalMs"":30}"
13,r003-0054-54fdbd0b,3,-49,2,1,25,0,1,157,"{""relativeReattackFactor"":4,""relativeReattackMinDelta"":0.018249,""relativeFluxFactor"":1.4,""spectralNoveltyRatio"":3.927695,""spectralNoveltyMinBins"":22,""cooldownFrames"":3,""confirmedRmsFactor"":1.421851,""confirmedRmsMinDelta"":0.008203,""confirmedFluxFactor"":1.107524,""confirmedMinFlux"":0.02,""confirmedMinBandRatio"":0.039553,""confirmedSpectralNoveltyMinBins"":28,""cooldownOverrideFactor"":3.201717,""cooldownOverrideMinFlux"":0.006575,""cooldownOverrideMinBandRatio"":0.034627,""analyzeIntervalMs"":31}"
14,r004-0004-1e8f5d37,4,-52,2,3,10,1,0,140,"{""relativeReattackFactor"":2.898629,""relativeReattackMinDelta"":0.013895,""relativeFluxFactor"":1.4,""spectralNoveltyRatio"":2.852531,""spectralNoveltyMinBins"":27,""cooldownFrames"":4,""confirmedRmsFactor"":1.229574,""confirmedRmsMinDelta"":0.00422,""confirmedFluxFactor"":1.828409,""confirmedMinFlux"":0.011339,""confirmedMinBandRatio"":0.022561,""confirmedSpectralNoveltyMinBins"":25,""cooldownOverrideFactor"":4.307569,""cooldownOverrideMinFlux"":0.009641,""cooldownOverrideMinBandRatio"":0.07976,""analyzeIntervalMs"":40}"
15,r003-0037-c02ff577,3,-84,3,4,10,2,1,138,"{""relativeReattackFactor"":3.915367,""relativeReattackMinDelta"":0.011947,""relativeFluxFactor"":1.4,""spectralNoveltyRatio"":2.88499,""spectralNoveltyMinBins"":27,""cooldownFrames"":4,""confirmedRmsFactor"":1.593389,""confirmedRmsMinDelta"":0.002273,""confirmedFluxFactor"":1.610472,""confirmedMinFlux"":0.019811,""confirmedMinBandRatio"":0.03419,""confirmedSpectralNoveltyMinBins"":24,""cooldownOverrideFactor"":4.442446,""cooldownOverrideMinFlux"":0.004,""cooldownOverrideMinBandRatio"":0.059991,""analyzeIntervalMs"":42}"
16,r003-0023-b39d4bb6,3,-90,3,0,26,0,2,163,"{""relativeReattackFactor"":3.224861,""relativeReattackMinDelta"":0.004,""relativeFluxFactor"":1.4,""spectralNoveltyRatio"":4.111884,""spectralNoveltyMinBins"":7,""cooldownFrames"":3,""confirmedRmsFactor"":1.658128,""confirmedRmsMinDelta"":0.009519,""confirmedFluxFactor"":1.961019,""confirmedMinFlux"":0.008875,""confirmedMinBandRatio"":0.017137,""confirmedSpectralNoveltyMinBins"":3,""cooldownOverrideFactor"":1.876789,""cooldownOverrideMinFlux"":0.024798,""cooldownOverrideMinBandRatio"":0.086061,""analyzeIntervalMs"":41}"
17,r003-0046-0dcf920a,3,-96,3,4,10,2,0,137,"{""relativeReattackFactor"":3.607216,""relativeReattackMinDelta"":0.012318,""relativeFluxFactor"":1.522561,""spectralNoveltyRatio"":2.587896,""spectralNoveltyMinBins"":30,""cooldownFrames"":4,""confirmedRmsFactor"":1.208142,""confirmedRmsMinDelta"":0.002,""confirmedFluxFactor"":1.267285,""confirmedMinFlux"":0.017869,""confirmedMinBandRatio"":0.036386,""confirmedSpectralNoveltyMinBins"":25,""cooldownOverrideFactor"":3.747792,""cooldownOverrideMinFlux"":0.013647,""cooldownOverrideMinBandRatio"":0.073699,""analyzeIntervalMs"":43}"
18,r004-0005-c6f3b23d,4,-112,3,4,9,2,0,136,"{""relativeReattackFactor"":3.900297,""relativeReattackMinDelta"":0.01246,""relativeFluxFactor"":1.4,""spectralNoveltyRatio"":3.265935,""spectralNoveltyMinBins"":24,""cooldownFrames"":4,""confirmedRmsFactor"":1.754065,""confirmedRmsMinDelta"":0.002823,""confirmedFluxFactor"":1.790215,""confirmedMinFlux"":0.018616,""confirmedMinBandRatio"":0.03174,""confirmedSpectralNoveltyMinBins"":25,""cooldownOverrideFactor"":4.281374,""cooldownOverrideMinFlux"":0.004,""cooldownOverrideMinBandRatio"":0.073978,""analyzeIntervalMs"":45}"
19,r003-0074-cdc96717,3,-117,1,3,21,1,0,150,"{""relativeReattackFactor"":3.963597,""relativeReattackMinDelta"":0.021105,""relativeFluxFactor"":1.4,""spectralNoveltyRatio"":3.494713,""spectralNoveltyMinBins"":28,""cooldownFrames"":3,""confirmedRmsFactor"":1.555738,""confirmedRmsMinDelta"":0.006935,""confirmedFluxFactor"":1.236865,""confirmedMinFlux"":0.018441,""confirmedMinBandRatio"":0.035221,""confirmedSpectralNoveltyMinBins"":30,""cooldownOverrideFactor"":3.417745,""cooldownOverrideMinFlux"":0.004,""cooldownOverrideMinBandRatio"":0.023041,""analyzeIntervalMs"":31}"
20,r004-0008-32943e10,4,-123,2,2,20,1,1,153,"{""relativeReattackFactor"":2.626749,""relativeReattackMinDelta"":0.004,""relativeFluxFactor"":1.504553,""spectralNoveltyRatio"":5.134882,""spectralNoveltyMinBins"":18,""cooldownFrames"":3,""confirmedRmsFactor"":1.759929,""confirmedRmsMinDelta"":0.006693,""confirmedFluxFactor"":1.642131,""confirmedMinFlux"":0.004828,""confirmedMinBandRatio"":0.006,""confirmedSpectralNoveltyMinBins"":4,""cooldownOverrideFactor"":1.8,""cooldownOverrideMinFlux"":0.021645,""cooldownOverrideMinBandRatio"":0.086464,""analyzeIntervalMs"":41}"
21,r001-0005-6aae5737,1,-128,3,3,13,2,0,145,"{""relativeReattackFactor"":2.956383,""relativeReattackMinDelta"":0.015977,""relativeFluxFactor"":1.59242,""spectralNoveltyRatio"":2.294907,""spectralNoveltyMinBins"":21,""cooldownFrames"":4,""confirmedRmsFactor"":1.385408,""confirmedRmsMinDelta"":0.004822,""confirmedFluxFactor"":1.735882,""confirmedMinFlux"":0.013281,""confirmedMinBandRatio"":0.032356,""confirmedSpectralNoveltyMinBins"":24,""cooldownOverrideFactor"":4.534145,""cooldownOverrideMinFlux"":0.007643,""cooldownOverrideMinBandRatio"":0.080757,""analyzeIntervalMs"":41}"
22,r003-0010-4fcc7462,3,-141,1,3,12,1,1,141,"{""relativeReattackFactor"":3.32811,""relativeReattackMinDelta"":0.016982,""relativeFluxFactor"":1.4,""spectralNoveltyRatio"":2.750311,""spectralNoveltyMinBins"":21,""cooldownFrames"":4,""confirmedRmsFactor"":1.237029,""confirmedRmsMinDelta"":0.005586,""confirmedFluxFactor"":1.685725,""confirmedMinFlux"":0.010918,""confirmedMinBandRatio"":0.036583,""confirmedSpectralNoveltyMinBins"":19,""cooldownOverrideFactor"":4.118291,""cooldownOverrideMinFlux"":0.009416,""cooldownOverrideMinBandRatio"":0.084755,""analyzeIntervalMs"":42}"
23,r003-0001-a6c79f57,3,-149,2,4,5,2,0,129,"{""relativeReattackFactor"":4,""relativeReattackMinDelta"":0.015303,""relativeFluxFactor"":1.426859,""spectralNoveltyRatio"":2.657891,""spectralNoveltyMinBins"":36,""cooldownFrames"":4,""confirmedRmsFactor"":1.15,""confirmedRmsMinDelta"":0.002,""confirmedFluxFactor"":1.130914,""confirmedMinFlux"":0.019465,""confirmedMinBandRatio"":0.040911,""confirmedSpectralNoveltyMinBins"":25,""cooldownOverrideFactor"":3.656777,""cooldownOverrideMinFlux"":0.009303,""cooldownOverrideMinBandRatio"":0.06997,""analyzeIntervalMs"":50}"
24,r002-0078-ab6b29ac,2,-150,2,2,21,1,2,153,"{""relativeReattackFactor"":2.921234,""relativeReattackMinDelta"":0.022152,""relativeFluxFactor"":1.4,""spectralNoveltyRatio"":4.479553,""spectralNoveltyMinBins"":12,""cooldownFrames"":3,""confirmedRmsFactor"":1.598866,""confirmedRmsMinDelta"":0.002294,""confirmedFluxFactor"":1.364862,""confirmedMinFlux"":0.013977,""confirmedMinBandRatio"":0.033809,""confirmedSpectralNoveltyMinBins"":32,""cooldownOverrideFactor"":4.91476,""cooldownOverrideMinFlux"":0.004,""cooldownOverrideMinBandRatio"":0.038538,""analyzeIntervalMs"":42}"
25,r003-0019-fa7573ad,3,-154,2,2,20,1,1,149,"{""relativeReattackFactor"":3.577161,""relativeReattackMinDelta"":0.017357,""relativeFluxFactor"":1.4,""spectralNoveltyRatio"":4.185277,""spectralNoveltyMinBins"":25,""cooldownFrames"":3,""confirmedRmsFactor"":1.552963,""confirmedRmsMinDelta"":0.008348,""confirmedFluxFactor"":1.177808,""confirmedMinFlux"":0.02,""confirmedMinBandRatio"":0.043216,""confirmedSpectralNoveltyMinBins"":26,""cooldownOverrideFactor"":3.2373,""cooldownOverrideMinFlux"":0.004,""cooldownOverrideMinBandRatio"":0.04648,""analyzeIntervalMs"":30}"
26,r003-0002-26bb2c0b,3,-157,4,4,14,3,0,142,"{""relativeReattackFactor"":3.436008,""relativeReattackMinDelta"":0.011574,""relativeFluxFactor"":1.4,""spectralNoveltyRatio"":3.581146,""spectralNoveltyMinBins"":25,""cooldownFrames"":4,""confirmedRmsFactor"":1.868547,""confirmedRmsMinDelta"":0.002,""confirmedFluxFactor"":1.732062,""confirmedMinFlux"":0.016857,""confirmedMinBandRatio"":0.03434,""confirmedSpectralNoveltyMinBins"":32,""cooldownOverrideFactor"":4.38937,""cooldownOverrideMinFlux"":0.004,""cooldownOverrideMinBandRatio"":0.075777,""analyzeIntervalMs"":48}"
27,r003-0032-0b56d35c,3,-157,4,4,14,3,0,141,"{""relativeReattackFactor"":3.701368,""relativeReattackMinDelta"":0.01583,""relativeFluxFactor"":1.4,""spectralNoveltyRatio"":2.979067,""spectralNoveltyMinBins"":27,""cooldownFrames"":4,""confirmedRmsFactor"":1.548257,""confirmedRmsMinDelta"":0.003436,""confirmedFluxFactor"":1.598415,""confirmedMinFlux"":0.017252,""confirmedMinBandRatio"":0.02623,""confirmedSpectralNoveltyMinBins"":24,""cooldownOverrideFactor"":4.305791,""cooldownOverrideMinFlux"":0.006714,""cooldownOverrideMinBandRatio"":0.067059,""analyzeIntervalMs"":48}"
28,r003-0024-cca5ddc1,3,-160,2,1,29,0,3,161,"{""relativeReattackFactor"":3.902848,""relativeReattackMinDelta"":0.020327,""relativeFluxFactor"":1.4,""spectralNoveltyRatio"":3.696423,""spectralNoveltyMinBins"":18,""cooldownFrames"":3,""confirmedRmsFactor"":1.498579,""confirmedRmsMinDelta"":0.009938,""confirmedFluxFactor"":1.183241,""confirmedMinFlux"":0.02,""confirmedMinBandRatio"":0.041298,""confirmedSpectralNoveltyMinBins"":25,""cooldownOverrideFactor"":3.398135,""cooldownOverrideMinFlux"":0.005548,""cooldownOverrideMinBandRatio"":0.026787,""analyzeIntervalMs"":31}"
29,r003-0068-18795518,3,-174,2,2,21,1,3,152,"{""relativeReattackFactor"":3.279529,""relativeReattackMinDelta"":0.008924,""relativeFluxFactor"":1.4,""spectralNoveltyRatio"":4.584981,""spectralNoveltyMinBins"":6,""cooldownFrames"":3,""confirmedRmsFactor"":1.732399,""confirmedRmsMinDelta"":0.009155,""confirmedFluxFactor"":1.973437,""confirmedMinFlux"":0.009413,""confirmedMinBandRatio"":0.006922,""confirmedSpectralNoveltyMinBins"":8,""cooldownOverrideFactor"":1.8,""cooldownOverrideMinFlux"":0.026518,""cooldownOverrideMinBandRatio"":0.089784,""analyzeIntervalMs"":42}"
30,r002-0077-2796a9bf,2,-190,4,7,5,5,0,128,"{""relativeReattackFactor"":3.122468,""relativeReattackMinDelta"":0.017308,""relativeFluxFactor"":1.4,""spectralNoveltyRatio"":3.923733,""spectralNoveltyMinBins"":45,""cooldownFrames"":3,""confirmedRmsFactor"":1.657744,""confirmedRmsMinDelta"":0.005479,""confirmedFluxFactor"":2.215235,""confirmedMinFlux"":0.00892,""confirmedMinBandRatio"":0.023281,""confirmedSpectralNoveltyMinBins"":14,""cooldownOverrideFactor"":1.8,""cooldownOverrideMinFlux"":0.029392,""cooldownOverrideMinBandRatio"":0.079865,""analyzeIntervalMs"":41}"
31,r003-0004-96321ff5,3,-194,2,5,9,3,0,133,"{""relativeReattackFactor"":4,""relativeReattackMinDelta"":0.022847,""relativeFluxFactor"":1.4,""spectralNoveltyRatio"":4.371671,""spectralNoveltyMinBins"":28,""cooldownFrames"":3,""confirmedRmsFactor"":1.517191,""confirmedRmsMinDelta"":0.008788,""confirmedFluxFactor"":1.512771,""confirmedMinFlux"":0.018215,""confirmedMinBandRatio"":0.036466,""confirmedSpectralNoveltyMinBins"":30,""cooldownOverrideFactor"":2.904117,""cooldownOverrideMinFlux"":0.004,""cooldownOverrideMinBandRatio"":0.024895,""analyzeIntervalMs"":28}"
32,r003-0072-753b8056,3,-196,3,5,12,3,0,138,"{""relativeReattackFactor"":3.593346,""relativeReattackMinDelta"":0.017164,""relativeFluxFactor"":1.4,""spectralNoveltyRatio"":4.086927,""spectralNoveltyMinBins"":29,""cooldownFrames"":4,""confirmedRmsFactor"":1.642557,""confirmedRmsMinDelta"":0.002,""confirmedFluxFactor"":1.764656,""confirmedMinFlux"":0.02,""confirmedMinBandRatio"":0.02476,""confirmedSpectralNoveltyMinBins"":29,""cooldownOverrideFactor"":4.325929,""cooldownOverrideMinFlux"":0.004,""cooldownOverrideMinBandRatio"":0.072301,""analyzeIntervalMs"":48}"
33,r003-0013-d1ca8bf0,3,-197,2,3,19,2,0,148,"{""relativeReattackFactor"":3.326039,""relativeReattackMinDelta"":0.007463,""relativeFluxFactor"":1.400402,""spectralNoveltyRatio"":3.582993,""spectralNoveltyMinBins"":16,""cooldownFrames"":3,""confirmedRmsFactor"":1.78854,""confirmedRmsMinDelta"":0.007453,""confirmedFluxFactor"":2.122836,""confirmedMinFlux"":0.007249,""confirmedMinBandRatio"":0.006805,""confirmedSpectralNoveltyMinBins"":7,""cooldownOverrideFactor"":2.071909,""cooldownOverrideMinFlux"":0.019201,""cooldownOverrideMinBandRatio"":0.079125,""analyzeIntervalMs"":45}"
34,r002-0067-c862b8e8,2,-199,2,3,20,2,0,149,"{""relativeReattackFactor"":3.74655,""relativeReattackMinDelta"":0.010471,""relativeFluxFactor"":1.4,""spectralNoveltyRatio"":2.877073,""spectralNoveltyMinBins"":19,""cooldownFrames"":3,""confirmedRmsFactor"":2.173395,""confirmedRmsMinDelta"":0.005531,""confirmedFluxFactor"":2.271076,""confirmedMinFlux"":0.003429,""confirmedMinBandRatio"":0.020626,""confirmedSpectralNoveltyMinBins"":6,""cooldownOverrideFactor"":1.8,""cooldownOverrideMinFlux"":0.014098,""cooldownOverrideMinBandRatio"":0.08932,""analyzeIntervalMs"":50}"
35,r003-0052-a82d7ad8,3,-202,1,4,8,2,0,136,"{""relativeReattackFactor"":3.736249,""relativeReattackMinDelta"":0.017622,""relativeFluxFactor"":1.442992,""spectralNoveltyRatio"":3.688143,""spectralNoveltyMinBins"":22,""cooldownFrames"":4,""confirmedRmsFactor"":1.87717,""confirmedRmsMinDelta"":0.002,""confirmedFluxFactor"":1.787571,""confirmedMinFlux"":0.019543,""confirmedMinBandRatio"":0.029022,""confirmedSpectralNoveltyMinBins"":25,""cooldownOverrideFactor"":4.342121,""cooldownOverrideMinFlux"":0.004,""cooldownOverrideMinBandRatio"":0.065293,""analyzeIntervalMs"":50}"
36,r003-0060-7511260c,3,-203,1,4,12,2,1,140,"{""relativeReattackFactor"":3.151832,""relativeReattackMinDelta"":0.015421,""relativeFluxFactor"":1.4,""spectralNoveltyRatio"":2.324373,""spectralNoveltyMinBins"":26,""cooldownFrames"":4,""confirmedRmsFactor"":1.401187,""confirmedRmsMinDelta"":0.005647,""confirmedFluxFactor"":1.777159,""confirmedMinFlux"":0.013066,""confirmedMinBandRatio"":0.037281,""confirmedSpectralNoveltyMinBins"":20,""cooldownOverrideFactor"":5,""cooldownOverrideMinFlux"":0.011254,""cooldownOverrideMinBandRatio"":0.072321,""analyzeIntervalMs"":42}"
37,r004-0002-215de157,4,-205,5,8,0,5,0,119,"{""relativeReattackFactor"":4,""relativeReattackMinDelta"":0.016023,""relativeFluxFactor"":1.626732,""spectralNoveltyRatio"":2.749896,""spectralNoveltyMinBins"":44,""cooldownFrames"":4,""confirmedRmsFactor"":1.166889,""confirmedRmsMinDelta"":0.002,""confirmedFluxFactor"":1.24051,""confirmedMinFlux"":0.019336,""confirmedMinBandRatio"":0.042763,""confirmedSpectralNoveltyMinBins"":27,""cooldownOverrideFactor"":4.368974,""cooldownOverrideMinFlux"":0.01406,""cooldownOverrideMinBandRatio"":0.081081,""analyzeIntervalMs"":46}"
38,r002-0051-ff48fd62,2,-209,2,2,31,1,3,163,"{""relativeReattackFactor"":2.288537,""relativeReattackMinDelta"":0.021353,""relativeFluxFactor"":1.4,""spectralNoveltyRatio"":1.568946,""spectralNoveltyMinBins"":26,""cooldownFrames"":4,""confirmedRmsFactor"":1.591505,""confirmedRmsMinDelta"":0.004635,""confirmedFluxFactor"":1.725386,""confirmedMinFlux"":0.007748,""confirmedMinBandRatio"":0.0411,""confirmedSpectralNoveltyMinBins"":28,""cooldownOverrideFactor"":5,""cooldownOverrideMinFlux"":0.014165,""cooldownOverrideMinBandRatio"":0.089934,""analyzeIntervalMs"":35}"
39,r003-0075-ede341d1,3,-215,3,4,11,3,1,139,"{""relativeReattackFactor"":2.974927,""relativeReattackMinDelta"":0.015571,""relativeFluxFactor"":1.755455,""spectralNoveltyRatio"":2.383555,""spectralNoveltyMinBins"":16,""cooldownFrames"":4,""confirmedRmsFactor"":1.530037,""confirmedRmsMinDelta"":0.003781,""confirmedFluxFactor"":1.66714,""confirmedMinFlux"":0.013611,""confirmedMinBandRatio"":0.027575,""confirmedSpectralNoveltyMinBins"":25,""cooldownOverrideFactor"":4.962634,""cooldownOverrideMinFlux"":0.009797,""cooldownOverrideMinBandRatio"":0.084895,""analyzeIntervalMs"":42}"
40,r003-0062-01b1a266,3,-222,3,6,5,4,0,129,"{""relativeReattackFactor"":3.965788,""relativeReattackMinDelta"":0.011286,""relativeFluxFactor"":1.4,""spectralNoveltyRatio"":3.202916,""spectralNoveltyMinBins"":31,""cooldownFrames"":4,""confirmedRmsFactor"":1.60804,""confirmedRmsMinDelta"":0.002,""confirmedFluxFactor"":1.987284,""confirmedMinFlux"":0.015337,""confirmedMinBandRatio"":0.025008,""confirmedSpectralNoveltyMinBins"":32,""cooldownOverrideFactor"":3.636446,""cooldownOverrideMinFlux"":0.00759,""cooldownOverrideMinBandRatio"":0.063655,""analyzeIntervalMs"":49}"
41,r004-0007-93977198,4,-222,4,7,6,5,0,128,"{""relativeReattackFactor"":3.868048,""relativeReattackMinDelta"":0.013371,""relativeFluxFactor"":1.4,""spectralNoveltyRatio"":2.381651,""spectralNoveltyMinBins"":41,""cooldownFrames"":4,""confirmedRmsFactor"":1.15,""confirmedRmsMinDelta"":0.002798,""confirmedFluxFactor"":1.36001,""confirmedMinFlux"":0.019312,""confirmedMinBandRatio"":0.040697,""confirmedSpectralNoveltyMinBins"":23,""cooldownOverrideFactor"":4.064185,""cooldownOverrideMinFlux"":0.015208,""cooldownOverrideMinBandRatio"":0.08259,""analyzeIntervalMs"":45}"
42,r002-0011-ce6959e0,2,-234,1,4,18,2,0,146,"{""relativeReattackFactor"":2.683789,""relativeReattackMinDelta"":0.014984,""relativeFluxFactor"":1.824942,""spectralNoveltyRatio"":1.5,""spectralNoveltyMinBins"":28,""cooldownFrames"":4,""confirmedRmsFactor"":1.198861,""confirmedRmsMinDelta"":0.006115,""confirmedFluxFactor"":1.248613,""confirmedMinFlux"":0.007923,""confirmedMinBandRatio"":0.017238,""confirmedSpectralNoveltyMinBins"":31,""cooldownOverrideFactor"":4.787253,""cooldownOverrideMinFlux"":0.013677,""cooldownOverrideMinBandRatio"":0.064157,""analyzeIntervalMs"":37}"
43,r003-0027-b49dc714,3,-235,3,6,3,4,0,127,"{""relativeReattackFactor"":3.873627,""relativeReattackMinDelta"":0.016898,""relativeFluxFactor"":1.4,""spectralNoveltyRatio"":4.148544,""spectralNoveltyMinBins"":34,""cooldownFrames"":4,""confirmedRmsFactor"":1.830849,""confirmedRmsMinDelta"":0.002088,""confirmedFluxFactor"":1.60547,""confirmedMinFlux"":0.019879,""confirmedMinBandRatio"":0.025548,""confirmedSpectralNoveltyMinBins"":28,""cooldownOverrideFactor"":4.38055,""cooldownOverrideMinFlux"":0.008168,""cooldownOverrideMinBandRatio"":0.071726,""analyzeIntervalMs"":50}"
44,r002-0038-b4bc0bbe,2,-240,1,6,9,3,0,131,"{""relativeReattackFactor"":3.588621,""relativeReattackMinDelta"":0.011127,""relativeFluxFactor"":1.430101,""spectralNoveltyRatio"":5.722756,""spectralNoveltyMinBins"":27,""cooldownFrames"":3,""confirmedRmsFactor"":1.678638,""confirmedRmsMinDelta"":0.002699,""confirmedFluxFactor"":1.451698,""confirmedMinFlux"":0.017025,""confirmedMinBandRatio"":0.037843,""confirmedSpectralNoveltyMinBins"":32,""cooldownOverrideFactor"":4.37671,""cooldownOverrideMinFlux"":0.004,""cooldownOverrideMinBandRatio"":0.024968,""analyzeIntervalMs"":28}"
45,r003-0020-e7e4a036,3,-243,2,5,13,3,0,140,"{""relativeReattackFactor"":3.259774,""relativeReattackMinDelta"":0.016537,""relativeFluxFactor"":1.852737,""spectralNoveltyRatio"":2.086789,""spectralNoveltyMinBins"":21,""cooldownFrames"":4,""confirmedRmsFactor"":1.227382,""confirmedRmsMinDelta"":0.004479,""confirmedFluxFactor"":1.776045,""confirmedMinFlux"":0.011031,""confirmedMinBandRatio"":0.039388,""confirmedSpectralNoveltyMinBins"":19,""cooldownOverrideFactor"":4.338198,""cooldownOverrideMinFlux"":0.004,""cooldownOverrideMinBandRatio"":0.09,""analyzeIntervalMs"":37}"
46,r002-0013-867c2737,2,-246,2,1,33,0,5,166,"{""relativeReattackFactor"":3.258349,""relativeReattackMinDelta"":0.019481,""relativeFluxFactor"":1.4,""spectralNoveltyRatio"":3.085277,""spectralNoveltyMinBins"":18,""cooldownFrames"":4,""confirmedRmsFactor"":1.65856,""confirmedRmsMinDelta"":0.002289,""confirmedFluxFactor"":1.697055,""confirmedMinFlux"":0.018295,""confirmedMinBandRatio"":0.046402,""confirmedSpectralNoveltyMinBins"":32,""cooldownOverrideFactor"":3.123422,""cooldownOverrideMinFlux"":0.004396,""cooldownOverrideMinBandRatio"":0.037064,""analyzeIntervalMs"":31}"
47,r003-0003-e662f3ce,3,-250,1,4,17,2,1,145,"{""relativeReattackFactor"":3.271356,""relativeReattackMinDelta"":0.006798,""relativeFluxFactor"":1.4,""spectralNoveltyRatio"":4.569197,""spectralNoveltyMinBins"":16,""cooldownFrames"":3,""confirmedRmsFactor"":1.663685,""confirmedRmsMinDelta"":0.009174,""confirmedFluxFactor"":1.747779,""confirmedMinFlux"":0.007679,""confirmedMinBandRatio"":0.011975,""confirmedSpectralNoveltyMinBins"":2,""cooldownOverrideFactor"":1.8,""cooldownOverrideMinFlux"":0.018702,""cooldownOverrideMinBandRatio"":0.087706,""analyzeIntervalMs"":42}"
48,r002-0073-b16e6225,2,-253,1,4,18,2,1,146,"{""relativeReattackFactor"":3.167048,""relativeReattackMinDelta"":0.010951,""relativeFluxFactor"":1.4,""spectralNoveltyRatio"":4.67295,""spectralNoveltyMinBins"":16,""cooldownFrames"":3,""confirmedRmsFactor"":1.586684,""confirmedRmsMinDelta"":0.002,""confirmedFluxFactor"":1.269219,""confirmedMinFlux"":0.02,""confirmedMinBandRatio"":0.047092,""confirmedSpectralNoveltyMinBins"":22,""cooldownOverrideFactor"":4.010032,""cooldownOverrideMinFlux"":0.004,""cooldownOverrideMinBandRatio"":0.028992,""analyzeIntervalMs"":42}"
49,r003-0077-62597600,3,-254,3,6,5,4,0,129,"{""relativeReattackFactor"":4,""relativeReattackMinDelta"":0.011114,""relativeFluxFactor"":1.638657,""spectralNoveltyRatio"":2.950936,""spectralNoveltyMinBins"":30,""cooldownFrames"":4,""confirmedRmsFactor"":1.861939,""confirmedRmsMinDelta"":0.002,""confirmedFluxFactor"":1.818879,""confirmedMinFlux"":0.017101,""confirmedMinBandRatio"":0.0321,""confirmedSpectralNoveltyMinBins"":27,""cooldownOverrideFactor"":4.573884,""cooldownOverrideMinFlux"":0.007428,""cooldownOverrideMinBandRatio"":0.071104,""analyzeIntervalMs"":46}"
50,r003-0067-b5cf5a81,3,-258,4,4,14,3,1,141,"{""relativeReattackFactor"":3.895312,""relativeReattackMinDelta"":0.017832,""relativeFluxFactor"":1.4,""spectralNoveltyRatio"":4.180051,""spectralNoveltyMinBins"":17,""cooldownFrames"":4,""confirmedRmsFactor"":1.615784,""confirmedRmsMinDelta"":0.002,""confirmedFluxFactor"":1.69201,""confirmedMinFlux"":0.02,""confirmedMinBandRatio"":0.020939,""confirmedSpectralNoveltyMinBins"":27,""cooldownOverrideFactor"":3.803907,""cooldownOverrideMinFlux"":0.004,""cooldownOverrideMinBandRatio"":0.07773,""analyzeIntervalMs"":48}"
51,r003-0061-2655f2d5,3,-262,4,8,4,6,0,124,"{""relativeReattackFactor"":4,""relativeReattackMinDelta"":0.012613,""relativeFluxFactor"":1.4,""spectralNoveltyRatio"":2.224995,""spectralNoveltyMinBins"":43,""cooldownFrames"":4,""confirmedRmsFactor"":1.15,""confirmedRmsMinDelta"":0.002834,""confirmedFluxFactor"":1.357902,""confirmedMinFlux"":0.019351,""confirmedMinBandRatio"":0.048831,""confirmedSpectralNoveltyMinBins"":20,""cooldownOverrideFactor"":4.196791,""cooldownOverrideMinFlux"":0.010052,""cooldownOverrideMinBandRatio"":0.072741,""analyzeIntervalMs"":43}"
52,r003-0076-f486c631,3,-263,4,8,3,6,0,122,"{""relativeReattackFactor"":3.993806,""relativeReattackMinDelta"":0.016766,""relativeFluxFactor"":1.638508,""spectralNoveltyRatio"":2.321703,""spectralNoveltyMinBins"":40,""cooldownFrames"":4,""confirmedRmsFactor"":1.15,""confirmedRmsMinDelta"":0.003464,""confirmedFluxFactor"":1.413555,""confirmedMinFlux"":0.017913,""confirmedMinBandRatio"":0.037918,""confirmedSpectralNoveltyMinBins"":28,""cooldownOverrideFactor"":4.178785,""cooldownOverrideMinFlux"":0.013503,""cooldownOverrideMinBandRatio"":0.07504,""analyzeIntervalMs"":43}"
53,r003-0065-577121d6,3,-264,2,3,20,2,3,149,"{""relativeReattackFactor"":2.648671,""relativeReattackMinDelta"":0.015185,""relativeFluxFactor"":1.4,""spectralNoveltyRatio"":2.397935,""spectralNoveltyMinBins"":17,""cooldownFrames"":4,""confirmedRmsFactor"":1.393502,""confirmedRmsMinDelta"":0.00558,""confirmedFluxFactor"":1.731328,""confirmedMinFlux"":0.013178,""confirmedMinBandRatio"":0.039636,""confirmedSpectralNoveltyMinBins"":21,""cooldownOverrideFactor"":4.950147,""cooldownOverrideMinFlux"":0.005247,""cooldownOverrideMinBandRatio"":0.083587,""analyzeIntervalMs"":44}"
54,r003-0016-f57c9a33,3,-273,3,7,7,5,0,129,"{""relativeReattackFactor"":3.435397,""relativeReattackMinDelta"":0.011103,""relativeFluxFactor"":1.4,""spectralNoveltyRatio"":2.715444,""spectralNoveltyMinBins"":39,""cooldownFrames"":4,""confirmedRmsFactor"":1.331682,""confirmedRmsMinDelta"":0.002,""confirmedFluxFactor"":1.37943,""confirmedMinFlux"":0.016647,""confirmedMinBandRatio"":0.049052,""confirmedSpectralNoveltyMinBins"":22,""cooldownOverrideFactor"":3.571613,""cooldownOverrideMinFlux"":0.014176,""cooldownOverrideMinBandRatio"":0.068961,""analyzeIntervalMs"":45}"
55,r003-0056-fce2a14c,3,-278,3,8,5,5,0,124,"{""relativeReattackFactor"":4,""relativeReattackMinDelta"":0.013573,""relativeFluxFactor"":1.4,""spectralNoveltyRatio"":3.135384,""spectralNoveltyMinBins"":40,""cooldownFrames"":4,""confirmedRmsFactor"":1.322461,""confirmedRmsMinDelta"":0.002,""confirmedFluxFactor"":1.336874,""confirmedMinFlux"":0.017514,""confirmedMinBandRatio"":0.043655,""confirmedSpectralNoveltyMinBins"":20,""cooldownOverrideFactor"":4.556086,""cooldownOverrideMinFlux"":0.009727,""cooldownOverrideMinBandRatio"":0.070055,""analyzeIntervalMs"":47}"
56,r003-0035-b1afc8b3,3,-286,2,4,18,3,0,148,"{""relativeReattackFactor"":2.905956,""relativeReattackMinDelta"":0.012521,""relativeFluxFactor"":1.534227,""spectralNoveltyRatio"":2.765459,""spectralNoveltyMinBins"":15,""cooldownFrames"":4,""confirmedRmsFactor"":1.365069,""confirmedRmsMinDelta"":0.003647,""confirmedFluxFactor"":1.82581,""confirmedMinFlux"":0.011219,""confirmedMinBandRatio"":0.028582,""confirmedSpectralNoveltyMinBins"":20,""cooldownOverrideFactor"":4.771071,""cooldownOverrideMinFlux"":0.004763,""cooldownOverrideMinBandRatio"":0.089062,""analyzeIntervalMs"":40}"
57,r002-0022-ed0ff5d0,2,-286,3,7,8,5,0,131,"{""relativeReattackFactor"":3.537434,""relativeReattackMinDelta"":0.00595,""relativeFluxFactor"":1.4,""spectralNoveltyRatio"":3.388371,""spectralNoveltyMinBins"":38,""cooldownFrames"":3,""confirmedRmsFactor"":1.810058,""confirmedRmsMinDelta"":0.005507,""confirmedFluxFactor"":2.4,""confirmedMinFlux"":0.006046,""confirmedMinBandRatio"":0.026989,""confirmedSpectralNoveltyMinBins"":14,""cooldownOverrideFactor"":2.16443,""cooldownOverrideMinFlux"":0.014014,""cooldownOverrideMinBandRatio"":0.09,""analyzeIntervalMs"":40}"
58,r004-0003-0ba02925,4,-290,1,5,16,3,0,145,"{""relativeReattackFactor"":2.76831,""relativeReattackMinDelta"":0.004,""relativeFluxFactor"":1.587705,""spectralNoveltyRatio"":5.18937,""spectralNoveltyMinBins"":18,""cooldownFrames"":3,""confirmedRmsFactor"":1.910804,""confirmedRmsMinDelta"":0.006042,""confirmedFluxFactor"":1.909906,""confirmedMinFlux"":0.006308,""confirmedMinBandRatio"":0.006,""confirmedSpectralNoveltyMinBins"":3,""cooldownOverrideFactor"":2.031937,""cooldownOverrideMinFlux"":0.018256,""cooldownOverrideMinBandRatio"":0.073466,""analyzeIntervalMs"":40}"
59,r003-0079-2912e9e7,3,-297,1,6,19,4,0,145,"{""relativeReattackFactor"":4,""relativeReattackMinDelta"":0.020982,""relativeFluxFactor"":1.4,""spectralNoveltyRatio"":3.703693,""spectralNoveltyMinBins"":31,""cooldownFrames"":3,""confirmedRmsFactor"":1.575768,""confirmedRmsMinDelta"":0.006641,""confirmedFluxFactor"":1.232604,""confirmedMinFlux"":0.017383,""confirmedMinBandRatio"":0.039753,""confirmedSpectralNoveltyMinBins"":23,""cooldownOverrideFactor"":2.61577,""cooldownOverrideMinFlux"":0.004,""cooldownOverrideMinBandRatio"":0.035829,""analyzeIntervalMs"":31}"
60,r003-0025-9d75fa1b,3,-300,2,6,11,4,0,137,"{""relativeReattackFactor"":3.370059,""relativeReattackMinDelta"":0.012345,""relativeFluxFactor"":1.887226,""spectralNoveltyRatio"":2.751757,""spectralNoveltyMinBins"":26,""cooldownFrames"":4,""confirmedRmsFactor"":1.465624,""confirmedRmsMinDelta"":0.003115,""confirmedFluxFactor"":1.606631,""confirmedMinFlux"":0.012259,""confirmedMinBandRatio"":0.035135,""confirmedSpectralNoveltyMinBins"":21,""cooldownOverrideFactor"":5,""cooldownOverrideMinFlux"":0.004,""cooldownOverrideMinBandRatio"":0.075839,""analyzeIntervalMs"":37}"
61,r003-0066-b7ef43dd,3,-303,3,7,6,5,0,129,"{""relativeReattackFactor"":4,""relativeReattackMinDelta"":0.014129,""relativeFluxFactor"":1.619169,""spectralNoveltyRatio"":3.353749,""spectralNoveltyMinBins"":35,""cooldownFrames"":4,""confirmedRmsFactor"":1.275531,""confirmedRmsMinDelta"":0.00348,""confirmedFluxFactor"":1.156831,""confirmedMinFlux"":0.017353,""confirmedMinBandRatio"":0.046535,""confirmedSpectralNoveltyMinBins"":27,""cooldownOverrideFactor"":4.174124,""cooldownOverrideMinFlux"":0.013897,""cooldownOverrideMinBandRatio"":0.073689,""analyzeIntervalMs"":48}"
62,r003-0069-3f49efa9,3,-307,2,6,11,4,1,136,"{""relativeReattackFactor"":4,""relativeReattackMinDelta"":0.016746,""relativeFluxFactor"":1.4,""spectralNoveltyRatio"":3.225856,""spectralNoveltyMinBins"":32,""cooldownFrames"":3,""confirmedRmsFactor"":1.61527,""confirmedRmsMinDelta"":0.006575,""confirmedFluxFactor"":1.526105,""confirmedMinFlux"":0.017772,""confirmedMinBandRatio"":0.042359,""confirmedSpectralNoveltyMinBins"":28,""cooldownOverrideFactor"":3.036464,""cooldownOverrideMinFlux"":0.004,""cooldownOverrideMinBandRatio"":0.044987,""analyzeIntervalMs"":27}"
63,r003-0053-eebdd906,3,-310,1,5,22,3,0,149,"{""relativeReattackFactor"":2.844705,""relativeReattackMinDelta"":0.004,""relativeFluxFactor"":1.829268,""spectralNoveltyRatio"":3.725331,""spectralNoveltyMinBins"":11,""cooldownFrames"":3,""confirmedRmsFactor"":1.759765,""confirmedRmsMinDelta"":0.007625,""confirmedFluxFactor"":2.163086,""confirmedMinFlux"":0.006771,""confirmedMinBandRatio"":0.020346,""confirmedSpectralNoveltyMinBins"":2,""cooldownOverrideFactor"":1.8,""cooldownOverrideMinFlux"":0.024656,""cooldownOverrideMinBandRatio"":0.08508,""analyzeIntervalMs"":44}"
64,r003-0021-1df7fcc8,3,-311,3,7,9,5,0,132,"{""relativeReattackFactor"":3.598334,""relativeReattackMinDelta"":0.011317,""relativeFluxFactor"":1.4,""spectralNoveltyRatio"":3.198664,""spectralNoveltyMinBins"":36,""cooldownFrames"":4,""confirmedRmsFactor"":1.287271,""confirmedRmsMinDelta"":0.003534,""confirmedFluxFactor"":1.343557,""confirmedMinFlux"":0.017292,""confirmedMinBandRatio"":0.04424,""confirmedSpectralNoveltyMinBins"":29,""cooldownOverrideFactor"":3.890696,""cooldownOverrideMinFlux"":0.013455,""cooldownOverrideMinBandRatio"":0.081697,""analyzeIntervalMs"":48}"
65,r002-0008-8b0cf2d5,2,-314,2,3,28,2,4,158,"{""relativeReattackFactor"":2.930042,""relativeReattackMinDelta"":0.012004,""relativeFluxFactor"":1.4,""spectralNoveltyRatio"":3.70071,""spectralNoveltyMinBins"":26,""cooldownFrames"":3,""confirmedRmsFactor"":1.576658,""confirmedRmsMinDelta"":0.007735,""confirmedFluxFactor"":1.516152,""confirmedMinFlux"":0.015625,""confirmedMinBandRatio"":0.038652,""confirmedSpectralNoveltyMinBins"":32,""cooldownOverrideFactor"":4.856955,""cooldownOverrideMinFlux"":0.007191,""cooldownOverrideMinBandRatio"":0.02,""analyzeIntervalMs"":34}"
66,r003-0070-3755ddbe,3,-321,2,4,17,3,2,147,"{""relativeReattackFactor"":2.534803,""relativeReattackMinDelta"":0.014585,""relativeFluxFactor"":1.639825,""spectralNoveltyRatio"":1.662436,""spectralNoveltyMinBins"":20,""cooldownFrames"":4,""confirmedRmsFactor"":1.394018,""confirmedRmsMinDelta"":0.004059,""confirmedFluxFactor"":1.82659,""confirmedMinFlux"":0.013844,""confirmedMinBandRatio"":0.025813,""confirmedSpectralNoveltyMinBins"":27,""cooldownOverrideFactor"":4.800289,""cooldownOverrideMinFlux"":0.004791,""cooldownOverrideMinBandRatio"":0.09,""analyzeIntervalMs"":42}"
67,r003-0033-162b887c,3,-323,2,6,12,4,1,138,"{""relativeReattackFactor"":3.341918,""relativeReattackMinDelta"":0.009317,""relativeFluxFactor"":1.786302,""spectralNoveltyRatio"":4.938171,""spectralNoveltyMinBins"":13,""cooldownFrames"":3,""confirmedRmsFactor"":1.575231,""confirmedRmsMinDelta"":0.008867,""confirmedFluxFactor"":2.001257,""confirmedMinFlux"":0.005416,""confirmedMinBandRatio"":0.00737,""confirmedSpectralNoveltyMinBins"":6,""cooldownOverrideFactor"":2.300366,""cooldownOverrideMinFlux"":0.018178,""cooldownOverrideMinBandRatio"":0.078357,""analyzeIntervalMs"":42}"
68,r002-0042-88614f4e,2,-331,1,5,17,3,0,142,"{""relativeReattackFactor"":3.60472,""relativeReattackMinDelta"":0.004998,""relativeFluxFactor"":1.4,""spectralNoveltyRatio"":4.392983,""spectralNoveltyMinBins"":31,""cooldownFrames"":2,""confirmedRmsFactor"":2.013238,""confirmedRmsMinDelta"":0.006259,""confirmedFluxFactor"":1.947654,""confirmedMinFlux"":0.00473,""confirmedMinBandRatio"":0.034489,""confirmedSpectralNoveltyMinBins"":7,""cooldownOverrideFactor"":2.741424,""cooldownOverrideMinFlux"":0.023223,""cooldownOverrideMinBandRatio"":0.073697,""analyzeIntervalMs"":50}"
69,r002-0040-1c60c945,2,-337,2,4,22,3,2,149,"{""relativeReattackFactor"":2.59282,""relativeReattackMinDelta"":0.009905,""relativeFluxFactor"":1.515481,""spectralNoveltyRatio"":3.902448,""spectralNoveltyMinBins"":20,""cooldownFrames"":4,""confirmedRmsFactor"":1.942595,""confirmedRmsMinDelta"":0.006455,""confirmedFluxFactor"":1.760672,""confirmedMinFlux"":0.00411,""confirmedMinBandRatio"":0.048366,""confirmedSpectralNoveltyMinBins"":20,""cooldownOverrideFactor"":4.745354,""cooldownOverrideMinFlux"":0.017621,""cooldownOverrideMinBandRatio"":0.053505,""analyzeIntervalMs"":29}"
70,r002-0064-381b4fa1,2,-339,4,6,13,5,0,135,"{""relativeReattackFactor"":4,""relativeReattackMinDelta"":0.015889,""relativeFluxFactor"":2.565376,""spectralNoveltyRatio"":5.989059,""spectralNoveltyMinBins"":19,""cooldownFrames"":4,""confirmedRmsFactor"":1.778481,""confirmedRmsMinDelta"":0.011563,""confirmedFluxFactor"":1.438832,""confirmedMinFlux"":0.006372,""confirmedMinBandRatio"":0.030622,""confirmedSpectralNoveltyMinBins"":8,""cooldownOverrideFactor"":4.099702,""cooldownOverrideMinFlux"":0.018474,""cooldownOverrideMinBandRatio"":0.057759,""analyzeIntervalMs"":32}"
71,r003-0030-20f1b489,3,-343,1,6,14,4,0,140,"{""relativeReattackFactor"":3.240787,""relativeReattackMinDelta"":0.013011,""relativeFluxFactor"":1.4,""spectralNoveltyRatio"":2.377792,""spectralNoveltyMinBins"":24,""cooldownFrames"":4,""confirmedRmsFactor"":1.386267,""confirmedRmsMinDelta"":0.004425,""confirmedFluxFactor"":1.854931,""confirmedMinFlux"":0.013909,""confirmedMinBandRatio"":0.030105,""confirmedSpectralNoveltyMinBins"":24,""cooldownOverrideFactor"":4.560635,""cooldownOverrideMinFlux"":0.011425,""cooldownOverrideMinBandRatio"":0.079819,""analyzeIntervalMs"":44}"
72,r002-0061-90f54dd7,2,-344,1,5,19,3,2,146,"{""relativeReattackFactor"":2.650898,""relativeReattackMinDelta"":0.018225,""relativeFluxFactor"":1.4,""spectralNoveltyRatio"":1.5,""spectralNoveltyMinBins"":27,""cooldownFrames"":4,""confirmedRmsFactor"":1.482994,""confirmedRmsMinDelta"":0.002581,""confirmedFluxFactor"":2.100896,""confirmedMinFlux"":0.01502,""confirmedMinBandRatio"":0.025185,""confirmedSpectralNoveltyMinBins"":16,""cooldownOverrideFactor"":4.28225,""cooldownOverrideMinFlux"":0.008883,""cooldownOverrideMinBandRatio"":0.074201,""analyzeIntervalMs"":44}"
73,r003-0008-d6cfbf73,3,-350,2,4,19,3,3,150,"{""relativeReattackFactor"":2.983979,""relativeReattackMinDelta"":0.004,""relativeFluxFactor"":1.623229,""spectralNoveltyRatio"":3.883563,""spectralNoveltyMinBins"":6,""cooldownFrames"":3,""confirmedRmsFactor"":1.543171,""confirmedRmsMinDelta"":0.006191,""confirmedFluxFactor"":1.988147,""confirmedMinFlux"":0.0059,""confirmedMinBandRatio"":0.01661,""confirmedSpectralNoveltyMinBins"":3,""cooldownOverrideFactor"":2.22174,""cooldownOverrideMinFlux"":0.022419,""cooldownOverrideMinBandRatio"":0.080714,""analyzeIntervalMs"":42}"
74,r002-0072-6d133bc5,2,-352,2,3,31,2,3,163,"{""relativeReattackFactor"":3.337242,""relativeReattackMinDelta"":0.010573,""relativeFluxFactor"":1.458537,""spectralNoveltyRatio"":2.537048,""spectralNoveltyMinBins"":18,""cooldownFrames"":2,""confirmedRmsFactor"":2.079878,""confirmedRmsMinDelta"":0.009852,""confirmedFluxFactor"":2.4,""confirmedMinFlux"":0.005869,""confirmedMinBandRatio"":0.020672,""confirmedSpectralNoveltyMinBins"":9,""cooldownOverrideFactor"":1.8,""cooldownOverrideMinFlux"":0.025003,""cooldownOverrideMinBandRatio"":0.066285,""analyzeIntervalMs"":38}"
75,r003-0044-bab0d29e,3,-355,1,7,18,5,0,142,"{""relativeReattackFactor"":4,""relativeReattackMinDelta"":0.016887,""relativeFluxFactor"":1.4,""spectralNoveltyRatio"":4.101023,""spectralNoveltyMinBins"":32,""cooldownFrames"":3,""confirmedRmsFactor"":1.459417,""confirmedRmsMinDelta"":0.008562,""confirmedFluxFactor"":1.566602,""confirmedMinFlux"":0.02,""confirmedMinBandRatio"":0.04436,""confirmedSpectralNoveltyMinBins"":28,""cooldownOverrideFactor"":2.698236,""cooldownOverrideMinFlux"":0.004,""cooldownOverrideMinBandRatio"":0.036693,""analyzeIntervalMs"":31}"
76,r003-0009-0f91115a,3,-365,1,5,17,3,2,144,"{""relativeReattackFactor"":3.791847,""relativeReattackMinDelta"":0.019679,""relativeFluxFactor"":1.4,""spectralNoveltyRatio"":3.936158,""spectralNoveltyMinBins"":18,""cooldownFrames"":3,""confirmedRmsFactor"":1.594931,""confirmedRmsMinDelta"":0.006492,""confirmedFluxFactor"":1.337253,""confirmedMinFlux"":0.02,""confirmedMinBandRatio"":0.035457,""confirmedSpectralNoveltyMinBins"":21,""cooldownOverrideFactor"":3.082566,""cooldownOverrideMinFlux"":0.006715,""cooldownOverrideMinBandRatio"":0.025396,""analyzeIntervalMs"":29}"
77,r001-0025-70ed9d41,1,-369,1,6,12,4,0,136,"{""relativeReattackFactor"":3.864504,""relativeReattackMinDelta"":0.011592,""relativeFluxFactor"":1.728165,""spectralNoveltyRatio"":4.036585,""spectralNoveltyMinBins"":25,""cooldownFrames"":3,""confirmedRmsFactor"":1.958149,""confirmedRmsMinDelta"":0.008535,""confirmedFluxFactor"":2.187488,""confirmedMinFlux"":0.008724,""confirmedMinBandRatio"":0.020552,""confirmedSpectralNoveltyMinBins"":15,""cooldownOverrideFactor"":1.853826,""cooldownOverrideMinFlux"":0.022162,""cooldownOverrideMinBandRatio"":0.079599,""analyzeIntervalMs"":46}"
78,r002-0037-426b9914,2,-377,2,7,15,5,0,140,"{""relativeReattackFactor"":4,""relativeReattackMinDelta"":0.009988,""relativeFluxFactor"":1.706504,""spectralNoveltyRatio"":4.054881,""spectralNoveltyMinBins"":14,""cooldownFrames"":2,""confirmedRmsFactor"":2.130781,""confirmedRmsMinDelta"":0.005039,""confirmedFluxFactor"":1.835247,""confirmedMinFlux"":0.008085,""confirmedMinBandRatio"":0.015657,""confirmedSpectralNoveltyMinBins"":18,""cooldownOverrideFactor"":2.650624,""cooldownOverrideMinFlux"":0.025648,""cooldownOverrideMinBandRatio"":0.09,""analyzeIntervalMs"":44}"
79,r001-0032-a5f1eb84,1,-379,1,6,16,4,0,141,"{""relativeReattackFactor"":3.167596,""relativeReattackMinDelta"":0.018268,""relativeFluxFactor"":1.747915,""spectralNoveltyRatio"":4.474342,""spectralNoveltyMinBins"":26,""cooldownFrames"":3,""confirmedRmsFactor"":1.894061,""confirmedRmsMinDelta"":0.00482,""confirmedFluxFactor"":1.210948,""confirmedMinFlux"":0.016285,""confirmedMinBandRatio"":0.044244,""confirmedSpectralNoveltyMinBins"":30,""cooldownOverrideFactor"":4.04322,""cooldownOverrideMinFlux"":0.006032,""cooldownOverrideMinBandRatio"":0.030656,""analyzeIntervalMs"":35}"
80,r003-0063-68d92a03,3,-387,1,6,17,4,0,145,"{""relativeReattackFactor"":2.617665,""relativeReattackMinDelta"":0.007983,""relativeFluxFactor"":1.528156,""spectralNoveltyRatio"":4.675599,""spectralNoveltyMinBins"":18,""cooldownFrames"":3,""confirmedRmsFactor"":1.840688,""confirmedRmsMinDelta"":0.006777,""confirmedFluxFactor"":1.901295,""confirmedMinFlux"":0.004492,""confirmedMinBandRatio"":0.012547,""confirmedSpectralNoveltyMinBins"":2,""cooldownOverrideFactor"":1.8,""cooldownOverrideMinFlux"":0.025929,""cooldownOverrideMinBandRatio"":0.09,""analyzeIntervalMs"":40}"
81,r002-0017-61ec48db,2,-388,2,8,9,6,0,132,"{""relativeReattackFactor"":3.212818,""relativeReattackMinDelta"":0.004538,""relativeFluxFactor"":1.513069,""spectralNoveltyRatio"":2.76894,""spectralNoveltyMinBins"":30,""cooldownFrames"":3,""confirmedRmsFactor"":2.105796,""confirmedRmsMinDelta"":0.006289,""confirmedFluxFactor"":1.866337,""confirmedMinFlux"":0.010981,""confirmedMinBandRatio"":0.019589,""confirmedSpectralNoveltyMinBins"":6,""cooldownOverrideFactor"":1.8,""cooldownOverrideMinFlux"":0.029066,""cooldownOverrideMinBandRatio"":0.058057,""analyzeIntervalMs"":44}"
82,r002-0014-8bb14680,2,-389,3,3,24,2,3,154,"{""relativeReattackFactor"":3.159397,""relativeReattackMinDelta"":0.012096,""relativeFluxFactor"":1.4,""spectralNoveltyRatio"":5.178686,""spectralNoveltyMinBins"":12,""cooldownFrames"":4,""confirmedRmsFactor"":1.750663,""confirmedRmsMinDelta"":0.012,""confirmedFluxFactor"":1.554538,""confirmedMinFlux"":0.004249,""confirmedMinBandRatio"":0.048515,""confirmedSpectralNoveltyMinBins"":7,""cooldownOverrideFactor"":3.208367,""cooldownOverrideMinFlux"":0.013186,""cooldownOverrideMinBandRatio"":0.02,""analyzeIntervalMs"":36}"
83,r002-0075-82556355,2,-391,2,7,9,5,0,135,"{""relativeReattackFactor"":2.869136,""relativeReattackMinDelta"":0.012857,""relativeFluxFactor"":1.887771,""spectralNoveltyRatio"":4.113692,""spectralNoveltyMinBins"":21,""cooldownFrames"":4,""confirmedRmsFactor"":2.094013,""confirmedRmsMinDelta"":0.004569,""confirmedFluxFactor"":1.3688,""confirmedMinFlux"":0.003,""confirmedMinBandRatio"":0.040425,""confirmedSpectralNoveltyMinBins"":9,""cooldownOverrideFactor"":4.910527,""cooldownOverrideMinFlux"":0.007497,""cooldownOverrideMinBandRatio"":0.073282,""analyzeIntervalMs"":40}"
84,r003-0048-c361fc26,3,-394,2,4,31,3,3,160,"{""relativeReattackFactor"":3.167604,""relativeReattackMinDelta"":0.0071,""relativeFluxFactor"":1.767645,""spectralNoveltyRatio"":4.141477,""spectralNoveltyMinBins"":10,""cooldownFrames"":3,""confirmedRmsFactor"":1.577647,""confirmedRmsMinDelta"":0.007182,""confirmedFluxFactor"":1.752833,""confirmedMinFlux"":0.005799,""confirmedMinBandRatio"":0.00816,""confirmedSpectralNoveltyMinBins"":2,""cooldownOverrideFactor"":1.922359,""cooldownOverrideMinFlux"":0.025693,""cooldownOverrideMinBandRatio"":0.09,""analyzeIntervalMs"":38}"
85,r003-0014-816bdf60,3,-404,1,5,21,3,3,148,"{""relativeReattackFactor"":4,""relativeReattackMinDelta"":0.023094,""relativeFluxFactor"":1.4,""spectralNoveltyRatio"":4.611173,""spectralNoveltyMinBins"":21,""cooldownFrames"":3,""confirmedRmsFactor"":1.58782,""confirmedRmsMinDelta"":0.006739,""confirmedFluxFactor"":1.394575,""confirmedMinFlux"":0.019058,""confirmedMinBandRatio"":0.039637,""confirmedSpectralNoveltyMinBins"":28,""cooldownOverrideFactor"":2.837332,""cooldownOverrideMinFlux"":0.004192,""cooldownOverrideMinBandRatio"":0.040873,""analyzeIntervalMs"":34}"
86,r002-0054-920e4d7c,2,-404,2,7,7,5,0,131,"{""relativeReattackFactor"":3.949764,""relativeReattackMinDelta"":0.013517,""relativeFluxFactor"":2.363208,""spectralNoveltyRatio"":4.778887,""spectralNoveltyMinBins"":23,""cooldownFrames"":4,""confirmedRmsFactor"":1.832307,""confirmedRmsMinDelta"":0.008991,""confirmedFluxFactor"":1.689323,""confirmedMinFlux"":0.005484,""confirmedMinBandRatio"":0.05,""confirmedSpectralNoveltyMinBins"":8,""cooldownOverrideFactor"":3.489296,""cooldownOverrideMinFlux"":0.019775,""cooldownOverrideMinBandRatio"":0.02,""analyzeIntervalMs"":35}"
87,r003-0006-ec5c1ee7,3,-404,3,9,3,7,0,121,"{""relativeReattackFactor"":3.581961,""relativeReattackMinDelta"":0.015793,""relativeFluxFactor"":1.4,""spectralNoveltyRatio"":2.701237,""spectralNoveltyMinBins"":50,""cooldownFrames"":4,""confirmedRmsFactor"":1.15,""confirmedRmsMinDelta"":0.002,""confirmedFluxFactor"":1.11894,""confirmedMinFlux"":0.02,""confirmedMinBandRatio"":0.035951,""confirmedSpectralNoveltyMinBins"":20,""cooldownOverrideFactor"":3.807529,""cooldownOverrideMinFlux"":0.017378,""cooldownOverrideMinBandRatio"":0.074773,""analyzeIntervalMs"":49}"
88,r003-0073-c4c088df,3,-406,2,3,21,2,2,151,"{""relativeReattackFactor"":3.252324,""relativeReattackMinDelta"":0.009053,""relativeFluxFactor"":1.4,""spectralNoveltyRatio"":3.542619,""spectralNoveltyMinBins"":9,""cooldownFrames"":3,""confirmedRmsFactor"":1.733775,""confirmedRmsMinDelta"":0.008893,""confirmedFluxFactor"":1.759355,""confirmedMinFlux"":0.008575,""confirmedMinBandRatio"":0.020002,""confirmedSpectralNoveltyMinBins"":2,""cooldownOverrideFactor"":1.834231,""cooldownOverrideMinFlux"":0.022524,""cooldownOverrideMinBandRatio"":0.09,""analyzeIntervalMs"":45}"
89,r003-0039-9062c314,3,-410,1,5,23,3,3,150,"{""relativeReattackFactor"":4,""relativeReattackMinDelta"":0.02325,""relativeFluxFactor"":1.4,""spectralNoveltyRatio"":4.346747,""spectralNoveltyMinBins"":19,""cooldownFrames"":3,""confirmedRmsFactor"":1.445689,""confirmedRmsMinDelta"":0.007414,""confirmedFluxFactor"":1.218574,""confirmedMinFlux"":0.02,""confirmedMinBandRatio"":0.047045,""confirmedSpectralNoveltyMinBins"":23,""cooldownOverrideFactor"":2.712149,""cooldownOverrideMinFlux"":0.004,""cooldownOverrideMinBandRatio"":0.026651,""analyzeIntervalMs"":34}"
90,r003-0028-850baa31,3,-415,2,3,24,2,2,154,"{""relativeReattackFactor"":3.352671,""relativeReattackMinDelta"":0.007005,""relativeFluxFactor"":1.4,""spectralNoveltyRatio"":3.512154,""spectralNoveltyMinBins"":6,""cooldownFrames"":3,""confirmedRmsFactor"":1.566279,""confirmedRmsMinDelta"":0.008316,""confirmedFluxFactor"":1.898166,""confirmedMinFlux"":0.007894,""confirmedMinBandRatio"":0.008986,""confirmedSpectralNoveltyMinBins"":2,""cooldownOverrideFactor"":2.116643,""cooldownOverrideMinFlux"":0.020008,""cooldownOverrideMinBandRatio"":0.086791,""analyzeIntervalMs"":45}"
91,r002-0024-6a439067,2,-420,3,6,18,5,0,144,"{""relativeReattackFactor"":4,""relativeReattackMinDelta"":0.008701,""relativeFluxFactor"":2.927921,""spectralNoveltyRatio"":5.653049,""spectralNoveltyMinBins"":8,""cooldownFrames"":4,""confirmedRmsFactor"":1.869626,""confirmedRmsMinDelta"":0.008202,""confirmedFluxFactor"":2.089231,""confirmedMinFlux"":0.008065,""confirmedMinBandRatio"":0.05,""confirmedSpectralNoveltyMinBins"":7,""cooldownOverrideFactor"":2.611962,""cooldownOverrideMinFlux"":0.021191,""cooldownOverrideMinBandRatio"":0.055036,""analyzeIntervalMs"":32}"
92,r003-0040-05ac05c4,3,-426,1,6,16,4,2,142,"{""relativeReattackFactor"":2.749678,""relativeReattackMinDelta"":0.017523,""relativeFluxFactor"":1.724059,""spectralNoveltyRatio"":1.574377,""spectralNoveltyMinBins"":12,""cooldownFrames"":4,""confirmedRmsFactor"":1.393056,""confirmedRmsMinDelta"":0.00653,""confirmedFluxFactor"":1.806303,""confirmedMinFlux"":0.016174,""confirmedMinBandRatio"":0.034205,""confirmedSpectralNoveltyMinBins"":29,""cooldownOverrideFactor"":4.713326,""cooldownOverrideMinFlux"":0.004944,""cooldownOverrideMinBandRatio"":0.073348,""analyzeIntervalMs"":44}"
93,r003-0029-517757df,3,-427,1,6,17,4,2,141,"{""relativeReattackFactor"":3.837524,""relativeReattackMinDelta"":0.019541,""relativeFluxFactor"":1.4,""spectralNoveltyRatio"":4.419671,""spectralNoveltyMinBins"":24,""cooldownFrames"":3,""confirmedRmsFactor"":1.696452,""confirmedRmsMinDelta"":0.006932,""confirmedFluxFactor"":1.093572,""confirmedMinFlux"":0.02,""confirmedMinBandRatio"":0.044973,""confirmedSpectralNoveltyMinBins"":25,""cooldownOverrideFactor"":2.629162,""cooldownOverrideMinFlux"":0.004,""cooldownOverrideMinBandRatio"":0.027209,""analyzeIntervalMs"":29}"
94,r003-0026-09cd1d55,3,-428,5,10,3,8,0,121,"{""relativeReattackFactor"":3.993277,""relativeReattackMinDelta"":0.010895,""relativeFluxFactor"":1.929911,""spectralNoveltyRatio"":2.690511,""spectralNoveltyMinBins"":45,""cooldownFrames"":4,""confirmedRmsFactor"":1.15,""confirmedRmsMinDelta"":0.002,""confirmedFluxFactor"":1.538388,""confirmedMinFlux"":0.016206,""confirmedMinBandRatio"":0.040466,""confirmedSpectralNoveltyMinBins"":20,""cooldownOverrideFactor"":3.72149,""cooldownOverrideMinFlux"":0.009085,""cooldownOverrideMinBandRatio"":0.064551,""analyzeIntervalMs"":48}"
95,r001-0056-01acc5da,1,-429,3,6,19,5,0,149,"{""relativeReattackFactor"":3.704661,""relativeReattackMinDelta"":0.01071,""relativeFluxFactor"":2.40069,""spectralNoveltyRatio"":5.230295,""spectralNoveltyMinBins"":7,""cooldownFrames"":4,""confirmedRmsFactor"":1.517772,""confirmedRmsMinDelta"":0.010252,""confirmedFluxFactor"":1.835032,""confirmedMinFlux"":0.009881,""confirmedMinBandRatio"":0.04425,""confirmedSpectralNoveltyMinBins"":3,""cooldownOverrideFactor"":3.224743,""cooldownOverrideMinFlux"":0.020265,""cooldownOverrideMinBandRatio"":0.033424,""analyzeIntervalMs"":28}"
96,r001-0037-18d74b3b,1,-429,3,6,20,5,0,147,"{""relativeReattackFactor"":2.755086,""relativeReattackMinDelta"":0.006962,""relativeFluxFactor"":2.64588,""spectralNoveltyRatio"":3.44586,""spectralNoveltyMinBins"":22,""cooldownFrames"":4,""confirmedRmsFactor"":2.036604,""confirmedRmsMinDelta"":0.004112,""confirmedFluxFactor"":1.398656,""confirmedMinFlux"":0.004114,""confirmedMinBandRatio"":0.048324,""confirmedSpectralNoveltyMinBins"":17,""cooldownOverrideFactor"":4.484827,""cooldownOverrideMinFlux"":0.011718,""cooldownOverrideMinBandRatio"":0.05821,""analyzeIntervalMs"":36}"
97,r002-0050-34eb4224,2,-430,1,6,20,4,0,146,"{""relativeReattackFactor"":3.310645,""relativeReattackMinDelta"":0.004,""relativeFluxFactor"":2.183284,""spectralNoveltyRatio"":2.965468,""spectralNoveltyMinBins"":12,""cooldownFrames"":3,""confirmedRmsFactor"":1.980915,""confirmedRmsMinDelta"":0.004118,""confirmedFluxFactor"":1.705447,""confirmedMinFlux"":0.003,""confirmedMinBandRatio"":0.05,""confirmedSpectralNoveltyMinBins"":20,""cooldownOverrideFactor"":3.647688,""cooldownOverrideMinFlux"":0.020375,""cooldownOverrideMinBandRatio"":0.062907,""analyzeIntervalMs"":35}"
98,r002-0055-ae157fb6,2,-432,2,7,17,5,0,141,"{""relativeReattackFactor"":3.081247,""relativeReattackMinDelta"":0.011738,""relativeFluxFactor"":2.169424,""spectralNoveltyRatio"":4.887648,""spectralNoveltyMinBins"":20,""cooldownFrames"":4,""confirmedRmsFactor"":1.953901,""confirmedRmsMinDelta"":0.003256,""confirmedFluxFactor"":1.207206,""confirmedMinFlux"":0.006334,""confirmedMinBandRatio"":0.047042,""confirmedSpectralNoveltyMinBins"":17,""cooldownOverrideFactor"":4.339935,""cooldownOverrideMinFlux"":0.014155,""cooldownOverrideMinBandRatio"":0.060241,""analyzeIntervalMs"":33}"
99,r003-0057-39c8fb7c,3,-437,2,7,8,5,0,131,"{""relativeReattackFactor"":3.613131,""relativeReattackMinDelta"":0.013865,""relativeFluxFactor"":1.893319,""spectralNoveltyRatio"":2.928742,""spectralNoveltyMinBins"":30,""cooldownFrames"":4,""confirmedRmsFactor"":1.881373,""confirmedRmsMinDelta"":0.003729,""confirmedFluxFactor"":1.561494,""confirmedMinFlux"":0.016543,""confirmedMinBandRatio"":0.02127,""confirmedSpectralNoveltyMinBins"":30,""cooldownOverrideFactor"":4.105603,""cooldownOverrideMinFlux"":0.008544,""cooldownOverrideMinBandRatio"":0.078817,""analyzeIntervalMs"":45}"
100,r001-0010-7a16692e,1,-448,2,5,26,4,2,153,"{""relativeReattackFactor"":3.096987,""relativeReattackMinDelta"":0.014351,""relativeFluxFactor"":1.721014,""spectralNoveltyRatio"":4.140029,""spectralNoveltyMinBins"":24,""cooldownFrames"":2,""confirmedRmsFactor"":1.998564,""confirmedRmsMinDelta"":0.002779,""confirmedFluxFactor"":2.078755,""confirmedMinFlux"":0.00798,""confirmedMinBandRatio"":0.04329,""confirmedSpectralNoveltyMinBins"":5,""cooldownOverrideFactor"":2.503452,""cooldownOverrideMinFlux"":0.009832,""cooldownOverrideMinBandRatio"":0.064666,""analyzeIntervalMs"":34}"
101,r003-0017-f4ec8e22,3,-449,2,7,11,5,0,135,"{""relativeReattackFactor"":3.763455,""relativeReattackMinDelta"":0.016438,""relativeFluxFactor"":1.973696,""spectralNoveltyRatio"":3.422193,""spectralNoveltyMinBins"":17,""cooldownFrames"":4,""confirmedRmsFactor"":1.603631,""confirmedRmsMinDelta"":0.004184,""confirmedFluxFactor"":1.888505,""confirmedMinFlux"":0.018396,""confirmedMinBandRatio"":0.025666,""confirmedSpectralNoveltyMinBins"":32,""cooldownOverrideFactor"":4.550933,""cooldownOverrideMinFlux"":0.004,""cooldownOverrideMinBandRatio"":0.065651,""analyzeIntervalMs"":45}"
102,r002-0044-2d7cca45,2,-454,2,7,14,5,1,137,"{""relativeReattackFactor"":4,""relativeReattackMinDelta"":0.014746,""relativeFluxFactor"":2.188685,""spectralNoveltyRatio"":4.532504,""spectralNoveltyMinBins"":19,""cooldownFrames"":4,""confirmedRmsFactor"":1.179089,""confirmedRmsMinDelta"":0.008635,""confirmedFluxFactor"":1.847903,""confirmedMinFlux"":0.004842,""confirmedMinBandRatio"":0.029819,""confirmedSpectralNoveltyMinBins"":8,""cooldownOverrideFactor"":3.277545,""cooldownOverrideMinFlux"":0.011553,""cooldownOverrideMinBandRatio"":0.038158,""analyzeIntervalMs"":29}"
103,r003-0022-6fbdf790,3,-455,2,8,10,6,0,134,"{""relativeReattackFactor"":3.745256,""relativeReattackMinDelta"":0.010924,""relativeFluxFactor"":1.875114,""spectralNoveltyRatio"":3.433791,""spectralNoveltyMinBins"":20,""cooldownFrames"":4,""confirmedRmsFactor"":1.838133,""confirmedRmsMinDelta"":0.002,""confirmedFluxFactor"":1.751335,""confirmedMinFlux"":0.016847,""confirmedMinBandRatio"":0.028209,""confirmedSpectralNoveltyMinBins"":24,""cooldownOverrideFactor"":3.93117,""cooldownOverrideMinFlux"":0.004,""cooldownOverrideMinBandRatio"":0.072234,""analyzeIntervalMs"":44}"
104,r002-0023-1d3361aa,2,-461,2,7,15,5,0,140,"{""relativeReattackFactor"":3.883607,""relativeReattackMinDelta"":0.020898,""relativeFluxFactor"":2.138423,""spectralNoveltyRatio"":3.39742,""spectralNoveltyMinBins"":14,""cooldownFrames"":4,""confirmedRmsFactor"":1.751399,""confirmedRmsMinDelta"":0.006239,""confirmedFluxFactor"":1.679906,""confirmedMinFlux"":0.015422,""confirmedMinBandRatio"":0.048562,""confirmedSpectralNoveltyMinBins"":32,""cooldownOverrideFactor"":4.494877,""cooldownOverrideMinFlux"":0.004965,""cooldownOverrideMinBandRatio"":0.02,""analyzeIntervalMs"":39}"
105,r002-0048-81aa3cff,2,-465,3,10,6,8,0,125,"{""relativeReattackFactor"":3.146161,""relativeReattackMinDelta"":0.012288,""relativeFluxFactor"":1.4,""spectralNoveltyRatio"":5.284463,""spectralNoveltyMinBins"":43,""cooldownFrames"":3,""confirmedRmsFactor"":1.908862,""confirmedRmsMinDelta"":0.005095,""confirmedFluxFactor"":1.172961,""confirmedMinFlux"":0.012279,""confirmedMinBandRatio"":0.05,""confirmedSpectralNoveltyMinBins"":27,""cooldownOverrideFactor"":4.042984,""cooldownOverrideMinFlux"":0.013779,""cooldownOverrideMinBandRatio"":0.02,""analyzeIntervalMs"":40}"
106,r003-0045-b1a73f27,3,-468,1,7,13,5,0,139,"{""relativeReattackFactor"":2.86622,""relativeReattackMinDelta"":0.018748,""relativeFluxFactor"":2.161437,""spectralNoveltyRatio"":2.10253,""spectralNoveltyMinBins"":18,""cooldownFrames"":4,""confirmedRmsFactor"":1.368028,""confirmedRmsMinDelta"":0.00549,""confirmedFluxFactor"":1.710956,""confirmedMinFlux"":0.01444,""confirmedMinBandRatio"":0.027593,""confirmedSpectralNoveltyMinBins"":20,""cooldownOverrideFactor"":4.105014,""cooldownOverrideMinFlux"":0.010619,""cooldownOverrideMinBandRatio"":0.073982,""analyzeIntervalMs"":40}"
107,r004-0010-5d3d5364,4,-468,3,10,5,8,0,125,"{""relativeReattackFactor"":3.705511,""relativeReattackMinDelta"":0.013667,""relativeFluxFactor"":1.645867,""spectralNoveltyRatio"":3.251715,""spectralNoveltyMinBins"":30,""cooldownFrames"":4,""confirmedRmsFactor"":1.730115,""confirmedRmsMinDelta"":0.00396,""confirmedFluxFactor"":1.690662,""confirmedMinFlux"":0.017169,""confirmedMinBandRatio"":0.021969,""confirmedSpectralNoveltyMinBins"":30,""cooldownOverrideFactor"":4.024443,""cooldownOverrideMinFlux"":0.005002,""cooldownOverrideMinBandRatio"":0.063233,""analyzeIntervalMs"":44}"
108,r002-0032-82de5f88,2,-487,2,4,19,3,2,147,"{""relativeReattackFactor"":3.430156,""relativeReattackMinDelta"":0.014917,""relativeFluxFactor"":1.4,""spectralNoveltyRatio"":2.572187,""spectralNoveltyMinBins"":21,""cooldownFrames"":3,""confirmedRmsFactor"":1.929937,""confirmedRmsMinDelta"":0.007884,""confirmedFluxFactor"":2.378473,""confirmedMinFlux"":0.012848,""confirmedMinBandRatio"":0.011622,""confirmedSpectralNoveltyMinBins"":17,""cooldownOverrideFactor"":1.849911,""cooldownOverrideMinFlux"":0.024648,""cooldownOverrideMinBandRatio"":0.066046,""analyzeIntervalMs"":48}"
109,r001-0050-264ab803,1,-488,2,5,19,3,2,145,"{""relativeReattackFactor"":3.889905,""relativeReattackMinDelta"":0.012197,""relativeFluxFactor"":2.033787,""spectralNoveltyRatio"":5.078128,""spectralNoveltyMinBins"":16,""cooldownFrames"":3,""confirmedRmsFactor"":1.222837,""confirmedRmsMinDelta"":0.00659,""confirmedFluxFactor"":1.709643,""confirmedMinFlux"":0.014931,""confirmedMinBandRatio"":0.007809,""confirmedSpectralNoveltyMinBins"":18,""cooldownOverrideFactor"":3.792751,""cooldownOverrideMinFlux"":0.008206,""cooldownOverrideMinBandRatio"":0.084576,""analyzeIntervalMs"":33}"
110,r002-0058-a3a5469b,2,-490,1,8,12,6,0,134,"{""relativeReattackFactor"":3.429886,""relativeReattackMinDelta"":0.02015,""relativeFluxFactor"":1.4,""spectralNoveltyRatio"":5.105375,""spectralNoveltyMinBins"":32,""cooldownFrames"":2,""confirmedRmsFactor"":1.934231,""confirmedRmsMinDelta"":0.008254,""confirmedFluxFactor"":1.460136,""confirmedMinFlux"":0.015314,""confirmedMinBandRatio"":0.044306,""confirmedSpectralNoveltyMinBins"":27,""cooldownOverrideFactor"":4.851849,""cooldownOverrideMinFlux"":0.012488,""cooldownOverrideMinBandRatio"":0.02,""analyzeIntervalMs"":35}"
111,r002-0002-41c32ff9,2,-494,1,7,11,5,0,134,"{""relativeReattackFactor"":3.843538,""relativeReattackMinDelta"":0.011865,""relativeFluxFactor"":1.638272,""spectralNoveltyRatio"":3.650941,""spectralNoveltyMinBins"":33,""cooldownFrames"":3,""confirmedRmsFactor"":1.801721,""confirmedRmsMinDelta"":0.006838,""confirmedFluxFactor"":2.29592,""confirmedMinFlux"":0.006619,""confirmedMinBandRatio"":0.022066,""confirmedSpectralNoveltyMinBins"":14,""cooldownOverrideFactor"":2.765462,""cooldownOverrideMinFlux"":0.017832,""cooldownOverrideMinBandRatio"":0.073319,""analyzeIntervalMs"":50}"
112,r002-0057-d3cf6c7c,2,-497,4,9,2,7,0,121,"{""relativeReattackFactor"":4,""relativeReattackMinDelta"":0.012327,""relativeFluxFactor"":1.712077,""spectralNoveltyRatio"":2.722351,""spectralNoveltyMinBins"":40,""cooldownFrames"":4,""confirmedRmsFactor"":2.159379,""confirmedRmsMinDelta"":0.009499,""confirmedFluxFactor"":2.37819,""confirmedMinFlux"":0.014302,""confirmedMinBandRatio"":0.012904,""confirmedSpectralNoveltyMinBins"":13,""cooldownOverrideFactor"":1.8,""cooldownOverrideMinFlux"":0.026552,""cooldownOverrideMinBandRatio"":0.064623,""analyzeIntervalMs"":50}"
113,r002-0016-c5c04dd9,2,-518,1,7,19,5,0,144,"{""relativeReattackFactor"":3.200781,""relativeReattackMinDelta"":0.008773,""relativeFluxFactor"":2.148534,""spectralNoveltyRatio"":1.5,""spectralNoveltyMinBins"":22,""cooldownFrames"":4,""confirmedRmsFactor"":1.527817,""confirmedRmsMinDelta"":0.004544,""confirmedFluxFactor"":1.50669,""confirmedMinFlux"":0.00869,""confirmedMinBandRatio"":0.03081,""confirmedSpectralNoveltyMinBins"":20,""cooldownOverrideFactor"":5,""cooldownOverrideMinFlux"":0.011323,""cooldownOverrideMinBandRatio"":0.09,""analyzeIntervalMs"":39}"
114,r003-0012-35a62469,3,-522,2,8,6,6,0,127,"{""relativeReattackFactor"":4,""relativeReattackMinDelta"":0.016102,""relativeFluxFactor"":1.781995,""spectralNoveltyRatio"":4.049648,""spectralNoveltyMinBins"":24,""cooldownFrames"":4,""confirmedRmsFactor"":1.586075,""confirmedRmsMinDelta"":0.002,""confirmedFluxFactor"":1.941263,""confirmedMinFlux"":0.017053,""confirmedMinBandRatio"":0.02289,""confirmedSpectralNoveltyMinBins"":31,""cooldownOverrideFactor"":4.039435,""cooldownOverrideMinFlux"":0.007041,""cooldownOverrideMinBandRatio"":0.064444,""analyzeIntervalMs"":50}"
115,r003-0034-99a97db6,3,-525,2,8,12,6,1,136,"{""relativeReattackFactor"":4,""relativeReattackMinDelta"":0.018903,""relativeFluxFactor"":1.78449,""spectralNoveltyRatio"":3.214071,""spectralNoveltyMinBins"":28,""cooldownFrames"":3,""confirmedRmsFactor"":1.623768,""confirmedRmsMinDelta"":0.006759,""confirmedFluxFactor"":1.47527,""confirmedMinFlux"":0.02,""confirmedMinBandRatio"":0.035219,""confirmedSpectralNoveltyMinBins"":28,""cooldownOverrideFactor"":3.24562,""cooldownOverrideMinFlux"":0.004,""cooldownOverrideMinBandRatio"":0.041263,""analyzeIntervalMs"":27}"
116,r003-0015-36107ded,3,-527,1,7,23,5,0,148,"{""relativeReattackFactor"":2.605716,""relativeReattackMinDelta"":0.017375,""relativeFluxFactor"":2.126427,""spectralNoveltyRatio"":2.897575,""spectralNoveltyMinBins"":18,""cooldownFrames"":4,""confirmedRmsFactor"":1.282942,""confirmedRmsMinDelta"":0.005759,""confirmedFluxFactor"":1.708324,""confirmedMinFlux"":0.01164,""confirmedMinBandRatio"":0.035222,""confirmedSpectralNoveltyMinBins"":26,""cooldownOverrideFactor"":4.091834,""cooldownOverrideMinFlux"":0.011278,""cooldownOverrideMinBandRatio"":0.089741,""analyzeIntervalMs"":38}"
117,r003-0007-6caa42ea,3,-531,4,10,5,8,0,124,"{""relativeReattackFactor"":3.993167,""relativeReattackMinDelta"":0.013511,""relativeFluxFactor"":1.968134,""spectralNoveltyRatio"":3.922949,""spectralNoveltyMinBins"":33,""cooldownFrames"":4,""confirmedRmsFactor"":1.540185,""confirmedRmsMinDelta"":0.00221,""confirmedFluxFactor"":1.905887,""confirmedMinFlux"":0.018999,""confirmedMinBandRatio"":0.033984,""confirmedSpectralNoveltyMinBins"":23,""cooldownOverrideFactor"":3.615586,""cooldownOverrideMinFlux"":0.008266,""cooldownOverrideMinBandRatio"":0.073799,""analyzeIntervalMs"":45}"
118,r003-0080-5ede0901,3,-541,2,3,25,2,4,155,"{""relativeReattackFactor"":3.322442,""relativeReattackMinDelta"":0.016018,""relativeFluxFactor"":1.4,""spectralNoveltyRatio"":2.904644,""spectralNoveltyMinBins"":13,""cooldownFrames"":4,""confirmedRmsFactor"":1.228066,""confirmedRmsMinDelta"":0.003608,""confirmedFluxFactor"":1.510602,""confirmedMinFlux"":0.01274,""confirmedMinBandRatio"":0.038006,""confirmedSpectralNoveltyMinBins"":23,""cooldownOverrideFactor"":4.425405,""cooldownOverrideMinFlux"":0.004897,""cooldownOverrideMinBandRatio"":0.085018,""analyzeIntervalMs"":39}"
119,r003-0050-42fc42b9,3,-559,1,8,13,6,0,137,"{""relativeReattackFactor"":3.308231,""relativeReattackMinDelta"":0.018861,""relativeFluxFactor"":1.837099,""spectralNoveltyRatio"":2.827103,""spectralNoveltyMinBins"":26,""cooldownFrames"":4,""confirmedRmsFactor"":1.516525,""confirmedRmsMinDelta"":0.003778,""confirmedFluxFactor"":1.906759,""confirmedMinFlux"":0.011367,""confirmedMinBandRatio"":0.030199,""confirmedSpectralNoveltyMinBins"":27,""cooldownOverrideFactor"":4.489833,""cooldownOverrideMinFlux"":0.00626,""cooldownOverrideMinBandRatio"":0.071972,""analyzeIntervalMs"":39}"
120,r002-0056-615bb6e0,2,-559,2,7,17,6,0,142,"{""relativeReattackFactor"":3.344191,""relativeReattackMinDelta"":0.02104,""relativeFluxFactor"":2.15047,""spectralNoveltyRatio"":2.414853,""spectralNoveltyMinBins"":6,""cooldownFrames"":3,""confirmedRmsFactor"":1.59277,""confirmedRmsMinDelta"":0.00708,""confirmedFluxFactor"":1.724386,""confirmedMinFlux"":0.01378,""confirmedMinBandRatio"":0.02845,""confirmedSpectralNoveltyMinBins"":32,""cooldownOverrideFactor"":4.70073,""cooldownOverrideMinFlux"":0.00992,""cooldownOverrideMinBandRatio"":0.077984,""analyzeIntervalMs"":49}"
121,r003-0041-8e939dc9,3,-559,4,10,2,8,0,119,"{""relativeReattackFactor"":4,""relativeReattackMinDelta"":0.012031,""relativeFluxFactor"":1.835588,""spectralNoveltyRatio"":2.025729,""spectralNoveltyMinBins"":47,""cooldownFrames"":4,""confirmedRmsFactor"":1.15,""confirmedRmsMinDelta"":0.002264,""confirmedFluxFactor"":1.455877,""confirmedMinFlux"":0.015619,""confirmedMinBandRatio"":0.040618,""confirmedSpectralNoveltyMinBins"":19,""cooldownOverrideFactor"":3.824043,""cooldownOverrideMinFlux"":0.016111,""cooldownOverrideMinBandRatio"":0.077174,""analyzeIntervalMs"":50}"
122,r002-0036-aecc0074,2,-560,1,5,30,3,3,157,"{""relativeReattackFactor"":2.317659,""relativeReattackMinDelta"":0.020743,""relativeFluxFactor"":1.912098,""spectralNoveltyRatio"":2.796367,""spectralNoveltyMinBins"":36,""cooldownFrames"":4,""confirmedRmsFactor"":1.631596,""confirmedRmsMinDelta"":0.007952,""confirmedFluxFactor"":1.546915,""confirmedMinFlux"":0.01376,""confirmedMinBandRatio"":0.024182,""confirmedSpectralNoveltyMinBins"":20,""cooldownOverrideFactor"":4.732399,""cooldownOverrideMinFlux"":0.016665,""cooldownOverrideMinBandRatio"":0.09,""analyzeIntervalMs"":34}"
123,r002-0021-7cb1d51d,2,-561,1,7,26,5,1,151,"{""relativeReattackFactor"":2.488204,""relativeReattackMinDelta"":0.018264,""relativeFluxFactor"":2.215021,""spectralNoveltyRatio"":1.5,""spectralNoveltyMinBins"":21,""cooldownFrames"":4,""confirmedRmsFactor"":1.67014,""confirmedRmsMinDelta"":0.00796,""confirmedFluxFactor"":1.606871,""confirmedMinFlux"":0.018186,""confirmedMinBandRatio"":0.03708,""confirmedSpectralNoveltyMinBins"":31,""cooldownOverrideFactor"":5,""cooldownOverrideMinFlux"":0.0099,""cooldownOverrideMinBandRatio"":0.088572,""analyzeIntervalMs"":38}"
124,r002-0066-a422c2a1,2,-562,3,11,6,9,0,124,"{""relativeReattackFactor"":3.299722,""relativeReattackMinDelta"":0.017558,""relativeFluxFactor"":1.790829,""spectralNoveltyRatio"":2.769538,""spectralNoveltyMinBins"":32,""cooldownFrames"":4,""confirmedRmsFactor"":1.749549,""confirmedRmsMinDelta"":0.002,""confirmedFluxFactor"":1.582448,""confirmedMinFlux"":0.011645,""confirmedMinBandRatio"":0.025103,""confirmedSpectralNoveltyMinBins"":32,""cooldownOverrideFactor"":5,""cooldownOverrideMinFlux"":0.004,""cooldownOverrideMinBandRatio"":0.072525,""analyzeIntervalMs"":44}"
125,r002-0012-d920428d,2,-575,1,4,30,2,3,159,"{""relativeReattackFactor"":3.070444,""relativeReattackMinDelta"":0.014975,""relativeFluxFactor"":1.4,""spectralNoveltyRatio"":4.969815,""spectralNoveltyMinBins"":13,""cooldownFrames"":3,""confirmedRmsFactor"":1.760696,""confirmedRmsMinDelta"":0.005076,""confirmedFluxFactor"":2.233413,""confirmedMinFlux"":0.003,""confirmedMinBandRatio"":0.033183,""confirmedSpectralNoveltyMinBins"":24,""cooldownOverrideFactor"":1.8,""cooldownOverrideMinFlux"":0.017039,""cooldownOverrideMinBandRatio"":0.079195,""analyzeIntervalMs"":43}"
126,r002-0028-5d13b8b2,2,-590,1,8,16,6,1,139,"{""relativeReattackFactor"":3.030264,""relativeReattackMinDelta"":0.013117,""relativeFluxFactor"":2.468762,""spectralNoveltyRatio"":5.967918,""spectralNoveltyMinBins"":26,""cooldownFrames"":3,""confirmedRmsFactor"":1.734407,""confirmedRmsMinDelta"":0.004642,""confirmedFluxFactor"":1.51532,""confirmedMinFlux"":0.015613,""confirmedMinBandRatio"":0.039917,""confirmedSpectralNoveltyMinBins"":21,""cooldownOverrideFactor"":4.418536,""cooldownOverrideMinFlux"":0.004,""cooldownOverrideMinBandRatio"":0.040513,""analyzeIntervalMs"":30}"
127,r002-0030-f7d7db36,2,-591,1,7,22,5,2,147,"{""relativeReattackFactor"":2.153291,""relativeReattackMinDelta"":0.004819,""relativeFluxFactor"":2.3494,""spectralNoveltyRatio"":3.362135,""spectralNoveltyMinBins"":32,""cooldownFrames"":4,""confirmedRmsFactor"":2.067301,""confirmedRmsMinDelta"":0.002,""confirmedFluxFactor"":1,""confirmedMinFlux"":0.004182,""confirmedMinBandRatio"":0.040796,""confirmedSpectralNoveltyMinBins"":9,""cooldownOverrideFactor"":4.273198,""cooldownOverrideMinFlux"":0.007974,""cooldownOverrideMinBandRatio"":0.077424,""analyzeIntervalMs"":37}"
128,r003-0031-1c18fc07,3,-592,3,12,5,10,0,120,"{""relativeReattackFactor"":3.72425,""relativeReattackMinDelta"":0.016708,""relativeFluxFactor"":1.4,""spectralNoveltyRatio"":3.15716,""spectralNoveltyMinBins"":41,""cooldownFrames"":4,""confirmedRmsFactor"":1.15,""confirmedRmsMinDelta"":0.002,""confirmedFluxFactor"":1.134799,""confirmedMinFlux"":0.02,""confirmedMinBandRatio"":0.049938,""confirmedSpectralNoveltyMinBins"":19,""cooldownOverrideFactor"":4.591465,""cooldownOverrideMinFlux"":0.01228,""cooldownOverrideMinBandRatio"":0.077042,""analyzeIntervalMs"":44}"
129,r003-0036-bb721dba,3,-592,3,12,5,10,0,121,"{""relativeReattackFactor"":3.727598,""relativeReattackMinDelta"":0.016187,""relativeFluxFactor"":1.482356,""spectralNoveltyRatio"":2.529523,""spectralNoveltyMinBins"":42,""cooldownFrames"":4,""confirmedRmsFactor"":1.15,""confirmedRmsMinDelta"":0.002,""confirmedFluxFactor"":1.203689,""confirmedMinFlux"":0.02,""confirmedMinBandRatio"":0.043686,""confirmedSpectralNoveltyMinBins"":23,""cooldownOverrideFactor"":4.579893,""cooldownOverrideMinFlux"":0.014642,""cooldownOverrideMinBandRatio"":0.07129,""analyzeIntervalMs"":44}"
130,r003-0047-4c9ab97e,3,-593,3,12,6,10,0,123,"{""relativeReattackFactor"":3.970726,""relativeReattackMinDelta"":0.016158,""relativeFluxFactor"":1.4,""spectralNoveltyRatio"":3.866834,""spectralNoveltyMinBins"":30,""cooldownFrames"":4,""confirmedRmsFactor"":1.693012,""confirmedRmsMinDelta"":0.002466,""confirmedFluxFactor"":1.660887,""confirmedMinFlux"":0.017536,""confirmedMinBandRatio"":0.023271,""confirmedSpectralNoveltyMinBins"":28,""cooldownOverrideFactor"":3.775008,""cooldownOverrideMinFlux"":0.004,""cooldownOverrideMinBandRatio"":0.057684,""analyzeIntervalMs"":44}"
131,r002-0015-c5497cec,2,-596,3,0,36,0,8,173,"{""relativeReattackFactor"":2.537499,""relativeReattackMinDelta"":0.004,""relativeFluxFactor"":1.4,""spectralNoveltyRatio"":2.842297,""spectralNoveltyMinBins"":21,""cooldownFrames"":3,""confirmedRmsFactor"":1.76176,""confirmedRmsMinDelta"":0.007188,""confirmedFluxFactor"":1.544762,""confirmedMinFlux"":0.003,""confirmedMinBandRatio"":0.05,""confirmedSpectralNoveltyMinBins"":27,""cooldownOverrideFactor"":4.085489,""cooldownOverrideMinFlux"":0.01653,""cooldownOverrideMinBandRatio"":0.080378,""analyzeIntervalMs"":30}"
132,r002-0010-9411ac16,2,-596,1,6,24,4,2,150,"{""relativeReattackFactor"":2.868872,""relativeReattackMinDelta"":0.004634,""relativeFluxFactor"":3.249273,""spectralNoveltyRatio"":2.311695,""spectralNoveltyMinBins"":19,""cooldownFrames"":4,""confirmedRmsFactor"":2.154334,""confirmedRmsMinDelta"":0.003269,""confirmedFluxFactor"":1.604614,""confirmedMinFlux"":0.003,""confirmedMinBandRatio"":0.033846,""confirmedSpectralNoveltyMinBins"":27,""cooldownOverrideFactor"":4.919557,""cooldownOverrideMinFlux"":0.00772,""cooldownOverrideMinBandRatio"":0.063555,""analyzeIntervalMs"":30}"
133,r003-0011-832b1a7b,3,-601,5,11,1,9,0,117,"{""relativeReattackFactor"":3.950967,""relativeReattackMinDelta"":0.013839,""relativeFluxFactor"":1.967174,""spectralNoveltyRatio"":2.810597,""spectralNoveltyMinBins"":43,""cooldownFrames"":4,""confirmedRmsFactor"":1.244117,""confirmedRmsMinDelta"":0.002,""confirmedFluxFactor"":1.338237,""confirmedMinFlux"":0.019414,""confirmedMinBandRatio"":0.038142,""confirmedSpectralNoveltyMinBins"":21,""cooldownOverrideFactor"":4.116039,""cooldownOverrideMinFlux"":0.014369,""cooldownOverrideMinBandRatio"":0.07819,""analyzeIntervalMs"":50}"
134,r002-0035-dea6b949,2,-604,2,9,12,7,0,132,"{""relativeReattackFactor"":3.267267,""relativeReattackMinDelta"":0.007829,""relativeFluxFactor"":3.451625,""spectralNoveltyRatio"":4.686205,""spectralNoveltyMinBins"":22,""cooldownFrames"":4,""confirmedRmsFactor"":1.805411,""confirmedRmsMinDelta"":0.002,""confirmedFluxFactor"":1,""confirmedMinFlux"":0.005838,""confirmedMinBandRatio"":0.05,""confirmedSpectralNoveltyMinBins"":8,""cooldownOverrideFactor"":4.209086,""cooldownOverrideMinFlux"":0.007339,""cooldownOverrideMinBandRatio"":0.07212,""analyzeIntervalMs"":28}"
135,r001-0079-e3148a1b,1,-608,2,5,19,4,3,147,"{""relativeReattackFactor"":3.955412,""relativeReattackMinDelta"":0.005743,""relativeFluxFactor"":2.442357,""spectralNoveltyRatio"":3.033102,""spectralNoveltyMinBins"":21,""cooldownFrames"":2,""confirmedRmsFactor"":2.110586,""confirmedRmsMinDelta"":0.00785,""confirmedFluxFactor"":1.562877,""confirmedMinFlux"":0.010379,""confirmedMinBandRatio"":0.032581,""confirmedSpectralNoveltyMinBins"":30,""cooldownOverrideFactor"":2.227716,""cooldownOverrideMinFlux"":0.009292,""cooldownOverrideMinBandRatio"":0.059123,""analyzeIntervalMs"":27}"
136,r002-0053-2bffd44b,2,-611,2,10,10,8,0,131,"{""relativeReattackFactor"":3.148257,""relativeReattackMinDelta"":0.024684,""relativeFluxFactor"":2.544418,""spectralNoveltyRatio"":2.953412,""spectralNoveltyMinBins"":38,""cooldownFrames"":3,""confirmedRmsFactor"":1.672585,""confirmedRmsMinDelta"":0.006485,""confirmedFluxFactor"":1,""confirmedMinFlux"":0.02,""confirmedMinBandRatio"":0.031363,""confirmedSpectralNoveltyMinBins"":24,""cooldownOverrideFactor"":3.765642,""cooldownOverrideMinFlux"":0.004,""cooldownOverrideMinBandRatio"":0.02,""analyzeIntervalMs"":35}"
137,r002-0033-5d514f3a,2,-615,2,11,12,9,0,133,"{""relativeReattackFactor"":2.738505,""relativeReattackMinDelta"":0.016757,""relativeFluxFactor"":1.4,""spectralNoveltyRatio"":5.127706,""spectralNoveltyMinBins"":45,""cooldownFrames"":3,""confirmedRmsFactor"":1.619754,""confirmedRmsMinDelta"":0.002,""confirmedFluxFactor"":1.449298,""confirmedMinFlux"":0.01991,""confirmedMinBandRatio"":0.043587,""confirmedSpectralNoveltyMinBins"":28,""cooldownOverrideFactor"":3.301472,""cooldownOverrideMinFlux"":0.004,""cooldownOverrideMinBandRatio"":0.02,""analyzeIntervalMs"":37}"
138,r001-0019-13dc1567,1,-620,1,8,22,6,0,147,"{""relativeReattackFactor"":1.97382,""relativeReattackMinDelta"":0.01696,""relativeFluxFactor"":2.654903,""spectralNoveltyRatio"":2.206608,""spectralNoveltyMinBins"":37,""cooldownFrames"":4,""confirmedRmsFactor"":1.411245,""confirmedRmsMinDelta"":0.012,""confirmedFluxFactor"":1.994017,""confirmedMinFlux"":0.005114,""confirmedMinBandRatio"":0.034188,""confirmedSpectralNoveltyMinBins"":26,""cooldownOverrideFactor"":3.083057,""cooldownOverrideMinFlux"":0.007596,""cooldownOverrideMinBandRatio"":0.024093,""analyzeIntervalMs"":37}"
139,r001-0076-adf6a7d8,1,-620,1,9,12,7,0,134,"{""relativeReattackFactor"":3.189052,""relativeReattackMinDelta"":0.0177,""relativeFluxFactor"":2.155581,""spectralNoveltyRatio"":4.987175,""spectralNoveltyMinBins"":27,""cooldownFrames"":3,""confirmedRmsFactor"":1.893695,""confirmedRmsMinDelta"":0.00912,""confirmedFluxFactor"":1.039228,""confirmedMinFlux"":0.006785,""confirmedMinBandRatio"":0.01531,""confirmedSpectralNoveltyMinBins"":17,""cooldownOverrideFactor"":4.522199,""cooldownOverrideMinFlux"":0.028989,""cooldownOverrideMinBandRatio"":0.040812,""analyzeIntervalMs"":35}"
140,r001-0003-4ea4be3c,1,-625,1,4,32,2,6,161,"{""relativeReattackFactor"":1.922474,""relativeReattackMinDelta"":0.020856,""relativeFluxFactor"":1.523229,""spectralNoveltyRatio"":4.03914,""spectralNoveltyMinBins"":31,""cooldownFrames"":3,""confirmedRmsFactor"":1.436726,""confirmedRmsMinDelta"":0.002106,""confirmedFluxFactor"":1.199497,""confirmedMinFlux"":0.007293,""confirmedMinBandRatio"":0.020317,""confirmedSpectralNoveltyMinBins"":19,""cooldownOverrideFactor"":2.73702,""cooldownOverrideMinFlux"":0.018848,""cooldownOverrideMinBandRatio"":0.051073,""analyzeIntervalMs"":37}"
141,r001-0001-ba12f547,1,-626,1,8,23,6,0,147,"{""relativeReattackFactor"":1.879471,""relativeReattackMinDelta"":0.00799,""relativeFluxFactor"":4.317699,""spectralNoveltyRatio"":4.39687,""spectralNoveltyMinBins"":31,""cooldownFrames"":3,""confirmedRmsFactor"":1.702891,""confirmedRmsMinDelta"":0.007486,""confirmedFluxFactor"":1.761607,""confirmedMinFlux"":0.012242,""confirmedMinBandRatio"":0.035064,""confirmedSpectralNoveltyMinBins"":8,""cooldownOverrideFactor"":3.256412,""cooldownOverrideMinFlux"":0.014274,""cooldownOverrideMinBandRatio"":0.034175,""analyzeIntervalMs"":45}"
142,r002-0025-884672b6,2,-632,2,1,33,0,6,164,"{""relativeReattackFactor"":2.42305,""relativeReattackMinDelta"":0.004,""relativeFluxFactor"":1.528701,""spectralNoveltyRatio"":3.704863,""spectralNoveltyMinBins"":25,""cooldownFrames"":4,""confirmedRmsFactor"":1.797204,""confirmedRmsMinDelta"":0.002,""confirmedFluxFactor"":1.542781,""confirmedMinFlux"":0.003,""confirmedMinBandRatio"":0.043923,""confirmedSpectralNoveltyMinBins"":10,""cooldownOverrideFactor"":4.511211,""cooldownOverrideMinFlux"":0.018313,""cooldownOverrideMinBandRatio"":0.038892,""analyzeIntervalMs"":31}"
143,r001-0053-ce349e24,1,-633,2,10,10,8,0,131,"{""relativeReattackFactor"":3.26919,""relativeReattackMinDelta"":0.017628,""relativeFluxFactor"":2.239236,""spectralNoveltyRatio"":5.513901,""spectralNoveltyMinBins"":42,""cooldownFrames"":2,""confirmedRmsFactor"":1.22025,""confirmedRmsMinDelta"":0.002122,""confirmedFluxFactor"":1.801,""confirmedMinFlux"":0.005419,""confirmedMinBandRatio"":0.030348,""confirmedSpectralNoveltyMinBins"":19,""cooldownOverrideFactor"":3.35642,""cooldownOverrideMinFlux"":0.017758,""cooldownOverrideMinBandRatio"":0.06885,""analyzeIntervalMs"":36}"
144,r003-0059-0e6464b4,3,-643,2,8,25,7,2,148,"{""relativeReattackFactor"":4,""relativeReattackMinDelta"":0.019905,""relativeFluxFactor"":1.457493,""spectralNoveltyRatio"":3.673908,""spectralNoveltyMinBins"":26,""cooldownFrames"":3,""confirmedRmsFactor"":1.45006,""confirmedRmsMinDelta"":0.006714,""confirmedFluxFactor"":1.250394,""confirmedMinFlux"":0.02,""confirmedMinBandRatio"":0.039133,""confirmedSpectralNoveltyMinBins"":26,""cooldownOverrideFactor"":3.062499,""cooldownOverrideMinFlux"":0.007139,""cooldownOverrideMinBandRatio"":0.022716,""analyzeIntervalMs"":26}"
145,r001-0011-b0c1913f,1,-644,2,10,12,8,0,132,"{""relativeReattackFactor"":3.561571,""relativeReattackMinDelta"":0.010028,""relativeFluxFactor"":4.394056,""spectralNoveltyRatio"":5.295592,""spectralNoveltyMinBins"":20,""cooldownFrames"":2,""confirmedRmsFactor"":1.954154,""confirmedRmsMinDelta"":0.009947,""confirmedFluxFactor"":1.971784,""confirmedMinFlux"":0.013569,""confirmedMinBandRatio"":0.02819,""confirmedSpectralNoveltyMinBins"":22,""cooldownOverrideFactor"":2.01752,""cooldownOverrideMinFlux"":0.026557,""cooldownOverrideMinBandRatio"":0.084389,""analyzeIntervalMs"":29}"
146,r001-0060-f6df818b,1,-651,2,8,25,6,2,150,"{""relativeReattackFactor"":1.944586,""relativeReattackMinDelta"":0.022558,""relativeFluxFactor"":1.890146,""spectralNoveltyRatio"":5.190207,""spectralNoveltyMinBins"":27,""cooldownFrames"":4,""confirmedRmsFactor"":2.080119,""confirmedRmsMinDelta"":0.003852,""confirmedFluxFactor"":1.526815,""confirmedMinFlux"":0.009688,""confirmedMinBandRatio"":0.009577,""confirmedSpectralNoveltyMinBins"":12,""cooldownOverrideFactor"":2.030122,""cooldownOverrideMinFlux"":0.008308,""cooldownOverrideMinBandRatio"":0.04441,""analyzeIntervalMs"":43}"
147,r003-0071-e054a705,3,-654,4,12,4,10,0,119,"{""relativeReattackFactor"":4,""relativeReattackMinDelta"":0.012633,""relativeFluxFactor"":2.001581,""spectralNoveltyRatio"":2.804283,""spectralNoveltyMinBins"":46,""cooldownFrames"":4,""confirmedRmsFactor"":1.15,""confirmedRmsMinDelta"":0.002891,""confirmedFluxFactor"":1.5864,""confirmedMinFlux"":0.018415,""confirmedMinBandRatio"":0.035698,""confirmedSpectralNoveltyMinBins"":19,""cooldownOverrideFactor"":4.264281,""cooldownOverrideMinFlux"":0.013784,""cooldownOverrideMinBandRatio"":0.073099,""analyzeIntervalMs"":45}"
148,r002-0076-5a672ee9,2,-656,2,1,32,0,6,167,"{""relativeReattackFactor"":2.229862,""relativeReattackMinDelta"":0.020883,""relativeFluxFactor"":1.4,""spectralNoveltyRatio"":3.160657,""spectralNoveltyMinBins"":6,""cooldownFrames"":4,""confirmedRmsFactor"":1.381881,""confirmedRmsMinDelta"":0.00319,""confirmedFluxFactor"":1.369808,""confirmedMinFlux"":0.008555,""confirmedMinBandRatio"":0.021496,""confirmedSpectralNoveltyMinBins"":25,""cooldownOverrideFactor"":4.652922,""cooldownOverrideMinFlux"":0.008596,""cooldownOverrideMinBandRatio"":0.077453,""analyzeIntervalMs"":40}"
149,r002-0027-26f8dfc2,2,-656,3,11,5,9,0,124,"{""relativeReattackFactor"":3.190438,""relativeReattackMinDelta"":0.016909,""relativeFluxFactor"":2.336311,""spectralNoveltyRatio"":3.82596,""spectralNoveltyMinBins"":34,""cooldownFrames"":4,""confirmedRmsFactor"":1.941167,""confirmedRmsMinDelta"":0.008802,""confirmedFluxFactor"":2.160287,""confirmedMinFlux"":0.009117,""confirmedMinBandRatio"":0.026702,""confirmedSpectralNoveltyMinBins"":10,""cooldownOverrideFactor"":2.124965,""cooldownOverrideMinFlux"":0.022523,""cooldownOverrideMinBandRatio"":0.09,""analyzeIntervalMs"":49}"
150,r001-0044-18a5d156,1,-665,2,10,12,8,0,132,"{""relativeReattackFactor"":2.976106,""relativeReattackMinDelta"":0.007367,""relativeFluxFactor"":3.156569,""spectralNoveltyRatio"":1.587699,""spectralNoveltyMinBins"":48,""cooldownFrames"":4,""confirmedRmsFactor"":1.718355,""confirmedRmsMinDelta"":0.009644,""confirmedFluxFactor"":1.237525,""confirmedMinFlux"":0.007782,""confirmedMinBandRatio"":0.016603,""confirmedSpectralNoveltyMinBins"":8,""cooldownOverrideFactor"":3.70014,""cooldownOverrideMinFlux"":0.005067,""cooldownOverrideMinBandRatio"":0.080558,""analyzeIntervalMs"":36}"
151,r002-0047-bcd85d7f,2,-672,3,11,3,9,0,120,"{""relativeReattackFactor"":4,""relativeReattackMinDelta"":0.016134,""relativeFluxFactor"":2.713029,""spectralNoveltyRatio"":3.152488,""spectralNoveltyMinBins"":35,""cooldownFrames"":4,""confirmedRmsFactor"":1.703842,""confirmedRmsMinDelta"":0.010936,""confirmedFluxFactor"":1.711837,""confirmedMinFlux"":0.006988,""confirmedMinBandRatio"":0.017895,""confirmedSpectralNoveltyMinBins"":25,""cooldownOverrideFactor"":2.029852,""cooldownOverrideMinFlux"":0.019646,""cooldownOverrideMinBandRatio"":0.069491,""analyzeIntervalMs"":40}"
152,r001-0009-e6bfaf7c,1,-678,2,10,11,8,0,135,"{""relativeReattackFactor"":1.961327,""relativeReattackMinDelta"":0.013311,""relativeFluxFactor"":3.908281,""spectralNoveltyRatio"":5.519362,""spectralNoveltyMinBins"":29,""cooldownFrames"":4,""confirmedRmsFactor"":1.531319,""confirmedRmsMinDelta"":0.005786,""confirmedFluxFactor"":2.260919,""confirmedMinFlux"":0.016713,""confirmedMinBandRatio"":0.022331,""confirmedSpectralNoveltyMinBins"":5,""cooldownOverrideFactor"":3.433406,""cooldownOverrideMinFlux"":0.006905,""cooldownOverrideMinBandRatio"":0.04042,""analyzeIntervalMs"":42}"
153,r001-0071-7dd112ac,1,-686,2,10,10,8,0,132,"{""relativeReattackFactor"":3.009307,""relativeReattackMinDelta"":0.006764,""relativeFluxFactor"":3.385662,""spectralNoveltyRatio"":4.303185,""spectralNoveltyMinBins"":25,""cooldownFrames"":3,""confirmedRmsFactor"":1.57633,""confirmedRmsMinDelta"":0.004069,""confirmedFluxFactor"":1.568844,""confirmedMinFlux"":0.011024,""confirmedMinBandRatio"":0.033425,""confirmedSpectralNoveltyMinBins"":10,""cooldownOverrideFactor"":4.703301,""cooldownOverrideMinFlux"":0.014273,""cooldownOverrideMinBandRatio"":0.064327,""analyzeIntervalMs"":41}"
154,r002-0039-85baf854,2,-688,1,5,31,3,5,158,"{""relativeReattackFactor"":4,""relativeReattackMinDelta"":0.006729,""relativeFluxFactor"":2.094236,""spectralNoveltyRatio"":3.931818,""spectralNoveltyMinBins"":16,""cooldownFrames"":4,""confirmedRmsFactor"":1.795752,""confirmedRmsMinDelta"":0.00676,""confirmedFluxFactor"":1.439907,""confirmedMinFlux"":0.012501,""confirmedMinBandRatio"":0.05,""confirmedSpectralNoveltyMinBins"":2,""cooldownOverrideFactor"":3.769167,""cooldownOverrideMinFlux"":0.017228,""cooldownOverrideMinBandRatio"":0.02,""analyzeIntervalMs"":25}"
155,r001-0055-b4e6f721,1,-692,2,10,17,8,0,138,"{""relativeReattackFactor"":3.711985,""relativeReattackMinDelta"":0.018619,""relativeFluxFactor"":4.356248,""spectralNoveltyRatio"":2.874527,""spectralNoveltyMinBins"":17,""cooldownFrames"":3,""confirmedRmsFactor"":2.156146,""confirmedRmsMinDelta"":0.010425,""confirmedFluxFactor"":1.344165,""confirmedMinFlux"":0.019253,""confirmedMinBandRatio"":0.029358,""confirmedSpectralNoveltyMinBins"":16,""cooldownOverrideFactor"":4.699602,""cooldownOverrideMinFlux"":0.014414,""cooldownOverrideMinBandRatio"":0.073165,""analyzeIntervalMs"":38}"
156,r001-0033-3b9d9213,1,-719,1,10,13,8,0,134,"{""relativeReattackFactor"":2.633322,""relativeReattackMinDelta"":0.019431,""relativeFluxFactor"":2.6809,""spectralNoveltyRatio"":3.365429,""spectralNoveltyMinBins"":30,""cooldownFrames"":3,""confirmedRmsFactor"":1.569944,""confirmedRmsMinDelta"":0.009564,""confirmedFluxFactor"":2.269332,""confirmedMinFlux"":0.003957,""confirmedMinBandRatio"":0.03496,""confirmedSpectralNoveltyMinBins"":12,""cooldownOverrideFactor"":3.550771,""cooldownOverrideMinFlux"":0.02023,""cooldownOverrideMinBandRatio"":0.085773,""analyzeIntervalMs"":46}"
157,r001-0008-05839e92,1,-721,2,13,11,10,1,126,"{""relativeReattackFactor"":3.290144,""relativeReattackMinDelta"":0.005191,""relativeFluxFactor"":1.842398,""spectralNoveltyRatio"":3.378252,""spectralNoveltyMinBins"":46,""cooldownFrames"":3,""confirmedRmsFactor"":1.762382,""confirmedRmsMinDelta"":0.003631,""confirmedFluxFactor"":1.969419,""confirmedMinFlux"":0.010932,""confirmedMinBandRatio"":0.04,""confirmedSpectralNoveltyMinBins"":10,""cooldownOverrideFactor"":3.103034,""cooldownOverrideMinFlux"":0.015048,""cooldownOverrideMinBandRatio"":0.081731,""analyzeIntervalMs"":28}"
158,r002-0070-81624696,2,-730,1,7,29,5,2,155,"{""relativeReattackFactor"":2.160437,""relativeReattackMinDelta"":0.010509,""relativeFluxFactor"":2.853387,""spectralNoveltyRatio"":2.02981,""spectralNoveltyMinBins"":14,""cooldownFrames"":4,""confirmedRmsFactor"":1.962259,""confirmedRmsMinDelta"":0.00752,""confirmedFluxFactor"":1.782544,""confirmedMinFlux"":0.003,""confirmedMinBandRatio"":0.041314,""confirmedSpectralNoveltyMinBins"":23,""cooldownOverrideFactor"":5,""cooldownOverrideMinFlux"":0.012056,""cooldownOverrideMinBandRatio"":0.07616,""analyzeIntervalMs"":35}"
159,r003-0049-2ae35470,3,-733,1,11,19,9,0,139,"{""relativeReattackFactor"":3.630041,""relativeReattackMinDelta"":0.019411,""relativeFluxFactor"":1.818441,""spectralNoveltyRatio"":3.996994,""spectralNoveltyMinBins"":34,""cooldownFrames"":3,""confirmedRmsFactor"":1.437195,""confirmedRmsMinDelta"":0.009736,""confirmedFluxFactor"":1.243304,""confirmedMinFlux"":0.02,""confirmedMinBandRatio"":0.038717,""confirmedSpectralNoveltyMinBins"":22,""cooldownOverrideFactor"":2.662536,""cooldownOverrideMinFlux"":0.004,""cooldownOverrideMinBandRatio"":0.034885,""analyzeIntervalMs"":34}"
160,r002-0043-bb201021,2,-738,2,3,29,2,5,159,"{""relativeReattackFactor"":3.766731,""relativeReattackMinDelta"":0.019393,""relativeFluxFactor"":2.054196,""spectralNoveltyRatio"":3.277098,""spectralNoveltyMinBins"":9,""cooldownFrames"":3,""confirmedRmsFactor"":2.141962,""confirmedRmsMinDelta"":0.002837,""confirmedFluxFactor"":1.128889,""confirmedMinFlux"":0.017088,""confirmedMinBandRatio"":0.043102,""confirmedSpectralNoveltyMinBins"":21,""cooldownOverrideFactor"":3.410946,""cooldownOverrideMinFlux"":0.009259,""cooldownOverrideMinBandRatio"":0.02,""analyzeIntervalMs"":30}"
161,r001-0049-21332426,1,-753,1,10,14,8,0,136,"{""relativeReattackFactor"":2.555847,""relativeReattackMinDelta"":0.013666,""relativeFluxFactor"":2.461638,""spectralNoveltyRatio"":4.940202,""spectralNoveltyMinBins"":10,""cooldownFrames"":4,""confirmedRmsFactor"":1.239063,""confirmedRmsMinDelta"":0.011863,""confirmedFluxFactor"":1.081696,""confirmedMinFlux"":0.003704,""confirmedMinBandRatio"":0.030286,""confirmedSpectralNoveltyMinBins"":8,""cooldownOverrideFactor"":2.323239,""cooldownOverrideMinFlux"":0.00568,""cooldownOverrideMinBandRatio"":0.036501,""analyzeIntervalMs"":47}"
162,r001-0070-bafadd7f,1,-759,0,7,32,5,4,159,"{""relativeReattackFactor"":1.638651,""relativeReattackMinDelta"":0.023565,""relativeFluxFactor"":3.144074,""spectralNoveltyRatio"":3.2048,""spectralNoveltyMinBins"":18,""cooldownFrames"":3,""confirmedRmsFactor"":1.375617,""confirmedRmsMinDelta"":0.003028,""confirmedFluxFactor"":1.177429,""confirmedMinFlux"":0.008368,""confirmedMinBandRatio"":0.035319,""confirmedSpectralNoveltyMinBins"":19,""cooldownOverrideFactor"":1.916947,""cooldownOverrideMinFlux"":0.026573,""cooldownOverrideMinBandRatio"":0.04952,""analyzeIntervalMs"":42}"
163,r002-0041-811cd880,2,-774,2,8,21,6,2,145,"{""relativeReattackFactor"":3.58822,""relativeReattackMinDelta"":0.01792,""relativeFluxFactor"":2.74914,""spectralNoveltyRatio"":1.5,""spectralNoveltyMinBins"":16,""cooldownFrames"":4,""confirmedRmsFactor"":1.487372,""confirmedRmsMinDelta"":0.004843,""confirmedFluxFactor"":1.657254,""confirmedMinFlux"":0.013067,""confirmedMinBandRatio"":0.043675,""confirmedSpectralNoveltyMinBins"":17,""cooldownOverrideFactor"":5,""cooldownOverrideMinFlux"":0.016015,""cooldownOverrideMinBandRatio"":0.073178,""analyzeIntervalMs"":33}"
164,r001-0057-21c156b5,1,-779,1,11,13,9,0,133,"{""relativeReattackFactor"":3.303438,""relativeReattackMinDelta"":0.006912,""relativeFluxFactor"":2.300859,""spectralNoveltyRatio"":3.340392,""spectralNoveltyMinBins"":41,""cooldownFrames"":2,""confirmedRmsFactor"":1.507535,""confirmedRmsMinDelta"":0.002621,""confirmedFluxFactor"":2.24727,""confirmedMinFlux"":0.005541,""confirmedMinBandRatio"":0.049187,""confirmedSpectralNoveltyMinBins"":28,""cooldownOverrideFactor"":2.986879,""cooldownOverrideMinFlux"":0.01667,""cooldownOverrideMinBandRatio"":0.074876,""analyzeIntervalMs"":45}"
165,r002-0031-90ebab8d,2,-791,1,8,23,6,2,147,"{""relativeReattackFactor"":2.846838,""relativeReattackMinDelta"":0.014985,""relativeFluxFactor"":2.419006,""spectralNoveltyRatio"":3.378259,""spectralNoveltyMinBins"":7,""cooldownFrames"":4,""confirmedRmsFactor"":1.15,""confirmedRmsMinDelta"":0.002,""confirmedFluxFactor"":1.602189,""confirmedMinFlux"":0.008265,""confirmedMinBandRatio"":0.025359,""confirmedSpectralNoveltyMinBins"":24,""cooldownOverrideFactor"":4.622868,""cooldownOverrideMinFlux"":0.013017,""cooldownOverrideMinBandRatio"":0.087315,""analyzeIntervalMs"":37}"
166,r002-0049-8d147fbf,2,-794,0,10,28,7,3,147,"{""relativeReattackFactor"":4,""relativeReattackMinDelta"":0.01267,""relativeFluxFactor"":1.696456,""spectralNoveltyRatio"":4.925047,""spectralNoveltyMinBins"":21,""cooldownFrames"":4,""confirmedRmsFactor"":1.52153,""confirmedRmsMinDelta"":0.009157,""confirmedFluxFactor"":1.554662,""confirmedMinFlux"":0.015141,""confirmedMinBandRatio"":0.030595,""confirmedSpectralNoveltyMinBins"":2,""cooldownOverrideFactor"":2.579512,""cooldownOverrideMinFlux"":0.01841,""cooldownOverrideMinBandRatio"":0.02,""analyzeIntervalMs"":25}"
167,r002-0005-49b2ba83,2,-797,1,11,23,9,1,143,"{""relativeReattackFactor"":2.464037,""relativeReattackMinDelta"":0.004957,""relativeFluxFactor"":2.383407,""spectralNoveltyRatio"":2.937052,""spectralNoveltyMinBins"":35,""cooldownFrames"":4,""confirmedRmsFactor"":1.947565,""confirmedRmsMinDelta"":0.007496,""confirmedFluxFactor"":1.227705,""confirmedMinFlux"":0.009822,""confirmedMinBandRatio"":0.03526,""confirmedSpectralNoveltyMinBins"":14,""cooldownOverrideFactor"":3.962519,""cooldownOverrideMinFlux"":0.01305,""cooldownOverrideMinBandRatio"":0.040504,""analyzeIntervalMs"":29}"
168,r001-0004-cd145d9d,1,-816,2,11,20,9,1,141,"{""relativeReattackFactor"":3.634212,""relativeReattackMinDelta"":0.024104,""relativeFluxFactor"":3.86793,""spectralNoveltyRatio"":1.696697,""spectralNoveltyMinBins"":15,""cooldownFrames"":3,""confirmedRmsFactor"":1.282721,""confirmedRmsMinDelta"":0.003303,""confirmedFluxFactor"":1.363377,""confirmedMinFlux"":0.008587,""confirmedMinBandRatio"":0.016071,""confirmedSpectralNoveltyMinBins"":7,""cooldownOverrideFactor"":2.306111,""cooldownOverrideMinFlux"":0.023072,""cooldownOverrideMinBandRatio"":0.057696,""analyzeIntervalMs"":38}"
169,r002-0020-48446aa1,2,-819,3,6,23,5,4,149,"{""relativeReattackFactor"":3.348526,""relativeReattackMinDelta"":0.004,""relativeFluxFactor"":2.507123,""spectralNoveltyRatio"":2.247223,""spectralNoveltyMinBins"":13,""cooldownFrames"":4,""confirmedRmsFactor"":1.768318,""confirmedRmsMinDelta"":0.002,""confirmedFluxFactor"":1.647714,""confirmedMinFlux"":0.007362,""confirmedMinBandRatio"":0.035814,""confirmedSpectralNoveltyMinBins"":25,""cooldownOverrideFactor"":4.895622,""cooldownOverrideMinFlux"":0.017152,""cooldownOverrideMinBandRatio"":0.046264,""analyzeIntervalMs"":33}"
170,r002-0018-d78ba7f7,2,-826,2,6,27,5,4,155,"{""relativeReattackFactor"":2.928466,""relativeReattackMinDelta"":0.019032,""relativeFluxFactor"":2.486784,""spectralNoveltyRatio"":3.287743,""spectralNoveltyMinBins"":13,""cooldownFrames"":3,""confirmedRmsFactor"":2.152795,""confirmedRmsMinDelta"":0.00585,""confirmedFluxFactor"":1,""confirmedMinFlux"":0.018792,""confirmedMinBandRatio"":0.035771,""confirmedSpectralNoveltyMinBins"":31,""cooldownOverrideFactor"":4.695289,""cooldownOverrideMinFlux"":0.013245,""cooldownOverrideMinBandRatio"":0.025779,""analyzeIntervalMs"":36}"
171,r001-0014-7d67f128,1,-834,3,14,5,12,0,120,"{""relativeReattackFactor"":2.796596,""relativeReattackMinDelta"":0.021599,""relativeFluxFactor"":2.714453,""spectralNoveltyRatio"":3.125965,""spectralNoveltyMinBins"":52,""cooldownFrames"":4,""confirmedRmsFactor"":1.83477,""confirmedRmsMinDelta"":0.009567,""confirmedFluxFactor"":2.15193,""confirmedMinFlux"":0.007012,""confirmedMinBandRatio"":0.020691,""confirmedSpectralNoveltyMinBins"":27,""cooldownOverrideFactor"":3.364638,""cooldownOverrideMinFlux"":0.012992,""cooldownOverrideMinBandRatio"":0.085956,""analyzeIntervalMs"":40}"
172,r001-0077-289dc6d7,1,-836,1,11,21,9,0,143,"{""relativeReattackFactor"":3.909862,""relativeReattackMinDelta"":0.024854,""relativeFluxFactor"":3.953653,""spectralNoveltyRatio"":4.364927,""spectralNoveltyMinBins"":22,""cooldownFrames"":3,""confirmedRmsFactor"":1.77391,""confirmedRmsMinDelta"":0.006568,""confirmedFluxFactor"":1.634638,""confirmedMinFlux"":0.007489,""confirmedMinBandRatio"":0.026411,""confirmedSpectralNoveltyMinBins"":9,""cooldownOverrideFactor"":4.57278,""cooldownOverrideMinFlux"":0.004316,""cooldownOverrideMinBandRatio"":0.070208,""analyzeIntervalMs"":31}"
173,r002-0060-5ac3a3da,2,-836,2,13,11,11,0,128,"{""relativeReattackFactor"":3.033715,""relativeReattackMinDelta"":0.004,""relativeFluxFactor"":2.768333,""spectralNoveltyRatio"":2.644653,""spectralNoveltyMinBins"":41,""cooldownFrames"":4,""confirmedRmsFactor"":1.730732,""confirmedRmsMinDelta"":0.002903,""confirmedFluxFactor"":1.615025,""confirmedMinFlux"":0.003,""confirmedMinBandRatio"":0.046363,""confirmedSpectralNoveltyMinBins"":12,""cooldownOverrideFactor"":5,""cooldownOverrideMinFlux"":0.017319,""cooldownOverrideMinBandRatio"":0.071012,""analyzeIntervalMs"":43}"
174,r003-0051-55748abf,3,-839,3,15,4,13,0,115,"{""relativeReattackFactor"":3.93579,""relativeReattackMinDelta"":0.015199,""relativeFluxFactor"":1.937373,""spectralNoveltyRatio"":2.226294,""spectralNoveltyMinBins"":49,""cooldownFrames"":4,""confirmedRmsFactor"":1.165571,""confirmedRmsMinDelta"":0.002,""confirmedFluxFactor"":1.165376,""confirmedMinFlux"":0.015962,""confirmedMinBandRatio"":0.042081,""confirmedSpectralNoveltyMinBins"":20,""cooldownOverrideFactor"":3.932693,""cooldownOverrideMinFlux"":0.008764,""cooldownOverrideMinBandRatio"":0.085423,""analyzeIntervalMs"":44}"
175,r002-0052-44e74dec,2,-841,1,12,13,10,0,131,"{""relativeReattackFactor"":3.121416,""relativeReattackMinDelta"":0.013214,""relativeFluxFactor"":2.454742,""spectralNoveltyRatio"":5.092543,""spectralNoveltyMinBins"":34,""cooldownFrames"":3,""confirmedRmsFactor"":2.2,""confirmedRmsMinDelta"":0.007243,""confirmedFluxFactor"":2.01549,""confirmedMinFlux"":0.013037,""confirmedMinBandRatio"":0.02607,""confirmedSpectralNoveltyMinBins"":8,""cooldownOverrideFactor"":2.12579,""cooldownOverrideMinFlux"":0.020757,""cooldownOverrideMinBandRatio"":0.086374,""analyzeIntervalMs"":39}"
176,r003-0018-9325d9fe,3,-843,2,5,30,4,5,157,"{""relativeReattackFactor"":3.120043,""relativeReattackMinDelta"":0.007029,""relativeFluxFactor"":1.707116,""spectralNoveltyRatio"":4.930381,""spectralNoveltyMinBins"":8,""cooldownFrames"":3,""confirmedRmsFactor"":1.751304,""confirmedRmsMinDelta"":0.008984,""confirmedFluxFactor"":2.065436,""confirmedMinFlux"":0.007734,""confirmedMinBandRatio"":0.014399,""confirmedSpectralNoveltyMinBins"":7,""cooldownOverrideFactor"":1.8,""cooldownOverrideMinFlux"":0.026012,""cooldownOverrideMinBandRatio"":0.085381,""analyzeIntervalMs"":39}"
177,r001-0078-135b52f7,1,-845,4,16,1,13,0,111,"{""relativeReattackFactor"":3.815234,""relativeReattackMinDelta"":0.011497,""relativeFluxFactor"":2.889902,""spectralNoveltyRatio"":4.080248,""spectralNoveltyMinBins"":57,""cooldownFrames"":4,""confirmedRmsFactor"":1.51007,""confirmedRmsMinDelta"":0.00668,""confirmedFluxFactor"":1.795422,""confirmedMinFlux"":0.011262,""confirmedMinBandRatio"":0.048788,""confirmedSpectralNoveltyMinBins"":2,""cooldownOverrideFactor"":4.399955,""cooldownOverrideMinFlux"":0.006869,""cooldownOverrideMinBandRatio"":0.037698,""analyzeIntervalMs"":39}"
178,r002-0071-c94322cf,2,-850,2,2,35,1,10,168,"{""relativeReattackFactor"":2.709918,""relativeReattackMinDelta"":0.008815,""relativeFluxFactor"":1.4,""spectralNoveltyRatio"":1.5,""spectralNoveltyMinBins"":9,""cooldownFrames"":4,""confirmedRmsFactor"":1.678145,""confirmedRmsMinDelta"":0.00509,""confirmedFluxFactor"":1.819341,""confirmedMinFlux"":0.013347,""confirmedMinBandRatio"":0.041108,""confirmedSpectralNoveltyMinBins"":29,""cooldownOverrideFactor"":5,""cooldownOverrideMinFlux"":0.004,""cooldownOverrideMinBandRatio"":0.08864,""analyzeIntervalMs"":37}"
179,r001-0030-fe10a5ae,1,-862,3,14,4,12,0,118,"{""relativeReattackFactor"":3.922148,""relativeReattackMinDelta"":0.013379,""relativeFluxFactor"":3.10066,""spectralNoveltyRatio"":2.017519,""spectralNoveltyMinBins"":46,""cooldownFrames"":3,""confirmedRmsFactor"":1.187717,""confirmedRmsMinDelta"":0.002482,""confirmedFluxFactor"":1.785944,""confirmedMinFlux"":0.006307,""confirmedMinBandRatio"":0.046813,""confirmedSpectralNoveltyMinBins"":11,""cooldownOverrideFactor"":2.835812,""cooldownOverrideMinFlux"":0.02561,""cooldownOverrideMinBandRatio"":0.073197,""analyzeIntervalMs"":40}"
180,r002-0062-4fe33b61,2,-865,3,14,5,12,0,117,"{""relativeReattackFactor"":4,""relativeReattackMinDelta"":0.006414,""relativeFluxFactor"":2.779272,""spectralNoveltyRatio"":5.520229,""spectralNoveltyMinBins"":35,""cooldownFrames"":3,""confirmedRmsFactor"":1.975862,""confirmedRmsMinDelta"":0.009826,""confirmedFluxFactor"":1.797699,""confirmedMinFlux"":0.005154,""confirmedMinBandRatio"":0.009998,""confirmedSpectralNoveltyMinBins"":5,""cooldownOverrideFactor"":2.342449,""cooldownOverrideMinFlux"":0.013907,""cooldownOverrideMinBandRatio"":0.06099,""analyzeIntervalMs"":40}"
181,r002-0065-94d574d6,2,-866,1,11,18,9,1,138,"{""relativeReattackFactor"":2.143943,""relativeReattackMinDelta"":0.004,""relativeFluxFactor"":3.294131,""spectralNoveltyRatio"":3.185041,""spectralNoveltyMinBins"":40,""cooldownFrames"":4,""confirmedRmsFactor"":2.2,""confirmedRmsMinDelta"":0.006792,""confirmedFluxFactor"":1.071887,""confirmedMinFlux"":0.003,""confirmedMinBandRatio"":0.036723,""confirmedSpectralNoveltyMinBins"":23,""cooldownOverrideFactor"":4.506799,""cooldownOverrideMinFlux"":0.013404,""cooldownOverrideMinBandRatio"":0.047276,""analyzeIntervalMs"":37}"
182,r001-0016-47bdf84a,1,-875,4,14,4,12,0,117,"{""relativeReattackFactor"":3.706787,""relativeReattackMinDelta"":0.024828,""relativeFluxFactor"":3.581258,""spectralNoveltyRatio"":5.679127,""spectralNoveltyMinBins"":30,""cooldownFrames"":4,""confirmedRmsFactor"":1.321497,""confirmedRmsMinDelta"":0.005363,""confirmedFluxFactor"":1.140014,""confirmedMinFlux"":0.011117,""confirmedMinBandRatio"":0.029996,""confirmedSpectralNoveltyMinBins"":15,""cooldownOverrideFactor"":4.929337,""cooldownOverrideMinFlux"":0.014792,""cooldownOverrideMinBandRatio"":0.074902,""analyzeIntervalMs"":43}"
183,r001-0075-ef790fd3,1,-889,3,14,3,12,0,118,"{""relativeReattackFactor"":2.686524,""relativeReattackMinDelta"":0.023462,""relativeFluxFactor"":3.252626,""spectralNoveltyRatio"":2.998133,""spectralNoveltyMinBins"":53,""cooldownFrames"":4,""confirmedRmsFactor"":1.626565,""confirmedRmsMinDelta"":0.004047,""confirmedFluxFactor"":1.796824,""confirmedMinFlux"":0.014843,""confirmedMinBandRatio"":0.042885,""confirmedSpectralNoveltyMinBins"":29,""cooldownOverrideFactor"":3.60175,""cooldownOverrideMinFlux"":0.02129,""cooldownOverrideMinBandRatio"":0.066675,""analyzeIntervalMs"":49}"
184,r001-0038-6bf5e445,1,-891,2,2,40,1,10,173,"{""relativeReattackFactor"":2.679547,""relativeReattackMinDelta"":0.017868,""relativeFluxFactor"":1.760439,""spectralNoveltyRatio"":5.619488,""spectralNoveltyMinBins"":8,""cooldownFrames"":3,""confirmedRmsFactor"":1.678037,""confirmedRmsMinDelta"":0.010254,""confirmedFluxFactor"":2.290922,""confirmedMinFlux"":0.018782,""confirmedMinBandRatio"":0.010268,""confirmedSpectralNoveltyMinBins"":17,""cooldownOverrideFactor"":4.281215,""cooldownOverrideMinFlux"":0.006146,""cooldownOverrideMinBandRatio"":0.088075,""analyzeIntervalMs"":28}"
185,r001-0046-b6702dcf,1,-914,1,12,23,10,2,141,"{""relativeReattackFactor"":2.097103,""relativeReattackMinDelta"":0.020589,""relativeFluxFactor"":2.143844,""spectralNoveltyRatio"":4.931184,""spectralNoveltyMinBins"":47,""cooldownFrames"":3,""confirmedRmsFactor"":1.870054,""confirmedRmsMinDelta"":0.008108,""confirmedFluxFactor"":2.146479,""confirmedMinFlux"":0.011215,""confirmedMinBandRatio"":0.049637,""confirmedSpectralNoveltyMinBins"":27,""cooldownOverrideFactor"":2.678423,""cooldownOverrideMinFlux"":0.008458,""cooldownOverrideMinBandRatio"":0.054425,""analyzeIntervalMs"":47}"
186,r001-0051-bf5c9fbf,1,-921,2,14,9,12,0,122,"{""relativeReattackFactor"":3.792762,""relativeReattackMinDelta"":0.01172,""relativeFluxFactor"":2.927209,""spectralNoveltyRatio"":3.951789,""spectralNoveltyMinBins"":36,""cooldownFrames"":3,""confirmedRmsFactor"":1.626835,""confirmedRmsMinDelta"":0.011684,""confirmedFluxFactor"":1.94466,""confirmedMinFlux"":0.008356,""confirmedMinBandRatio"":0.019243,""confirmedSpectralNoveltyMinBins"":14,""cooldownOverrideFactor"":2.801025,""cooldownOverrideMinFlux"":0.027815,""cooldownOverrideMinBandRatio"":0.061151,""analyzeIntervalMs"":43}"
187,r001-0031-80021788,1,-924,3,15,4,13,0,117,"{""relativeReattackFactor"":3.999038,""relativeReattackMinDelta"":0.020772,""relativeFluxFactor"":3.239739,""spectralNoveltyRatio"":2.094892,""spectralNoveltyMinBins"":57,""cooldownFrames"":2,""confirmedRmsFactor"":1.256561,""confirmedRmsMinDelta"":0.008326,""confirmedFluxFactor"":1.360189,""confirmedMinFlux"":0.013141,""confirmedMinBandRatio"":0.017623,""confirmedSpectralNoveltyMinBins"":5,""cooldownOverrideFactor"":4.002525,""cooldownOverrideMinFlux"":0.028159,""cooldownOverrideMinBandRatio"":0.02625,""analyzeIntervalMs"":40}"
188,r002-0006-4abf046f,2,-925,2,4,29,3,6,158,"{""relativeReattackFactor"":2.739495,""relativeReattackMinDelta"":0.010749,""relativeFluxFactor"":1.4,""spectralNoveltyRatio"":1.5,""spectralNoveltyMinBins"":6,""cooldownFrames"":4,""confirmedRmsFactor"":1.183299,""confirmedRmsMinDelta"":0.007169,""confirmedFluxFactor"":1.849703,""confirmedMinFlux"":0.007999,""confirmedMinBandRatio"":0.036459,""confirmedSpectralNoveltyMinBins"":17,""cooldownOverrideFactor"":5,""cooldownOverrideMinFlux"":0.006065,""cooldownOverrideMinBandRatio"":0.09,""analyzeIntervalMs"":48}"
189,r001-0054-92f7e477,1,-934,3,12,13,10,2,130,"{""relativeReattackFactor"":3.067795,""relativeReattackMinDelta"":0.01567,""relativeFluxFactor"":2.678326,""spectralNoveltyRatio"":4.132364,""spectralNoveltyMinBins"":40,""cooldownFrames"":3,""confirmedRmsFactor"":1.595913,""confirmedRmsMinDelta"":0.005144,""confirmedFluxFactor"":1.49137,""confirmedMinFlux"":0.019005,""confirmedMinBandRatio"":0.027447,""confirmedSpectralNoveltyMinBins"":6,""cooldownOverrideFactor"":2.233238,""cooldownOverrideMinFlux"":0.01888,""cooldownOverrideMinBandRatio"":0.078403,""analyzeIntervalMs"":33}"
190,r002-0059-ec2a28d9,2,-957,3,0,39,0,12,177,"{""relativeReattackFactor"":3.105806,""relativeReattackMinDelta"":0.017626,""relativeFluxFactor"":1.4,""spectralNoveltyRatio"":4.103471,""spectralNoveltyMinBins"":8,""cooldownFrames"":3,""confirmedRmsFactor"":1.297704,""confirmedRmsMinDelta"":0.012,""confirmedFluxFactor"":1.425499,""confirmedMinFlux"":0.004085,""confirmedMinBandRatio"":0.05,""confirmedSpectralNoveltyMinBins"":2,""cooldownOverrideFactor"":3.151431,""cooldownOverrideMinFlux"":0.015232,""cooldownOverrideMinBandRatio"":0.056161,""analyzeIntervalMs"":30}"
191,r001-0029-dda828b3,1,-961,3,14,13,12,1,128,"{""relativeReattackFactor"":3.002691,""relativeReattackMinDelta"":0.007035,""relativeFluxFactor"":4.428715,""spectralNoveltyRatio"":1.725258,""spectralNoveltyMinBins"":45,""cooldownFrames"":3,""confirmedRmsFactor"":1.568826,""confirmedRmsMinDelta"":0.011743,""confirmedFluxFactor"":2.292812,""confirmedMinFlux"":0.014531,""confirmedMinBandRatio"":0.020391,""confirmedSpectralNoveltyMinBins"":30,""cooldownOverrideFactor"":4.728861,""cooldownOverrideMinFlux"":0.008695,""cooldownOverrideMinBandRatio"":0.06248,""analyzeIntervalMs"":28}"
192,r001-0022-d32dd070,1,-987,2,15,12,13,0,127,"{""relativeReattackFactor"":3.157981,""relativeReattackMinDelta"":0.012676,""relativeFluxFactor"":2.342102,""spectralNoveltyRatio"":5.703651,""spectralNoveltyMinBins"":43,""cooldownFrames"":2,""confirmedRmsFactor"":1.340057,""confirmedRmsMinDelta"":0.002568,""confirmedFluxFactor"":1.966976,""confirmedMinFlux"":0.016584,""confirmedMinBandRatio"":0.030939,""confirmedSpectralNoveltyMinBins"":9,""cooldownOverrideFactor"":4.167898,""cooldownOverrideMinFlux"":0.016407,""cooldownOverrideMinBandRatio"":0.052286,""analyzeIntervalMs"":37}"
193,r001-0063-66571dcb,1,-991,1,13,19,11,0,138,"{""relativeReattackFactor"":2.782138,""relativeReattackMinDelta"":0.013615,""relativeFluxFactor"":4.311393,""spectralNoveltyRatio"":4.383899,""spectralNoveltyMinBins"":14,""cooldownFrames"":3,""confirmedRmsFactor"":2.069344,""confirmedRmsMinDelta"":0.002638,""confirmedFluxFactor"":1.646136,""confirmedMinFlux"":0.007814,""confirmedMinBandRatio"":0.045526,""confirmedSpectralNoveltyMinBins"":12,""cooldownOverrideFactor"":2.729883,""cooldownOverrideMinFlux"":0.019106,""cooldownOverrideMinBandRatio"":0.040187,""analyzeIntervalMs"":50}"
194,r002-0080-991871cd,2,-994,1,8,30,6,4,155,"{""relativeReattackFactor"":2.283808,""relativeReattackMinDelta"":0.004,""relativeFluxFactor"":2.741178,""spectralNoveltyRatio"":2.854008,""spectralNoveltyMinBins"":33,""cooldownFrames"":4,""confirmedRmsFactor"":2.096946,""confirmedRmsMinDelta"":0.003473,""confirmedFluxFactor"":1.046187,""confirmedMinFlux"":0.005455,""confirmedMinBandRatio"":0.05,""confirmedSpectralNoveltyMinBins"":11,""cooldownOverrideFactor"":4.865611,""cooldownOverrideMinFlux"":0.005815,""cooldownOverrideMinBandRatio"":0.043589,""analyzeIntervalMs"":31}"
195,r001-0064-896b349d,1,-1009,0,8,31,6,4,157,"{""relativeReattackFactor"":2.512007,""relativeReattackMinDelta"":0.02093,""relativeFluxFactor"":3.151777,""spectralNoveltyRatio"":3.572189,""spectralNoveltyMinBins"":23,""cooldownFrames"":3,""confirmedRmsFactor"":1.676226,""confirmedRmsMinDelta"":0.005891,""confirmedFluxFactor"":1.53268,""confirmedMinFlux"":0.00761,""confirmedMinBandRatio"":0.008594,""confirmedSpectralNoveltyMinBins"":8,""cooldownOverrideFactor"":4.699383,""cooldownOverrideMinFlux"":0.014399,""cooldownOverrideMinBandRatio"":0.072715,""analyzeIntervalMs"":28}"
196,r001-0021-eb9f9461,1,-1010,2,10,25,8,4,149,"{""relativeReattackFactor"":1.834016,""relativeReattackMinDelta"":0.021582,""relativeFluxFactor"":2.882713,""spectralNoveltyRatio"":3.322021,""spectralNoveltyMinBins"":54,""cooldownFrames"":3,""confirmedRmsFactor"":1.508565,""confirmedRmsMinDelta"":0.002164,""confirmedFluxFactor"":1.4408,""confirmedMinFlux"":0.003374,""confirmedMinBandRatio"":0.023673,""confirmedSpectralNoveltyMinBins"":32,""cooldownOverrideFactor"":3.065444,""cooldownOverrideMinFlux"":0.007309,""cooldownOverrideMinBandRatio"":0.087259,""analyzeIntervalMs"":43}"
197,r001-0023-fe9ff8ec,1,-1011,1,10,24,8,3,146,"{""relativeReattackFactor"":2.329624,""relativeReattackMinDelta"":0.007567,""relativeFluxFactor"":3.363335,""spectralNoveltyRatio"":5.346097,""spectralNoveltyMinBins"":14,""cooldownFrames"":3,""confirmedRmsFactor"":1.775089,""confirmedRmsMinDelta"":0.002287,""confirmedFluxFactor"":1.495729,""confirmedMinFlux"":0.004141,""confirmedMinBandRatio"":0.016412,""confirmedSpectralNoveltyMinBins"":30,""cooldownOverrideFactor"":4.781619,""cooldownOverrideMinFlux"":0.012244,""cooldownOverrideMinBandRatio"":0.049311,""analyzeIntervalMs"":37}"
198,r001-0013-6a63c492,1,-1014,1,12,22,10,2,142,"{""relativeReattackFactor"":2.122456,""relativeReattackMinDelta"":0.008073,""relativeFluxFactor"":2.572739,""spectralNoveltyRatio"":4.468771,""spectralNoveltyMinBins"":61,""cooldownFrames"":3,""confirmedRmsFactor"":1.392812,""confirmedRmsMinDelta"":0.005392,""confirmedFluxFactor"":2.156519,""confirmedMinFlux"":0.011229,""confirmedMinBandRatio"":0.044164,""confirmedSpectralNoveltyMinBins"":9,""cooldownOverrideFactor"":3.119561,""cooldownOverrideMinFlux"":0.022479,""cooldownOverrideMinBandRatio"":0.039631,""analyzeIntervalMs"":38}"
199,r001-0002-98ba9e20,1,-1033,1,14,14,12,0,132,"{""relativeReattackFactor"":2.869564,""relativeReattackMinDelta"":0.023486,""relativeFluxFactor"":3.671531,""spectralNoveltyRatio"":1.88474,""spectralNoveltyMinBins"":18,""cooldownFrames"":2,""confirmedRmsFactor"":1.624627,""confirmedRmsMinDelta"":0.004904,""confirmedFluxFactor"":1.576559,""confirmedMinFlux"":0.015438,""confirmedMinBandRatio"":0.037973,""confirmedSpectralNoveltyMinBins"":8,""cooldownOverrideFactor"":2.191806,""cooldownOverrideMinFlux"":0.021525,""cooldownOverrideMinBandRatio"":0.032767,""analyzeIntervalMs"":44}"
200,r001-0017-ab28e52c,1,-1044,1,3,45,2,14,178,"{""relativeReattackFactor"":2.116814,""relativeReattackMinDelta"":0.011571,""relativeFluxFactor"":1.734768,""spectralNoveltyRatio"":1.98133,""spectralNoveltyMinBins"":7,""cooldownFrames"":3,""confirmedRmsFactor"":1.793526,""confirmedRmsMinDelta"":0.0063,""confirmedFluxFactor"":1.410175,""confirmedMinFlux"":0.00778,""confirmedMinBandRatio"":0.017753,""confirmedSpectralNoveltyMinBins"":21,""cooldownOverrideFactor"":2.298139,""cooldownOverrideMinFlux"":0.025222,""cooldownOverrideMinBandRatio"":0.065636,""analyzeIntervalMs"":38}"
201,r003-0005-51bc1f92,3,-1058,1,9,22,7,4,146,"{""relativeReattackFactor"":2.847252,""relativeReattackMinDelta"":0.017247,""relativeFluxFactor"":2.145525,""spectralNoveltyRatio"":2.555761,""spectralNoveltyMinBins"":19,""cooldownFrames"":4,""confirmedRmsFactor"":1.395187,""confirmedRmsMinDelta"":0.003541,""confirmedFluxFactor"":1.501881,""confirmedMinFlux"":0.014548,""confirmedMinBandRatio"":0.039991,""confirmedSpectralNoveltyMinBins"":28,""cooldownOverrideFactor"":4.272628,""cooldownOverrideMinFlux"":0.010382,""cooldownOverrideMinBandRatio"":0.072629,""analyzeIntervalMs"":43}"
202,r001-0052-7023b648,1,-1124,2,16,8,14,0,121,"{""relativeReattackFactor"":2.565419,""relativeReattackMinDelta"":0.01244,""relativeFluxFactor"":4.349772,""spectralNoveltyRatio"":3.676486,""spectralNoveltyMinBins"":61,""cooldownFrames"":3,""confirmedRmsFactor"":2.058579,""confirmedRmsMinDelta"":0.003551,""confirmedFluxFactor"":2.326786,""confirmedMinFlux"":0.01123,""confirmedMinBandRatio"":0.012884,""confirmedSpectralNoveltyMinBins"":12,""cooldownOverrideFactor"":4.190979,""cooldownOverrideMinFlux"":0.028141,""cooldownOverrideMinBandRatio"":0.045226,""analyzeIntervalMs"":46}"
203,r003-0038-8f593db4,3,-1125,2,3,35,2,9,165,"{""relativeReattackFactor"":2.902167,""relativeReattackMinDelta"":0.009311,""relativeFluxFactor"":1.482893,""spectralNoveltyRatio"":3.608223,""spectralNoveltyMinBins"":6,""cooldownFrames"":3,""confirmedRmsFactor"":1.789514,""confirmedRmsMinDelta"":0.007568,""confirmedFluxFactor"":1.951093,""confirmedMinFlux"":0.007269,""confirmedMinBandRatio"":0.008348,""confirmedSpectralNoveltyMinBins"":2,""cooldownOverrideFactor"":1.986204,""cooldownOverrideMinFlux"":0.02034,""cooldownOverrideMinBandRatio"":0.09,""analyzeIntervalMs"":43}"
204,r001-0059-711ba698,1,-1132,1,16,15,14,0,131,"{""relativeReattackFactor"":2.114674,""relativeReattackMinDelta"":0.020752,""relativeFluxFactor"":4.157785,""spectralNoveltyRatio"":4.081748,""spectralNoveltyMinBins"":58,""cooldownFrames"":3,""confirmedRmsFactor"":1.712334,""confirmedRmsMinDelta"":0.004747,""confirmedFluxFactor"":1.963345,""confirmedMinFlux"":0.00401,""confirmedMinBandRatio"":0.041964,""confirmedSpectralNoveltyMinBins"":31,""cooldownOverrideFactor"":2.564632,""cooldownOverrideMinFlux"":0.022185,""cooldownOverrideMinBandRatio"":0.084258,""analyzeIntervalMs"":44}"
205,r002-0001-1bb93f09,2,-1137,2,4,32,3,8,161,"{""relativeReattackFactor"":2.055544,""relativeReattackMinDelta"":0.009725,""relativeFluxFactor"":1.4,""spectralNoveltyRatio"":2.435017,""spectralNoveltyMinBins"":6,""cooldownFrames"":4,""confirmedRmsFactor"":1.156398,""confirmedRmsMinDelta"":0.004126,""confirmedFluxFactor"":1.511976,""confirmedMinFlux"":0.011772,""confirmedMinBandRatio"":0.018626,""confirmedSpectralNoveltyMinBins"":15,""cooldownOverrideFactor"":4.977002,""cooldownOverrideMinFlux"":0.008049,""cooldownOverrideMinBandRatio"":0.09,""analyzeIntervalMs"":48}"
206,r001-0066-d3314bae,1,-1138,1,14,16,12,1,132,"{""relativeReattackFactor"":3.36556,""relativeReattackMinDelta"":0.012522,""relativeFluxFactor"":3.993967,""spectralNoveltyRatio"":1.611147,""spectralNoveltyMinBins"":17,""cooldownFrames"":3,""confirmedRmsFactor"":2.084823,""confirmedRmsMinDelta"":0.005916,""confirmedFluxFactor"":1.01467,""confirmedMinFlux"":0.012386,""confirmedMinBandRatio"":0.01046,""confirmedSpectralNoveltyMinBins"":4,""cooldownOverrideFactor"":2.162452,""cooldownOverrideMinFlux"":0.020429,""cooldownOverrideMinBandRatio"":0.037919,""analyzeIntervalMs"":48}"
207,r003-0058-9ee3e06a,3,-1139,2,2,39,1,13,173,"{""relativeReattackFactor"":2.65678,""relativeReattackMinDelta"":0.006284,""relativeFluxFactor"":1.4,""spectralNoveltyRatio"":3.975986,""spectralNoveltyMinBins"":6,""cooldownFrames"":3,""confirmedRmsFactor"":1.693868,""confirmedRmsMinDelta"":0.009597,""confirmedFluxFactor"":2.112831,""confirmedMinFlux"":0.007436,""confirmedMinBandRatio"":0.018423,""confirmedSpectralNoveltyMinBins"":6,""cooldownOverrideFactor"":2.066588,""cooldownOverrideMinFlux"":0.017907,""cooldownOverrideMinBandRatio"":0.09,""analyzeIntervalMs"":37}"
208,r001-0040-1e4262ec,1,-1158,0,16,10,13,0,123,"{""relativeReattackFactor"":3.172368,""relativeReattackMinDelta"":0.010419,""relativeFluxFactor"":3.86475,""spectralNoveltyRatio"":3.87021,""spectralNoveltyMinBins"":45,""cooldownFrames"":2,""confirmedRmsFactor"":1.897275,""confirmedRmsMinDelta"":0.004057,""confirmedFluxFactor"":1.003831,""confirmedMinFlux"":0.004008,""confirmedMinBandRatio"":0.019071,""confirmedSpectralNoveltyMinBins"":22,""cooldownOverrideFactor"":2.040916,""cooldownOverrideMinFlux"":0.004633,""cooldownOverrideMinBandRatio"":0.071782,""analyzeIntervalMs"":46}"
209,r001-0072-48d6ffa7,1,-1171,3,19,5,16,0,112,"{""relativeReattackFactor"":3.529683,""relativeReattackMinDelta"":0.019505,""relativeFluxFactor"":3.737696,""spectralNoveltyRatio"":5.657689,""spectralNoveltyMinBins"":60,""cooldownFrames"":3,""confirmedRmsFactor"":2.198479,""confirmedRmsMinDelta"":0.007479,""confirmedFluxFactor"":2.224165,""confirmedMinFlux"":0.019579,""confirmedMinBandRatio"":0.027612,""confirmedSpectralNoveltyMinBins"":26,""cooldownOverrideFactor"":2.486866,""cooldownOverrideMinFlux"":0.013549,""cooldownOverrideMinBandRatio"":0.072719,""analyzeIntervalMs"":47}"
210,r001-0042-6e63e96e,1,-1186,1,13,29,11,3,146,"{""relativeReattackFactor"":1.805482,""relativeReattackMinDelta"":0.020735,""relativeFluxFactor"":4.234524,""spectralNoveltyRatio"":5.402074,""spectralNoveltyMinBins"":51,""cooldownFrames"":3,""confirmedRmsFactor"":1.809315,""confirmedRmsMinDelta"":0.009221,""confirmedFluxFactor"":2.275337,""confirmedMinFlux"":0.017538,""confirmedMinBandRatio"":0.046457,""confirmedSpectralNoveltyMinBins"":17,""cooldownOverrideFactor"":3.420227,""cooldownOverrideMinFlux"":0.022389,""cooldownOverrideMinBandRatio"":0.041251,""analyzeIntervalMs"":47}"
211,r001-0015-7959969d,1,-1200,3,19,10,16,1,119,"{""relativeReattackFactor"":3.22755,""relativeReattackMinDelta"":0.004997,""relativeFluxFactor"":3.557926,""spectralNoveltyRatio"":4.426061,""spectralNoveltyMinBins"":58,""cooldownFrames"":3,""confirmedRmsFactor"":1.533258,""confirmedRmsMinDelta"":0.011435,""confirmedFluxFactor"":1.306361,""confirmedMinFlux"":0.015653,""confirmedMinBandRatio"":0.034486,""confirmedSpectralNoveltyMinBins"":14,""cooldownOverrideFactor"":3.371038,""cooldownOverrideMinFlux"":0.025375,""cooldownOverrideMinBandRatio"":0.023502,""analyzeIntervalMs"":28}"
212,r001-0067-c9497be6,1,-1206,1,16,14,13,2,125,"{""relativeReattackFactor"":3.407645,""relativeReattackMinDelta"":0.006969,""relativeFluxFactor"":3.163118,""spectralNoveltyRatio"":5.975986,""spectralNoveltyMinBins"":47,""cooldownFrames"":3,""confirmedRmsFactor"":2.177988,""confirmedRmsMinDelta"":0.011287,""confirmedFluxFactor"":1.697423,""confirmedMinFlux"":0.013876,""confirmedMinBandRatio"":0.018548,""confirmedSpectralNoveltyMinBins"":17,""cooldownOverrideFactor"":3.80195,""cooldownOverrideMinFlux"":0.005395,""cooldownOverrideMinBandRatio"":0.046723,""analyzeIntervalMs"":32}"
213,r001-0024-9904fa29,1,-1227,1,15,23,13,1,141,"{""relativeReattackFactor"":2.01776,""relativeReattackMinDelta"":0.007949,""relativeFluxFactor"":2.632452,""spectralNoveltyRatio"":2.906836,""spectralNoveltyMinBins"":47,""cooldownFrames"":2,""confirmedRmsFactor"":1.767621,""confirmedRmsMinDelta"":0.005418,""confirmedFluxFactor"":1.847172,""confirmedMinFlux"":0.010586,""confirmedMinBandRatio"":0.043984,""confirmedSpectralNoveltyMinBins"":2,""cooldownOverrideFactor"":3.56812,""cooldownOverrideMinFlux"":0.021303,""cooldownOverrideMinBandRatio"":0.026219,""analyzeIntervalMs"":48}"
214,r002-0003-aa874e12,2,-1248,1,9,28,7,7,152,"{""relativeReattackFactor"":2.761294,""relativeReattackMinDelta"":0.016338,""relativeFluxFactor"":2.48729,""spectralNoveltyRatio"":5.884193,""spectralNoveltyMinBins"":21,""cooldownFrames"":3,""confirmedRmsFactor"":2.122588,""confirmedRmsMinDelta"":0.008089,""confirmedFluxFactor"":1,""confirmedMinFlux"":0.011465,""confirmedMinBandRatio"":0.041815,""confirmedSpectralNoveltyMinBins"":32,""cooldownOverrideFactor"":4.709121,""cooldownOverrideMinFlux"":0.01193,""cooldownOverrideMinBandRatio"":0.02,""analyzeIntervalMs"":27}"
215,r001-0039-f9105dc7,1,-1256,2,16,15,14,1,127,"{""relativeReattackFactor"":2.923536,""relativeReattackMinDelta"":0.015502,""relativeFluxFactor"":4.903913,""spectralNoveltyRatio"":5.815047,""spectralNoveltyMinBins"":46,""cooldownFrames"":2,""confirmedRmsFactor"":1.842127,""confirmedRmsMinDelta"":0.002285,""confirmedFluxFactor"":1.255095,""confirmedMinFlux"":0.004321,""confirmedMinBandRatio"":0.014671,""confirmedSpectralNoveltyMinBins"":12,""cooldownOverrideFactor"":2.942238,""cooldownOverrideMinFlux"":0.016791,""cooldownOverrideMinBandRatio"":0.062702,""analyzeIntervalMs"":30}"
216,r001-0047-792baf97,1,-1260,2,20,3,17,0,112,"{""relativeReattackFactor"":3.545326,""relativeReattackMinDelta"":0.016982,""relativeFluxFactor"":3.370032,""spectralNoveltyRatio"":3.897049,""spectralNoveltyMinBins"":59,""cooldownFrames"":2,""confirmedRmsFactor"":2.062624,""confirmedRmsMinDelta"":0.003245,""confirmedFluxFactor"":2.354056,""confirmedMinFlux"":0.016595,""confirmedMinBandRatio"":0.048651,""confirmedSpectralNoveltyMinBins"":32,""cooldownOverrideFactor"":4.582063,""cooldownOverrideMinFlux"":0.008292,""cooldownOverrideMinBandRatio"":0.048042,""analyzeIntervalMs"":44}"
217,r001-0018-5ad9d133,1,-1276,1,7,40,5,10,167,"{""relativeReattackFactor"":1.513274,""relativeReattackMinDelta"":0.013237,""relativeFluxFactor"":3.599087,""spectralNoveltyRatio"":5.541464,""spectralNoveltyMinBins"":24,""cooldownFrames"":4,""confirmedRmsFactor"":1.618352,""confirmedRmsMinDelta"":0.006819,""confirmedFluxFactor"":1.209981,""confirmedMinFlux"":0.011555,""confirmedMinBandRatio"":0.043601,""confirmedSpectralNoveltyMinBins"":16,""cooldownOverrideFactor"":2.581679,""cooldownOverrideMinFlux"":0.019371,""cooldownOverrideMinBandRatio"":0.05435,""analyzeIntervalMs"":46}"
218,r001-0043-a7fc7d96,1,-1294,2,18,12,16,0,122,"{""relativeReattackFactor"":3.135332,""relativeReattackMinDelta"":0.008729,""relativeFluxFactor"":3.928553,""spectralNoveltyRatio"":5.743149,""spectralNoveltyMinBins"":53,""cooldownFrames"":3,""confirmedRmsFactor"":1.666625,""confirmedRmsMinDelta"":0.007354,""confirmedFluxFactor"":2.060183,""confirmedMinFlux"":0.011052,""confirmedMinBandRatio"":0.029277,""confirmedSpectralNoveltyMinBins"":28,""cooldownOverrideFactor"":3.391898,""cooldownOverrideMinFlux"":0.021985,""cooldownOverrideMinBandRatio"":0.020953,""analyzeIntervalMs"":30}"
219,r001-0048-53f4c2fa,1,-1322,1,9,35,7,8,158,"{""relativeReattackFactor"":2.158118,""relativeReattackMinDelta"":0.020411,""relativeFluxFactor"":3.393965,""spectralNoveltyRatio"":2.759489,""spectralNoveltyMinBins"":26,""cooldownFrames"":3,""confirmedRmsFactor"":1.581013,""confirmedRmsMinDelta"":0.00736,""confirmedFluxFactor"":1.994051,""confirmedMinFlux"":0.018485,""confirmedMinBandRatio"":0.033166,""confirmedSpectralNoveltyMinBins"":32,""cooldownOverrideFactor"":4.204823,""cooldownOverrideMinFlux"":0.014938,""cooldownOverrideMinBandRatio"":0.046715,""analyzeIntervalMs"":33}"
220,r001-0035-39d718f4,1,-1323,3,21,4,18,0,112,"{""relativeReattackFactor"":2.77073,""relativeReattackMinDelta"":0.015136,""relativeFluxFactor"":4.756402,""spectralNoveltyRatio"":5.257724,""spectralNoveltyMinBins"":60,""cooldownFrames"":3,""confirmedRmsFactor"":1.190369,""confirmedRmsMinDelta"":0.010404,""confirmedFluxFactor"":1.419377,""confirmedMinFlux"":0.016383,""confirmedMinBandRatio"":0.009997,""confirmedSpectralNoveltyMinBins"":31,""cooldownOverrideFactor"":3.168402,""cooldownOverrideMinFlux"":0.026288,""cooldownOverrideMinBandRatio"":0.021229,""analyzeIntervalMs"":48}"
221,r001-0041-ced962e1,1,-1393,2,16,22,14,3,140,"{""relativeReattackFactor"":2.124341,""relativeReattackMinDelta"":0.013031,""relativeFluxFactor"":3.663272,""spectralNoveltyRatio"":3.102974,""spectralNoveltyMinBins"":60,""cooldownFrames"":2,""confirmedRmsFactor"":1.197457,""confirmedRmsMinDelta"":0.008464,""confirmedFluxFactor"":1.576481,""confirmedMinFlux"":0.015738,""confirmedMinBandRatio"":0.047162,""confirmedSpectralNoveltyMinBins"":14,""cooldownOverrideFactor"":4.609227,""cooldownOverrideMinFlux"":0.019715,""cooldownOverrideMinBandRatio"":0.074104,""analyzeIntervalMs"":43}"
222,r001-0006-7562f8de,1,-1397,1,14,25,12,4,140,"{""relativeReattackFactor"":2.215532,""relativeReattackMinDelta"":0.01231,""relativeFluxFactor"":4.199114,""spectralNoveltyRatio"":5.259039,""spectralNoveltyMinBins"":62,""cooldownFrames"":3,""confirmedRmsFactor"":1.761712,""confirmedRmsMinDelta"":0.006853,""confirmedFluxFactor"":1.484282,""confirmedMinFlux"":0.003256,""confirmedMinBandRatio"":0.022558,""confirmedSpectralNoveltyMinBins"":21,""cooldownOverrideFactor"":4.681337,""cooldownOverrideMinFlux"":0.012801,""cooldownOverrideMinBandRatio"":0.063005,""analyzeIntervalMs"":30}"
223,r001-0065-4b4256aa,1,-1397,1,14,25,12,4,141,"{""relativeReattackFactor"":2.220534,""relativeReattackMinDelta"":0.024156,""relativeFluxFactor"":2.182903,""spectralNoveltyRatio"":5.894475,""spectralNoveltyMinBins"":57,""cooldownFrames"":3,""confirmedRmsFactor"":1.166318,""confirmedRmsMinDelta"":0.007201,""confirmedFluxFactor"":1.491791,""confirmedMinFlux"":0.009796,""confirmedMinBandRatio"":0.045364,""confirmedSpectralNoveltyMinBins"":18,""cooldownOverrideFactor"":4.724974,""cooldownOverrideMinFlux"":0.008877,""cooldownOverrideMinBandRatio"":0.030472,""analyzeIntervalMs"":30}"
224,r001-0026-8a0575f3,1,-1418,1,13,32,11,5,150,"{""relativeReattackFactor"":1.705372,""relativeReattackMinDelta"":0.017638,""relativeFluxFactor"":4.842997,""spectralNoveltyRatio"":1.868635,""spectralNoveltyMinBins"":41,""cooldownFrames"":3,""confirmedRmsFactor"":1.927598,""confirmedRmsMinDelta"":0.00999,""confirmedFluxFactor"":1.420821,""confirmedMinFlux"":0.0076,""confirmedMinBandRatio"":0.039618,""confirmedSpectralNoveltyMinBins"":26,""cooldownOverrideFactor"":3.154007,""cooldownOverrideMinFlux"":0.02894,""cooldownOverrideMinBandRatio"":0.064826,""analyzeIntervalMs"":48}"
225,r001-0073-e1ba638c,1,-1473,0,8,39,6,9,165,"{""relativeReattackFactor"":1.501899,""relativeReattackMinDelta"":0.009533,""relativeFluxFactor"":1.704245,""spectralNoveltyRatio"":4.626853,""spectralNoveltyMinBins"":45,""cooldownFrames"":3,""confirmedRmsFactor"":1.746111,""confirmedRmsMinDelta"":0.004343,""confirmedFluxFactor"":1.039651,""confirmedMinFlux"":0.0042,""confirmedMinBandRatio"":0.015856,""confirmedSpectralNoveltyMinBins"":22,""cooldownOverrideFactor"":2.490031,""cooldownOverrideMinFlux"":0.022343,""cooldownOverrideMinBandRatio"":0.062516,""analyzeIntervalMs"":48}"
226,r002-0019-735eaab7,2,-1484,1,13,31,11,6,148,"{""relativeReattackFactor"":2.80572,""relativeReattackMinDelta"":0.01292,""relativeFluxFactor"":2.617747,""spectralNoveltyRatio"":6,""spectralNoveltyMinBins"":25,""cooldownFrames"":4,""confirmedRmsFactor"":1.25393,""confirmedRmsMinDelta"":0.012,""confirmedFluxFactor"":2.010564,""confirmedMinFlux"":0.004958,""confirmedMinBandRatio"":0.033915,""confirmedSpectralNoveltyMinBins"":13,""cooldownOverrideFactor"":2.536105,""cooldownOverrideMinFlux"":0.012998,""cooldownOverrideMinBandRatio"":0.051498,""analyzeIntervalMs"":25}"
227,r002-0069-343a9312,2,-1516,1,8,37,6,10,161,"{""relativeReattackFactor"":4,""relativeReattackMinDelta"":0.011439,""relativeFluxFactor"":3.022804,""spectralNoveltyRatio"":6,""spectralNoveltyMinBins"":6,""cooldownFrames"":3,""confirmedRmsFactor"":1.833858,""confirmedRmsMinDelta"":0.00936,""confirmedFluxFactor"":1.772673,""confirmedMinFlux"":0.011964,""confirmedMinBandRatio"":0.05,""confirmedSpectralNoveltyMinBins"":2,""cooldownOverrideFactor"":3.238088,""cooldownOverrideMinFlux"":0.015987,""cooldownOverrideMinBandRatio"":0.02,""analyzeIntervalMs"":25}"
228,r002-0063-a78028b0,2,-1528,1,14,31,12,6,149,"{""relativeReattackFactor"":2.311021,""relativeReattackMinDelta"":0.014437,""relativeFluxFactor"":2.619579,""spectralNoveltyRatio"":4.635127,""spectralNoveltyMinBins"":43,""cooldownFrames"":3,""confirmedRmsFactor"":2.106322,""confirmedRmsMinDelta"":0.006171,""confirmedFluxFactor"":1.538436,""confirmedMinFlux"":0.015365,""confirmedMinBandRatio"":0.031406,""confirmedSpectralNoveltyMinBins"":32,""cooldownOverrideFactor"":4.449193,""cooldownOverrideMinFlux"":0.004,""cooldownOverrideMinBandRatio"":0.02,""analyzeIntervalMs"":28}"
229,r001-0034-8b3dc698,1,-1538,2,13,25,11,7,143,"{""relativeReattackFactor"":2.52292,""relativeReattackMinDelta"":0.01383,""relativeFluxFactor"":4.495208,""spectralNoveltyRatio"":2.184604,""spectralNoveltyMinBins"":56,""cooldownFrames"":2,""confirmedRmsFactor"":1.337411,""confirmedRmsMinDelta"":0.006956,""confirmedFluxFactor"":1.811173,""confirmedMinFlux"":0.005972,""confirmedMinBandRatio"":0.048419,""confirmedSpectralNoveltyMinBins"":16,""cooldownOverrideFactor"":4.439618,""cooldownOverrideMinFlux"":0.006473,""cooldownOverrideMinBandRatio"":0.084917,""analyzeIntervalMs"":27}"
230,r002-0045-18cb82b1,2,-1590,3,1,44,0,20,179,"{""relativeReattackFactor"":3.298915,""relativeReattackMinDelta"":0.004653,""relativeFluxFactor"":1.424534,""spectralNoveltyRatio"":2.653888,""spectralNoveltyMinBins"":6,""cooldownFrames"":4,""confirmedRmsFactor"":1.786596,""confirmedRmsMinDelta"":0.002,""confirmedFluxFactor"":1.727764,""confirmedMinFlux"":0.007398,""confirmedMinBandRatio"":0.035004,""confirmedSpectralNoveltyMinBins"":9,""cooldownOverrideFactor"":4.569808,""cooldownOverrideMinFlux"":0.008849,""cooldownOverrideMinBandRatio"":0.049754,""analyzeIntervalMs"":32}"
231,r001-0058-4f1faf7b,1,-1626,1,7,44,6,12,171,"{""relativeReattackFactor"":2.157119,""relativeReattackMinDelta"":0.011622,""relativeFluxFactor"":4.534654,""spectralNoveltyRatio"":2.291481,""spectralNoveltyMinBins"":18,""cooldownFrames"":2,""confirmedRmsFactor"":1.534552,""confirmedRmsMinDelta"":0.008948,""confirmedFluxFactor"":2.304406,""confirmedMinFlux"":0.003534,""confirmedMinBandRatio"":0.008743,""confirmedSpectralNoveltyMinBins"":18,""cooldownOverrideFactor"":2.573997,""cooldownOverrideMinFlux"":0.017829,""cooldownOverrideMinBandRatio"":0.069744,""analyzeIntervalMs"":28}"
232,r001-0068-3732fbcb,1,-1649,1,10,40,8,10,163,"{""relativeReattackFactor"":1.877872,""relativeReattackMinDelta"":0.017095,""relativeFluxFactor"":2.138842,""spectralNoveltyRatio"":5.955091,""spectralNoveltyMinBins"":60,""cooldownFrames"":3,""confirmedRmsFactor"":1.720658,""confirmedRmsMinDelta"":0.004446,""confirmedFluxFactor"":1.448031,""confirmedMinFlux"":0.006145,""confirmedMinBandRatio"":0.034398,""confirmedSpectralNoveltyMinBins"":22,""cooldownOverrideFactor"":3.651749,""cooldownOverrideMinFlux"":0.007596,""cooldownOverrideMinBandRatio"":0.059084,""analyzeIntervalMs"":34}"
233,r001-0012-ce5b4aa2,1,-1685,1,9,41,7,13,166,"{""relativeReattackFactor"":2.200504,""relativeReattackMinDelta"":0.004372,""relativeFluxFactor"":3.13612,""spectralNoveltyRatio"":1.778273,""spectralNoveltyMinBins"":43,""cooldownFrames"":3,""confirmedRmsFactor"":2.187465,""confirmedRmsMinDelta"":0.005685,""confirmedFluxFactor"":1.77282,""confirmedMinFlux"":0.003392,""confirmedMinBandRatio"":0.044691,""confirmedSpectralNoveltyMinBins"":8,""cooldownOverrideFactor"":3.232879,""cooldownOverrideMinFlux"":0.013376,""cooldownOverrideMinBandRatio"":0.067321,""analyzeIntervalMs"":26}"
234,r001-0069-c1c4c492,1,-1723,0,7,50,5,18,177,"{""relativeReattackFactor"":1.454702,""relativeReattackMinDelta"":0.005838,""relativeFluxFactor"":3.979301,""spectralNoveltyRatio"":4.774854,""spectralNoveltyMinBins"":49,""cooldownFrames"":2,""confirmedRmsFactor"":1.376395,""confirmedRmsMinDelta"":0.008623,""confirmedFluxFactor"":1.68977,""confirmedMinFlux"":0.019941,""confirmedMinBandRatio"":0.024138,""confirmedSpectralNoveltyMinBins"":27,""cooldownOverrideFactor"":3.067856,""cooldownOverrideMinFlux"":0.018777,""cooldownOverrideMinBandRatio"":0.023959,""analyzeIntervalMs"":44}"
235,r002-0004-b6ab49cb,2,-1796,2,4,44,3,17,173,"{""relativeReattackFactor"":3.77513,""relativeReattackMinDelta"":0.009738,""relativeFluxFactor"":2.413319,""spectralNoveltyRatio"":6,""spectralNoveltyMinBins"":6,""cooldownFrames"":4,""confirmedRmsFactor"":1.788625,""confirmedRmsMinDelta"":0.011427,""confirmedFluxFactor"":2.101356,""confirmedMinFlux"":0.011478,""confirmedMinBandRatio"":0.044309,""confirmedSpectralNoveltyMinBins"":2,""cooldownOverrideFactor"":2.242322,""cooldownOverrideMinFlux"":0.01717,""cooldownOverrideMinBandRatio"":0.056214,""analyzeIntervalMs"":25}"
236,r002-0079-dc281227,2,-1814,1,9,38,7,12,161,"{""relativeReattackFactor"":4,""relativeReattackMinDelta"":0.012285,""relativeFluxFactor"":3.53617,""spectralNoveltyRatio"":6,""spectralNoveltyMinBins"":6,""cooldownFrames"":4,""confirmedRmsFactor"":1.778382,""confirmedRmsMinDelta"":0.008865,""confirmedFluxFactor"":1.750395,""confirmedMinFlux"":0.004093,""confirmedMinBandRatio"":0.05,""confirmedSpectralNoveltyMinBins"":2,""cooldownOverrideFactor"":4.211639,""cooldownOverrideMinFlux"":0.01915,""cooldownOverrideMinBandRatio"":0.029426,""analyzeIntervalMs"":25}"
237,r001-0027-31878abe,1,-1814,0,9,42,7,16,167,"{""relativeReattackFactor"":1.504444,""relativeReattackMinDelta"":0.024643,""relativeFluxFactor"":3.522397,""spectralNoveltyRatio"":1.557903,""spectralNoveltyMinBins"":32,""cooldownFrames"":4,""confirmedRmsFactor"":2.058564,""confirmedRmsMinDelta"":0.011237,""confirmedFluxFactor"":2.16154,""confirmedMinFlux"":0.015592,""confirmedMinBandRatio"":0.01166,""confirmedSpectralNoveltyMinBins"":29,""cooldownOverrideFactor"":3.904162,""cooldownOverrideMinFlux"":0.00766,""cooldownOverrideMinBandRatio"":0.034197,""analyzeIntervalMs"":43}"
238,r002-0029-317b276f,2,-1889,2,5,44,4,17,172,"{""relativeReattackFactor"":4,""relativeReattackMinDelta"":0.011502,""relativeFluxFactor"":2.476538,""spectralNoveltyRatio"":5.970591,""spectralNoveltyMinBins"":6,""cooldownFrames"":4,""confirmedRmsFactor"":1.251343,""confirmedRmsMinDelta"":0.012,""confirmedFluxFactor"":1.652138,""confirmedMinFlux"":0.012563,""confirmedMinBandRatio"":0.05,""confirmedSpectralNoveltyMinBins"":5,""cooldownOverrideFactor"":2.779357,""cooldownOverrideMinFlux"":0.012892,""cooldownOverrideMinBandRatio"":0.026607,""analyzeIntervalMs"":25}"
239,r001-0061-b73385d9,1,-1992,1,10,42,8,12,165,"{""relativeReattackFactor"":1.435876,""relativeReattackMinDelta"":0.017956,""relativeFluxFactor"":4.018489,""spectralNoveltyRatio"":4.110789,""spectralNoveltyMinBins"":9,""cooldownFrames"":4,""confirmedRmsFactor"":1.541829,""confirmedRmsMinDelta"":0.00223,""confirmedFluxFactor"":1.262728,""confirmedMinFlux"":0.00372,""confirmedMinBandRatio"":0.015782,""confirmedSpectralNoveltyMinBins"":10,""cooldownOverrideFactor"":2.300653,""cooldownOverrideMinFlux"":0.015923,""cooldownOverrideMinBandRatio"":0.070073,""analyzeIntervalMs"":50}"
240,r001-0074-a0a7d3f1,1,-2054,2,5,51,4,21,182,"{""relativeReattackFactor"":1.682541,""relativeReattackMinDelta"":0.009986,""relativeFluxFactor"":2.768574,""spectralNoveltyRatio"":5.332702,""spectralNoveltyMinBins"":20,""cooldownFrames"":3,""confirmedRmsFactor"":1.449091,""confirmedRmsMinDelta"":0.005173,""confirmedFluxFactor"":1.888611,""confirmedMinFlux"":0.005531,""confirmedMinBandRatio"":0.024086,""confirmedSpectralNoveltyMinBins"":8,""cooldownOverrideFactor"":4.931911,""cooldownOverrideMinFlux"":0.006165,""cooldownOverrideMinBandRatio"":0.065953,""analyzeIntervalMs"":36}"
241,r002-0009-1831e318,2,-2089,2,1,52,0,25,186,"{""relativeReattackFactor"":3.922345,""relativeReattackMinDelta"":0.010182,""relativeFluxFactor"":1.522985,""spectralNoveltyRatio"":4.227121,""spectralNoveltyMinBins"":6,""cooldownFrames"":4,""confirmedRmsFactor"":1.231163,""confirmedRmsMinDelta"":0.010001,""confirmedFluxFactor"":1.513468,""confirmedMinFlux"":0.012806,""confirmedMinBandRatio"":0.037063,""confirmedSpectralNoveltyMinBins"":2,""cooldownOverrideFactor"":3.664536,""cooldownOverrideMinFlux"":0.026854,""cooldownOverrideMinBandRatio"":0.02485,""analyzeIntervalMs"":25}"
242,r001-0020-e083c276,1,-2240,3,0,57,0,27,194,"{""relativeReattackFactor"":1.998556,""relativeReattackMinDelta"":0.020837,""relativeFluxFactor"":1.543978,""spectralNoveltyRatio"":3.459473,""spectralNoveltyMinBins"":9,""cooldownFrames"":3,""confirmedRmsFactor"":1.651327,""confirmedRmsMinDelta"":0.005569,""confirmedFluxFactor"":2.189415,""confirmedMinFlux"":0.018291,""confirmedMinBandRatio"":0.039785,""confirmedSpectralNoveltyMinBins"":28,""cooldownOverrideFactor"":3.373694,""cooldownOverrideMinFlux"":0.013678,""cooldownOverrideMinBandRatio"":0.057014,""analyzeIntervalMs"":30}"
243,r002-0074-cfed07f2,2,-2307,1,7,47,5,20,172,"{""relativeReattackFactor"":3.122302,""relativeReattackMinDelta"":0.008085,""relativeFluxFactor"":2.884177,""spectralNoveltyRatio"":4.780613,""spectralNoveltyMinBins"":6,""cooldownFrames"":3,""confirmedRmsFactor"":1.579002,""confirmedRmsMinDelta"":0.007396,""confirmedFluxFactor"":2.139866,""confirmedMinFlux"":0.004129,""confirmedMinBandRatio"":0.047883,""confirmedSpectralNoveltyMinBins"":11,""cooldownOverrideFactor"":2.212367,""cooldownOverrideMinFlux"":0.019775,""cooldownOverrideMinBandRatio"":0.02,""analyzeIntervalMs"":25}"
244,r001-0028-01c12361,1,-2465,1,2,64,1,30,198,"{""relativeReattackFactor"":1.457248,""relativeReattackMinDelta"":0.008935,""relativeFluxFactor"":1.553131,""spectralNoveltyRatio"":4.219719,""spectralNoveltyMinBins"":29,""cooldownFrames"":2,""confirmedRmsFactor"":2.031078,""confirmedRmsMinDelta"":0.002155,""confirmedFluxFactor"":1.369211,""confirmedMinFlux"":0.003585,""confirmedMinBandRatio"":0.041093,""confirmedSpectralNoveltyMinBins"":5,""cooldownOverrideFactor"":3.621451,""cooldownOverrideMinFlux"":0.008627,""cooldownOverrideMinBandRatio"":0.034919,""analyzeIntervalMs"":45}"
245,r001-0036-37284ac6,1,-2497,1,14,41,12,15,158,"{""relativeReattackFactor"":2.197302,""relativeReattackMinDelta"":0.008767,""relativeFluxFactor"":2.923881,""spectralNoveltyRatio"":5.436815,""spectralNoveltyMinBins"":61,""cooldownFrames"":2,""confirmedRmsFactor"":1.276961,""confirmedRmsMinDelta"":0.006478,""confirmedFluxFactor"":1.996923,""confirmedMinFlux"":0.006663,""confirmedMinBandRatio"":0.018133,""confirmedSpectralNoveltyMinBins"":10,""cooldownOverrideFactor"":1.807321,""cooldownOverrideMinFlux"":0.021299,""cooldownOverrideMinBandRatio"":0.043029,""analyzeIntervalMs"":25}"
246,r002-0034-6a0d6eb5,2,-2535,2,3,54,2,27,185,"{""relativeReattackFactor"":3.402249,""relativeReattackMinDelta"":0.004272,""relativeFluxFactor"":2.274748,""spectralNoveltyRatio"":4.696673,""spectralNoveltyMinBins"":6,""cooldownFrames"":4,""confirmedRmsFactor"":1.510124,""confirmedRmsMinDelta"":0.009971,""confirmedFluxFactor"":1.54103,""confirmedMinFlux"":0.011795,""confirmedMinBandRatio"":0.03871,""confirmedSpectralNoveltyMinBins"":10,""cooldownOverrideFactor"":3.663597,""cooldownOverrideMinFlux"":0.019314,""cooldownOverrideMinBandRatio"":0.039273,""analyzeIntervalMs"":25}"
247,r001-0045-059b5a93,1,-2883,1,6,61,5,30,189,"{""relativeReattackFactor"":1.434595,""relativeReattackMinDelta"":0.011689,""relativeFluxFactor"":4.477858,""spectralNoveltyRatio"":1.701394,""spectralNoveltyMinBins"":37,""cooldownFrames"":3,""confirmedRmsFactor"":1.718673,""confirmedRmsMinDelta"":0.003826,""confirmedFluxFactor"":1.738979,""confirmedMinFlux"":0.019154,""confirmedMinBandRatio"":0.015365,""confirmedSpectralNoveltyMinBins"":20,""cooldownOverrideFactor"":2.521623,""cooldownOverrideMinFlux"":0.007274,""cooldownOverrideMinBandRatio"":0.087167,""analyzeIntervalMs"":37}"
248,r001-0080-f819f7a7,1,-2951,0,9,61,7,28,186,"{""relativeReattackFactor"":1.725277,""relativeReattackMinDelta"":0.023135,""relativeFluxFactor"":4.228117,""spectralNoveltyRatio"":4.676481,""spectralNoveltyMinBins"":48,""cooldownFrames"":2,""confirmedRmsFactor"":1.817414,""confirmedRmsMinDelta"":0.002102,""confirmedFluxFactor"":1.1114,""confirmedMinFlux"":0.0106,""confirmedMinBandRatio"":0.041198,""confirmedSpectralNoveltyMinBins"":31,""cooldownOverrideFactor"":4.204851,""cooldownOverrideMinFlux"":0.005544,""cooldownOverrideMinBandRatio"":0.031534,""analyzeIntervalMs"":26}"
249,r001-0007-66224159,1,-2954,1,7,59,6,26,187,"{""relativeReattackFactor"":1.874013,""relativeReattackMinDelta"":0.014316,""relativeFluxFactor"":4.350865,""spectralNoveltyRatio"":5.63612,""spectralNoveltyMinBins"":9,""cooldownFrames"":2,""confirmedRmsFactor"":1.66,""confirmedRmsMinDelta"":0.008615,""confirmedFluxFactor"":1.76482,""confirmedMinFlux"":0.014648,""confirmedMinBandRatio"":0.022211,""confirmedSpectralNoveltyMinBins"":23,""cooldownOverrideFactor"":3.285184,""cooldownOverrideMinFlux"":0.014657,""cooldownOverrideMinBandRatio"":0.067331,""analyzeIntervalMs"":28}"
250,r001-0062-60021a9b,1,-5152,1,0,106,0,69,247,"{""relativeReattackFactor"":1.433072,""relativeReattackMinDelta"":0.007586,""relativeFluxFactor"":1.89454,""spectralNoveltyRatio"":2.16292,""spectralNoveltyMinBins"":8,""cooldownFrames"":2,""confirmedRmsFactor"":1.164898,""confirmedRmsMinDelta"":0.011896,""confirmedFluxFactor"":1.565149,""confirmedMinFlux"":0.013574,""confirmedMinBandRatio"":0.020929,""confirmedSpectralNoveltyMinBins"":5,""cooldownOverrideFactor"":2.933033,""cooldownOverrideMinFlux"":0.011911,""cooldownOverrideMinBandRatio"":0.025886,""analyzeIntervalMs"":32}"
