rank,id,round,score,exact,under,over,extremeUnder,extremeOver,totalOnsets,parameters
1,r017-0032-afdea89c,17,154,4,0,9,0,0,142,"{""relativeReattackFactor"":3.632824,""relativeReattackMinDelta"":0.004,""relativeFluxFactor"":1.4,""spectralNoveltyRatio"":5.112982,""spectralNoveltyMinBins"":21,""cooldownFrames"":4,""confirmedRmsFactor"":1.666455,""confirmedRmsMinDelta"":0.005542,""confirmedFluxFactor"":1.754475,""confirmedMinFlux"":0.003,""confirmedMinBandRatio"":0.027501,""confirmedSpectralNoveltyMinBins"":15,""cooldownOverrideFactor"":3.210712,""cooldownOverrideMinFlux"":0.026548,""cooldownOverrideMinBandRatio"":0.067885,""analyzeIntervalMs"":41}"
2,r011-0021-71b98842,11,84,3,0,10,0,0,143,"{""relativeReattackFactor"":3.518519,""relativeReattackMinDelta"":0.004957,""relativeFluxFactor"":1.4,""spectralNoveltyRatio"":4.154872,""spectralNoveltyMinBins"":27,""cooldownFrames"":3,""confirmedRmsFactor"":1.618337,""confirmedRmsMinDelta"":0.007887,""confirmedFluxFactor"":2.161276,""confirmedMinFlux"":0.003841,""confirmedMinBandRatio"":0.012552,""confirmedSpectralNoveltyMinBins"":12,""cooldownOverrideFactor"":2.218543,""cooldownOverrideMinFlux"":0.028738,""cooldownOverrideMinBandRatio"":0.079485,""analyzeIntervalMs"":41}"
3,r011-0027-2258b7ab,11,84,3,0,10,0,0,143,"{""relativeReattackFactor"":3.574927,""relativeReattackMinDelta"":0.004658,""relativeFluxFactor"":1.421848,""spectralNoveltyRatio"":4.123413,""spectralNoveltyMinBins"":26,""cooldownFrames"":3,""confirmedRmsFactor"":1.561295,""confirmedRmsMinDelta"":0.007239,""confirmedFluxFactor"":2.242979,""confirmedMinFlux"":0.005058,""confirmedMinBandRatio"":0.016643,""confirmedSpectralNoveltyMinBins"":9,""cooldownOverrideFactor"":2.385982,""cooldownOverrideMinFlux"":0.028076,""cooldownOverrideMinBandRatio"":0.073856,""analyzeIntervalMs"":41}"
4,r011-0039-b5b96ab3,11,84,3,0,10,0,0,144,"{""relativeReattackFactor"":3.538769,""relativeReattackMinDelta"":0.006399,""relativeFluxFactor"":1.4,""spectralNoveltyRatio"":4.0075,""spectralNoveltyMinBins"":26,""cooldownFrames"":3,""confirmedRmsFactor"":1.552256,""confirmedRmsMinDelta"":0.007603,""confirmedFluxFactor"":2.125912,""confirmedMinFlux"":0.003647,""confirmedMinBandRatio"":0.01394,""confirmedSpectralNoveltyMinBins"":13,""cooldownOverrideFactor"":2.098515,""cooldownOverrideMinFlux"":0.029845,""cooldownOverrideMinBandRatio"":0.080513,""analyzeIntervalMs"":41}"
5,r011-0051-1fa6f2fa,11,84,3,0,10,0,0,143,"{""relativeReattackFactor"":3.56677,""relativeReattackMinDelta"":0.004924,""relativeFluxFactor"":1.4,""spectralNoveltyRatio"":4.05226,""spectralNoveltyMinBins"":27,""cooldownFrames"":3,""confirmedRmsFactor"":1.573973,""confirmedRmsMinDelta"":0.008006,""confirmedFluxFactor"":2.127707,""confirmedMinFlux"":0.004861,""confirmedMinBandRatio"":0.012639,""confirmedSpectralNoveltyMinBins"":13,""cooldownOverrideFactor"":2.241464,""cooldownOverrideMinFlux"":0.028668,""cooldownOverrideMinBandRatio"":0.079619,""analyzeIntervalMs"":41}"
6,r012-0005-d4f88bf6,12,84,3,0,10,0,0,143,"{""relativeReattackFactor"":3.520871,""relativeReattackMinDelta"":0.004522,""relativeFluxFactor"":1.4,""spectralNoveltyRatio"":3.982187,""spectralNoveltyMinBins"":27,""cooldownFrames"":3,""confirmedRmsFactor"":1.623907,""confirmedRmsMinDelta"":0.007477,""confirmedFluxFactor"":2.075642,""confirmedMinFlux"":0.004237,""confirmedMinBandRatio"":0.013084,""confirmedSpectralNoveltyMinBins"":12,""cooldownOverrideFactor"":2.189766,""cooldownOverrideMinFlux"":0.029974,""cooldownOverrideMinBandRatio"":0.079995,""analyzeIntervalMs"":41}"
7,r012-0014-d386560b,12,84,3,0,10,0,0,144,"{""relativeReattackFactor"":3.600253,""relativeReattackMinDelta"":0.004376,""relativeFluxFactor"":1.4,""spectralNoveltyRatio"":3.885841,""spectralNoveltyMinBins"":26,""cooldownFrames"":3,""confirmedRmsFactor"":1.576931,""confirmedRmsMinDelta"":0.008301,""confirmedFluxFactor"":2.110522,""confirmedMinFlux"":0.004452,""confirmedMinBandRatio"":0.012628,""confirmedSpectralNoveltyMinBins"":13,""cooldownOverrideFactor"":2.170713,""cooldownOverrideMinFlux"":0.027933,""cooldownOverrideMinBandRatio"":0.080673,""analyzeIntervalMs"":41}"
8,r012-0021-6b22e59d,12,84,3,0,10,0,0,143,"{""relativeReattackFactor"":3.574061,""relativeReattackMinDelta"":0.00539,""relativeFluxFactor"":1.4,""spectralNoveltyRatio"":4.193204,""spectralNoveltyMinBins"":26,""cooldownFrames"":3,""confirmedRmsFactor"":1.658192,""confirmedRmsMinDelta"":0.008059,""confirmedFluxFactor"":2.160575,""confirmedMinFlux"":0.003948,""confirmedMinBandRatio"":0.012582,""confirmedSpectralNoveltyMinBins"":11,""cooldownOverrideFactor"":2.163795,""cooldownOverrideMinFlux"":0.029221,""cooldownOverrideMinBandRatio"":0.080072,""analyzeIntervalMs"":41}"
9,r012-0037-db2a0e3d,12,84,3,0,10,0,0,142,"{""relativeReattackFactor"":3.602807,""relativeReattackMinDelta"":0.004741,""relativeFluxFactor"":1.4,""spectralNoveltyRatio"":4.032058,""spectralNoveltyMinBins"":28,""cooldownFrames"":3,""confirmedRmsFactor"":1.556285,""confirmedRmsMinDelta"":0.007583,""confirmedFluxFactor"":2.232562,""confirmedMinFlux"":0.004472,""confirmedMinBandRatio"":0.015424,""confirmedSpectralNoveltyMinBins"":9,""cooldownOverrideFactor"":2.350441,""cooldownOverrideMinFlux"":0.028444,""cooldownOverrideMinBandRatio"":0.075141,""analyzeIntervalMs"":41}"
10,r012-0044-a190e5a7,12,84,3,0,10,0,0,143,"{""relativeReattackFactor"":3.599041,""relativeReattackMinDelta"":0.004479,""relativeFluxFactor"":1.410349,""spectralNoveltyRatio"":4.015825,""spectralNoveltyMinBins"":28,""cooldownFrames"":3,""confirmedRmsFactor"":1.565454,""confirmedRmsMinDelta"":0.008248,""confirmedFluxFactor"":2.13046,""confirmedMinFlux"":0.004824,""confirmedMinBandRatio"":0.01396,""confirmedSpectralNoveltyMinBins"":13,""cooldownOverrideFactor"":2.295309,""cooldownOverrideMinFlux"":0.028506,""cooldownOverrideMinBandRatio"":0.077364,""analyzeIntervalMs"":41}"
11,r012-0045-5d536960,12,84,3,0,10,0,0,144,"{""relativeReattackFactor"":3.550644,""relativeReattackMinDelta"":0.004413,""relativeFluxFactor"":1.4,""spectralNoveltyRatio"":3.944889,""spectralNoveltyMinBins"":26,""cooldownFrames"":3,""confirmedRmsFactor"":1.569955,""confirmedRmsMinDelta"":0.007551,""confirmedFluxFactor"":2.100811,""confirmedMinFlux"":0.004221,""confirmedMinBandRatio"":0.012858,""confirmedSpectralNoveltyMinBins"":11,""cooldownOverrideFactor"":2.148237,""cooldownOverrideMinFlux"":0.029012,""cooldownOverrideMinBandRatio"":0.080457,""analyzeIntervalMs"":41}"
12,r012-0048-7de3e8a3,12,84,3,0,10,0,0,144,"{""relativeReattackFactor"":3.498089,""relativeReattackMinDelta"":0.006979,""relativeFluxFactor"":1.400727,""spectralNoveltyRatio"":3.847433,""spectralNoveltyMinBins"":27,""cooldownFrames"":3,""confirmedRmsFactor"":1.561159,""confirmedRmsMinDelta"":0.007268,""confirmedFluxFactor"":2.16133,""confirmedMinFlux"":0.003165,""confirmedMinBandRatio"":0.013165,""confirmedSpectralNoveltyMinBins"":12,""cooldownOverrideFactor"":2.030211,""cooldownOverrideMinFlux"":0.0293,""cooldownOverrideMinBandRatio"":0.082494,""analyzeIntervalMs"":41}"
13,r012-0054-e17ee435,12,84,3,0,10,0,0,142,"{""relativeReattackFactor"":3.587458,""relativeReattackMinDelta"":0.004428,""relativeFluxFactor"":1.4,""spectralNoveltyRatio"":4.098279,""spectralNoveltyMinBins"":28,""cooldownFrames"":3,""confirmedRmsFactor"":1.613473,""confirmedRmsMinDelta"":0.008277,""confirmedFluxFactor"":2.083937,""confirmedMinFlux"":0.005201,""confirmedMinBandRatio"":0.011879,""confirmedSpectralNoveltyMinBins"":13,""cooldownOverrideFactor"":2.188222,""cooldownOverrideMinFlux"":0.028566,""cooldownOverrideMinBandRatio"":0.080257,""analyzeIntervalMs"":41}"
14,r012-0056-6e95c092,12,84,3,0,10,0,0,142,"{""relativeReattackFactor"":3.520176,""relativeReattackMinDelta"":0.004439,""relativeFluxFactor"":1.4,""spectralNoveltyRatio"":4.159078,""spectralNoveltyMinBins"":29,""cooldownFrames"":3,""confirmedRmsFactor"":1.603137,""confirmedRmsMinDelta"":0.007914,""confirmedFluxFactor"":2.174134,""confirmedMinFlux"":0.004505,""confirmedMinBandRatio"":0.013897,""confirmedSpectralNoveltyMinBins"":11,""cooldownOverrideFactor"":2.137202,""cooldownOverrideMinFlux"":0.028138,""cooldownOverrideMinBandRatio"":0.07963,""analyzeIntervalMs"":41}"
15,r012-0058-7020b847,12,84,3,0,10,0,0,143,"{""relativeReattackFactor"":3.528776,""relativeReattackMinDelta"":0.006576,""relativeFluxFactor"":1.4,""spectralNoveltyRatio"":4.016057,""spectralNoveltyMinBins"":28,""cooldownFrames"":3,""confirmedRmsFactor"":1.57071,""confirmedRmsMinDelta"":0.007569,""confirmedFluxFactor"":2.077677,""confirmedMinFlux"":0.003687,""confirmedMinBandRatio"":0.014807,""confirmedSpectralNoveltyMinBins"":14,""cooldownOverrideFactor"":2.045869,""cooldownOverrideMinFlux"":0.029878,""cooldownOverrideMinBandRatio"":0.082703,""analyzeIntervalMs"":41}"
16,r012-0062-a976936c,12,84,3,0,10,0,0,143,"{""relativeReattackFactor"":3.512482,""relativeReattackMinDelta"":0.004961,""relativeFluxFactor"":1.4,""spectralNoveltyRatio"":4.108281,""spectralNoveltyMinBins"":26,""cooldownFrames"":3,""confirmedRmsFactor"":1.555162,""confirmedRmsMinDelta"":0.007634,""confirmedFluxFactor"":2.207794,""confirmedMinFlux"":0.004559,""confirmedMinBandRatio"":0.015852,""confirmedSpectralNoveltyMinBins"":9,""cooldownOverrideFactor"":2.494295,""cooldownOverrideMinFlux"":0.027085,""cooldownOverrideMinBandRatio"":0.073334,""analyzeIntervalMs"":41}"
17,r012-0064-b410a109,12,84,3,0,10,0,0,144,"{""relativeReattackFactor"":3.628738,""relativeReattackMinDelta"":0.005408,""relativeFluxFactor"":1.4,""spectralNoveltyRatio"":3.940587,""spectralNoveltyMinBins"":27,""cooldownFrames"":3,""confirmedRmsFactor"":1.585888,""confirmedRmsMinDelta"":0.007755,""confirmedFluxFactor"":2.14561,""confirmedMinFlux"":0.004976,""confirmedMinBandRatio"":0.012048,""confirmedSpectralNoveltyMinBins"":12,""cooldownOverrideFactor"":2.358351,""cooldownOverrideMinFlux"":0.029222,""cooldownOverrideMinBandRatio"":0.080993,""analyzeIntervalMs"":41}"
18,r012-0066-8c27625a,12,84,3,0,10,0,0,143,"{""relativeReattackFactor"":3.566136,""relativeReattackMinDelta"":0.005019,""relativeFluxFactor"":1.4,""spectralNoveltyRatio"":4.253685,""spectralNoveltyMinBins"":26,""cooldownFrames"":3,""confirmedRmsFactor"":1.660123,""confirmedRmsMinDelta"":0.007553,""confirmedFluxFactor"":2.157563,""confirmedMinFlux"":0.004003,""confirmedMinBandRatio"":0.011555,""confirmedSpectralNoveltyMinBins"":12,""cooldownOverrideFactor"":2.211656,""cooldownOverrideMinFlux"":0.028395,""cooldownOverrideMinBandRatio"":0.081764,""analyzeIntervalMs"":41}"
19,r012-0076-e13ab3b5,12,84,3,0,10,0,0,143,"{""relativeReattackFactor"":3.520093,""relativeReattackMinDelta"":0.004211,""relativeFluxFactor"":1.4,""spectralNoveltyRatio"":4.282879,""spectralNoveltyMinBins"":26,""cooldownFrames"":3,""confirmedRmsFactor"":1.644153,""confirmedRmsMinDelta"":0.00802,""confirmedFluxFactor"":2.210907,""confirmedMinFlux"":0.004082,""confirmedMinBandRatio"":0.011118,""confirmedSpectralNoveltyMinBins"":11,""cooldownOverrideFactor"":2.284452,""cooldownOverrideMinFlux"":0.029134,""cooldownOverrideMinBandRatio"":0.078093,""analyzeIntervalMs"":41}"
20,r012-0079-f60e65f1,12,84,3,0,10,0,0,142,"{""relativeReattackFactor"":3.619945,""relativeReattackMinDelta"":0.005535,""relativeFluxFactor"":1.4,""spectralNoveltyRatio"":4.196584,""spectralNoveltyMinBins"":29,""cooldownFrames"":3,""confirmedRmsFactor"":1.536129,""confirmedRmsMinDelta"":0.008009,""confirmedFluxFactor"":2.127783,""confirmedMinFlux"":0.004206,""confirmedMinBandRatio"":0.013825,""confirmedSpectralNoveltyMinBins"":13,""cooldownOverrideFactor"":2.320288,""cooldownOverrideMinFlux"":0.029201,""cooldownOverrideMinBandRatio"":0.07969,""analyzeIntervalMs"":41}"
21,r013-0003-53a05790,13,84,3,0,10,0,0,143,"{""relativeReattackFactor"":3.499125,""relativeReattackMinDelta"":0.005742,""relativeFluxFactor"":1.4,""spectralNoveltyRatio"":4.089013,""spectralNoveltyMinBins"":26,""cooldownFrames"":3,""confirmedRmsFactor"":1.559508,""confirmedRmsMinDelta"":0.007758,""confirmedFluxFactor"":2.112837,""confirmedMinFlux"":0.003367,""confirmedMinBandRatio"":0.014994,""confirmedSpectralNoveltyMinBins"":12,""cooldownOverrideFactor"":2.000196,""cooldownOverrideMinFlux"":0.029122,""cooldownOverrideMinBandRatio"":0.078744,""analyzeIntervalMs"":41}"
22,r013-0010-6f9c2ead,13,84,3,0,10,0,0,142,"{""relativeReattackFactor"":3.571562,""relativeReattackMinDelta"":0.00467,""relativeFluxFactor"":1.4,""spectralNoveltyRatio"":4.037068,""spectralNoveltyMinBins"":28,""cooldownFrames"":3,""confirmedRmsFactor"":1.616391,""confirmedRmsMinDelta"":0.007436,""confirmedFluxFactor"":2.033648,""confirmedMinFlux"":0.004699,""confirmedMinBandRatio"":0.013804,""confirmedSpectralNoveltyMinBins"":13,""cooldownOverrideFactor"":2.205522,""cooldownOverrideMinFlux"":0.029313,""cooldownOverrideMinBandRatio"":0.079366,""analyzeIntervalMs"":41}"
23,r013-0026-4207b6df,13,84,3,0,10,0,0,143,"{""relativeReattackFactor"":3.542619,""relativeReattackMinDelta"":0.004153,""relativeFluxFactor"":1.4,""spectralNoveltyRatio"":4.261482,""spectralNoveltyMinBins"":26,""cooldownFrames"":3,""confirmedRmsFactor"":1.584876,""confirmedRmsMinDelta"":0.007792,""confirmedFluxFactor"":2.139354,""confirmedMinFlux"":0.003999,""confirmedMinBandRatio"":0.012758,""confirmedSpectralNoveltyMinBins"":12,""cooldownOverrideFactor"":2.099675,""cooldownOverrideMinFlux"":0.029087,""cooldownOverrideMinBandRatio"":0.080937,""analyzeIntervalMs"":41}"
24,r013-0049-8df34b86,13,84,3,0,10,0,0,142,"{""relativeReattackFactor"":3.49702,""relativeReattackMinDelta"":0.004153,""relativeFluxFactor"":1.4,""spectralNoveltyRatio"":4.217641,""spectralNoveltyMinBins"":28,""cooldownFrames"":3,""confirmedRmsFactor"":1.597022,""confirmedRmsMinDelta"":0.008226,""confirmedFluxFactor"":2.081135,""confirmedMinFlux"":0.004299,""confirmedMinBandRatio"":0.010952,""confirmedSpectralNoveltyMinBins"":14,""cooldownOverrideFactor"":2.346279,""cooldownOverrideMinFlux"":0.029701,""cooldownOverrideMinBandRatio"":0.077444,""analyzeIntervalMs"":41}"
25,r013-0054-75b8b4eb,13,84,3,0,10,0,0,143,"{""relativeReattackFactor"":3.506201,""relativeReattackMinDelta"":0.005736,""relativeFluxFactor"":1.4,""spectralNoveltyRatio"":4.214543,""spectralNoveltyMinBins"":27,""cooldownFrames"":3,""confirmedRmsFactor"":1.558491,""confirmedRmsMinDelta"":0.00761,""confirmedFluxFactor"":2.08891,""confirmedMinFlux"":0.004827,""confirmedMinBandRatio"":0.014028,""confirmedSpectralNoveltyMinBins"":12,""cooldownOverrideFactor"":2.312668,""cooldownOverrideMinFlux"":0.029408,""cooldownOverrideMinBandRatio"":0.081851,""analyzeIntervalMs"":41}"
26,r013-0061-e052bd17,13,84,3,0,10,0,0,143,"{""relativeReattackFactor"":3.60017,""relativeReattackMinDelta"":0.005455,""relativeFluxFactor"":1.4,""spectralNoveltyRatio"":4.197352,""spectralNoveltyMinBins"":27,""cooldownFrames"":3,""confirmedRmsFactor"":1.632331,""confirmedRmsMinDelta"":0.007851,""confirmedFluxFactor"":2.152267,""confirmedMinFlux"":0.004401,""confirmedMinBandRatio"":0.011675,""confirmedSpectralNoveltyMinBins"":13,""cooldownOverrideFactor"":2.254289,""cooldownOverrideMinFlux"":0.028698,""cooldownOverrideMinBandRatio"":0.078284,""analyzeIntervalMs"":41}"
27,r013-0064-81c9b56a,13,84,3,0,10,0,0,142,"{""relativeReattackFactor"":3.561949,""relativeReattackMinDelta"":0.005328,""relativeFluxFactor"":1.4,""spectralNoveltyRatio"":4.132882,""spectralNoveltyMinBins"":29,""cooldownFrames"":3,""confirmedRmsFactor"":1.534019,""confirmedRmsMinDelta"":0.008219,""confirmedFluxFactor"":2.135676,""confirmedMinFlux"":0.004719,""confirmedMinBandRatio"":0.013381,""confirmedSpectralNoveltyMinBins"":13,""cooldownOverrideFactor"":2.205903,""cooldownOverrideMinFlux"":0.028521,""cooldownOverrideMinBandRatio"":0.080169,""analyzeIntervalMs"":41}"
28,r014-0001-938c0729,14,84,3,0,10,0,0,143,"{""relativeReattackFactor"":3.610011,""relativeReattackMinDelta"":0.005148,""relativeFluxFactor"":1.4,""spectralNoveltyRatio"":4.044291,""spectralNoveltyMinBins"":26,""cooldownFrames"":3,""confirmedRmsFactor"":1.595796,""confirmedRmsMinDelta"":0.007813,""confirmedFluxFactor"":2.129837,""confirmedMinFlux"":0.003618,""confirmedMinBandRatio"":0.011241,""confirmedSpectralNoveltyMinBins"":13,""cooldownOverrideFactor"":2.133107,""cooldownOverrideMinFlux"":0.028447,""cooldownOverrideMinBandRatio"":0.081599,""analyzeIntervalMs"":41}"
29,r014-0018-fd005088,14,84,3,0,10,0,0,144,"{""relativeReattackFactor"":3.584503,""relativeReattackMinDelta"":0.006199,""relativeFluxFactor"":1.4,""spectralNoveltyRatio"":4.016223,""spectralNoveltyMinBins"":26,""cooldownFrames"":3,""confirmedRmsFactor"":1.523103,""confirmedRmsMinDelta"":0.007911,""confirmedFluxFactor"":2.107838,""confirmedMinFlux"":0.003769,""confirmedMinBandRatio"":0.013071,""confirmedSpectralNoveltyMinBins"":14,""cooldownOverrideFactor"":2.142768,""cooldownOverrideMinFlux"":0.03,""cooldownOverrideMinBandRatio"":0.080616,""analyzeIntervalMs"":41}"
30,r014-0024-29177c4e,14,84,3,0,10,0,0,142,"{""relativeReattackFactor"":3.524966,""relativeReattackMinDelta"":0.004293,""relativeFluxFactor"":1.413658,""spectralNoveltyRatio"":4.155385,""spectralNoveltyMinBins"":29,""cooldownFrames"":3,""confirmedRmsFactor"":1.602342,""confirmedRmsMinDelta"":0.008251,""confirmedFluxFactor"":2.118961,""confirmedMinFlux"":0.004499,""confirmedMinBandRatio"":0.011318,""confirmedSpectralNoveltyMinBins"":13,""cooldownOverrideFactor"":2.268564,""cooldownOverrideMinFlux"":0.028433,""cooldownOverrideMinBandRatio"":0.079822,""analyzeIntervalMs"":41}"
31,r014-0042-3ae39a02,14,84,3,0,10,0,0,143,"{""relativeReattackFactor"":3.593518,""relativeReattackMinDelta"":0.004178,""relativeFluxFactor"":1.4,""spectralNoveltyRatio"":4.135642,""spectralNoveltyMinBins"":27,""cooldownFrames"":3,""confirmedRmsFactor"":1.591174,""confirmedRmsMinDelta"":0.007396,""confirmedFluxFactor"":2.2411,""confirmedMinFlux"":0.004583,""confirmedMinBandRatio"":0.016512,""confirmedSpectralNoveltyMinBins"":9,""cooldownOverrideFactor"":2.30753,""cooldownOverrideMinFlux"":0.027641,""cooldownOverrideMinBandRatio"":0.071334,""analyzeIntervalMs"":41}"
32,r014-0043-ddd4bb73,14,84,3,0,10,0,0,144,"{""relativeReattackFactor"":3.605936,""relativeReattackMinDelta"":0.007193,""relativeFluxFactor"":1.4,""spectralNoveltyRatio"":3.890316,""spectralNoveltyMinBins"":26,""cooldownFrames"":3,""confirmedRmsFactor"":1.583341,""confirmedRmsMinDelta"":0.007224,""confirmedFluxFactor"":2.171973,""confirmedMinFlux"":0.003,""confirmedMinBandRatio"":0.012389,""confirmedSpectralNoveltyMinBins"":12,""cooldownOverrideFactor"":2.17906,""cooldownOverrideMinFlux"":0.029969,""cooldownOverrideMinBandRatio"":0.082586,""analyzeIntervalMs"":41}"
33,r014-0050-b6bca98f,14,84,3,0,10,0,0,143,"{""relativeReattackFactor"":3.50297,""relativeReattackMinDelta"":0.005261,""relativeFluxFactor"":1.4,""spectralNoveltyRatio"":4.003316,""spectralNoveltyMinBins"":28,""cooldownFrames"":3,""confirmedRmsFactor"":1.629169,""confirmedRmsMinDelta"":0.007808,""confirmedFluxFactor"":2.019838,""confirmedMinFlux"":0.003847,""confirmedMinBandRatio"":0.013534,""confirmedSpectralNoveltyMinBins"":11,""cooldownOverrideFactor"":2.118317,""cooldownOverrideMinFlux"":0.029802,""cooldownOverrideMinBandRatio"":0.078596,""analyzeIntervalMs"":41}"
34,r014-0051-c7aed7e6,14,84,3,0,10,0,0,142,"{""relativeReattackFactor"":3.524548,""relativeReattackMinDelta"":0.005309,""relativeFluxFactor"":1.4,""spectralNoveltyRatio"":4.131764,""spectralNoveltyMinBins"":29,""cooldownFrames"":3,""confirmedRmsFactor"":1.612119,""confirmedRmsMinDelta"":0.007855,""confirmedFluxFactor"":2.159653,""confirmedMinFlux"":0.003401,""confirmedMinBandRatio"":0.011307,""confirmedSpectralNoveltyMinBins"":12,""cooldownOverrideFactor"":2.200935,""cooldownOverrideMinFlux"":0.027984,""cooldownOverrideMinBandRatio"":0.077603,""analyzeIntervalMs"":41}"
35,r014-0056-0181fd2b,14,84,3,0,10,0,0,143,"{""relativeReattackFactor"":3.570925,""relativeReattackMinDelta"":0.004454,""relativeFluxFactor"":1.4,""spectralNoveltyRatio"":4.090174,""spectralNoveltyMinBins"":26,""cooldownFrames"":3,""confirmedRmsFactor"":1.608398,""confirmedRmsMinDelta"":0.007683,""confirmedFluxFactor"":2.152811,""confirmedMinFlux"":0.00361,""confirmedMinBandRatio"":0.010942,""confirmedSpectralNoveltyMinBins"":12,""cooldownOverrideFactor"":2.115555,""cooldownOverrideMinFlux"":0.027798,""cooldownOverrideMinBandRatio"":0.080727,""analyzeIntervalMs"":41}"
36,r014-0064-64253f40,14,84,3,0,10,0,0,144,"{""relativeReattackFactor"":3.598041,""relativeReattackMinDelta"":0.005735,""relativeFluxFactor"":1.401565,""spectralNoveltyRatio"":3.886846,""spectralNoveltyMinBins"":26,""cooldownFrames"":3,""confirmedRmsFactor"":1.608749,""confirmedRmsMinDelta"":0.008396,""confirmedFluxFactor"":2.133645,""confirmedMinFlux"":0.005135,""confirmedMinBandRatio"":0.011806,""confirmedSpectralNoveltyMinBins"":14,""cooldownOverrideFactor"":2.226051,""cooldownOverrideMinFlux"":0.02915,""cooldownOverrideMinBandRatio"":0.079215,""analyzeIntervalMs"":41}"
37,r014-0069-270fa14f,14,84,3,0,10,0,0,142,"{""relativeReattackFactor"":3.497193,""relativeReattackMinDelta"":0.004979,""relativeFluxFactor"":1.4,""spectralNoveltyRatio"":4.014234,""spectralNoveltyMinBins"":29,""cooldownFrames"":3,""confirmedRmsFactor"":1.608656,""confirmedRmsMinDelta"":0.008244,""confirmedFluxFactor"":2.094025,""confirmedMinFlux"":0.004816,""confirmedMinBandRatio"":0.012701,""confirmedSpectralNoveltyMinBins"":14,""cooldownOverrideFactor"":2.203553,""cooldownOverrideMinFlux"":0.028791,""cooldownOverrideMinBandRatio"":0.077307,""analyzeIntervalMs"":41}"
38,r015-0001-8e8a9a6d,15,84,3,0,10,0,0,142,"{""relativeReattackFactor"":3.57338,""relativeReattackMinDelta"":0.005584,""relativeFluxFactor"":1.4,""spectralNoveltyRatio"":4.095584,""spectralNoveltyMinBins"":28,""cooldownFrames"":3,""confirmedRmsFactor"":1.656969,""confirmedRmsMinDelta"":0.008152,""confirmedFluxFactor"":2.205774,""confirmedMinFlux"":0.004253,""confirmedMinBandRatio"":0.013053,""confirmedSpectralNoveltyMinBins"":11,""cooldownOverrideFactor"":2.286402,""cooldownOverrideMinFlux"":0.028594,""cooldownOverrideMinBandRatio"":0.080076,""analyzeIntervalMs"":41}"
39,r015-0007-09c819af,15,84,3,0,10,0,0,143,"{""relativeReattackFactor"":3.610224,""relativeReattackMinDelta"":0.004418,""relativeFluxFactor"":1.4,""spectralNoveltyRatio"":4.150771,""spectralNoveltyMinBins"":27,""cooldownFrames"":3,""confirmedRmsFactor"":1.555364,""confirmedRmsMinDelta"":0.007058,""confirmedFluxFactor"":2.18869,""confirmedMinFlux"":0.004559,""confirmedMinBandRatio"":0.017368,""confirmedSpectralNoveltyMinBins"":9,""cooldownOverrideFactor"":2.3563,""cooldownOverrideMinFlux"":0.029052,""cooldownOverrideMinBandRatio"":0.073297,""analyzeIntervalMs"":41}"
40,r015-0016-2965e0fa,15,84,3,0,10,0,0,143,"{""relativeReattackFactor"":3.520897,""relativeReattackMinDelta"":0.005353,""relativeFluxFactor"":1.4,""spectralNoveltyRatio"":4.196673,""spectralNoveltyMinBins"":27,""cooldownFrames"":3,""confirmedRmsFactor"":1.643971,""confirmedRmsMinDelta"":0.00756,""confirmedFluxFactor"":2.166586,""confirmedMinFlux"":0.00391,""confirmedMinBandRatio"":0.012357,""confirmedSpectralNoveltyMinBins"":13,""cooldownOverrideFactor"":2.327767,""cooldownOverrideMinFlux"":0.027816,""cooldownOverrideMinBandRatio"":0.080822,""analyzeIntervalMs"":41}"
41,r015-0048-c26b9023,15,84,3,0,10,0,0,143,"{""relativeReattackFactor"":3.586229,""relativeReattackMinDelta"":0.006976,""relativeFluxFactor"":1.4,""spectralNoveltyRatio"":4.071829,""spectralNoveltyMinBins"":26,""cooldownFrames"":3,""confirmedRmsFactor"":1.533154,""confirmedRmsMinDelta"":0.007585,""confirmedFluxFactor"":2.140813,""confirmedMinFlux"":0.003606,""confirmedMinBandRatio"":0.013384,""confirmedSpectralNoveltyMinBins"":13,""cooldownOverrideFactor"":2.04336,""cooldownOverrideMinFlux"":0.029432,""cooldownOverrideMinBandRatio"":0.080493,""analyzeIntervalMs"":41}"
42,r015-0049-428a1eea,15,84,3,0,10,0,0,143,"{""relativeReattackFactor"":3.529595,""relativeReattackMinDelta"":0.00513,""relativeFluxFactor"":1.4,""spectralNoveltyRatio"":3.986398,""spectralNoveltyMinBins"":28,""cooldownFrames"":3,""confirmedRmsFactor"":1.562592,""confirmedRmsMinDelta"":0.008399,""confirmedFluxFactor"":2.095579,""confirmedMinFlux"":0.005396,""confirmedMinBandRatio"":0.011213,""confirmedSpectralNoveltyMinBins"":13,""cooldownOverrideFactor"":2.287865,""cooldownOverrideMinFlux"":0.028678,""cooldownOverrideMinBandRatio"":0.07887,""analyzeIntervalMs"":41}"
43,r015-0060-a8dbbb42,15,84,3,0,10,0,0,143,"{""relativeReattackFactor"":3.502755,""relativeReattackMinDelta"":0.004042,""relativeFluxFactor"":1.4,""spectralNoveltyRatio"":3.900782,""spectralNoveltyMinBins"":28,""cooldownFrames"":3,""confirmedRmsFactor"":1.632499,""confirmedRmsMinDelta"":0.007308,""confirmedFluxFactor"":2.036516,""confirmedMinFlux"":0.00371,""confirmedMinBandRatio"":0.014133,""confirmedSpectralNoveltyMinBins"":12,""cooldownOverrideFactor"":2.116336,""cooldownOverrideMinFlux"":0.028938,""cooldownOverrideMinBandRatio"":0.079516,""analyzeIntervalMs"":41}"
44,r015-0061-bbb72450,15,84,3,0,10,0,0,142,"{""relativeReattackFactor"":3.597993,""relativeReattackMinDelta"":0.004746,""relativeFluxFactor"":1.4,""spectralNoveltyRatio"":4.255641,""spectralNoveltyMinBins"":29,""cooldownFrames"":3,""confirmedRmsFactor"":1.618608,""confirmedRmsMinDelta"":0.007554,""confirmedFluxFactor"":2.135475,""confirmedMinFlux"":0.003777,""confirmedMinBandRatio"":0.011918,""confirmedSpectralNoveltyMinBins"":12,""cooldownOverrideFactor"":2.147637,""cooldownOverrideMinFlux"":0.029373,""cooldownOverrideMinBandRatio"":0.077572,""analyzeIntervalMs"":41}"
45,r015-0064-67c5f2fa,15,84,3,0,10,0,0,143,"{""relativeReattackFactor"":3.61446,""relativeReattackMinDelta"":0.00443,""relativeFluxFactor"":1.4,""spectralNoveltyRatio"":4.047087,""spectralNoveltyMinBins"":26,""cooldownFrames"":3,""confirmedRmsFactor"":1.607903,""confirmedRmsMinDelta"":0.007804,""confirmedFluxFactor"":2.124132,""confirmedMinFlux"":0.00479,""confirmedMinBandRatio"":0.011352,""confirmedSpectralNoveltyMinBins"":13,""cooldownOverrideFactor"":2.298919,""cooldownOverrideMinFlux"":0.0282,""cooldownOverrideMinBandRatio"":0.078649,""analyzeIntervalMs"":41}"
46,r015-0069-c19542ea,15,84,3,0,10,0,0,144,"{""relativeReattackFactor"":3.573342,""relativeReattackMinDelta"":0.004684,""relativeFluxFactor"":1.4,""spectralNoveltyRatio"":3.912396,""spectralNoveltyMinBins"":27,""cooldownFrames"":3,""confirmedRmsFactor"":1.536572,""confirmedRmsMinDelta"":0.008024,""confirmedFluxFactor"":2.072043,""confirmedMinFlux"":0.00425,""confirmedMinBandRatio"":0.013169,""confirmedSpectralNoveltyMinBins"":14,""cooldownOverrideFactor"":2.245268,""cooldownOverrideMinFlux"":0.028259,""cooldownOverrideMinBandRatio"":0.077424,""analyzeIntervalMs"":41}"
47,r010-0010-8044864a,10,83,3,0,11,0,0,145,"{""relativeReattackFactor"":3.533973,""relativeReattackMinDelta"":0.0042,""relativeFluxFactor"":1.4,""spectralNoveltyRatio"":4.029136,""spectralNoveltyMinBins"":25,""cooldownFrames"":3,""confirmedRmsFactor"":1.60612,""confirmedRmsMinDelta"":0.007854,""confirmedFluxFactor"":2.112409,""confirmedMinFlux"":0.004262,""confirmedMinBandRatio"":0.012818,""confirmedSpectralNoveltyMinBins"":12,""cooldownOverrideFactor"":2.126803,""cooldownOverrideMinFlux"":0.029185,""cooldownOverrideMinBandRatio"":0.079478,""analyzeIntervalMs"":41}"
48,r010-0029-b5dfa045,10,83,3,0,11,0,0,145,"{""relativeReattackFactor"":3.511185,""relativeReattackMinDelta"":0.004156,""relativeFluxFactor"":1.4,""spectralNoveltyRatio"":4.127728,""spectralNoveltyMinBins"":24,""cooldownFrames"":3,""confirmedRmsFactor"":1.522122,""confirmedRmsMinDelta"":0.007128,""confirmedFluxFactor"":2.198399,""confirmedMinFlux"":0.004873,""confirmedMinBandRatio"":0.017273,""confirmedSpectralNoveltyMinBins"":10,""cooldownOverrideFactor"":2.325324,""cooldownOverrideMinFlux"":0.028648,""cooldownOverrideMinBandRatio"":0.074855,""analyzeIntervalMs"":41}"
49,r011-0042-c2f3128a,11,83,3,0,11,0,0,144,"{""relativeReattackFactor"":3.564672,""relativeReattackMinDelta"":0.00473,""relativeFluxFactor"":1.416941,""spectralNoveltyRatio"":4.298704,""spectralNoveltyMinBins"":25,""cooldownFrames"":3,""confirmedRmsFactor"":1.537523,""confirmedRmsMinDelta"":0.007453,""confirmedFluxFactor"":2.161593,""confirmedMinFlux"":0.004957,""confirmedMinBandRatio"":0.016698,""confirmedSpectralNoveltyMinBins"":10,""cooldownOverrideFactor"":2.449242,""cooldownOverrideMinFlux"":0.027819,""cooldownOverrideMinBandRatio"":0.075417,""analyzeIntervalMs"":41}"
50,r011-0047-9ee3b54a,11,83,3,0,11,0,0,145,"{""relativeReattackFactor"":3.591061,""relativeReattackMinDelta"":0.004,""relativeFluxFactor"":1.4,""spectralNoveltyRatio"":4.166773,""spectralNoveltyMinBins"":24,""cooldownFrames"":3,""confirmedRmsFactor"":1.481861,""confirmedRmsMinDelta"":0.006974,""confirmedFluxFactor"":2.164163,""confirmedMinFlux"":0.004349,""confirmedMinBandRatio"":0.018962,""confirmedSpectralNoveltyMinBins"":10,""cooldownOverrideFactor"":2.245455,""cooldownOverrideMinFlux"":0.028644,""cooldownOverrideMinBandRatio"":0.072111,""analyzeIntervalMs"":41}"
51,r011-0066-a849ccec,11,83,3,0,11,0,0,144,"{""relativeReattackFactor"":3.522403,""relativeReattackMinDelta"":0.004728,""relativeFluxFactor"":1.4,""spectralNoveltyRatio"":4.150164,""spectralNoveltyMinBins"":25,""cooldownFrames"":3,""confirmedRmsFactor"":1.612844,""confirmedRmsMinDelta"":0.008023,""confirmedFluxFactor"":2.136491,""confirmedMinFlux"":0.004646,""confirmedMinBandRatio"":0.012214,""confirmedSpectralNoveltyMinBins"":13,""cooldownOverrideFactor"":2.055289,""cooldownOverrideMinFlux"":0.028994,""cooldownOverrideMinBandRatio"":0.08038,""analyzeIntervalMs"":41}"
52,r012-0010-b9629d55,12,83,3,0,11,0,0,145,"{""relativeReattackFactor"":3.601414,""relativeReattackMinDelta"":0.004,""relativeFluxFactor"":1.4,""spectralNoveltyRatio"":3.911206,""spectralNoveltyMinBins"":25,""cooldownFrames"":3,""confirmedRmsFactor"":1.573388,""confirmedRmsMinDelta"":0.007936,""confirmedFluxFactor"":2.110192,""confirmedMinFlux"":0.004357,""confirmedMinBandRatio"":0.011447,""confirmedSpectralNoveltyMinBins"":12,""cooldownOverrideFactor"":2.028896,""cooldownOverrideMinFlux"":0.029138,""cooldownOverrideMinBandRatio"":0.077148,""analyzeIntervalMs"":41}"
53,r012-0026-7ca52a2c,12,83,3,0,11,0,0,145,"{""relativeReattackFactor"":3.615883,""relativeReattackMinDelta"":0.004544,""relativeFluxFactor"":1.4,""spectralNoveltyRatio"":4.047349,""spectralNoveltyMinBins"":25,""cooldownFrames"":3,""confirmedRmsFactor"":1.584966,""confirmedRmsMinDelta"":0.008143,""confirmedFluxFactor"":2.147147,""confirmedMinFlux"":0.004238,""confirmedMinBandRatio"":0.010854,""confirmedSpectralNoveltyMinBins"":11,""cooldownOverrideFactor"":2.119814,""cooldownOverrideMinFlux"":0.028905,""cooldownOverrideMinBandRatio"":0.080145,""analyzeIntervalMs"":41}"
54,r012-0033-2e88ee8c,12,83,3,0,11,0,0,145,"{""relativeReattackFactor"":3.555127,""relativeReattackMinDelta"":0.00673,""relativeFluxFactor"":1.418525,""spectralNoveltyRatio"":3.85012,""spectralNoveltyMinBins"":24,""cooldownFrames"":3,""confirmedRmsFactor"":1.555923,""confirmedRmsMinDelta"":0.007895,""confirmedFluxFactor"":2.11219,""confirmedMinFlux"":0.003185,""confirmedMinBandRatio"":0.012269,""confirmedSpectralNoveltyMinBins"":12,""cooldownOverrideFactor"":2.131458,""cooldownOverrideMinFlux"":0.03,""cooldownOverrideMinBandRatio"":0.078435,""analyzeIntervalMs"":41}"
55,r012-0053-5d8d6dd1,12,83,3,0,11,0,0,145,"{""relativeReattackFactor"":3.501176,""relativeReattackMinDelta"":0.005592,""relativeFluxFactor"":1.4,""spectralNoveltyRatio"":3.862408,""spectralNoveltyMinBins"":25,""cooldownFrames"":3,""confirmedRmsFactor"":1.550534,""confirmedRmsMinDelta"":0.007555,""confirmedFluxFactor"":2.154315,""confirmedMinFlux"":0.003444,""confirmedMinBandRatio"":0.013419,""confirmedSpectralNoveltyMinBins"":12,""cooldownOverrideFactor"":2.193738,""cooldownOverrideMinFlux"":0.029897,""cooldownOverrideMinBandRatio"":0.08231,""analyzeIntervalMs"":41}"
56,r012-0075-b0531722,12,83,3,0,11,0,0,145,"{""relativeReattackFactor"":3.551735,""relativeReattackMinDelta"":0.004,""relativeFluxFactor"":1.4,""spectralNoveltyRatio"":3.911023,""spectralNoveltyMinBins"":24,""cooldownFrames"":3,""confirmedRmsFactor"":1.638139,""confirmedRmsMinDelta"":0.008176,""confirmedFluxFactor"":2.078919,""confirmedMinFlux"":0.004703,""confirmedMinBandRatio"":0.012021,""confirmedSpectralNoveltyMinBins"":13,""cooldownOverrideFactor"":2.173126,""cooldownOverrideMinFlux"":0.029083,""cooldownOverrideMinBandRatio"":0.079196,""analyzeIntervalMs"":41}"
57,r013-0053-ba9b78c1,13,83,3,0,11,0,0,145,"{""relativeReattackFactor"":3.57167,""relativeReattackMinDelta"":0.006585,""relativeFluxFactor"":1.4,""spectralNoveltyRatio"":3.916809,""spectralNoveltyMinBins"":25,""cooldownFrames"":3,""confirmedRmsFactor"":1.522118,""confirmedRmsMinDelta"":0.007266,""confirmedFluxFactor"":2.128552,""confirmedMinFlux"":0.003798,""confirmedMinBandRatio"":0.014034,""confirmedSpectralNoveltyMinBins"":14,""cooldownOverrideFactor"":2.038926,""cooldownOverrideMinFlux"":0.028841,""cooldownOverrideMinBandRatio"":0.080298,""analyzeIntervalMs"":41}"
58,r013-0078-de5ca7c2,13,83,3,0,11,0,0,145,"{""relativeReattackFactor"":3.582157,""relativeReattackMinDelta"":0.005975,""relativeFluxFactor"":1.4,""spectralNoveltyRatio"":3.838738,""spectralNoveltyMinBins"":24,""cooldownFrames"":3,""confirmedRmsFactor"":1.573141,""confirmedRmsMinDelta"":0.007674,""confirmedFluxFactor"":2.104077,""confirmedMinFlux"":0.003645,""confirmedMinBandRatio"":0.01295,""confirmedSpectralNoveltyMinBins"":13,""cooldownOverrideFactor"":2.081902,""cooldownOverrideMinFlux"":0.029387,""cooldownOverrideMinBandRatio"":0.078385,""analyzeIntervalMs"":41}"
59,r014-0003-1752f134,14,83,3,0,11,0,0,144,"{""relativeReattackFactor"":3.539973,""relativeReattackMinDelta"":0.005772,""relativeFluxFactor"":1.4,""spectralNoveltyRatio"":4.164044,""spectralNoveltyMinBins"":25,""cooldownFrames"":3,""confirmedRmsFactor"":1.581024,""confirmedRmsMinDelta"":0.007868,""confirmedFluxFactor"":2.086358,""confirmedMinFlux"":0.004032,""confirmedMinBandRatio"":0.01464,""confirmedSpectralNoveltyMinBins"":14,""cooldownOverrideFactor"":2.02167,""cooldownOverrideMinFlux"":0.029219,""cooldownOverrideMinBandRatio"":0.0779,""analyzeIntervalMs"":41}"
60,r014-0038-15930d73,14,83,3,0,11,0,0,145,"{""relativeReattackFactor"":3.533233,""relativeReattackMinDelta"":0.006389,""relativeFluxFactor"":1.4,""spectralNoveltyRatio"":4.094343,""spectralNoveltyMinBins"":25,""cooldownFrames"":3,""confirmedRmsFactor"":1.584234,""confirmedRmsMinDelta"":0.0073,""confirmedFluxFactor"":2.095118,""confirmedMinFlux"":0.004192,""confirmedMinBandRatio"":0.014893,""confirmedSpectralNoveltyMinBins"":12,""cooldownOverrideFactor"":2.04299,""cooldownOverrideMinFlux"":0.029881,""cooldownOverrideMinBandRatio"":0.080269,""analyzeIntervalMs"":41}"
61,r014-0067-b6a58724,14,83,3,0,11,0,0,145,"{""relativeReattackFactor"":3.616569,""relativeReattackMinDelta"":0.004711,""relativeFluxFactor"":1.417372,""spectralNoveltyRatio"":4.079667,""spectralNoveltyMinBins"":24,""cooldownFrames"":3,""confirmedRmsFactor"":1.57373,""confirmedRmsMinDelta"":0.007161,""confirmedFluxFactor"":2.283613,""confirmedMinFlux"":0.005626,""confirmedMinBandRatio"":0.014893,""confirmedSpectralNoveltyMinBins"":10,""cooldownOverrideFactor"":2.311964,""cooldownOverrideMinFlux"":0.02765,""cooldownOverrideMinBandRatio"":0.071613,""analyzeIntervalMs"":41}"
62,r014-0068-59240cdd,14,83,3,0,11,0,0,145,"{""relativeReattackFactor"":3.586584,""relativeReattackMinDelta"":0.007084,""relativeFluxFactor"":1.4,""spectralNoveltyRatio"":3.838564,""spectralNoveltyMinBins"":24,""cooldownFrames"":3,""confirmedRmsFactor"":1.584103,""confirmedRmsMinDelta"":0.007238,""confirmedFluxFactor"":2.132597,""confirmedMinFlux"":0.00348,""confirmedMinBandRatio"":0.013835,""confirmedSpectralNoveltyMinBins"":12,""cooldownOverrideFactor"":2.148129,""cooldownOverrideMinFlux"":0.029072,""cooldownOverrideMinBandRatio"":0.079823,""analyzeIntervalMs"":41}"
63,r015-0021-c3536d7d,15,83,3,0,11,0,0,144,"{""relativeReattackFactor"":3.522444,""relativeReattackMinDelta"":0.005433,""relativeFluxFactor"":1.415484,""spectralNoveltyRatio"":4.125482,""spectralNoveltyMinBins"":25,""cooldownFrames"":3,""confirmedRmsFactor"":1.640647,""confirmedRmsMinDelta"":0.008277,""confirmedFluxFactor"":2.204776,""confirmedMinFlux"":0.003231,""confirmedMinBandRatio"":0.010894,""confirmedSpectralNoveltyMinBins"":12,""cooldownOverrideFactor"":2.188045,""cooldownOverrideMinFlux"":0.028003,""cooldownOverrideMinBandRatio"":0.079054,""analyzeIntervalMs"":41}"
64,r015-0026-b8faccf3,15,83,3,0,11,0,0,145,"{""relativeReattackFactor"":3.571892,""relativeReattackMinDelta"":0.005283,""relativeFluxFactor"":1.4,""spectralNoveltyRatio"":4.030617,""spectralNoveltyMinBins"":25,""cooldownFrames"":3,""confirmedRmsFactor"":1.615036,""confirmedRmsMinDelta"":0.008195,""confirmedFluxFactor"":2.107567,""confirmedMinFlux"":0.004335,""confirmedMinBandRatio"":0.013251,""confirmedSpectralNoveltyMinBins"":12,""cooldownOverrideFactor"":2.123063,""cooldownOverrideMinFlux"":0.02816,""cooldownOverrideMinBandRatio"":0.080051,""analyzeIntervalMs"":41}"
65,r015-0037-0d7a4a0b,15,83,3,0,11,0,0,144,"{""relativeReattackFactor"":3.526654,""relativeReattackMinDelta"":0.004,""relativeFluxFactor"":1.4,""spectralNoveltyRatio"":4.145529,""spectralNoveltyMinBins"":25,""cooldownFrames"":3,""confirmedRmsFactor"":1.524309,""confirmedRmsMinDelta"":0.007258,""confirmedFluxFactor"":2.225264,""confirmedMinFlux"":0.005214,""confirmedMinBandRatio"":0.018132,""confirmedSpectralNoveltyMinBins"":8,""cooldownOverrideFactor"":2.424197,""cooldownOverrideMinFlux"":0.0272,""cooldownOverrideMinBandRatio"":0.071101,""analyzeIntervalMs"":41}"
66,r015-0066-dc3ea991,15,83,3,0,11,0,0,145,"{""relativeReattackFactor"":3.583408,""relativeReattackMinDelta"":0.004796,""relativeFluxFactor"":1.4,""spectralNoveltyRatio"":3.994247,""spectralNoveltyMinBins"":25,""cooldownFrames"":3,""confirmedRmsFactor"":1.598617,""confirmedRmsMinDelta"":0.007758,""confirmedFluxFactor"":2.193135,""confirmedMinFlux"":0.003919,""confirmedMinBandRatio"":0.013988,""confirmedSpectralNoveltyMinBins"":11,""cooldownOverrideFactor"":2.195944,""cooldownOverrideMinFlux"":0.02933,""cooldownOverrideMinBandRatio"":0.076706,""analyzeIntervalMs"":41}"
67,r008-0046-0d194ae8,8,81,3,0,11,0,0,144,"{""relativeReattackFactor"":3.362863,""relativeReattackMinDelta"":0.004555,""relativeFluxFactor"":1.4,""spectralNoveltyRatio"":4.246367,""spectralNoveltyMinBins"":26,""cooldownFrames"":3,""confirmedRmsFactor"":1.504584,""confirmedRmsMinDelta"":0.007782,""confirmedFluxFactor"":2.09209,""confirmedMinFlux"":0.004471,""confirmedMinBandRatio"":0.01441,""confirmedSpectralNoveltyMinBins"":11,""cooldownOverrideFactor"":2.318104,""cooldownOverrideMinFlux"":0.029068,""cooldownOverrideMinBandRatio"":0.078751,""analyzeIntervalMs"":41}"
68,r009-0022-9e2de354,9,81,3,0,11,0,0,144,"{""relativeReattackFactor"":3.448392,""relativeReattackMinDelta"":0.005631,""relativeFluxFactor"":1.4,""spectralNoveltyRatio"":4.070025,""spectralNoveltyMinBins"":26,""cooldownFrames"":3,""confirmedRmsFactor"":1.56156,""confirmedRmsMinDelta"":0.00792,""confirmedFluxFactor"":2.098085,""confirmedMinFlux"":0.004093,""confirmedMinBandRatio"":0.013801,""confirmedSpectralNoveltyMinBins"":13,""cooldownOverrideFactor"":2.102867,""cooldownOverrideMinFlux"":0.029317,""cooldownOverrideMinBandRatio"":0.078582,""analyzeIntervalMs"":41}"
69,r010-0009-5e6425bc,10,81,3,0,11,0,0,144,"{""relativeReattackFactor"":3.403162,""relativeReattackMinDelta"":0.005022,""relativeFluxFactor"":1.4,""spectralNoveltyRatio"":4.323771,""spectralNoveltyMinBins"":27,""cooldownFrames"":3,""confirmedRmsFactor"":1.513365,""confirmedRmsMinDelta"":0.00744,""confirmedFluxFactor"":2.100745,""confirmedMinFlux"":0.003807,""confirmedMinBandRatio"":0.017157,""confirmedSpectralNoveltyMinBins"":12,""cooldownOverrideFactor"":2.369262,""cooldownOverrideMinFlux"":0.028371,""cooldownOverrideMinBandRatio"":0.076313,""analyzeIntervalMs"":41}"
70,r010-0014-26540e7f,10,81,3,0,11,0,0,144,"{""relativeReattackFactor"":3.384423,""relativeReattackMinDelta"":0.004645,""relativeFluxFactor"":1.4,""spectralNoveltyRatio"":4.120223,""spectralNoveltyMinBins"":26,""cooldownFrames"":3,""confirmedRmsFactor"":1.497108,""confirmedRmsMinDelta"":0.007627,""confirmedFluxFactor"":2.139928,""confirmedMinFlux"":0.004615,""confirmedMinBandRatio"":0.016247,""confirmedSpectralNoveltyMinBins"":10,""cooldownOverrideFactor"":2.311099,""cooldownOverrideMinFlux"":0.029785,""cooldownOverrideMinBandRatio"":0.075441,""analyzeIntervalMs"":41}"
71,r010-0022-5acb8906,10,81,3,0,11,0,0,145,"{""relativeReattackFactor"":3.393782,""relativeReattackMinDelta"":0.006329,""relativeFluxFactor"":1.4,""spectralNoveltyRatio"":3.894101,""spectralNoveltyMinBins"":27,""cooldownFrames"":3,""confirmedRmsFactor"":1.594339,""confirmedRmsMinDelta"":0.008031,""confirmedFluxFactor"":2.149424,""confirmedMinFlux"":0.003493,""confirmedMinBandRatio"":0.012663,""confirmedSpectralNoveltyMinBins"":12,""cooldownOverrideFactor"":2.010792,""cooldownOverrideMinFlux"":0.028681,""cooldownOverrideMinBandRatio"":0.078921,""analyzeIntervalMs"":41}"
72,r010-0030-ce8b3445,10,81,3,0,11,0,0,145,"{""relativeReattackFactor"":3.430165,""relativeReattackMinDelta"":0.005166,""relativeFluxFactor"":1.4,""spectralNoveltyRatio"":3.998409,""spectralNoveltyMinBins"":26,""cooldownFrames"":3,""confirmedRmsFactor"":1.605768,""confirmedRmsMinDelta"":0.007497,""confirmedFluxFactor"":2.145503,""confirmedMinFlux"":0.00429,""confirmedMinBandRatio"":0.012541,""confirmedSpectralNoveltyMinBins"":10,""cooldownOverrideFactor"":2.084586,""cooldownOverrideMinFlux"":0.027668,""cooldownOverrideMinBandRatio"":0.077726,""analyzeIntervalMs"":41}"
73,r010-0038-79655ff5,10,81,3,0,11,0,0,144,"{""relativeReattackFactor"":3.473349,""relativeReattackMinDelta"":0.004693,""relativeFluxFactor"":1.4,""spectralNoveltyRatio"":4.238025,""spectralNoveltyMinBins"":26,""cooldownFrames"":3,""confirmedRmsFactor"":1.529015,""confirmedRmsMinDelta"":0.007626,""confirmedFluxFactor"":2.120153,""confirmedMinFlux"":0.004552,""confirmedMinBandRatio"":0.015326,""confirmedSpectralNoveltyMinBins"":12,""cooldownOverrideFactor"":2.196148,""cooldownOverrideMinFlux"":0.028825,""cooldownOverrideMinBandRatio"":0.07644,""analyzeIntervalMs"":41}"
74,r010-0042-d09a9a2d,10,81,3,0,11,0,0,144,"{""relativeReattackFactor"":3.43575,""relativeReattackMinDelta"":0.006079,""relativeFluxFactor"":1.4,""spectralNoveltyRatio"":3.910496,""spectralNoveltyMinBins"":28,""cooldownFrames"":3,""confirmedRmsFactor"":1.563167,""confirmedRmsMinDelta"":0.007568,""confirmedFluxFactor"":2.07389,""confirmedMinFlux"":0.003643,""confirmedMinBandRatio"":0.014605,""confirmedSpectralNoveltyMinBins"":12,""cooldownOverrideFactor"":2.208977,""cooldownOverrideMinFlux"":0.028554,""cooldownOverrideMinBandRatio"":0.076394,""analyzeIntervalMs"":41}"
75,r010-0056-4d04bd7a,10,81,3,0,11,0,0,143,"{""relativeReattackFactor"":3.404577,""relativeReattackMinDelta"":0.004595,""relativeFluxFactor"":1.4,""spectralNoveltyRatio"":4.144073,""spectralNoveltyMinBins"":28,""cooldownFrames"":3,""confirmedRmsFactor"":1.506862,""confirmedRmsMinDelta"":0.008137,""confirmedFluxFactor"":2.11857,""confirmedMinFlux"":0.003985,""confirmedMinBandRatio"":0.015664,""confirmedSpectralNoveltyMinBins"":10,""cooldownOverrideFactor"":2.42983,""cooldownOverrideMinFlux"":0.028883,""cooldownOverrideMinBandRatio"":0.079139,""analyzeIntervalMs"":41}"
76,r010-0064-07e98337,10,81,3,0,11,0,0,144,"{""relativeReattackFactor"":3.330528,""relativeReattackMinDelta"":0.004,""relativeFluxFactor"":1.4,""spectralNoveltyRatio"":4.085322,""spectralNoveltyMinBins"":26,""cooldownFrames"":3,""confirmedRmsFactor"":1.523195,""confirmedRmsMinDelta"":0.007692,""confirmedFluxFactor"":2.136904,""confirmedMinFlux"":0.003577,""confirmedMinBandRatio"":0.015171,""confirmedSpectralNoveltyMinBins"":10,""cooldownOverrideFactor"":2.387816,""cooldownOverrideMinFlux"":0.028211,""cooldownOverrideMinBandRatio"":0.079516,""analyzeIntervalMs"":41}"
77,r010-0066-7857f2d7,10,81,3,0,11,0,0,144,"{""relativeReattackFactor"":3.36697,""relativeReattackMinDelta"":0.004,""relativeFluxFactor"":1.4,""spectralNoveltyRatio"":4.215991,""spectralNoveltyMinBins"":26,""cooldownFrames"":3,""confirmedRmsFactor"":1.535814,""confirmedRmsMinDelta"":0.00783,""confirmedFluxFactor"":2.060048,""confirmedMinFlux"":0.003954,""confirmedMinBandRatio"":0.013861,""confirmedSpectralNoveltyMinBins"":12,""cooldownOverrideFactor"":2.2354,""cooldownOverrideMinFlux"":0.029804,""cooldownOverrideMinBandRatio"":0.077194,""analyzeIntervalMs"":41}"
78,r010-0067-e01e99f3,10,81,3,0,11,0,0,144,"{""relativeReattackFactor"":3.45761,""relativeReattackMinDelta"":0.005121,""relativeFluxFactor"":1.4,""spectralNoveltyRatio"":4.037266,""spectralNoveltyMinBins"":27,""cooldownFrames"":3,""confirmedRmsFactor"":1.575137,""confirmedRmsMinDelta"":0.007605,""confirmedFluxFactor"":2.105543,""confirmedMinFlux"":0.004185,""confirmedMinBandRatio"":0.014531,""confirmedSpectralNoveltyMinBins"":13,""cooldownOverrideFactor"":2.219202,""cooldownOverrideMinFlux"":0.029329,""cooldownOverrideMinBandRatio"":0.077758,""analyzeIntervalMs"":41}"
79,r011-0003-d97721f5,11,81,3,0,11,0,0,143,"{""relativeReattackFactor"":3.350754,""relativeReattackMinDelta"":0.004,""relativeFluxFactor"":1.4,""spectralNoveltyRatio"":4.358029,""spectralNoveltyMinBins"":28,""cooldownFrames"":3,""confirmedRmsFactor"":1.530928,""confirmedRmsMinDelta"":0.007535,""confirmedFluxFactor"":2.039099,""confirmedMinFlux"":0.004671,""confirmedMinBandRatio"":0.015073,""confirmedSpectralNoveltyMinBins"":11,""cooldownOverrideFactor"":2.240506,""cooldownOverrideMinFlux"":0.02862,""cooldownOverrideMinBandRatio"":0.077306,""analyzeIntervalMs"":41}"
80,r011-0013-07d298d2,11,81,3,0,11,0,0,144,"{""relativeReattackFactor"":3.370707,""relativeReattackMinDelta"":0.005004,""relativeFluxFactor"":1.4,""spectralNoveltyRatio"":4.375339,""spectralNoveltyMinBins"":26,""cooldownFrames"":3,""confirmedRmsFactor"":1.522656,""confirmedRmsMinDelta"":0.007454,""confirmedFluxFactor"":2.113352,""confirmedMinFlux"":0.00495,""confirmedMinBandRatio"":0.013273,""confirmedSpectralNoveltyMinBins"":10,""cooldownOverrideFactor"":2.397915,""cooldownOverrideMinFlux"":0.028564,""cooldownOverrideMinBandRatio"":0.076312,""analyzeIntervalMs"":41}"
81,r011-0014-1d91ef65,11,81,3,0,11,0,0,144,"{""relativeReattackFactor"":3.39767,""relativeReattackMinDelta"":0.004918,""relativeFluxFactor"":1.416173,""spectralNoveltyRatio"":4.227126,""spectralNoveltyMinBins"":27,""cooldownFrames"":3,""confirmedRmsFactor"":1.588317,""confirmedRmsMinDelta"":0.007944,""confirmedFluxFactor"":2.139668,""confirmedMinFlux"":0.004722,""confirmedMinBandRatio"":0.012781,""confirmedSpectralNoveltyMinBins"":14,""cooldownOverrideFactor"":2.0378,""cooldownOverrideMinFlux"":0.028772,""cooldownOverrideMinBandRatio"":0.08041,""analyzeIntervalMs"":41}"
82,r011-0016-7530b9ea,11,81,3,0,11,0,0,144,"{""relativeReattackFactor"":3.479876,""relativeReattackMinDelta"":0.004,""relativeFluxFactor"":1.4,""spectralNoveltyRatio"":4.175894,""spectralNoveltyMinBins"":26,""cooldownFrames"":3,""confirmedRmsFactor"":1.594634,""confirmedRmsMinDelta"":0.008016,""confirmedFluxFactor"":2.140742,""confirmedMinFlux"":0.004006,""confirmedMinBandRatio"":0.013944,""confirmedSpectralNoveltyMinBins"":12,""cooldownOverrideFactor"":2.129218,""cooldownOverrideMinFlux"":0.028724,""cooldownOverrideMinBandRatio"":0.081658,""analyzeIntervalMs"":41}"
83,r011-0020-5996eeab,11,81,3,0,11,0,0,144,"{""relativeReattackFactor"":3.484612,""relativeReattackMinDelta"":0.004748,""relativeFluxFactor"":1.4,""spectralNoveltyRatio"":4.19694,""spectralNoveltyMinBins"":26,""cooldownFrames"":3,""confirmedRmsFactor"":1.515091,""confirmedRmsMinDelta"":0.007471,""confirmedFluxFactor"":2.047407,""confirmedMinFlux"":0.003386,""confirmedMinBandRatio"":0.016798,""confirmedSpectralNoveltyMinBins"":12,""cooldownOverrideFactor"":2.492177,""cooldownOverrideMinFlux"":0.028003,""cooldownOverrideMinBandRatio"":0.076078,""analyzeIntervalMs"":41}"
84,r011-0025-3cf06465,11,81,3,0,11,0,0,144,"{""relativeReattackFactor"":3.353448,""relativeReattackMinDelta"":0.005263,""relativeFluxFactor"":1.4,""spectralNoveltyRatio"":4.226487,""spectralNoveltyMinBins"":27,""cooldownFrames"":3,""confirmedRmsFactor"":1.540385,""confirmedRmsMinDelta"":0.007731,""confirmedFluxFactor"":2.068177,""confirmedMinFlux"":0.004121,""confirmedMinBandRatio"":0.016357,""confirmedSpectralNoveltyMinBins"":13,""cooldownOverrideFactor"":2.319931,""cooldownOverrideMinFlux"":0.027817,""cooldownOverrideMinBandRatio"":0.077604,""analyzeIntervalMs"":41}"
85,r011-0028-8904ae37,11,81,3,0,11,0,0,144,"{""relativeReattackFactor"":3.33994,""relativeReattackMinDelta"":0.004,""relativeFluxFactor"":1.4,""spectralNoveltyRatio"":4.287897,""spectralNoveltyMinBins"":27,""cooldownFrames"":3,""confirmedRmsFactor"":1.46467,""confirmedRmsMinDelta"":0.007664,""confirmedFluxFactor"":2.120951,""confirmedMinFlux"":0.004814,""confirmedMinBandRatio"":0.013027,""confirmedSpectralNoveltyMinBins"":10,""cooldownOverrideFactor"":2.190808,""cooldownOverrideMinFlux"":0.029433,""cooldownOverrideMinBandRatio"":0.076463,""analyzeIntervalMs"":41}"
86,r011-0029-34979daf,11,81,3,0,11,0,0,144,"{""relativeReattackFactor"":3.401514,""relativeReattackMinDelta"":0.005347,""relativeFluxFactor"":1.410742,""spectralNoveltyRatio"":4.132939,""spectralNoveltyMinBins"":26,""cooldownFrames"":3,""confirmedRmsFactor"":1.525809,""confirmedRmsMinDelta"":0.008208,""confirmedFluxFactor"":2.135529,""confirmedMinFlux"":0.00371,""confirmedMinBandRatio"":0.015065,""confirmedSpectralNoveltyMinBins"":14,""cooldownOverrideFactor"":1.989045,""cooldownOverrideMinFlux"":0.029382,""cooldownOverrideMinBandRatio"":0.076669,""analyzeIntervalMs"":41}"
87,r011-0030-7ef19921,11,81,3,0,11,0,0,144,"{""relativeReattackFactor"":3.46911,""relativeReattackMinDelta"":0.004726,""relativeFluxFactor"":1.4,""spectralNoveltyRatio"":4.215714,""spectralNoveltyMinBins"":27,""cooldownFrames"":3,""confirmedRmsFactor"":1.522596,""confirmedRmsMinDelta"":0.007139,""confirmedFluxFactor"":2.06078,""confirmedMinFlux"":0.003857,""confirmedMinBandRatio"":0.017647,""confirmedSpectralNoveltyMinBins"":13,""cooldownOverrideFactor"":2.403325,""cooldownOverrideMinFlux"":0.027753,""cooldownOverrideMinBandRatio"":0.077817,""analyzeIntervalMs"":41}"
88,r011-0054-aa6fd106,11,81,3,0,11,0,0,143,"{""relativeReattackFactor"":3.346095,""relativeReattackMinDelta"":0.005061,""relativeFluxFactor"":1.415366,""spectralNoveltyRatio"":4.243317,""spectralNoveltyMinBins"":28,""cooldownFrames"":3,""confirmedRmsFactor"":1.594327,""confirmedRmsMinDelta"":0.00795,""confirmedFluxFactor"":2.081013,""confirmedMinFlux"":0.003895,""confirmedMinBandRatio"":0.014309,""confirmedSpectralNoveltyMinBins"":14,""cooldownOverrideFactor"":1.993925,""cooldownOverrideMinFlux"":0.028508,""cooldownOverrideMinBandRatio"":0.080959,""analyzeIntervalMs"":41}"
89,r011-0059-4bcafdad,11,81,3,0,11,0,0,145,"{""relativeReattackFactor"":3.482325,""relativeReattackMinDelta"":0.005486,""relativeFluxFactor"":1.4,""spectralNoveltyRatio"":3.963428,""spectralNoveltyMinBins"":26,""cooldownFrames"":3,""confirmedRmsFactor"":1.525159,""confirmedRmsMinDelta"":0.007677,""confirmedFluxFactor"":2.07225,""confirmedMinFlux"":0.004171,""confirmedMinBandRatio"":0.01494,""confirmedSpectralNoveltyMinBins"":13,""cooldownOverrideFactor"":2.20622,""cooldownOverrideMinFlux"":0.03,""cooldownOverrideMinBandRatio"":0.080882,""analyzeIntervalMs"":41}"
90,r011-0060-7f19ec2a,11,81,3,0,11,0,0,144,"{""relativeReattackFactor"":3.374486,""relativeReattackMinDelta"":0.005382,""relativeFluxFactor"":1.4,""spectralNoveltyRatio"":4.283906,""spectralNoveltyMinBins"":27,""cooldownFrames"":3,""confirmedRmsFactor"":1.555277,""confirmedRmsMinDelta"":0.00758,""confirmedFluxFactor"":2.049776,""confirmedMinFlux"":0.00412,""confirmedMinBandRatio"":0.016222,""confirmedSpectralNoveltyMinBins"":13,""cooldownOverrideFactor"":2.432518,""cooldownOverrideMinFlux"":0.028843,""cooldownOverrideMinBandRatio"":0.07849,""analyzeIntervalMs"":41}"
91,r011-0070-46d10624,11,81,3,0,11,0,0,143,"{""relativeReattackFactor"":3.320291,""relativeReattackMinDelta"":0.005727,""relativeFluxFactor"":1.416439,""spectralNoveltyRatio"":4.372213,""spectralNoveltyMinBins"":28,""cooldownFrames"":3,""confirmedRmsFactor"":1.471555,""confirmedRmsMinDelta"":0.007623,""confirmedFluxFactor"":2.122704,""confirmedMinFlux"":0.004224,""confirmedMinBandRatio"":0.016487,""confirmedSpectralNoveltyMinBins"":13,""cooldownOverrideFactor"":2.456534,""cooldownOverrideMinFlux"":0.029258,""cooldownOverrideMinBandRatio"":0.075345,""analyzeIntervalMs"":41}"
92,r011-0075-da455146,11,81,3,0,11,0,0,144,"{""relativeReattackFactor"":3.454444,""relativeReattackMinDelta"":0.004964,""relativeFluxFactor"":1.4,""spectralNoveltyRatio"":4.319346,""spectralNoveltyMinBins"":27,""cooldownFrames"":3,""confirmedRmsFactor"":1.536392,""confirmedRmsMinDelta"":0.007209,""confirmedFluxFactor"":2.106387,""confirmedMinFlux"":0.003822,""confirmedMinBandRatio"":0.015582,""confirmedSpectralNoveltyMinBins"":11,""cooldownOverrideFactor"":2.429105,""cooldownOverrideMinFlux"":0.028756,""cooldownOverrideMinBandRatio"":0.078373,""analyzeIntervalMs"":41}"
93,r012-0001-ccf58ed0,12,81,3,0,11,0,0,143,"{""relativeReattackFactor"":3.446679,""relativeReattackMinDelta"":0.005743,""relativeFluxFactor"":1.4,""spectralNoveltyRatio"":4.290945,""spectralNoveltyMinBins"":28,""cooldownFrames"":3,""confirmedRmsFactor"":1.605618,""confirmedRmsMinDelta"":0.007639,""confirmedFluxFactor"":2.134855,""confirmedMinFlux"":0.003169,""confirmedMinBandRatio"":0.010828,""confirmedSpectralNoveltyMinBins"":13,""cooldownOverrideFactor"":2.140511,""cooldownOverrideMinFlux"":0.029018,""cooldownOverrideMinBandRatio"":0.07896,""analyzeIntervalMs"":41}"
94,r012-0006-c71a3c33,12,81,3,0,11,0,0,144,"{""relativeReattackFactor"":3.428127,""relativeReattackMinDelta"":0.005061,""relativeFluxFactor"":1.413151,""spectralNoveltyRatio"":4.329437,""spectralNoveltyMinBins"":27,""cooldownFrames"":3,""confirmedRmsFactor"":1.586235,""confirmedRmsMinDelta"":0.007923,""confirmedFluxFactor"":2.105404,""confirmedMinFlux"":0.003216,""confirmedMinBandRatio"":0.012504,""confirmedSpectralNoveltyMinBins"":11,""cooldownOverrideFactor"":2.116801,""cooldownOverrideMinFlux"":0.02833,""cooldownOverrideMinBandRatio"":0.081336,""analyzeIntervalMs"":41}"
95,r012-0040-913cfe43,12,81,3,0,11,0,0,144,"{""relativeReattackFactor"":3.460337,""relativeReattackMinDelta"":0.004838,""relativeFluxFactor"":1.4,""spectralNoveltyRatio"":4.175225,""spectralNoveltyMinBins"":27,""cooldownFrames"":3,""confirmedRmsFactor"":1.59706,""confirmedRmsMinDelta"":0.008144,""confirmedFluxFactor"":2.122087,""confirmedMinFlux"":0.004864,""confirmedMinBandRatio"":0.013277,""confirmedSpectralNoveltyMinBins"":12,""cooldownOverrideFactor"":2.195124,""cooldownOverrideMinFlux"":0.03,""cooldownOverrideMinBandRatio"":0.080133,""analyzeIntervalMs"":41}"
96,r012-0051-325541d8,12,81,3,0,11,0,0,144,"{""relativeReattackFactor"":3.461889,""relativeReattackMinDelta"":0.004266,""relativeFluxFactor"":1.4,""spectralNoveltyRatio"":4.148205,""spectralNoveltyMinBins"":27,""cooldownFrames"":3,""confirmedRmsFactor"":1.656595,""confirmedRmsMinDelta"":0.007693,""confirmedFluxFactor"":2.146328,""confirmedMinFlux"":0.003368,""confirmedMinBandRatio"":0.012191,""confirmedSpectralNoveltyMinBins"":13,""cooldownOverrideFactor"":2.132445,""cooldownOverrideMinFlux"":0.029001,""cooldownOverrideMinBandRatio"":0.076753,""analyzeIntervalMs"":41}"
97,r013-0001-51db13c0,13,81,3,0,11,0,0,144,"{""relativeReattackFactor"":3.421955,""relativeReattackMinDelta"":0.004391,""relativeFluxFactor"":1.4,""spectralNoveltyRatio"":4.262099,""spectralNoveltyMinBins"":26,""cooldownFrames"":3,""confirmedRmsFactor"":1.62834,""confirmedRmsMinDelta"":0.00811,""confirmedFluxFactor"":2.173068,""confirmedMinFlux"":0.003904,""confirmedMinBandRatio"":0.013339,""confirmedSpectralNoveltyMinBins"":11,""cooldownOverrideFactor"":2.168935,""cooldownOverrideMinFlux"":0.027826,""cooldownOverrideMinBandRatio"":0.081199,""analyzeIntervalMs"":41}"
98,r013-0024-1dd73a10,13,81,3,0,11,0,0,145,"{""relativeReattackFactor"":3.47807,""relativeReattackMinDelta"":0.005641,""relativeFluxFactor"":1.4,""spectralNoveltyRatio"":3.883176,""spectralNoveltyMinBins"":26,""cooldownFrames"":3,""confirmedRmsFactor"":1.539645,""confirmedRmsMinDelta"":0.008059,""confirmedFluxFactor"":2.177822,""confirmedMinFlux"":0.004397,""confirmedMinBandRatio"":0.011633,""confirmedSpectralNoveltyMinBins"":12,""cooldownOverrideFactor"":2.274916,""cooldownOverrideMinFlux"":0.02945,""cooldownOverrideMinBandRatio"":0.079034,""analyzeIntervalMs"":41}"
99,r013-0051-03a4ec47,13,81,3,0,11,0,0,144,"{""relativeReattackFactor"":3.443767,""relativeReattackMinDelta"":0.005295,""relativeFluxFactor"":1.4,""spectralNoveltyRatio"":4.210821,""spectralNoveltyMinBins"":27,""cooldownFrames"":3,""confirmedRmsFactor"":1.58453,""confirmedRmsMinDelta"":0.007869,""confirmedFluxFactor"":2.131093,""confirmedMinFlux"":0.003933,""confirmedMinBandRatio"":0.010826,""confirmedSpectralNoveltyMinBins"":11,""cooldownOverrideFactor"":2.115754,""cooldownOverrideMinFlux"":0.028138,""cooldownOverrideMinBandRatio"":0.076936,""analyzeIntervalMs"":41}"
100,r013-0060-c9fa16d4,13,81,3,0,11,0,0,143,"{""relativeReattackFactor"":3.473471,""relativeReattackMinDelta"":0.004,""relativeFluxFactor"":1.4,""spectralNoveltyRatio"":3.971171,""spectralNoveltyMinBins"":29,""cooldownFrames"":3,""confirmedRmsFactor"":1.595231,""confirmedRmsMinDelta"":0.007086,""confirmedFluxFactor"":2.024184,""confirmedMinFlux"":0.003708,""confirmedMinBandRatio"":0.012649,""confirmedSpectralNoveltyMinBins"":11,""cooldownOverrideFactor"":2.116194,""cooldownOverrideMinFlux"":0.02916,""cooldownOverrideMinBandRatio"":0.077824,""analyzeIntervalMs"":41}"
101,r013-0080-c572f1b9,13,81,3,0,11,0,0,144,"{""relativeReattackFactor"":3.47987,""relativeReattackMinDelta"":0.00527,""relativeFluxFactor"":1.4,""spectralNoveltyRatio"":4.012715,""spectralNoveltyMinBins"":28,""cooldownFrames"":3,""confirmedRmsFactor"":1.641074,""confirmedRmsMinDelta"":0.007805,""confirmedFluxFactor"":2.024721,""confirmedMinFlux"":0.00422,""confirmedMinBandRatio"":0.011664,""confirmedSpectralNoveltyMinBins"":13,""cooldownOverrideFactor"":2.155155,""cooldownOverrideMinFlux"":0.029957,""cooldownOverrideMinBandRatio"":0.081079,""analyzeIntervalMs"":41}"
102,r014-0005-b6fe0b53,14,81,3,0,11,0,0,144,"{""relativeReattackFactor"":3.484803,""relativeReattackMinDelta"":0.005096,""relativeFluxFactor"":1.4,""spectralNoveltyRatio"":4.044685,""spectralNoveltyMinBins"":27,""cooldownFrames"":3,""confirmedRmsFactor"":1.584751,""confirmedRmsMinDelta"":0.007232,""confirmedFluxFactor"":2.094519,""confirmedMinFlux"":0.004265,""confirmedMinBandRatio"":0.012962,""confirmedSpectralNoveltyMinBins"":13,""cooldownOverrideFactor"":2.299389,""cooldownOverrideMinFlux"":0.029864,""cooldownOverrideMinBandRatio"":0.08016,""analyzeIntervalMs"":41}"
103,r014-0014-aee5052f,14,81,3,0,11,0,0,145,"{""relativeReattackFactor"":3.49017,""relativeReattackMinDelta"":0.005649,""relativeFluxFactor"":1.4,""spectralNoveltyRatio"":3.894562,""spectralNoveltyMinBins"":26,""cooldownFrames"":3,""confirmedRmsFactor"":1.602532,""confirmedRmsMinDelta"":0.008125,""confirmedFluxFactor"":2.08251,""confirmedMinFlux"":0.004824,""confirmedMinBandRatio"":0.012354,""confirmedSpectralNoveltyMinBins"":12,""cooldownOverrideFactor"":2.121835,""cooldownOverrideMinFlux"":0.027973,""cooldownOverrideMinBandRatio"":0.077105,""analyzeIntervalMs"":41}"
104,r014-0017-5bc1fedf,14,81,3,0,11,0,0,144,"{""relativeReattackFactor"":3.47574,""relativeReattackMinDelta"":0.005207,""relativeFluxFactor"":1.4,""spectralNoveltyRatio"":4.028442,""spectralNoveltyMinBins"":26,""cooldownFrames"":3,""confirmedRmsFactor"":1.557298,""confirmedRmsMinDelta"":0.007363,""confirmedFluxFactor"":2.211517,""confirmedMinFlux"":0.005134,""confirmedMinBandRatio"":0.015314,""confirmedSpectralNoveltyMinBins"":10,""cooldownOverrideFactor"":2.286686,""cooldownOverrideMinFlux"":0.028548,""cooldownOverrideMinBandRatio"":0.074795,""analyzeIntervalMs"":41}"
105,r014-0048-ed34bf1f,14,81,3,0,11,0,0,145,"{""relativeReattackFactor"":3.463971,""relativeReattackMinDelta"":0.007124,""relativeFluxFactor"":1.4,""spectralNoveltyRatio"":3.976621,""spectralNoveltyMinBins"":26,""cooldownFrames"":3,""confirmedRmsFactor"":1.547718,""confirmedRmsMinDelta"":0.007253,""confirmedFluxFactor"":2.13169,""confirmedMinFlux"":0.004291,""confirmedMinBandRatio"":0.015335,""confirmedSpectralNoveltyMinBins"":13,""cooldownOverrideFactor"":2.09136,""cooldownOverrideMinFlux"":0.029785,""cooldownOverrideMinBandRatio"":0.082563,""analyzeIntervalMs"":41}"
106,r014-0072-39314ba4,14,81,3,0,11,0,0,145,"{""relativeReattackFactor"":3.473004,""relativeReattackMinDelta"":0.004501,""relativeFluxFactor"":1.422918,""spectralNoveltyRatio"":3.961654,""spectralNoveltyMinBins"":26,""cooldownFrames"":3,""confirmedRmsFactor"":1.573043,""confirmedRmsMinDelta"":0.007211,""confirmedFluxFactor"":2.20859,""confirmedMinFlux"":0.005382,""confirmedMinBandRatio"":0.014919,""confirmedSpectralNoveltyMinBins"":10,""cooldownOverrideFactor"":2.315326,""cooldownOverrideMinFlux"":0.027646,""cooldownOverrideMinBandRatio"":0.071976,""analyzeIntervalMs"":41}"
107,r015-0031-a9ebefd9,15,81,3,0,11,0,0,145,"{""relativeReattackFactor"":3.415904,""relativeReattackMinDelta"":0.004708,""relativeFluxFactor"":1.4,""spectralNoveltyRatio"":4.012683,""spectralNoveltyMinBins"":26,""cooldownFrames"":3,""confirmedRmsFactor"":1.581192,""confirmedRmsMinDelta"":0.007685,""confirmedFluxFactor"":2.161796,""confirmedMinFlux"":0.003726,""confirmedMinBandRatio"":0.012666,""confirmedSpectralNoveltyMinBins"":13,""cooldownOverrideFactor"":2.287887,""cooldownOverrideMinFlux"":0.028031,""cooldownOverrideMinBandRatio"":0.078767,""analyzeIntervalMs"":41}"
108,r015-0055-626494ba,15,81,3,0,11,0,0,145,"{""relativeReattackFactor"":3.478389,""relativeReattackMinDelta"":0.004302,""relativeFluxFactor"":1.4,""spectralNoveltyRatio"":3.806588,""spectralNoveltyMinBins"":28,""cooldownFrames"":3,""confirmedRmsFactor"":1.642685,""confirmedRmsMinDelta"":0.007385,""confirmedFluxFactor"":2.070724,""confirmedMinFlux"":0.003774,""confirmedMinBandRatio"":0.011739,""confirmedSpectralNoveltyMinBins"":12,""cooldownOverrideFactor"":2.194521,""cooldownOverrideMinFlux"":0.03,""cooldownOverrideMinBandRatio"":0.077209,""analyzeIntervalMs"":41}"
109,r015-0076-67232772,15,81,3,0,11,0,0,143,"{""relativeReattackFactor"":3.43823,""relativeReattackMinDelta"":0.005688,""relativeFluxFactor"":1.407995,""spectralNoveltyRatio"":4.125831,""spectralNoveltyMinBins"":28,""cooldownFrames"":3,""confirmedRmsFactor"":1.612841,""confirmedRmsMinDelta"":0.007682,""confirmedFluxFactor"":2.11667,""confirmedMinFlux"":0.004339,""confirmedMinBandRatio"":0.011503,""confirmedSpectralNoveltyMinBins"":11,""cooldownOverrideFactor"":2.249877,""cooldownOverrideMinFlux"":0.029737,""cooldownOverrideMinBandRatio"":0.077626,""analyzeIntervalMs"":41}"
110,r007-0020-84ef9ffb,7,80,3,0,12,0,0,146,"{""relativeReattackFactor"":3.380323,""relativeReattackMinDelta"":0.005481,""relativeFluxFactor"":1.4,""spectralNoveltyRatio"":4.130911,""spectralNoveltyMinBins"":24,""cooldownFrames"":3,""confirmedRmsFactor"":1.55558,""confirmedRmsMinDelta"":0.007931,""confirmedFluxFactor"":2.108658,""confirmedMinFlux"":0.004009,""confirmedMinBandRatio"":0.013771,""confirmedSpectralNoveltyMinBins"":12,""cooldownOverrideFactor"":2.181142,""cooldownOverrideMinFlux"":0.028943,""cooldownOverrideMinBandRatio"":0.07827,""analyzeIntervalMs"":41}"
111,r009-0036-ef51a1e1,9,80,3,0,12,0,0,145,"{""relativeReattackFactor"":3.420807,""relativeReattackMinDelta"":0.004274,""relativeFluxFactor"":1.4,""spectralNoveltyRatio"":4.166645,""spectralNoveltyMinBins"":25,""cooldownFrames"":3,""confirmedRmsFactor"":1.492685,""confirmedRmsMinDelta"":0.007361,""confirmedFluxFactor"":2.152662,""confirmedMinFlux"":0.004255,""confirmedMinBandRatio"":0.015517,""confirmedSpectralNoveltyMinBins"":11,""cooldownOverrideFactor"":2.329106,""cooldownOverrideMinFlux"":0.029043,""cooldownOverrideMinBandRatio"":0.076755,""analyzeIntervalMs"":41}"
112,r009-0072-6f7032ba,9,80,3,0,12,0,0,146,"{""relativeReattackFactor"":3.445432,""relativeReattackMinDelta"":0.00477,""relativeFluxFactor"":1.4,""spectralNoveltyRatio"":4.037592,""spectralNoveltyMinBins"":25,""cooldownFrames"":3,""confirmedRmsFactor"":1.572159,""confirmedRmsMinDelta"":0.007545,""confirmedFluxFactor"":2.135343,""confirmedMinFlux"":0.004544,""confirmedMinBandRatio"":0.014289,""confirmedSpectralNoveltyMinBins"":11,""cooldownOverrideFactor"":2.065736,""cooldownOverrideMinFlux"":0.028347,""cooldownOverrideMinBandRatio"":0.079209,""analyzeIntervalMs"":41}"
113,r010-0005-40052d7d,10,80,3,0,12,0,0,146,"{""relativeReattackFactor"":3.34359,""relativeReattackMinDelta"":0.004217,""relativeFluxFactor"":1.4,""spectralNoveltyRatio"":4.020988,""spectralNoveltyMinBins"":24,""cooldownFrames"":3,""confirmedRmsFactor"":1.573372,""confirmedRmsMinDelta"":0.007332,""confirmedFluxFactor"":2.18022,""confirmedMinFlux"":0.004088,""confirmedMinBandRatio"":0.013932,""confirmedSpectralNoveltyMinBins"":10,""cooldownOverrideFactor"":1.945833,""cooldownOverrideMinFlux"":0.028468,""cooldownOverrideMinBandRatio"":0.081748,""analyzeIntervalMs"":41}"
114,r010-0018-d6e798e4,10,80,3,0,12,0,0,145,"{""relativeReattackFactor"":3.422084,""relativeReattackMinDelta"":0.005441,""relativeFluxFactor"":1.4,""spectralNoveltyRatio"":4.197541,""spectralNoveltyMinBins"":25,""cooldownFrames"":3,""confirmedRmsFactor"":1.558924,""confirmedRmsMinDelta"":0.008132,""confirmedFluxFactor"":2.128115,""confirmedMinFlux"":0.003491,""confirmedMinBandRatio"":0.015446,""confirmedSpectralNoveltyMinBins"":13,""cooldownOverrideFactor"":2.096139,""cooldownOverrideMinFlux"":0.028655,""cooldownOverrideMinBandRatio"":0.076075,""analyzeIntervalMs"":41}"
115,r010-0036-39877d1f,10,80,3,0,12,0,0,145,"{""relativeReattackFactor"":3.304591,""relativeReattackMinDelta"":0.004,""relativeFluxFactor"":1.4,""spectralNoveltyRatio"":4.410276,""spectralNoveltyMinBins"":27,""cooldownFrames"":3,""confirmedRmsFactor"":1.516761,""confirmedRmsMinDelta"":0.007497,""confirmedFluxFactor"":2.131623,""confirmedMinFlux"":0.004406,""confirmedMinBandRatio"":0.014348,""confirmedSpectralNoveltyMinBins"":11,""cooldownOverrideFactor"":2.38311,""cooldownOverrideMinFlux"":0.029597,""cooldownOverrideMinBandRatio"":0.076115,""analyzeIntervalMs"":41}"
116,r010-0051-e26090a2,10,80,3,0,12,0,0,145,"{""relativeReattackFactor"":3.289784,""relativeReattackMinDelta"":0.005182,""relativeFluxFactor"":1.4,""spectralNoveltyRatio"":4.310306,""spectralNoveltyMinBins"":26,""cooldownFrames"":3,""confirmedRmsFactor"":1.492122,""confirmedRmsMinDelta"":0.007628,""confirmedFluxFactor"":2.039106,""confirmedMinFlux"":0.004345,""confirmedMinBandRatio"":0.013887,""confirmedSpectralNoveltyMinBins"":12,""cooldownOverrideFactor"":2.29467,""cooldownOverrideMinFlux"":0.029103,""cooldownOverrideMinBandRatio"":0.078815,""analyzeIntervalMs"":41}"
117,r010-0057-6bb28b71,10,80,3,0,12,0,0,145,"{""relativeReattackFactor"":3.377738,""relativeReattackMinDelta"":0.006158,""relativeFluxFactor"":1.4,""spectralNoveltyRatio"":4.207043,""spectralNoveltyMinBins"":25,""cooldownFrames"":3,""confirmedRmsFactor"":1.573894,""confirmedRmsMinDelta"":0.007917,""confirmedFluxFactor"":2.142764,""confirmedMinFlux"":0.003818,""confirmedMinBandRatio"":0.015332,""confirmedSpectralNoveltyMinBins"":13,""cooldownOverrideFactor"":2.040565,""cooldownOverrideMinFlux"":0.02931,""cooldownOverrideMinBandRatio"":0.076707,""analyzeIntervalMs"":41}"
118,r010-0061-28cea803,10,80,3,0,12,0,0,145,"{""relativeReattackFactor"":3.265721,""relativeReattackMinDelta"":0.005232,""relativeFluxFactor"":1.4,""spectralNoveltyRatio"":4.19728,""spectralNoveltyMinBins"":26,""cooldownFrames"":3,""confirmedRmsFactor"":1.509486,""confirmedRmsMinDelta"":0.008052,""confirmedFluxFactor"":2.087555,""confirmedMinFlux"":0.004776,""confirmedMinBandRatio"":0.013798,""confirmedSpectralNoveltyMinBins"":12,""cooldownOverrideFactor"":2.202616,""cooldownOverrideMinFlux"":0.028838,""cooldownOverrideMinBandRatio"":0.080501,""analyzeIntervalMs"":41}"
119,r010-0062-706189fa,10,80,3,0,12,0,0,146,"{""relativeReattackFactor"":3.41287,""relativeReattackMinDelta"":0.005802,""relativeFluxFactor"":1.4,""spectralNoveltyRatio"":4.03851,""spectralNoveltyMinBins"":25,""cooldownFrames"":3,""confirmedRmsFactor"":1.565222,""confirmedRmsMinDelta"":0.007575,""confirmedFluxFactor"":2.117343,""confirmedMinFlux"":0.004124,""confirmedMinBandRatio"":0.013941,""confirmedSpectralNoveltyMinBins"":14,""cooldownOverrideFactor"":2.136685,""cooldownOverrideMinFlux"":0.029351,""cooldownOverrideMinBandRatio"":0.079732,""analyzeIntervalMs"":41}"
120,r011-0007-7c9de32a,11,80,3,0,12,0,0,146,"{""relativeReattackFactor"":3.467737,""relativeReattackMinDelta"":0.004,""relativeFluxFactor"":1.407705,""spectralNoveltyRatio"":4.041593,""spectralNoveltyMinBins"":24,""cooldownFrames"":3,""confirmedRmsFactor"":1.52181,""confirmedRmsMinDelta"":0.007129,""confirmedFluxFactor"":2.249357,""confirmedMinFlux"":0.004969,""confirmedMinBandRatio"":0.018274,""confirmedSpectralNoveltyMinBins"":10,""cooldownOverrideFactor"":2.343553,""cooldownOverrideMinFlux"":0.028808,""cooldownOverrideMinBandRatio"":0.076481,""analyzeIntervalMs"":41}"
121,r011-0009-085fc2ca,11,80,3,0,12,0,0,146,"{""relativeReattackFactor"":3.468082,""relativeReattackMinDelta"":0.005035,""relativeFluxFactor"":1.4,""spectralNoveltyRatio"":4.030325,""spectralNoveltyMinBins"":24,""cooldownFrames"":3,""confirmedRmsFactor"":1.526298,""confirmedRmsMinDelta"":0.007806,""confirmedFluxFactor"":2.122437,""confirmedMinFlux"":0.00443,""confirmedMinBandRatio"":0.012689,""confirmedSpectralNoveltyMinBins"":12,""cooldownOverrideFactor"":2.194499,""cooldownOverrideMinFlux"":0.029073,""cooldownOverrideMinBandRatio"":0.080891,""analyzeIntervalMs"":41}"
122,r011-0010-d781c27a,11,80,3,0,12,0,0,145,"{""relativeReattackFactor"":3.402998,""relativeReattackMinDelta"":0.005295,""relativeFluxFactor"":1.4,""spectralNoveltyRatio"":4.40076,""spectralNoveltyMinBins"":25,""cooldownFrames"":3,""confirmedRmsFactor"":1.500932,""confirmedRmsMinDelta"":0.007626,""confirmedFluxFactor"":2.108911,""confirmedMinFlux"":0.003942,""confirmedMinBandRatio"":0.015963,""confirmedSpectralNoveltyMinBins"":12,""cooldownOverrideFactor"":2.303867,""cooldownOverrideMinFlux"":0.027663,""cooldownOverrideMinBandRatio"":0.078124,""analyzeIntervalMs"":41}"
123,r011-0034-428b5edf,11,80,3,0,12,0,0,146,"{""relativeReattackFactor"":3.35974,""relativeReattackMinDelta"":0.005958,""relativeFluxFactor"":1.4,""spectralNoveltyRatio"":4.125381,""spectralNoveltyMinBins"":24,""cooldownFrames"":3,""confirmedRmsFactor"":1.530705,""confirmedRmsMinDelta"":0.008122,""confirmedFluxFactor"":2.081896,""confirmedMinFlux"":0.0047,""confirmedMinBandRatio"":0.012817,""confirmedSpectralNoveltyMinBins"":13,""cooldownOverrideFactor"":2.126892,""cooldownOverrideMinFlux"":0.029021,""cooldownOverrideMinBandRatio"":0.078715,""analyzeIntervalMs"":41}"
124,r011-0043-f5452c19,11,80,3,0,12,0,0,145,"{""relativeReattackFactor"":3.321119,""relativeReattackMinDelta"":0.00493,""relativeFluxFactor"":1.4,""spectralNoveltyRatio"":4.176888,""spectralNoveltyMinBins"":25,""cooldownFrames"":3,""confirmedRmsFactor"":1.501738,""confirmedRmsMinDelta"":0.007577,""confirmedFluxFactor"":2.059177,""confirmedMinFlux"":0.005073,""confirmedMinBandRatio"":0.013728,""confirmedSpectralNoveltyMinBins"":11,""cooldownOverrideFactor"":2.408582,""cooldownOverrideMinFlux"":0.028739,""cooldownOverrideMinBandRatio"":0.076464,""analyzeIntervalMs"":41}"
125,r011-0045-709522cb,11,80,3,0,12,0,0,144,"{""relativeReattackFactor"":3.313852,""relativeReattackMinDelta"":0.005441,""relativeFluxFactor"":1.4,""spectralNoveltyRatio"":4.405604,""spectralNoveltyMinBins"":28,""cooldownFrames"":3,""confirmedRmsFactor"":1.552964,""confirmedRmsMinDelta"":0.007434,""confirmedFluxFactor"":2.062716,""confirmedMinFlux"":0.004163,""confirmedMinBandRatio"":0.015603,""confirmedSpectralNoveltyMinBins"":12,""cooldownOverrideFactor"":2.335495,""cooldownOverrideMinFlux"":0.029279,""cooldownOverrideMinBandRatio"":0.075394,""analyzeIntervalMs"":41}"
126,r011-0048-ce9b0c2b,11,80,3,0,12,0,0,145,"{""relativeReattackFactor"":3.277334,""relativeReattackMinDelta"":0.004355,""relativeFluxFactor"":1.4,""spectralNoveltyRatio"":4.20484,""spectralNoveltyMinBins"":26,""cooldownFrames"":3,""confirmedRmsFactor"":1.539215,""confirmedRmsMinDelta"":0.008098,""confirmedFluxFactor"":2.082049,""confirmedMinFlux"":0.00427,""confirmedMinBandRatio"":0.014155,""confirmedSpectralNoveltyMinBins"":12,""cooldownOverrideFactor"":2.421041,""cooldownOverrideMinFlux"":0.03,""cooldownOverrideMinBandRatio"":0.076222,""analyzeIntervalMs"":41}"
127,r011-0065-32371af2,11,80,3,0,12,0,0,145,"{""relativeReattackFactor"":3.374535,""relativeReattackMinDelta"":0.004829,""relativeFluxFactor"":1.4,""spectralNoveltyRatio"":4.150234,""spectralNoveltyMinBins"":25,""cooldownFrames"":3,""confirmedRmsFactor"":1.54686,""confirmedRmsMinDelta"":0.007666,""confirmedFluxFactor"":2.045613,""confirmedMinFlux"":0.004338,""confirmedMinBandRatio"":0.016181,""confirmedSpectralNoveltyMinBins"":13,""cooldownOverrideFactor"":2.484395,""cooldownOverrideMinFlux"":0.028574,""cooldownOverrideMinBandRatio"":0.077448,""analyzeIntervalMs"":41}"
128,r012-0020-2c8f992e,12,80,3,0,12,0,0,146,"{""relativeReattackFactor"":3.481879,""relativeReattackMinDelta"":0.004,""relativeFluxFactor"":1.4,""spectralNoveltyRatio"":4.194288,""spectralNoveltyMinBins"":24,""cooldownFrames"":3,""confirmedRmsFactor"":1.638396,""confirmedRmsMinDelta"":0.008093,""confirmedFluxFactor"":2.157973,""confirmedMinFlux"":0.003585,""confirmedMinBandRatio"":0.013921,""confirmedSpectralNoveltyMinBins"":13,""cooldownOverrideFactor"":2.236087,""cooldownOverrideMinFlux"":0.029418,""cooldownOverrideMinBandRatio"":0.081335,""analyzeIntervalMs"":41}"
129,r013-0004-25247ec6,13,80,3,0,12,0,0,146,"{""relativeReattackFactor"":3.467122,""relativeReattackMinDelta"":0.005675,""relativeFluxFactor"":1.4,""spectralNoveltyRatio"":3.998916,""spectralNoveltyMinBins"":25,""cooldownFrames"":3,""confirmedRmsFactor"":1.555265,""confirmedRmsMinDelta"":0.00784,""confirmedFluxFactor"":2.1532,""confirmedMinFlux"":0.005037,""confirmedMinBandRatio"":0.014125,""confirmedSpectralNoveltyMinBins"":13,""cooldownOverrideFactor"":2.266931,""cooldownOverrideMinFlux"":0.02957,""cooldownOverrideMinBandRatio"":0.080996,""analyzeIntervalMs"":41}"
130,r014-0053-c9c7e5b7,14,80,3,0,12,0,0,146,"{""relativeReattackFactor"":3.441475,""relativeReattackMinDelta"":0.006106,""relativeFluxFactor"":1.4,""spectralNoveltyRatio"":4.146862,""spectralNoveltyMinBins"":24,""cooldownFrames"":3,""confirmedRmsFactor"":1.544583,""confirmedRmsMinDelta"":0.007535,""confirmedFluxFactor"":2.177526,""confirmedMinFlux"":0.003009,""confirmedMinBandRatio"":0.015576,""confirmedSpectralNoveltyMinBins"":12,""cooldownOverrideFactor"":2.092206,""cooldownOverrideMinFlux"":0.03,""cooldownOverrideMinBandRatio"":0.07875,""analyzeIntervalMs"":41}"
131,r014-0070-392990ec,14,80,3,0,12,0,0,146,"{""relativeReattackFactor"":3.486651,""relativeReattackMinDelta"":0.004976,""relativeFluxFactor"":1.4,""spectralNoveltyRatio"":3.949775,""spectralNoveltyMinBins"":25,""cooldownFrames"":3,""confirmedRmsFactor"":1.622002,""confirmedRmsMinDelta"":0.00776,""confirmedFluxFactor"":2.109767,""confirmedMinFlux"":0.003815,""confirmedMinBandRatio"":0.012281,""confirmedSpectralNoveltyMinBins"":12,""cooldownOverrideFactor"":2.131377,""cooldownOverrideMinFlux"":0.03,""cooldownOverrideMinBandRatio"":0.078907,""analyzeIntervalMs"":41}"
132,r015-0009-bc92a73a,15,80,3,0,12,0,0,145,"{""relativeReattackFactor"":3.465573,""relativeReattackMinDelta"":0.004276,""relativeFluxFactor"":1.4,""spectralNoveltyRatio"":4.215275,""spectralNoveltyMinBins"":25,""cooldownFrames"":3,""confirmedRmsFactor"":1.567336,""confirmedRmsMinDelta"":0.008127,""confirmedFluxFactor"":2.092303,""confirmedMinFlux"":0.005315,""confirmedMinBandRatio"":0.012789,""confirmedSpectralNoveltyMinBins"":12,""cooldownOverrideFactor"":2.199935,""cooldownOverrideMinFlux"":0.028484,""cooldownOverrideMinBandRatio"":0.077068,""analyzeIntervalMs"":41}"
133,r015-0030-7449e208,15,80,3,0,12,0,0,146,"{""relativeReattackFactor"":3.487713,""relativeReattackMinDelta"":0.004116,""relativeFluxFactor"":1.4,""spectralNoveltyRatio"":4.013032,""spectralNoveltyMinBins"":25,""cooldownFrames"":3,""confirmedRmsFactor"":1.617073,""confirmedRmsMinDelta"":0.007624,""confirmedFluxFactor"":2.041231,""confirmedMinFlux"":0.00417,""confirmedMinBandRatio"":0.014025,""confirmedSpectralNoveltyMinBins"":12,""cooldownOverrideFactor"":2.231409,""cooldownOverrideMinFlux"":0.02971,""cooldownOverrideMinBandRatio"":0.07731,""analyzeIntervalMs"":41}"
134,r015-0078-11f69d42,15,80,3,0,12,0,0,146,"{""relativeReattackFactor"":3.470625,""relativeReattackMinDelta"":0.005927,""relativeFluxFactor"":1.4,""spectralNoveltyRatio"":4.014158,""spectralNoveltyMinBins"":25,""cooldownFrames"":3,""confirmedRmsFactor"":1.588635,""confirmedRmsMinDelta"":0.007323,""confirmedFluxFactor"":2.121353,""confirmedMinFlux"":0.004259,""confirmedMinBandRatio"":0.012951,""confirmedSpectralNoveltyMinBins"":13,""cooldownOverrideFactor"":2.004551,""cooldownOverrideMinFlux"":0.029039,""cooldownOverrideMinBandRatio"":0.078101,""analyzeIntervalMs"":41}"
135,r011-0012-2fb8930d,11,79,3,0,12,0,0,146,"{""relativeReattackFactor"":3.608884,""relativeReattackMinDelta"":0.0041,""relativeFluxFactor"":1.4,""spectralNoveltyRatio"":4.205443,""spectralNoveltyMinBins"":23,""cooldownFrames"":3,""confirmedRmsFactor"":1.556735,""confirmedRmsMinDelta"":0.007339,""confirmedFluxFactor"":2.253051,""confirmedMinFlux"":0.004655,""confirmedMinBandRatio"":0.016256,""confirmedSpectralNoveltyMinBins"":10,""cooldownOverrideFactor"":2.22776,""cooldownOverrideMinFlux"":0.029244,""cooldownOverrideMinBandRatio"":0.075201,""analyzeIntervalMs"":41}"
136,r011-0037-b1d0b478,11,79,3,0,12,0,0,146,"{""relativeReattackFactor"":3.586156,""relativeReattackMinDelta"":0.004,""relativeFluxFactor"":1.4,""spectralNoveltyRatio"":4.154196,""spectralNoveltyMinBins"":22,""cooldownFrames"":3,""confirmedRmsFactor"":1.547592,""confirmedRmsMinDelta"":0.007518,""confirmedFluxFactor"":2.204126,""confirmedMinFlux"":0.004905,""confirmedMinBandRatio"":0.018184,""confirmedSpectralNoveltyMinBins"":10,""cooldownOverrideFactor"":2.419574,""cooldownOverrideMinFlux"":0.029024,""cooldownOverrideMinBandRatio"":0.07452,""analyzeIntervalMs"":41}"
137,r007-0028-67eb3c93,7,79,3,0,13,0,0,147,"{""relativeReattackFactor"":3.047542,""relativeReattackMinDelta"":0.005161,""relativeFluxFactor"":1.410208,""spectralNoveltyRatio"":3.766781,""spectralNoveltyMinBins"":28,""cooldownFrames"":3,""confirmedRmsFactor"":1.665155,""confirmedRmsMinDelta"":0.007437,""confirmedFluxFactor"":2.096277,""confirmedMinFlux"":0.003,""confirmedMinBandRatio"":0.009079,""confirmedSpectralNoveltyMinBins"":10,""cooldownOverrideFactor"":1.858751,""cooldownOverrideMinFlux"":0.03,""cooldownOverrideMinBandRatio"":0.085387,""analyzeIntervalMs"":41}"
138,r007-0040-46247ee2,7,79,3,0,13,0,0,147,"{""relativeReattackFactor"":3.291382,""relativeReattackMinDelta"":0.006054,""relativeFluxFactor"":1.4,""spectralNoveltyRatio"":3.883227,""spectralNoveltyMinBins"":24,""cooldownFrames"":3,""confirmedRmsFactor"":1.533838,""confirmedRmsMinDelta"":0.008305,""confirmedFluxFactor"":2.104359,""confirmedMinFlux"":0.003385,""confirmedMinBandRatio"":0.013285,""confirmedSpectralNoveltyMinBins"":12,""cooldownOverrideFactor"":2.116371,""cooldownOverrideMinFlux"":0.028729,""cooldownOverrideMinBandRatio"":0.085865,""analyzeIntervalMs"":41}"
139,r008-0010-f456e96c,8,79,3,0,13,0,0,146,"{""relativeReattackFactor"":3.00853,""relativeReattackMinDelta"":0.005422,""relativeFluxFactor"":1.4,""spectralNoveltyRatio"":4.246319,""spectralNoveltyMinBins"":27,""cooldownFrames"":3,""confirmedRmsFactor"":1.699897,""confirmedRmsMinDelta"":0.008483,""confirmedFluxFactor"":2.183587,""confirmedMinFlux"":0.003925,""confirmedMinBandRatio"":0.01304,""confirmedSpectralNoveltyMinBins"":9,""cooldownOverrideFactor"":1.8,""cooldownOverrideMinFlux"":0.028782,""cooldownOverrideMinBandRatio"":0.084135,""analyzeIntervalMs"":41}"
140,r008-0013-92a0cde0,8,79,3,0,13,0,0,146,"{""relativeReattackFactor"":3.181119,""relativeReattackMinDelta"":0.005047,""relativeFluxFactor"":1.4,""spectralNoveltyRatio"":4.039302,""spectralNoveltyMinBins"":26,""cooldownFrames"":3,""confirmedRmsFactor"":1.515174,""confirmedRmsMinDelta"":0.008394,""confirmedFluxFactor"":2.071092,""confirmedMinFlux"":0.003,""confirmedMinBandRatio"":0.012189,""confirmedSpectralNoveltyMinBins"":12,""cooldownOverrideFactor"":2.076353,""cooldownOverrideMinFlux"":0.028665,""cooldownOverrideMinBandRatio"":0.088313,""analyzeIntervalMs"":41}"
141,r008-0022-02e5032a,8,79,3,0,13,0,0,147,"{""relativeReattackFactor"":3.014256,""relativeReattackMinDelta"":0.005251,""relativeFluxFactor"":1.4,""spectralNoveltyRatio"":3.716244,""spectralNoveltyMinBins"":29,""cooldownFrames"":3,""confirmedRmsFactor"":1.632153,""confirmedRmsMinDelta"":0.007262,""confirmedFluxFactor"":2.041491,""confirmedMinFlux"":0.003681,""confirmedMinBandRatio"":0.008758,""confirmedSpectralNoveltyMinBins"":9,""cooldownOverrideFactor"":1.8,""cooldownOverrideMinFlux"":0.028838,""cooldownOverrideMinBandRatio"":0.082654,""analyzeIntervalMs"":41}"
142,r008-0053-ee2bff1b,8,79,3,0,13,0,0,147,"{""relativeReattackFactor"":3.180169,""relativeReattackMinDelta"":0.00664,""relativeFluxFactor"":1.4,""spectralNoveltyRatio"":3.766356,""spectralNoveltyMinBins"":26,""cooldownFrames"":3,""confirmedRmsFactor"":1.52578,""confirmedRmsMinDelta"":0.008505,""confirmedFluxFactor"":2.134138,""confirmedMinFlux"":0.004131,""confirmedMinBandRatio"":0.012664,""confirmedSpectralNoveltyMinBins"":12,""cooldownOverrideFactor"":2.060541,""cooldownOverrideMinFlux"":0.028742,""cooldownOverrideMinBandRatio"":0.086334,""analyzeIntervalMs"":41}"
143,r008-0055-495a7ae7,8,79,3,0,13,0,0,146,"{""relativeReattackFactor"":3.010838,""relativeReattackMinDelta"":0.00656,""relativeFluxFactor"":1.4,""spectralNoveltyRatio"":4.199118,""spectralNoveltyMinBins"":27,""cooldownFrames"":3,""confirmedRmsFactor"":1.686934,""confirmedRmsMinDelta"":0.007757,""confirmedFluxFactor"":2.181546,""confirmedMinFlux"":0.004185,""confirmedMinBandRatio"":0.010476,""confirmedSpectralNoveltyMinBins"":9,""cooldownOverrideFactor"":1.8,""cooldownOverrideMinFlux"":0.029915,""cooldownOverrideMinBandRatio"":0.083779,""analyzeIntervalMs"":41}"
144,r008-0060-7650777b,8,79,3,0,13,0,0,146,"{""relativeReattackFactor"":3.072826,""relativeReattackMinDelta"":0.006511,""relativeFluxFactor"":1.4,""spectralNoveltyRatio"":4.153744,""spectralNoveltyMinBins"":26,""cooldownFrames"":3,""confirmedRmsFactor"":1.685224,""confirmedRmsMinDelta"":0.00781,""confirmedFluxFactor"":2.269538,""confirmedMinFlux"":0.003445,""confirmedMinBandRatio"":0.011861,""confirmedSpectralNoveltyMinBins"":9,""cooldownOverrideFactor"":1.876655,""cooldownOverrideMinFlux"":0.029621,""cooldownOverrideMinBandRatio"":0.082475,""analyzeIntervalMs"":41}"
145,r008-0062-4183f04b,8,79,3,0,13,0,0,147,"{""relativeReattackFactor"":3.102362,""relativeReattackMinDelta"":0.005029,""relativeFluxFactor"":1.4,""spectralNoveltyRatio"":3.971473,""spectralNoveltyMinBins"":26,""cooldownFrames"":3,""confirmedRmsFactor"":1.692119,""confirmedRmsMinDelta"":0.007513,""confirmedFluxFactor"":2.147708,""confirmedMinFlux"":0.003256,""confirmedMinBandRatio"":0.008403,""confirmedSpectralNoveltyMinBins"":11,""cooldownOverrideFactor"":2.002558,""cooldownOverrideMinFlux"":0.029362,""cooldownOverrideMinBandRatio"":0.084387,""analyzeIntervalMs"":41}"
146,r008-0068-25286128,8,79,3,0,13,0,0,147,"{""relativeReattackFactor"":3.198217,""relativeReattackMinDelta"":0.006328,""relativeFluxFactor"":1.4,""spectralNoveltyRatio"":3.780232,""spectralNoveltyMinBins"":26,""cooldownFrames"":3,""confirmedRmsFactor"":1.542221,""confirmedRmsMinDelta"":0.007954,""confirmedFluxFactor"":2.141504,""confirmedMinFlux"":0.004147,""confirmedMinBandRatio"":0.012244,""confirmedSpectralNoveltyMinBins"":11,""cooldownOverrideFactor"":2.173417,""cooldownOverrideMinFlux"":0.029609,""cooldownOverrideMinBandRatio"":0.087107,""analyzeIntervalMs"":41}"
147,r009-0004-03d0004b,9,79,3,0,13,0,0,147,"{""relativeReattackFactor"":3.281411,""relativeReattackMinDelta"":0.00545,""relativeFluxFactor"":1.4,""spectralNoveltyRatio"":3.914717,""spectralNoveltyMinBins"":24,""cooldownFrames"":3,""confirmedRmsFactor"":1.520009,""confirmedRmsMinDelta"":0.008722,""confirmedFluxFactor"":2.095755,""confirmedMinFlux"":0.003664,""confirmedMinBandRatio"":0.011596,""confirmedSpectralNoveltyMinBins"":13,""cooldownOverrideFactor"":2.220432,""cooldownOverrideMinFlux"":0.029505,""cooldownOverrideMinBandRatio"":0.084978,""analyzeIntervalMs"":41}"
148,r010-0013-ce4f2c4a,10,79,3,0,13,0,0,147,"{""relativeReattackFactor"":3.310243,""relativeReattackMinDelta"":0.006088,""relativeFluxFactor"":1.4,""spectralNoveltyRatio"":3.981642,""spectralNoveltyMinBins"":25,""cooldownFrames"":3,""confirmedRmsFactor"":1.577338,""confirmedRmsMinDelta"":0.007655,""confirmedFluxFactor"":2.096506,""confirmedMinFlux"":0.004037,""confirmedMinBandRatio"":0.015459,""confirmedSpectralNoveltyMinBins"":13,""cooldownOverrideFactor"":2.108539,""cooldownOverrideMinFlux"":0.027924,""cooldownOverrideMinBandRatio"":0.076672,""analyzeIntervalMs"":41}"
149,r006-0056-2543e563,6,78,3,0,14,0,0,148,"{""relativeReattackFactor"":3.048521,""relativeReattackMinDelta"":0.005751,""relativeFluxFactor"":1.421894,""spectralNoveltyRatio"":3.854089,""spectralNoveltyMinBins"":24,""cooldownFrames"":3,""confirmedRmsFactor"":1.79512,""confirmedRmsMinDelta"":0.008593,""confirmedFluxFactor"":2.130363,""confirmedMinFlux"":0.003332,""confirmedMinBandRatio"":0.014144,""confirmedSpectralNoveltyMinBins"":11,""cooldownOverrideFactor"":1.826161,""cooldownOverrideMinFlux"":0.026963,""cooldownOverrideMinBandRatio"":0.082468,""analyzeIntervalMs"":41}"
150,r007-0002-530554ba,7,78,3,0,14,0,0,147,"{""relativeReattackFactor"":3.025995,""relativeReattackMinDelta"":0.006134,""relativeFluxFactor"":1.4,""spectralNoveltyRatio"":4.220275,""spectralNoveltyMinBins"":25,""cooldownFrames"":3,""confirmedRmsFactor"":1.695604,""confirmedRmsMinDelta"":0.008042,""confirmedFluxFactor"":2.234594,""confirmedMinFlux"":0.003388,""confirmedMinBandRatio"":0.011468,""confirmedSpectralNoveltyMinBins"":9,""cooldownOverrideFactor"":1.840486,""cooldownOverrideMinFlux"":0.029795,""cooldownOverrideMinBandRatio"":0.085604,""analyzeIntervalMs"":41}"
151,r007-0072-25198111,7,78,3,0,14,0,0,148,"{""relativeReattackFactor"":3.077824,""relativeReattackMinDelta"":0.004,""relativeFluxFactor"":1.4,""spectralNoveltyRatio"":4.018478,""spectralNoveltyMinBins"":25,""cooldownFrames"":3,""confirmedRmsFactor"":1.72518,""confirmedRmsMinDelta"":0.00787,""confirmedFluxFactor"":2.237091,""confirmedMinFlux"":0.003,""confirmedMinBandRatio"":0.014195,""confirmedSpectralNoveltyMinBins"":10,""cooldownOverrideFactor"":1.931437,""cooldownOverrideMinFlux"":0.028173,""cooldownOverrideMinBandRatio"":0.084522,""analyzeIntervalMs"":41}"
152,r008-0038-8c20a86d,8,78,3,0,14,0,0,148,"{""relativeReattackFactor"":3.247878,""relativeReattackMinDelta"":0.006417,""relativeFluxFactor"":1.4,""spectralNoveltyRatio"":4.076663,""spectralNoveltyMinBins"":25,""cooldownFrames"":3,""confirmedRmsFactor"":1.530984,""confirmedRmsMinDelta"":0.008164,""confirmedFluxFactor"":2.106072,""confirmedMinFlux"":0.003605,""confirmedMinBandRatio"":0.011873,""confirmedSpectralNoveltyMinBins"":12,""cooldownOverrideFactor"":2.171052,""cooldownOverrideMinFlux"":0.027565,""cooldownOverrideMinBandRatio"":0.085626,""analyzeIntervalMs"":41}"
153,r009-0048-89272957,9,78,3,0,14,0,0,148,"{""relativeReattackFactor"":3.050258,""relativeReattackMinDelta"":0.004817,""relativeFluxFactor"":1.4,""spectralNoveltyRatio"":3.702837,""spectralNoveltyMinBins"":26,""cooldownFrames"":3,""confirmedRmsFactor"":1.63605,""confirmedRmsMinDelta"":0.007458,""confirmedFluxFactor"":2.135273,""confirmedMinFlux"":0.003,""confirmedMinBandRatio"":0.008411,""confirmedSpectralNoveltyMinBins"":9,""cooldownOverrideFactor"":1.913736,""cooldownOverrideMinFlux"":0.029281,""cooldownOverrideMinBandRatio"":0.087956,""analyzeIntervalMs"":41}"
154,r008-0017-55d21376,8,77,3,0,13,0,0,145,"{""relativeReattackFactor"":2.948279,""relativeReattackMinDelta"":0.005061,""relativeFluxFactor"":1.4,""spectralNoveltyRatio"":3.86083,""spectralNoveltyMinBins"":30,""cooldownFrames"":3,""confirmedRmsFactor"":1.688401,""confirmedRmsMinDelta"":0.007384,""confirmedFluxFactor"":2.035404,""confirmedMinFlux"":0.003799,""confirmedMinBandRatio"":0.007546,""confirmedSpectralNoveltyMinBins"":11,""cooldownOverrideFactor"":1.914483,""cooldownOverrideMinFlux"":0.029224,""cooldownOverrideMinBandRatio"":0.084813,""analyzeIntervalMs"":41}"
155,r007-0045-daf09641,7,76,3,0,13,0,0,148,"{""relativeReattackFactor"":3.34065,""relativeReattackMinDelta"":0.004349,""relativeFluxFactor"":1.4,""spectralNoveltyRatio"":3.97072,""spectralNoveltyMinBins"":20,""cooldownFrames"":3,""confirmedRmsFactor"":1.616758,""confirmedRmsMinDelta"":0.0084,""confirmedFluxFactor"":2.056774,""confirmedMinFlux"":0.003135,""confirmedMinBandRatio"":0.017324,""confirmedSpectralNoveltyMinBins"":10,""cooldownOverrideFactor"":2.098291,""cooldownOverrideMinFlux"":0.03,""cooldownOverrideMinBandRatio"":0.082589,""analyzeIntervalMs"":41}"
156,r008-0026-21bb4c2c,8,76,3,0,13,0,0,147,"{""relativeReattackFactor"":3.427999,""relativeReattackMinDelta"":0.004759,""relativeFluxFactor"":1.4,""spectralNoveltyRatio"":4.318085,""spectralNoveltyMinBins"":22,""cooldownFrames"":3,""confirmedRmsFactor"":1.533289,""confirmedRmsMinDelta"":0.007826,""confirmedFluxFactor"":2.113092,""confirmedMinFlux"":0.004581,""confirmedMinBandRatio"":0.014661,""confirmedSpectralNoveltyMinBins"":13,""cooldownOverrideFactor"":2.063897,""cooldownOverrideMinFlux"":0.028783,""cooldownOverrideMinBandRatio"":0.075335,""analyzeIntervalMs"":41}"
157,r009-0017-97a5b693,9,76,3,0,13,0,0,147,"{""relativeReattackFactor"":3.393239,""relativeReattackMinDelta"":0.005349,""relativeFluxFactor"":1.4,""spectralNoveltyRatio"":4.14783,""spectralNoveltyMinBins"":22,""cooldownFrames"":3,""confirmedRmsFactor"":1.585255,""confirmedRmsMinDelta"":0.007991,""confirmedFluxFactor"":2.167009,""confirmedMinFlux"":0.004339,""confirmedMinBandRatio"":0.013982,""confirmedSpectralNoveltyMinBins"":13,""cooldownOverrideFactor"":2.106362,""cooldownOverrideMinFlux"":0.029856,""cooldownOverrideMinBandRatio"":0.080794,""analyzeIntervalMs"":41}"
158,r009-0057-8d475103,9,76,3,0,13,0,0,147,"{""relativeReattackFactor"":3.480748,""relativeReattackMinDelta"":0.00509,""relativeFluxFactor"":1.4,""spectralNoveltyRatio"":3.966344,""spectralNoveltyMinBins"":22,""cooldownFrames"":3,""confirmedRmsFactor"":1.513901,""confirmedRmsMinDelta"":0.008354,""confirmedFluxFactor"":2.140386,""confirmedMinFlux"":0.003449,""confirmedMinBandRatio"":0.013705,""confirmedSpectralNoveltyMinBins"":13,""cooldownOverrideFactor"":2.263258,""cooldownOverrideMinFlux"":0.028783,""cooldownOverrideMinBandRatio"":0.075678,""analyzeIntervalMs"":41}"
159,r010-0024-2f0665df,10,76,3,0,13,0,0,147,"{""relativeReattackFactor"":3.407659,""relativeReattackMinDelta"":0.004,""relativeFluxFactor"":1.4,""spectralNoveltyRatio"":4.079561,""spectralNoveltyMinBins"":23,""cooldownFrames"":3,""confirmedRmsFactor"":1.529442,""confirmedRmsMinDelta"":0.007713,""confirmedFluxFactor"":2.133939,""confirmedMinFlux"":0.004336,""confirmedMinBandRatio"":0.014893,""confirmedSpectralNoveltyMinBins"":12,""cooldownOverrideFactor"":2.251646,""cooldownOverrideMinFlux"":0.028235,""cooldownOverrideMinBandRatio"":0.074755,""analyzeIntervalMs"":41}"
160,r010-0033-dab79951,10,76,3,0,13,0,0,147,"{""relativeReattackFactor"":3.465605,""relativeReattackMinDelta"":0.005041,""relativeFluxFactor"":1.4,""spectralNoveltyRatio"":4.159673,""spectralNoveltyMinBins"":22,""cooldownFrames"":3,""confirmedRmsFactor"":1.570489,""confirmedRmsMinDelta"":0.008268,""confirmedFluxFactor"":2.068512,""confirmedMinFlux"":0.003683,""confirmedMinBandRatio"":0.012606,""confirmedSpectralNoveltyMinBins"":13,""cooldownOverrideFactor"":2.281556,""cooldownOverrideMinFlux"":0.029748,""cooldownOverrideMinBandRatio"":0.079543,""analyzeIntervalMs"":41}"
161,r010-0045-3f1892f7,10,76,3,0,13,0,0,147,"{""relativeReattackFactor"":3.476068,""relativeReattackMinDelta"":0.004486,""relativeFluxFactor"":1.4,""spectralNoveltyRatio"":3.955105,""spectralNoveltyMinBins"":23,""cooldownFrames"":3,""confirmedRmsFactor"":1.568111,""confirmedRmsMinDelta"":0.007406,""confirmedFluxFactor"":2.140125,""confirmedMinFlux"":0.004,""confirmedMinBandRatio"":0.015543,""confirmedSpectralNoveltyMinBins"":10,""cooldownOverrideFactor"":2.153372,""cooldownOverrideMinFlux"":0.028552,""cooldownOverrideMinBandRatio"":0.078577,""analyzeIntervalMs"":41}"
162,r011-0062-8544ec37,11,76,3,0,13,0,0,147,"{""relativeReattackFactor"":3.468702,""relativeReattackMinDelta"":0.004793,""relativeFluxFactor"":1.4,""spectralNoveltyRatio"":4.093836,""spectralNoveltyMinBins"":23,""cooldownFrames"":3,""confirmedRmsFactor"":1.506751,""confirmedRmsMinDelta"":0.007429,""confirmedFluxFactor"":2.159564,""confirmedMinFlux"":0.004816,""confirmedMinBandRatio"":0.018873,""confirmedSpectralNoveltyMinBins"":10,""cooldownOverrideFactor"":2.332191,""cooldownOverrideMinFlux"":0.02894,""cooldownOverrideMinBandRatio"":0.075276,""analyzeIntervalMs"":41}"
163,r011-0067-952735f5,11,76,3,0,13,0,0,147,"{""relativeReattackFactor"":3.471605,""relativeReattackMinDelta"":0.00416,""relativeFluxFactor"":1.4,""spectralNoveltyRatio"":4.297333,""spectralNoveltyMinBins"":23,""cooldownFrames"":3,""confirmedRmsFactor"":1.546596,""confirmedRmsMinDelta"":0.007383,""confirmedFluxFactor"":2.24297,""confirmedMinFlux"":0.004727,""confirmedMinBandRatio"":0.01615,""confirmedSpectralNoveltyMinBins"":11,""cooldownOverrideFactor"":2.19957,""cooldownOverrideMinFlux"":0.029085,""cooldownOverrideMinBandRatio"":0.074135,""analyzeIntervalMs"":41}"
164,r005-0001-c478bdc1,5,76,3,0,14,0,0,147,"{""relativeReattackFactor"":2.965633,""relativeReattackMinDelta"":0.005108,""relativeFluxFactor"":1.4,""spectralNoveltyRatio"":4.137769,""spectralNoveltyMinBins"":26,""cooldownFrames"":3,""confirmedRmsFactor"":1.742091,""confirmedRmsMinDelta"":0.00822,""confirmedFluxFactor"":2.200974,""confirmedMinFlux"":0.003557,""confirmedMinBandRatio"":0.013067,""confirmedSpectralNoveltyMinBins"":10,""cooldownOverrideFactor"":1.8,""cooldownOverrideMinFlux"":0.028639,""cooldownOverrideMinBandRatio"":0.084039,""analyzeIntervalMs"":41}"
165,r006-0006-a78bd62f,6,76,3,0,14,0,0,147,"{""relativeReattackFactor"":2.933773,""relativeReattackMinDelta"":0.00498,""relativeFluxFactor"":1.4,""spectralNoveltyRatio"":3.901203,""spectralNoveltyMinBins"":29,""cooldownFrames"":3,""confirmedRmsFactor"":1.709001,""confirmedRmsMinDelta"":0.007621,""confirmedFluxFactor"":2.127664,""confirmedMinFlux"":0.003,""confirmedMinBandRatio"":0.011361,""confirmedSpectralNoveltyMinBins"":11,""cooldownOverrideFactor"":1.8,""cooldownOverrideMinFlux"":0.029863,""cooldownOverrideMinBandRatio"":0.087494,""analyzeIntervalMs"":41}"
166,r007-0038-b02423ff,7,76,3,0,14,0,0,147,"{""relativeReattackFactor"":2.998721,""relativeReattackMinDelta"":0.006,""relativeFluxFactor"":1.412179,""spectralNoveltyRatio"":3.912908,""spectralNoveltyMinBins"":28,""cooldownFrames"":3,""confirmedRmsFactor"":1.694155,""confirmedRmsMinDelta"":0.008153,""confirmedFluxFactor"":2.120995,""confirmedMinFlux"":0.003,""confirmedMinBandRatio"":0.012712,""confirmedSpectralNoveltyMinBins"":10,""cooldownOverrideFactor"":1.8,""cooldownOverrideMinFlux"":0.029881,""cooldownOverrideMinBandRatio"":0.084972,""analyzeIntervalMs"":41}"
167,r007-0078-7a110eca,7,76,3,0,14,0,0,147,"{""relativeReattackFactor"":2.951916,""relativeReattackMinDelta"":0.005986,""relativeFluxFactor"":1.4,""spectralNoveltyRatio"":3.749867,""spectralNoveltyMinBins"":30,""cooldownFrames"":3,""confirmedRmsFactor"":1.742089,""confirmedRmsMinDelta"":0.008168,""confirmedFluxFactor"":2.088369,""confirmedMinFlux"":0.003,""confirmedMinBandRatio"":0.009015,""confirmedSpectralNoveltyMinBins"":12,""cooldownOverrideFactor"":1.813635,""cooldownOverrideMinFlux"":0.029562,""cooldownOverrideMinBandRatio"":0.09,""analyzeIntervalMs"":41}"
168,r008-0042-7366e96f,8,76,3,0,14,0,0,147,"{""relativeReattackFactor"":2.9617,""relativeReattackMinDelta"":0.006089,""relativeFluxFactor"":1.4,""spectralNoveltyRatio"":3.762719,""spectralNoveltyMinBins"":30,""cooldownFrames"":3,""confirmedRmsFactor"":1.670346,""confirmedRmsMinDelta"":0.007696,""confirmedFluxFactor"":2.11936,""confirmedMinFlux"":0.003,""confirmedMinBandRatio"":0.010163,""confirmedSpectralNoveltyMinBins"":10,""cooldownOverrideFactor"":1.986973,""cooldownOverrideMinFlux"":0.03,""cooldownOverrideMinBandRatio"":0.086406,""analyzeIntervalMs"":41}"
169,r008-0047-f6490630,8,76,3,0,14,0,0,148,"{""relativeReattackFactor"":2.936729,""relativeReattackMinDelta"":0.004671,""relativeFluxFactor"":1.4,""spectralNoveltyRatio"":3.755803,""spectralNoveltyMinBins"":26,""cooldownFrames"":3,""confirmedRmsFactor"":1.655335,""confirmedRmsMinDelta"":0.007616,""confirmedFluxFactor"":2.115293,""confirmedMinFlux"":0.003,""confirmedMinBandRatio"":0.010817,""confirmedSpectralNoveltyMinBins"":11,""cooldownOverrideFactor"":1.949067,""cooldownOverrideMinFlux"":0.028886,""cooldownOverrideMinBandRatio"":0.083752,""analyzeIntervalMs"":41}"
170,r009-0013-3dd3a501,9,76,3,0,14,0,0,147,"{""relativeReattackFactor"":2.966281,""relativeReattackMinDelta"":0.005452,""relativeFluxFactor"":1.420888,""spectralNoveltyRatio"":3.634353,""spectralNoveltyMinBins"":30,""cooldownFrames"":3,""confirmedRmsFactor"":1.68217,""confirmedRmsMinDelta"":0.007287,""confirmedFluxFactor"":2.125391,""confirmedMinFlux"":0.003,""confirmedMinBandRatio"":0.010152,""confirmedSpectralNoveltyMinBins"":9,""cooldownOverrideFactor"":1.980997,""cooldownOverrideMinFlux"":0.03,""cooldownOverrideMinBandRatio"":0.088089,""analyzeIntervalMs"":41}"
171,r009-0043-b40b8d17,9,76,3,0,14,0,0,148,"{""relativeReattackFactor"":2.997671,""relativeReattackMinDelta"":0.004468,""relativeFluxFactor"":1.420357,""spectralNoveltyRatio"":3.5757,""spectralNoveltyMinBins"":27,""cooldownFrames"":3,""confirmedRmsFactor"":1.644979,""confirmedRmsMinDelta"":0.007591,""confirmedFluxFactor"":2.081697,""confirmedMinFlux"":0.003,""confirmedMinBandRatio"":0.007795,""confirmedSpectralNoveltyMinBins"":11,""cooldownOverrideFactor"":1.924623,""cooldownOverrideMinFlux"":0.029048,""cooldownOverrideMinBandRatio"":0.084314,""analyzeIntervalMs"":41}"
172,r009-0012-3e7b66f0,9,75,3,0,14,0,0,148,"{""relativeReattackFactor"":3.277504,""relativeReattackMinDelta"":0.005254,""relativeFluxFactor"":1.4,""spectralNoveltyRatio"":3.943684,""spectralNoveltyMinBins"":22,""cooldownFrames"":3,""confirmedRmsFactor"":1.589777,""confirmedRmsMinDelta"":0.008051,""confirmedFluxFactor"":2.102012,""confirmedMinFlux"":0.004647,""confirmedMinBandRatio"":0.011934,""confirmedSpectralNoveltyMinBins"":11,""cooldownOverrideFactor"":2.067811,""cooldownOverrideMinFlux"":0.029801,""cooldownOverrideMinBandRatio"":0.079787,""analyzeIntervalMs"":41}"
173,r009-0077-848ea12c,9,75,3,0,14,0,0,148,"{""relativeReattackFactor"":3.270242,""relativeReattackMinDelta"":0.005667,""relativeFluxFactor"":1.4,""spectralNoveltyRatio"":4.290343,""spectralNoveltyMinBins"":22,""cooldownFrames"":3,""confirmedRmsFactor"":1.511573,""confirmedRmsMinDelta"":0.007848,""confirmedFluxFactor"":2.136809,""confirmedMinFlux"":0.003785,""confirmedMinBandRatio"":0.015288,""confirmedSpectralNoveltyMinBins"":13,""cooldownOverrideFactor"":2.249807,""cooldownOverrideMinFlux"":0.028953,""cooldownOverrideMinBandRatio"":0.080463,""analyzeIntervalMs"":41}"
174,r018-0033-5d310916,18,75,3,0,14,0,0,148,"{""relativeReattackFactor"":3.282536,""relativeReattackMinDelta"":0.005778,""relativeFluxFactor"":1.4,""spectralNoveltyRatio"":3.639932,""spectralNoveltyMinBins"":22,""cooldownFrames"":3,""confirmedRmsFactor"":1.479888,""confirmedRmsMinDelta"":0.006431,""confirmedFluxFactor"":2.119175,""confirmedMinFlux"":0.007287,""confirmedMinBandRatio"":0.009725,""confirmedSpectralNoveltyMinBins"":12,""cooldownOverrideFactor"":2.831892,""cooldownOverrideMinFlux"":0.024745,""cooldownOverrideMinBandRatio"":0.068875,""analyzeIntervalMs"":41}"
175,r007-0036-73ec9072,7,75,3,0,15,0,0,149,"{""relativeReattackFactor"":2.961417,""relativeReattackMinDelta"":0.006002,""relativeFluxFactor"":1.4,""spectralNoveltyRatio"":3.825023,""spectralNoveltyMinBins"":25,""cooldownFrames"":3,""confirmedRmsFactor"":1.764111,""confirmedRmsMinDelta"":0.008041,""confirmedFluxFactor"":2.088003,""confirmedMinFlux"":0.003,""confirmedMinBandRatio"":0.01318,""confirmedSpectralNoveltyMinBins"":12,""cooldownOverrideFactor"":1.98508,""cooldownOverrideMinFlux"":0.026724,""cooldownOverrideMinBandRatio"":0.079346,""analyzeIntervalMs"":41}"
176,r008-0004-6ac74136,8,75,3,0,15,0,0,149,"{""relativeReattackFactor"":2.941,""relativeReattackMinDelta"":0.006458,""relativeFluxFactor"":1.4,""spectralNoveltyRatio"":3.937371,""spectralNoveltyMinBins"":25,""cooldownFrames"":3,""confirmedRmsFactor"":1.837537,""confirmedRmsMinDelta"":0.008159,""confirmedFluxFactor"":2.10721,""confirmedMinFlux"":0.003807,""confirmedMinBandRatio"":0.013494,""confirmedSpectralNoveltyMinBins"":11,""cooldownOverrideFactor"":1.8,""cooldownOverrideMinFlux"":0.027334,""cooldownOverrideMinBandRatio"":0.082696,""analyzeIntervalMs"":41}"
177,r009-0020-95c39197,9,75,3,0,15,0,0,148,"{""relativeReattackFactor"":2.996047,""relativeReattackMinDelta"":0.006008,""relativeFluxFactor"":1.4,""spectralNoveltyRatio"":4.238262,""spectralNoveltyMinBins"":25,""cooldownFrames"":3,""confirmedRmsFactor"":1.654372,""confirmedRmsMinDelta"":0.008418,""confirmedFluxFactor"":2.220234,""confirmedMinFlux"":0.003365,""confirmedMinBandRatio"":0.01135,""confirmedSpectralNoveltyMinBins"":10,""cooldownOverrideFactor"":1.8,""cooldownOverrideMinFlux"":0.028607,""cooldownOverrideMinBandRatio"":0.086281,""analyzeIntervalMs"":41}"
178,r009-0050-f368920f,9,75,3,0,15,0,0,148,"{""relativeReattackFactor"":2.918962,""relativeReattackMinDelta"":0.005906,""relativeFluxFactor"":1.4,""spectralNoveltyRatio"":4.149426,""spectralNoveltyMinBins"":25,""cooldownFrames"":3,""confirmedRmsFactor"":1.733319,""confirmedRmsMinDelta"":0.008826,""confirmedFluxFactor"":2.234462,""confirmedMinFlux"":0.003456,""confirmedMinBandRatio"":0.012336,""confirmedSpectralNoveltyMinBins"":8,""cooldownOverrideFactor"":1.924168,""cooldownOverrideMinFlux"":0.028649,""cooldownOverrideMinBandRatio"":0.081226,""analyzeIntervalMs"":41}"
179,r004-0041-373edabf,4,74,3,0,15,0,0,149,"{""relativeReattackFactor"":3.154554,""relativeReattackMinDelta"":0.004475,""relativeFluxFactor"":1.4,""spectralNoveltyRatio"":3.880074,""spectralNoveltyMinBins"":22,""cooldownFrames"":3,""confirmedRmsFactor"":1.67837,""confirmedRmsMinDelta"":0.008356,""confirmedFluxFactor"":2.161958,""confirmedMinFlux"":0.004459,""confirmedMinBandRatio"":0.01666,""confirmedSpectralNoveltyMinBins"":9,""cooldownOverrideFactor"":1.825118,""cooldownOverrideMinFlux"":0.027217,""cooldownOverrideMinBandRatio"":0.086385,""analyzeIntervalMs"":41}"
180,r005-0006-0be73e48,5,74,3,0,15,0,0,150,"{""relativeReattackFactor"":3.240452,""relativeReattackMinDelta"":0.005279,""relativeFluxFactor"":1.4,""spectralNoveltyRatio"":3.984182,""spectralNoveltyMinBins"":21,""cooldownFrames"":3,""confirmedRmsFactor"":1.591947,""confirmedRmsMinDelta"":0.008027,""confirmedFluxFactor"":2.071045,""confirmedMinFlux"":0.003164,""confirmedMinBandRatio"":0.01492,""confirmedSpectralNoveltyMinBins"":11,""cooldownOverrideFactor"":2.065296,""cooldownOverrideMinFlux"":0.029374,""cooldownOverrideMinBandRatio"":0.082083,""analyzeIntervalMs"":41}"
181,r006-0037-24885017,6,74,3,0,15,0,0,150,"{""relativeReattackFactor"":3.244937,""relativeReattackMinDelta"":0.005207,""relativeFluxFactor"":1.4,""spectralNoveltyRatio"":3.604861,""spectralNoveltyMinBins"":21,""cooldownFrames"":3,""confirmedRmsFactor"":1.682973,""confirmedRmsMinDelta"":0.008842,""confirmedFluxFactor"":2.166367,""confirmedMinFlux"":0.004545,""confirmedMinBandRatio"":0.014827,""confirmedSpectralNoveltyMinBins"":8,""cooldownOverrideFactor"":1.8,""cooldownOverrideMinFlux"":0.026465,""cooldownOverrideMinBandRatio"":0.084105,""analyzeIntervalMs"":41}"
182,r006-0039-d7237871,6,74,3,0,15,0,0,149,"{""relativeReattackFactor"":3.024179,""relativeReattackMinDelta"":0.004249,""relativeFluxFactor"":1.4,""spectralNoveltyRatio"":3.415179,""spectralNoveltyMinBins"":23,""cooldownFrames"":3,""confirmedRmsFactor"":1.654829,""confirmedRmsMinDelta"":0.008485,""confirmedFluxFactor"":1.920441,""confirmedMinFlux"":0.005521,""confirmedMinBandRatio"":0.017958,""confirmedSpectralNoveltyMinBins"":9,""cooldownOverrideFactor"":1.913423,""cooldownOverrideMinFlux"":0.024332,""cooldownOverrideMinBandRatio"":0.086651,""analyzeIntervalMs"":41}"
183,r006-0053-e6b426d0,6,74,3,0,15,0,0,149,"{""relativeReattackFactor"":3.199505,""relativeReattackMinDelta"":0.006598,""relativeFluxFactor"":1.4,""spectralNoveltyRatio"":3.736291,""spectralNoveltyMinBins"":22,""cooldownFrames"":3,""confirmedRmsFactor"":1.523461,""confirmedRmsMinDelta"":0.007785,""confirmedFluxFactor"":1.981052,""confirmedMinFlux"":0.003618,""confirmedMinBandRatio"":0.013816,""confirmedSpectralNoveltyMinBins"":11,""cooldownOverrideFactor"":1.995272,""cooldownOverrideMinFlux"":0.03,""cooldownOverrideMinBandRatio"":0.08051,""analyzeIntervalMs"":41}"
184,r006-0067-6afab70f,6,74,3,0,15,0,0,150,"{""relativeReattackFactor"":3.023089,""relativeReattackMinDelta"":0.004,""relativeFluxFactor"":1.4,""spectralNoveltyRatio"":3.928215,""spectralNoveltyMinBins"":20,""cooldownFrames"":3,""confirmedRmsFactor"":1.674915,""confirmedRmsMinDelta"":0.008436,""confirmedFluxFactor"":2.229005,""confirmedMinFlux"":0.005367,""confirmedMinBandRatio"":0.016342,""confirmedSpectralNoveltyMinBins"":8,""cooldownOverrideFactor"":1.86263,""cooldownOverrideMinFlux"":0.02751,""cooldownOverrideMinBandRatio"":0.089963,""analyzeIntervalMs"":41}"
185,r007-0014-51b80a59,7,74,3,0,15,0,0,149,"{""relativeReattackFactor"":3.097123,""relativeReattackMinDelta"":0.005197,""relativeFluxFactor"":1.4,""spectralNoveltyRatio"":3.812789,""spectralNoveltyMinBins"":23,""cooldownFrames"":3,""confirmedRmsFactor"":1.654741,""confirmedRmsMinDelta"":0.008283,""confirmedFluxFactor"":2.208348,""confirmedMinFlux"":0.004937,""confirmedMinBandRatio"":0.0144,""confirmedSpectralNoveltyMinBins"":10,""cooldownOverrideFactor"":1.8,""cooldownOverrideMinFlux"":0.02614,""cooldownOverrideMinBandRatio"":0.09,""analyzeIntervalMs"":41}"
186,r007-0015-20bbeb02,7,74,3,0,15,0,0,149,"{""relativeReattackFactor"":3.110671,""relativeReattackMinDelta"":0.006059,""relativeFluxFactor"":1.4,""spectralNoveltyRatio"":4.086931,""spectralNoveltyMinBins"":23,""cooldownFrames"":3,""confirmedRmsFactor"":1.642736,""confirmedRmsMinDelta"":0.007615,""confirmedFluxFactor"":2.086913,""confirmedMinFlux"":0.003,""confirmedMinBandRatio"":0.015404,""confirmedSpectralNoveltyMinBins"":12,""cooldownOverrideFactor"":1.996862,""cooldownOverrideMinFlux"":0.028339,""cooldownOverrideMinBandRatio"":0.082322,""analyzeIntervalMs"":41}"
187,r007-0054-3667e433,7,74,3,0,15,0,0,150,"{""relativeReattackFactor"":3.256197,""relativeReattackMinDelta"":0.005391,""relativeFluxFactor"":1.4,""spectralNoveltyRatio"":3.778479,""spectralNoveltyMinBins"":21,""cooldownFrames"":3,""confirmedRmsFactor"":1.708481,""confirmedRmsMinDelta"":0.008574,""confirmedFluxFactor"":2.157855,""confirmedMinFlux"":0.004515,""confirmedMinBandRatio"":0.014156,""confirmedSpectralNoveltyMinBins"":8,""cooldownOverrideFactor"":1.826989,""cooldownOverrideMinFlux"":0.028177,""cooldownOverrideMinBandRatio"":0.083592,""analyzeIntervalMs"":41}"
188,r007-0079-8e5b5f10,7,74,3,0,15,0,0,149,"{""relativeReattackFactor"":3.19417,""relativeReattackMinDelta"":0.005325,""relativeFluxFactor"":1.411581,""spectralNoveltyRatio"":3.710722,""spectralNoveltyMinBins"":23,""cooldownFrames"":3,""confirmedRmsFactor"":1.731404,""confirmedRmsMinDelta"":0.008144,""confirmedFluxFactor"":2.083624,""confirmedMinFlux"":0.004936,""confirmedMinBandRatio"":0.017854,""confirmedSpectralNoveltyMinBins"":9,""cooldownOverrideFactor"":1.988644,""cooldownOverrideMinFlux"":0.027457,""cooldownOverrideMinBandRatio"":0.086784,""analyzeIntervalMs"":41}"
189,r008-0028-26dc068b,8,74,3,0,15,0,0,149,"{""relativeReattackFactor"":3.16527,""relativeReattackMinDelta"":0.006547,""relativeFluxFactor"":1.4,""spectralNoveltyRatio"":3.886806,""spectralNoveltyMinBins"":22,""cooldownFrames"":3,""confirmedRmsFactor"":1.567448,""confirmedRmsMinDelta"":0.008486,""confirmedFluxFactor"":2.074771,""confirmedMinFlux"":0.003028,""confirmedMinBandRatio"":0.015441,""confirmedSpectralNoveltyMinBins"":12,""cooldownOverrideFactor"":1.991701,""cooldownOverrideMinFlux"":0.027785,""cooldownOverrideMinBandRatio"":0.085722,""analyzeIntervalMs"":41}"
190,r008-0034-bf602ef7,8,74,3,0,15,0,0,149,"{""relativeReattackFactor"":3.156076,""relativeReattackMinDelta"":0.00666,""relativeFluxFactor"":1.4,""spectralNoveltyRatio"":3.675586,""spectralNoveltyMinBins"":23,""cooldownFrames"":3,""confirmedRmsFactor"":1.79518,""confirmedRmsMinDelta"":0.008959,""confirmedFluxFactor"":2.195116,""confirmedMinFlux"":0.003279,""confirmedMinBandRatio"":0.012917,""confirmedSpectralNoveltyMinBins"":12,""cooldownOverrideFactor"":1.91998,""cooldownOverrideMinFlux"":0.027366,""cooldownOverrideMinBandRatio"":0.082306,""analyzeIntervalMs"":41}"
191,r008-0048-59c9b1a5,8,74,3,0,15,0,0,149,"{""relativeReattackFactor"":3.247715,""relativeReattackMinDelta"":0.00631,""relativeFluxFactor"":1.4,""spectralNoveltyRatio"":3.684466,""spectralNoveltyMinBins"":23,""cooldownFrames"":3,""confirmedRmsFactor"":1.573364,""confirmedRmsMinDelta"":0.008734,""confirmedFluxFactor"":2.126241,""confirmedMinFlux"":0.00307,""confirmedMinBandRatio"":0.015456,""confirmedSpectralNoveltyMinBins"":12,""cooldownOverrideFactor"":2.045495,""cooldownOverrideMinFlux"":0.028703,""cooldownOverrideMinBandRatio"":0.085538,""analyzeIntervalMs"":41}"
192,r008-0069-194e0f1e,8,74,3,0,15,0,0,149,"{""relativeReattackFactor"":3.0918,""relativeReattackMinDelta"":0.005898,""relativeFluxFactor"":1.4,""spectralNoveltyRatio"":4.017151,""spectralNoveltyMinBins"":23,""cooldownFrames"":3,""confirmedRmsFactor"":1.76435,""confirmedRmsMinDelta"":0.008715,""confirmedFluxFactor"":2.160939,""confirmedMinFlux"":0.003,""confirmedMinBandRatio"":0.012642,""confirmedSpectralNoveltyMinBins"":11,""cooldownOverrideFactor"":1.8,""cooldownOverrideMinFlux"":0.025722,""cooldownOverrideMinBandRatio"":0.084389,""analyzeIntervalMs"":41}"
193,r007-0003-c4221877,7,72,3,0,16,0,0,150,"{""relativeReattackFactor"":2.875694,""relativeReattackMinDelta"":0.005366,""relativeFluxFactor"":1.4,""spectralNoveltyRatio"":3.727471,""spectralNoveltyMinBins"":27,""cooldownFrames"":3,""confirmedRmsFactor"":1.701578,""confirmedRmsMinDelta"":0.008034,""confirmedFluxFactor"":2.14782,""confirmedMinFlux"":0.003,""confirmedMinBandRatio"":0.010414,""confirmedSpectralNoveltyMinBins"":10,""cooldownOverrideFactor"":1.93965,""cooldownOverrideMinFlux"":0.03,""cooldownOverrideMinBandRatio"":0.085998,""analyzeIntervalMs"":41}"
194,r007-0012-176d5517,7,72,3,0,16,0,0,149,"{""relativeReattackFactor"":2.856574,""relativeReattackMinDelta"":0.00538,""relativeFluxFactor"":1.4,""spectralNoveltyRatio"":3.980425,""spectralNoveltyMinBins"":27,""cooldownFrames"":3,""confirmedRmsFactor"":1.727679,""confirmedRmsMinDelta"":0.00818,""confirmedFluxFactor"":2.26222,""confirmedMinFlux"":0.003,""confirmedMinBandRatio"":0.014578,""confirmedSpectralNoveltyMinBins"":10,""cooldownOverrideFactor"":1.9705,""cooldownOverrideMinFlux"":0.027964,""cooldownOverrideMinBandRatio"":0.084264,""analyzeIntervalMs"":41}"
195,r007-0023-478121d8,7,72,3,0,16,0,0,150,"{""relativeReattackFactor"":2.785222,""relativeReattackMinDelta"":0.005832,""relativeFluxFactor"":1.4,""spectralNoveltyRatio"":3.930947,""spectralNoveltyMinBins"":26,""cooldownFrames"":3,""confirmedRmsFactor"":1.693342,""confirmedRmsMinDelta"":0.007613,""confirmedFluxFactor"":2.119702,""confirmedMinFlux"":0.003,""confirmedMinBandRatio"":0.012532,""confirmedSpectralNoveltyMinBins"":12,""cooldownOverrideFactor"":1.8,""cooldownOverrideMinFlux"":0.029627,""cooldownOverrideMinBandRatio"":0.08571,""analyzeIntervalMs"":41}"
196,r009-0015-78a9e704,9,72,3,0,16,0,0,148,"{""relativeReattackFactor"":2.909549,""relativeReattackMinDelta"":0.00633,""relativeFluxFactor"":1.4,""spectralNoveltyRatio"":4.442144,""spectralNoveltyMinBins"":28,""cooldownFrames"":3,""confirmedRmsFactor"":1.716964,""confirmedRmsMinDelta"":0.008435,""confirmedFluxFactor"":2.200326,""confirmedMinFlux"":0.003892,""confirmedMinBandRatio"":0.012268,""confirmedSpectralNoveltyMinBins"":10,""cooldownOverrideFactor"":1.900153,""cooldownOverrideMinFlux"":0.028618,""cooldownOverrideMinBandRatio"":0.082535,""analyzeIntervalMs"":41}"
197,r006-0021-4af7ffe7,6,71,3,0,16,0,0,150,"{""relativeReattackFactor"":2.956896,""relativeReattackMinDelta"":0.00595,""relativeFluxFactor"":1.4,""spectralNoveltyRatio"":4.200306,""spectralNoveltyMinBins"":23,""cooldownFrames"":3,""confirmedRmsFactor"":1.751815,""confirmedRmsMinDelta"":0.007766,""confirmedFluxFactor"":2.177123,""confirmedMinFlux"":0.004413,""confirmedMinBandRatio"":0.010091,""confirmedSpectralNoveltyMinBins"":9,""cooldownOverrideFactor"":1.8,""cooldownOverrideMinFlux"":0.028866,""cooldownOverrideMinBandRatio"":0.088877,""analyzeIntervalMs"":41}"
198,r008-0040-91e3f9b0,8,71,3,0,16,0,0,150,"{""relativeReattackFactor"":2.995013,""relativeReattackMinDelta"":0.005364,""relativeFluxFactor"":1.4,""spectralNoveltyRatio"":4.055665,""spectralNoveltyMinBins"":23,""cooldownFrames"":3,""confirmedRmsFactor"":1.672432,""confirmedRmsMinDelta"":0.007994,""confirmedFluxFactor"":2.198674,""confirmedMinFlux"":0.004175,""confirmedMinBandRatio"":0.011582,""confirmedSpectralNoveltyMinBins"":10,""cooldownOverrideFactor"":1.877131,""cooldownOverrideMinFlux"":0.03,""cooldownOverrideMinBandRatio"":0.084261,""analyzeIntervalMs"":41}"
199,r005-0042-7443b800,5,70,3,0,16,0,0,152,"{""relativeReattackFactor"":3.054043,""relativeReattackMinDelta"":0.005685,""relativeFluxFactor"":1.4,""spectralNoveltyRatio"":3.352832,""spectralNoveltyMinBins"":21,""cooldownFrames"":3,""confirmedRmsFactor"":1.708998,""confirmedRmsMinDelta"":0.00903,""confirmedFluxFactor"":2.005163,""confirmedMinFlux"":0.005303,""confirmedMinBandRatio"":0.019122,""confirmedSpectralNoveltyMinBins"":8,""cooldownOverrideFactor"":2.002229,""cooldownOverrideMinFlux"":0.02499,""cooldownOverrideMinBandRatio"":0.09,""analyzeIntervalMs"":41}"
200,r006-0068-373692bc,6,70,3,0,16,0,0,152,"{""relativeReattackFactor"":3.110051,""relativeReattackMinDelta"":0.005732,""relativeFluxFactor"":1.4,""spectralNoveltyRatio"":4.06722,""spectralNoveltyMinBins"":19,""cooldownFrames"":3,""confirmedRmsFactor"":1.660612,""confirmedRmsMinDelta"":0.008143,""confirmedFluxFactor"":2.049624,""confirmedMinFlux"":0.003,""confirmedMinBandRatio"":0.012735,""confirmedSpectralNoveltyMinBins"":12,""cooldownOverrideFactor"":2.13898,""cooldownOverrideMinFlux"":0.029027,""cooldownOverrideMinBandRatio"":0.079189,""analyzeIntervalMs"":41}"
201,r006-0074-c95f6a20,6,70,3,0,16,0,0,151,"{""relativeReattackFactor"":3.227741,""relativeReattackMinDelta"":0.004235,""relativeFluxFactor"":1.4,""spectralNoveltyRatio"":3.135226,""spectralNoveltyMinBins"":22,""cooldownFrames"":3,""confirmedRmsFactor"":1.683398,""confirmedRmsMinDelta"":0.008882,""confirmedFluxFactor"":1.909882,""confirmedMinFlux"":0.004951,""confirmedMinBandRatio"":0.018011,""confirmedSpectralNoveltyMinBins"":10,""cooldownOverrideFactor"":1.8,""cooldownOverrideMinFlux"":0.025463,""cooldownOverrideMinBandRatio"":0.088284,""analyzeIntervalMs"":41}"
202,r006-0030-ec9aae30,6,68,3,0,15,0,0,151,"{""relativeReattackFactor"":3.416961,""relativeReattackMinDelta"":0.005274,""relativeFluxFactor"":1.4,""spectralNoveltyRatio"":3.769945,""spectralNoveltyMinBins"":18,""cooldownFrames"":3,""confirmedRmsFactor"":1.665133,""confirmedRmsMinDelta"":0.008318,""confirmedFluxFactor"":2.195542,""confirmedMinFlux"":0.005479,""confirmedMinBandRatio"":0.015357,""confirmedSpectralNoveltyMinBins"":9,""cooldownOverrideFactor"":1.857159,""cooldownOverrideMinFlux"":0.02662,""cooldownOverrideMinBandRatio"":0.09,""analyzeIntervalMs"":41}"
203,r005-0049-a3230ae9,5,66,3,0,17,0,0,153,"{""relativeReattackFactor"":3.264444,""relativeReattackMinDelta"":0.004,""relativeFluxFactor"":1.4,""spectralNoveltyRatio"":3.463265,""spectralNoveltyMinBins"":18,""cooldownFrames"":3,""confirmedRmsFactor"":1.61999,""confirmedRmsMinDelta"":0.00824,""confirmedFluxFactor"":2.098442,""confirmedMinFlux"":0.005271,""confirmedMinBandRatio"":0.014053,""confirmedSpectralNoveltyMinBins"":8,""cooldownOverrideFactor"":1.8,""cooldownOverrideMinFlux"":0.026271,""cooldownOverrideMinBandRatio"":0.086415,""analyzeIntervalMs"":41}"
204,r005-0076-ecaf02bc,5,63,3,0,18,0,0,154,"{""relativeReattackFactor"":3.215657,""relativeReattackMinDelta"":0.005281,""relativeFluxFactor"":1.4,""spectralNoveltyRatio"":4.087051,""spectralNoveltyMinBins"":17,""cooldownFrames"":3,""confirmedRmsFactor"":1.622687,""confirmedRmsMinDelta"":0.007662,""confirmedFluxFactor"":2.134188,""confirmedMinFlux"":0.004062,""confirmedMinBandRatio"":0.014363,""confirmedSpectralNoveltyMinBins"":8,""cooldownOverrideFactor"":1.80642,""cooldownOverrideMinFlux"":0.026332,""cooldownOverrideMinBandRatio"":0.09,""analyzeIntervalMs"":41}"
205,r017-0063-53062a97,17,57,4,5,1,2,0,124,"{""relativeReattackFactor"":3.472161,""relativeReattackMinDelta"":0.004663,""relativeFluxFactor"":1.4,""spectralNoveltyRatio"":3.798655,""spectralNoveltyMinBins"":41,""cooldownFrames"":4,""confirmedRmsFactor"":1.324356,""confirmedRmsMinDelta"":0.004242,""confirmedFluxFactor"":1.93736,""confirmedMinFlux"":0.007237,""confirmedMinBandRatio"":0.017444,""confirmedSpectralNoveltyMinBins"":14,""cooldownOverrideFactor"":2.897026,""cooldownOverrideMinFlux"":0.029716,""cooldownOverrideMinBandRatio"":0.056035,""analyzeIntervalMs"":46}"
206,r015-0034-b58319f8,15,52,3,2,9,0,0,139,"{""relativeReattackFactor"":3.516209,""relativeReattackMinDelta"":0.004162,""relativeFluxFactor"":1.4,""spectralNoveltyRatio"":3.947795,""spectralNoveltyMinBins"":29,""cooldownFrames"":3,""confirmedRmsFactor"":1.590585,""confirmedRmsMinDelta"":0.008216,""confirmedFluxFactor"":2.174674,""confirmedMinFlux"":0.005376,""confirmedMinBandRatio"":0.011028,""confirmedSpectralNoveltyMinBins"":13,""cooldownOverrideFactor"":2.336521,""cooldownOverrideMinFlux"":0.028954,""cooldownOverrideMinBandRatio"":0.076939,""analyzeIntervalMs"":40}"
207,r003-0043-dca11af9,3,52,3,0,21,0,0,155,"{""relativeReattackFactor"":3.01079,""relativeReattackMinDelta"":0.004,""relativeFluxFactor"":1.4,""spectralNoveltyRatio"":3.562818,""spectralNoveltyMinBins"":17,""cooldownFrames"":3,""confirmedRmsFactor"":1.737904,""confirmedRmsMinDelta"":0.009357,""confirmedFluxFactor"":2.099025,""confirmedMinFlux"":0.004311,""confirmedMinBandRatio"":0.017226,""confirmedSpectralNoveltyMinBins"":7,""cooldownOverrideFactor"":1.8,""cooldownOverrideMinFlux"":0.024848,""cooldownOverrideMinBandRatio"":0.09,""analyzeIntervalMs"":40}"
208,r005-0054-f5c24f12,5,51,3,0,21,0,0,158,"{""relativeReattackFactor"":3.299624,""relativeReattackMinDelta"":0.004,""relativeFluxFactor"":1.4,""spectralNoveltyRatio"":3.66987,""spectralNoveltyMinBins"":13,""cooldownFrames"":3,""confirmedRmsFactor"":1.729227,""confirmedRmsMinDelta"":0.008514,""confirmedFluxFactor"":2.069056,""confirmedMinFlux"":0.006438,""confirmedMinBandRatio"":0.02104,""confirmedSpectralNoveltyMinBins"":7,""cooldownOverrideFactor"":1.8,""cooldownOverrideMinFlux"":0.025869,""cooldownOverrideMinBandRatio"":0.09,""analyzeIntervalMs"":41}"
209,r002-0026-879c8e1d,2,51,3,4,2,1,0,127,"{""relativeReattackFactor"":3.851152,""relativeReattackMinDelta"":0.01447,""relativeFluxFactor"":1.4,""spectralNoveltyRatio"":2.678612,""spectralNoveltyMinBins"":40,""cooldownFrames"":4,""confirmedRmsFactor"":1.15,""confirmedRmsMinDelta"":0.002029,""confirmedFluxFactor"":1.344437,""confirmedMinFlux"":0.018143,""confirmedMinBandRatio"":0.042638,""confirmedSpectralNoveltyMinBins"":24,""cooldownOverrideFactor"":4.108141,""cooldownOverrideMinFlux"":0.013141,""cooldownOverrideMinBandRatio"":0.075482,""analyzeIntervalMs"":46}"
210,r004-0031-fc052a87,4,48,3,0,22,0,0,156,"{""relativeReattackFactor"":3.078243,""relativeReattackMinDelta"":0.004,""relativeFluxFactor"":1.4,""spectralNoveltyRatio"":3.760529,""spectralNoveltyMinBins"":16,""cooldownFrames"":3,""confirmedRmsFactor"":1.65781,""confirmedRmsMinDelta"":0.008838,""confirmedFluxFactor"":2.010144,""confirmedMinFlux"":0.005165,""confirmedMinBandRatio"":0.017465,""confirmedSpectralNoveltyMinBins"":9,""cooldownOverrideFactor"":1.8,""cooldownOverrideMinFlux"":0.027585,""cooldownOverrideMinBandRatio"":0.09,""analyzeIntervalMs"":40}"
211,r006-0011-ce6056df,6,46,3,0,17,0,1,151,"{""relativeReattackFactor"":2.902915,""relativeReattackMinDelta"":0.005559,""relativeFluxFactor"":1.4,""spectralNoveltyRatio"":3.929781,""spectralNoveltyMinBins"":24,""cooldownFrames"":3,""confirmedRmsFactor"":1.812983,""confirmedRmsMinDelta"":0.007725,""confirmedFluxFactor"":2.133792,""confirmedMinFlux"":0.004692,""confirmedMinBandRatio"":0.011942,""confirmedSpectralNoveltyMinBins"":10,""cooldownOverrideFactor"":1.8,""cooldownOverrideMinFlux"":0.027505,""cooldownOverrideMinBandRatio"":0.088318,""analyzeIntervalMs"":41}"
212,r006-0034-6d49049b,6,46,3,0,17,0,1,151,"{""relativeReattackFactor"":2.907925,""relativeReattackMinDelta"":0.004294,""relativeFluxFactor"":1.417252,""spectralNoveltyRatio"":3.34531,""spectralNoveltyMinBins"":25,""cooldownFrames"":3,""confirmedRmsFactor"":1.681941,""confirmedRmsMinDelta"":0.009241,""confirmedFluxFactor"":1.929258,""confirmedMinFlux"":0.006376,""confirmedMinBandRatio"":0.020163,""confirmedSpectralNoveltyMinBins"":7,""cooldownOverrideFactor"":1.808176,""cooldownOverrideMinFlux"":0.025455,""cooldownOverrideMinBandRatio"":0.088159,""analyzeIntervalMs"":41}"
213,r007-0032-7ecffcc7,7,46,3,0,17,0,1,151,"{""relativeReattackFactor"":2.895183,""relativeReattackMinDelta"":0.005709,""relativeFluxFactor"":1.4,""spectralNoveltyRatio"":4.318828,""spectralNoveltyMinBins"":24,""cooldownFrames"":3,""confirmedRmsFactor"":1.682974,""confirmedRmsMinDelta"":0.007682,""confirmedFluxFactor"":2.151016,""confirmedMinFlux"":0.003811,""confirmedMinBandRatio"":0.012866,""confirmedSpectralNoveltyMinBins"":11,""cooldownOverrideFactor"":1.975228,""cooldownOverrideMinFlux"":0.028858,""cooldownOverrideMinBandRatio"":0.080202,""analyzeIntervalMs"":41}"
214,r003-0078-f8600f6a,3,40,3,0,25,0,0,160,"{""relativeReattackFactor"":2.677255,""relativeReattackMinDelta"":0.00402,""relativeFluxFactor"":1.4,""spectralNoveltyRatio"":4.674153,""spectralNoveltyMinBins"":12,""cooldownFrames"":3,""confirmedRmsFactor"":1.852764,""confirmedRmsMinDelta"":0.006801,""confirmedFluxFactor"":1.753568,""confirmedMinFlux"":0.005586,""confirmedMinBandRatio"":0.008033,""confirmedSpectralNoveltyMinBins"":5,""cooldownOverrideFactor"":1.898277,""cooldownOverrideMinFlux"":0.021147,""cooldownOverrideMinBandRatio"":0.081139,""analyzeIntervalMs"":40}"
215,r005-0024-38b6c3fa,5,40,3,0,18,0,1,154,"{""relativeReattackFactor"":3.130166,""relativeReattackMinDelta"":0.004869,""relativeFluxFactor"":1.4,""spectralNoveltyRatio"":3.436894,""spectralNoveltyMinBins"":18,""cooldownFrames"":3,""confirmedRmsFactor"":1.705476,""confirmedRmsMinDelta"":0.009336,""confirmedFluxFactor"":2.08862,""confirmedMinFlux"":0.004246,""confirmedMinBandRatio"":0.019137,""confirmedSpectralNoveltyMinBins"":10,""cooldownOverrideFactor"":1.895662,""cooldownOverrideMinFlux"":0.028153,""cooldownOverrideMinBandRatio"":0.09,""analyzeIntervalMs"":41}"
216,r006-0008-02de248f,6,40,3,0,18,0,1,154,"{""relativeReattackFactor"":3.252578,""relativeReattackMinDelta"":0.004901,""relativeFluxFactor"":1.4,""spectralNoveltyRatio"":3.675708,""spectralNoveltyMinBins"":18,""cooldownFrames"":3,""confirmedRmsFactor"":1.601174,""confirmedRmsMinDelta"":0.008334,""confirmedFluxFactor"":2.063698,""confirmedMinFlux"":0.00341,""confirmedMinBandRatio"":0.016772,""confirmedSpectralNoveltyMinBins"":12,""cooldownOverrideFactor"":2.273499,""cooldownOverrideMinFlux"":0.029176,""cooldownOverrideMinBandRatio"":0.079848,""analyzeIntervalMs"":41}"
217,r003-0055-7fe77ed1,3,39,3,1,13,0,1,146,"{""relativeReattackFactor"":2.728687,""relativeReattackMinDelta"":0.014229,""relativeFluxFactor"":1.4,""spectralNoveltyRatio"":2.485063,""spectralNoveltyMinBins"":27,""cooldownFrames"":4,""confirmedRmsFactor"":1.288032,""confirmedRmsMinDelta"":0.003965,""confirmedFluxFactor"":1.831331,""confirmedMinFlux"":0.012329,""confirmedMinBandRatio"":0.025321,""confirmedSpectralNoveltyMinBins"":22,""cooldownOverrideFactor"":4.114581,""cooldownOverrideMinFlux"":0.01024,""cooldownOverrideMinBandRatio"":0.085076,""analyzeIntervalMs"":41}"
218,r012-0050-f9ad9510,12,38,2,2,9,0,0,139,"{""relativeReattackFactor"":3.567644,""relativeReattackMinDelta"":0.004901,""relativeFluxFactor"":1.417987,""spectralNoveltyRatio"":3.871219,""spectralNoveltyMinBins"":27,""cooldownFrames"":3,""confirmedRmsFactor"":1.593105,""confirmedRmsMinDelta"":0.008047,""confirmedFluxFactor"":2.092256,""confirmedMinFlux"":0.003962,""confirmedMinBandRatio"":0.01209,""confirmedSpectralNoveltyMinBins"":12,""cooldownOverrideFactor"":2.162888,""cooldownOverrideMinFlux"":0.029511,""cooldownOverrideMinBandRatio"":0.078401,""analyzeIntervalMs"":40}"
219,r005-0012-96096efb,5,37,3,0,19,0,1,156,"{""relativeReattackFactor"":3.212833,""relativeReattackMinDelta"":0.004,""relativeFluxFactor"":1.4,""spectralNoveltyRatio"":3.508673,""spectralNoveltyMinBins"":15,""cooldownFrames"":3,""confirmedRmsFactor"":1.805537,""confirmedRmsMinDelta"":0.009755,""confirmedFluxFactor"":2.218987,""confirmedMinFlux"":0.0035,""confirmedMinBandRatio"":0.017283,""confirmedSpectralNoveltyMinBins"":7,""cooldownOverrideFactor"":1.848119,""cooldownOverrideMinFlux"":0.026447,""cooldownOverrideMinBandRatio"":0.087916,""analyzeIntervalMs"":41}"
220,r009-0061-8c8a549e,9,35,2,2,10,0,0,140,"{""relativeReattackFactor"":3.335162,""relativeReattackMinDelta"":0.004487,""relativeFluxFactor"":1.4,""spectralNoveltyRatio"":4.12912,""spectralNoveltyMinBins"":27,""cooldownFrames"":3,""confirmedRmsFactor"":1.535921,""confirmedRmsMinDelta"":0.007621,""confirmedFluxFactor"":2.064689,""confirmedMinFlux"":0.004984,""confirmedMinBandRatio"":0.013185,""confirmedSpectralNoveltyMinBins"":11,""cooldownOverrideFactor"":2.19933,""cooldownOverrideMinFlux"":0.029144,""cooldownOverrideMinBandRatio"":0.080425,""analyzeIntervalMs"":40}"
221,r010-0050-22266e48,10,35,2,2,10,0,0,140,"{""relativeReattackFactor"":3.549383,""relativeReattackMinDelta"":0.0053,""relativeFluxFactor"":1.4,""spectralNoveltyRatio"":3.874964,""spectralNoveltyMinBins"":27,""cooldownFrames"":3,""confirmedRmsFactor"":1.595928,""confirmedRmsMinDelta"":0.007345,""confirmedFluxFactor"":2.147541,""confirmedMinFlux"":0.005089,""confirmedMinBandRatio"":0.015784,""confirmedSpectralNoveltyMinBins"":12,""cooldownOverrideFactor"":2.030797,""cooldownOverrideMinFlux"":0.027613,""cooldownOverrideMinBandRatio"":0.080811,""analyzeIntervalMs"":40}"
222,r011-0004-9c5ca447,11,35,2,2,10,0,0,140,"{""relativeReattackFactor"":3.478999,""relativeReattackMinDelta"":0.005537,""relativeFluxFactor"":1.4,""spectralNoveltyRatio"":4.118294,""spectralNoveltyMinBins"":27,""cooldownFrames"":3,""confirmedRmsFactor"":1.540543,""confirmedRmsMinDelta"":0.007812,""confirmedFluxFactor"":2.105111,""confirmedMinFlux"":0.00431,""confirmedMinBandRatio"":0.012615,""confirmedSpectralNoveltyMinBins"":13,""cooldownOverrideFactor"":1.998267,""cooldownOverrideMinFlux"":0.028433,""cooldownOverrideMinBandRatio"":0.077158,""analyzeIntervalMs"":40}"
223,r011-0044-ddc992cf,11,35,2,2,10,0,0,140,"{""relativeReattackFactor"":3.549187,""relativeReattackMinDelta"":0.0057,""relativeFluxFactor"":1.4,""spectralNoveltyRatio"":4.106039,""spectralNoveltyMinBins"":28,""cooldownFrames"":3,""confirmedRmsFactor"":1.55844,""confirmedRmsMinDelta"":0.008043,""confirmedFluxFactor"":2.078913,""confirmedMinFlux"":0.004166,""confirmedMinBandRatio"":0.012325,""confirmedSpectralNoveltyMinBins"":13,""cooldownOverrideFactor"":2.145061,""cooldownOverrideMinFlux"":0.028809,""cooldownOverrideMinBandRatio"":0.076514,""analyzeIntervalMs"":40}"
224,r011-0049-42324786,11,35,2,2,10,0,0,140,"{""relativeReattackFactor"":3.470609,""relativeReattackMinDelta"":0.005026,""relativeFluxFactor"":1.4,""spectralNoveltyRatio"":4.105351,""spectralNoveltyMinBins"":28,""cooldownFrames"":3,""confirmedRmsFactor"":1.593563,""confirmedRmsMinDelta"":0.00815,""confirmedFluxFactor"":2.088397,""confirmedMinFlux"":0.004407,""confirmedMinBandRatio"":0.014119,""confirmedSpectralNoveltyMinBins"":12,""cooldownOverrideFactor"":2.169554,""cooldownOverrideMinFlux"":0.028756,""cooldownOverrideMinBandRatio"":0.081029,""analyzeIntervalMs"":40}"
225,r012-0002-d9972d7b,12,35,2,2,10,0,0,140,"{""relativeReattackFactor"":3.487683,""relativeReattackMinDelta"":0.004902,""relativeFluxFactor"":1.4,""spectralNoveltyRatio"":3.996692,""spectralNoveltyMinBins"":27,""cooldownFrames"":3,""confirmedRmsFactor"":1.530085,""confirmedRmsMinDelta"":0.00721,""confirmedFluxFactor"":2.239285,""confirmedMinFlux"":0.004633,""confirmedMinBandRatio"":0.015746,""confirmedSpectralNoveltyMinBins"":10,""cooldownOverrideFactor"":2.422346,""cooldownOverrideMinFlux"":0.027624,""cooldownOverrideMinBandRatio"":0.075575,""analyzeIntervalMs"":40}"
226,r012-0032-d2b9899a,12,35,2,2,10,0,0,140,"{""relativeReattackFactor"":3.619017,""relativeReattackMinDelta"":0.004635,""relativeFluxFactor"":1.4,""spectralNoveltyRatio"":4.286691,""spectralNoveltyMinBins"":28,""cooldownFrames"":3,""confirmedRmsFactor"":1.539129,""confirmedRmsMinDelta"":0.007293,""confirmedFluxFactor"":2.195482,""confirmedMinFlux"":0.00569,""confirmedMinBandRatio"":0.016531,""confirmedSpectralNoveltyMinBins"":8,""cooldownOverrideFactor"":2.332852,""cooldownOverrideMinFlux"":0.028101,""cooldownOverrideMinBandRatio"":0.07164,""analyzeIntervalMs"":40}"
227,r012-0052-a4de61f1,12,35,2,2,10,0,0,140,"{""relativeReattackFactor"":3.521149,""relativeReattackMinDelta"":0.005163,""relativeFluxFactor"":1.4,""spectralNoveltyRatio"":4.146324,""spectralNoveltyMinBins"":28,""cooldownFrames"":3,""confirmedRmsFactor"":1.541686,""confirmedRmsMinDelta"":0.006908,""confirmedFluxFactor"":2.281971,""confirmedMinFlux"":0.005155,""confirmedMinBandRatio"":0.016116,""confirmedSpectralNoveltyMinBins"":8,""cooldownOverrideFactor"":2.478602,""cooldownOverrideMinFlux"":0.028319,""cooldownOverrideMinBandRatio"":0.073916,""analyzeIntervalMs"":40}"
228,r013-0034-a0184870,13,35,2,2,10,0,0,140,"{""relativeReattackFactor"":3.603628,""relativeReattackMinDelta"":0.004701,""relativeFluxFactor"":1.4,""spectralNoveltyRatio"":4.114534,""spectralNoveltyMinBins"":27,""cooldownFrames"":3,""confirmedRmsFactor"":1.597852,""confirmedRmsMinDelta"":0.00814,""confirmedFluxFactor"":2.15248,""confirmedMinFlux"":0.005257,""confirmedMinBandRatio"":0.013653,""confirmedSpectralNoveltyMinBins"":14,""cooldownOverrideFactor"":2.320704,""cooldownOverrideMinFlux"":0.027824,""cooldownOverrideMinBandRatio"":0.078799,""analyzeIntervalMs"":40}"
229,r013-0040-6a32f013,13,35,2,2,10,0,0,140,"{""relativeReattackFactor"":3.446184,""relativeReattackMinDelta"":0.004456,""relativeFluxFactor"":1.408825,""spectralNoveltyRatio"":3.861285,""spectralNoveltyMinBins"":27,""cooldownFrames"":3,""confirmedRmsFactor"":1.59356,""confirmedRmsMinDelta"":0.007434,""confirmedFluxFactor"":2.121503,""confirmedMinFlux"":0.004638,""confirmedMinBandRatio"":0.01151,""confirmedSpectralNoveltyMinBins"":12,""cooldownOverrideFactor"":2.179277,""cooldownOverrideMinFlux"":0.029856,""cooldownOverrideMinBandRatio"":0.079843,""analyzeIntervalMs"":40}"
230,r013-0042-573a80ad,13,35,2,2,10,0,0,140,"{""relativeReattackFactor"":3.532855,""relativeReattackMinDelta"":0.004162,""relativeFluxFactor"":1.4,""spectralNoveltyRatio"":4.11175,""spectralNoveltyMinBins"":28,""cooldownFrames"":3,""confirmedRmsFactor"":1.556902,""confirmedRmsMinDelta"":0.007239,""confirmedFluxFactor"":2.251318,""confirmedMinFlux"":0.005051,""confirmedMinBandRatio"":0.018374,""confirmedSpectralNoveltyMinBins"":8,""cooldownOverrideFactor"":2.477215,""cooldownOverrideMinFlux"":0.029041,""cooldownOverrideMinBandRatio"":0.074293,""analyzeIntervalMs"":40}"
231,r013-0066-299488ca,13,35,2,2,10,0,0,140,"{""relativeReattackFactor"":3.478279,""relativeReattackMinDelta"":0.004718,""relativeFluxFactor"":1.4,""spectralNoveltyRatio"":4.199496,""spectralNoveltyMinBins"":27,""cooldownFrames"":3,""confirmedRmsFactor"":1.630665,""confirmedRmsMinDelta"":0.007574,""confirmedFluxFactor"":2.119809,""confirmedMinFlux"":0.004103,""confirmedMinBandRatio"":0.013822,""confirmedSpectralNoveltyMinBins"":13,""cooldownOverrideFactor"":2.334944,""cooldownOverrideMinFlux"":0.029303,""cooldownOverrideMinBandRatio"":0.081275,""analyzeIntervalMs"":40}"
232,r014-0002-7e438020,14,35,2,2,10,0,0,140,"{""relativeReattackFactor"":3.520508,""relativeReattackMinDelta"":0.00421,""relativeFluxFactor"":1.4,""spectralNoveltyRatio"":3.952357,""spectralNoveltyMinBins"":28,""cooldownFrames"":3,""confirmedRmsFactor"":1.597527,""confirmedRmsMinDelta"":0.006996,""confirmedFluxFactor"":2.211137,""confirmedMinFlux"":0.005618,""confirmedMinBandRatio"":0.016914,""confirmedSpectralNoveltyMinBins"":9,""cooldownOverrideFactor"":2.404656,""cooldownOverrideMinFlux"":0.029032,""cooldownOverrideMinBandRatio"":0.071118,""analyzeIntervalMs"":40}"
233,r014-0036-a28374a4,14,35,2,2,10,0,0,140,"{""relativeReattackFactor"":3.506724,""relativeReattackMinDelta"":0.004436,""relativeFluxFactor"":1.4,""spectralNoveltyRatio"":4.263297,""spectralNoveltyMinBins"":27,""cooldownFrames"":3,""confirmedRmsFactor"":1.58691,""confirmedRmsMinDelta"":0.007541,""confirmedFluxFactor"":2.203433,""confirmedMinFlux"":0.00329,""confirmedMinBandRatio"":0.013894,""confirmedSpectralNoveltyMinBins"":13,""cooldownOverrideFactor"":2.154213,""cooldownOverrideMinFlux"":0.027886,""cooldownOverrideMinBandRatio"":0.078506,""analyzeIntervalMs"":40}"
234,r014-0037-7f2c62f1,14,35,2,2,10,0,0,140,"{""relativeReattackFactor"":3.640339,""relativeReattackMinDelta"":0.004157,""relativeFluxFactor"":1.4,""spectralNoveltyRatio"":4.036576,""spectralNoveltyMinBins"":27,""cooldownFrames"":3,""confirmedRmsFactor"":1.596187,""confirmedRmsMinDelta"":0.007016,""confirmedFluxFactor"":2.249034,""confirmedMinFlux"":0.005249,""confirmedMinBandRatio"":0.015405,""confirmedSpectralNoveltyMinBins"":9,""cooldownOverrideFactor"":2.302109,""cooldownOverrideMinFlux"":0.028986,""cooldownOverrideMinBandRatio"":0.075889,""analyzeIntervalMs"":40}"
235,r014-0040-eca5ebea,14,35,2,2,10,0,0,140,"{""relativeReattackFactor"":3.590768,""relativeReattackMinDelta"":0.004,""relativeFluxFactor"":1.4,""spectralNoveltyRatio"":3.980764,""spectralNoveltyMinBins"":27,""cooldownFrames"":3,""confirmedRmsFactor"":1.594534,""confirmedRmsMinDelta"":0.007504,""confirmedFluxFactor"":2.080863,""confirmedMinFlux"":0.004758,""confirmedMinBandRatio"":0.012752,""confirmedSpectralNoveltyMinBins"":11,""cooldownOverrideFactor"":2.227037,""cooldownOverrideMinFlux"":0.03,""cooldownOverrideMinBandRatio"":0.081664,""analyzeIntervalMs"":40}"
236,r014-0071-598ac03a,14,35,2,2,10,0,0,140,"{""relativeReattackFactor"":3.481493,""relativeReattackMinDelta"":0.005355,""relativeFluxFactor"":1.4,""spectralNoveltyRatio"":4.267354,""spectralNoveltyMinBins"":28,""cooldownFrames"":3,""confirmedRmsFactor"":1.650641,""confirmedRmsMinDelta"":0.007713,""confirmedFluxFactor"":2.207574,""confirmedMinFlux"":0.004179,""confirmedMinBandRatio"":0.013843,""confirmedSpectralNoveltyMinBins"":11,""cooldownOverrideFactor"":2.2364,""cooldownOverrideMinFlux"":0.027797,""cooldownOverrideMinBandRatio"":0.081638,""analyzeIntervalMs"":40}"
237,r015-0075-2094fec3,15,35,2,2,10,0,0,140,"{""relativeReattackFactor"":3.443284,""relativeReattackMinDelta"":0.00521,""relativeFluxFactor"":1.405734,""spectralNoveltyRatio"":3.813064,""spectralNoveltyMinBins"":29,""cooldownFrames"":3,""confirmedRmsFactor"":1.649146,""confirmedRmsMinDelta"":0.007498,""confirmedFluxFactor"":2.027112,""confirmedMinFlux"":0.004313,""confirmedMinBandRatio"":0.014653,""confirmedSpectralNoveltyMinBins"":12,""cooldownOverrideFactor"":2.317272,""cooldownOverrideMinFlux"":0.028948,""cooldownOverrideMinBandRatio"":0.082075,""analyzeIntervalMs"":40}"
238,r009-0049-430522de,9,34,2,2,11,0,0,141,"{""relativeReattackFactor"":3.28374,""relativeReattackMinDelta"":0.005856,""relativeFluxFactor"":1.4,""spectralNoveltyRatio"":3.926599,""spectralNoveltyMinBins"":26,""cooldownFrames"":3,""confirmedRmsFactor"":1.558722,""confirmedRmsMinDelta"":0.007969,""confirmedFluxFactor"":2.113136,""confirmedMinFlux"":0.003521,""confirmedMinBandRatio"":0.013245,""confirmedSpectralNoveltyMinBins"":13,""cooldownOverrideFactor"":2.004155,""cooldownOverrideMinFlux"":0.02913,""cooldownOverrideMinBandRatio"":0.087058,""analyzeIntervalMs"":40}"
239,r009-0067-85b0ab0f,9,34,2,2,11,0,0,141,"{""relativeReattackFactor"":3.46528,""relativeReattackMinDelta"":0.004814,""relativeFluxFactor"":1.407598,""spectralNoveltyRatio"":4.19446,""spectralNoveltyMinBins"":25,""cooldownFrames"":3,""confirmedRmsFactor"":1.574028,""confirmedRmsMinDelta"":0.008166,""confirmedFluxFactor"":2.1408,""confirmedMinFlux"":0.003713,""confirmedMinBandRatio"":0.013873,""confirmedSpectralNoveltyMinBins"":11,""cooldownOverrideFactor"":2.05442,""cooldownOverrideMinFlux"":0.027867,""cooldownOverrideMinBandRatio"":0.08006,""analyzeIntervalMs"":40}"
240,r010-0046-d38a7058,10,34,2,2,11,0,0,141,"{""relativeReattackFactor"":3.349275,""relativeReattackMinDelta"":0.00412,""relativeFluxFactor"":1.4,""spectralNoveltyRatio"":4.16269,""spectralNoveltyMinBins"":26,""cooldownFrames"":3,""confirmedRmsFactor"":1.543791,""confirmedRmsMinDelta"":0.007733,""confirmedFluxFactor"":2.067666,""confirmedMinFlux"":0.004922,""confirmedMinBandRatio"":0.013241,""confirmedSpectralNoveltyMinBins"":12,""cooldownOverrideFactor"":2.317557,""cooldownOverrideMinFlux"":0.029566,""cooldownOverrideMinBandRatio"":0.07805,""analyzeIntervalMs"":40}"
241,r011-0006-2b02c2d5,11,34,2,2,11,0,0,141,"{""relativeReattackFactor"":3.582618,""relativeReattackMinDelta"":0.004,""relativeFluxFactor"":1.4,""spectralNoveltyRatio"":4.051741,""spectralNoveltyMinBins"":25,""cooldownFrames"":3,""confirmedRmsFactor"":1.621288,""confirmedRmsMinDelta"":0.007729,""confirmedFluxFactor"":2.135752,""confirmedMinFlux"":0.003964,""confirmedMinBandRatio"":0.013342,""confirmedSpectralNoveltyMinBins"":13,""cooldownOverrideFactor"":2.038376,""cooldownOverrideMinFlux"":0.029475,""cooldownOverrideMinBandRatio"":0.081678,""analyzeIntervalMs"":40}"
242,r011-0019-da1c18ae,11,34,2,2,11,0,0,141,"{""relativeReattackFactor"":3.476097,""relativeReattackMinDelta"":0.005744,""relativeFluxFactor"":1.4,""spectralNoveltyRatio"":4.163882,""spectralNoveltyMinBins"":26,""cooldownFrames"":3,""confirmedRmsFactor"":1.54797,""confirmedRmsMinDelta"":0.008216,""confirmedFluxFactor"":2.047062,""confirmedMinFlux"":0.004615,""confirmedMinBandRatio"":0.015484,""confirmedSpectralNoveltyMinBins"":13,""cooldownOverrideFactor"":2.019193,""cooldownOverrideMinFlux"":0.028665,""cooldownOverrideMinBandRatio"":0.077788,""analyzeIntervalMs"":40}"
243,r011-0038-e1eb373e,11,34,2,2,11,0,0,141,"{""relativeReattackFactor"":3.277097,""relativeReattackMinDelta"":0.005298,""relativeFluxFactor"":1.4,""spectralNoveltyRatio"":4.309184,""spectralNoveltyMinBins"":26,""cooldownFrames"":3,""confirmedRmsFactor"":1.482236,""confirmedRmsMinDelta"":0.008168,""confirmedFluxFactor"":2.069348,""confirmedMinFlux"":0.004633,""confirmedMinBandRatio"":0.013817,""confirmedSpectralNoveltyMinBins"":11,""cooldownOverrideFactor"":2.406637,""cooldownOverrideMinFlux"":0.029419,""cooldownOverrideMinBandRatio"":0.079806,""analyzeIntervalMs"":40}"
244,r011-0041-b69b5380,11,34,2,2,11,0,0,141,"{""relativeReattackFactor"":3.565701,""relativeReattackMinDelta"":0.004403,""relativeFluxFactor"":1.4,""spectralNoveltyRatio"":3.933144,""spectralNoveltyMinBins"":26,""cooldownFrames"":3,""confirmedRmsFactor"":1.634491,""confirmedRmsMinDelta"":0.008238,""confirmedFluxFactor"":2.085578,""confirmedMinFlux"":0.00399,""confirmedMinBandRatio"":0.012809,""confirmedSpectralNoveltyMinBins"":11,""cooldownOverrideFactor"":2.165048,""cooldownOverrideMinFlux"":0.028527,""cooldownOverrideMinBandRatio"":0.080248,""analyzeIntervalMs"":40}"
245,r011-0046-99ca03dd,11,34,2,2,11,0,0,141,"{""relativeReattackFactor"":3.552055,""relativeReattackMinDelta"":0.004,""relativeFluxFactor"":1.4,""spectralNoveltyRatio"":4.149926,""spectralNoveltyMinBins"":26,""cooldownFrames"":3,""confirmedRmsFactor"":1.598545,""confirmedRmsMinDelta"":0.008126,""confirmedFluxFactor"":2.058956,""confirmedMinFlux"":0.003682,""confirmedMinBandRatio"":0.012934,""confirmedSpectralNoveltyMinBins"":11,""cooldownOverrideFactor"":2.128424,""cooldownOverrideMinFlux"":0.029951,""cooldownOverrideMinBandRatio"":0.078509,""analyzeIntervalMs"":40}"
246,r011-0053-58503a39,11,34,2,2,11,0,0,141,"{""relativeReattackFactor"":3.322056,""relativeReattackMinDelta"":0.005108,""relativeFluxFactor"":1.4,""spectralNoveltyRatio"":4.39588,""spectralNoveltyMinBins"":24,""cooldownFrames"":3,""confirmedRmsFactor"":1.519628,""confirmedRmsMinDelta"":0.007404,""confirmedFluxFactor"":2.083041,""confirmedMinFlux"":0.004306,""confirmedMinBandRatio"":0.016028,""confirmedSpectralNoveltyMinBins"":12,""cooldownOverrideFactor"":2.313797,""cooldownOverrideMinFlux"":0.029226,""cooldownOverrideMinBandRatio"":0.079028,""analyzeIntervalMs"":40}"
247,r011-0057-16c852f2,11,34,2,2,11,0,0,141,"{""relativeReattackFactor"":3.453538,""relativeReattackMinDelta"":0.004154,""relativeFluxFactor"":1.4,""spectralNoveltyRatio"":4.301284,""spectralNoveltyMinBins"":24,""cooldownFrames"":3,""confirmedRmsFactor"":1.524884,""confirmedRmsMinDelta"":0.007135,""confirmedFluxFactor"":2.207097,""confirmedMinFlux"":0.004435,""confirmedMinBandRatio"":0.018559,""confirmedSpectralNoveltyMinBins"":10,""cooldownOverrideFactor"":2.301531,""cooldownOverrideMinFlux"":0.027725,""cooldownOverrideMinBandRatio"":0.075546,""analyzeIntervalMs"":40}"
248,r011-0068-a5cb5241,11,34,2,2,11,0,0,141,"{""relativeReattackFactor"":3.286725,""relativeReattackMinDelta"":0.005002,""relativeFluxFactor"":1.4,""spectralNoveltyRatio"":4.344397,""spectralNoveltyMinBins"":26,""cooldownFrames"":3,""confirmedRmsFactor"":1.464478,""confirmedRmsMinDelta"":0.008003,""confirmedFluxFactor"":2.098596,""confirmedMinFlux"":0.004325,""confirmedMinBandRatio"":0.013709,""confirmedSpectralNoveltyMinBins"":11,""cooldownOverrideFactor"":2.24186,""cooldownOverrideMinFlux"":0.028823,""cooldownOverrideMinBandRatio"":0.081112,""analyzeIntervalMs"":40}"
249,r012-0027-5c7f0664,12,34,2,2,11,0,0,141,"{""relativeReattackFactor"":3.57891,""relativeReattackMinDelta"":0.004045,""relativeFluxFactor"":1.4,""spectralNoveltyRatio"":4.153651,""spectralNoveltyMinBins"":26,""cooldownFrames"":3,""confirmedRmsFactor"":1.578332,""confirmedRmsMinDelta"":0.007265,""confirmedFluxFactor"":2.275089,""confirmedMinFlux"":0.004467,""confirmedMinBandRatio"":0.017585,""confirmedSpectralNoveltyMinBins"":10,""cooldownOverrideFactor"":2.300235,""cooldownOverrideMinFlux"":0.029018,""cooldownOverrideMinBandRatio"":0.073053,""analyzeIntervalMs"":40}"
250,r012-0030-f642993f,12,34,2,2,11,0,0,141,"{""relativeReattackFactor"":3.44962,""relativeReattackMinDelta"":0.004,""relativeFluxFactor"":1.4,""spectralNoveltyRatio"":4.113849,""spectralNoveltyMinBins"":25,""cooldownFrames"":3,""confirmedRmsFactor"":1.599595,""confirmedRmsMinDelta"":0.008175,""confirmedFluxFactor"":2.139065,""confirmedMinFlux"":0.003751,""confirmedMinBandRatio"":0.011292,""confirmedSpectralNoveltyMinBins"":11,""cooldownOverrideFactor"":2.252694,""cooldownOverrideMinFlux"":0.029125,""cooldownOverrideMinBandRatio"":0.082136,""analyzeIntervalMs"":40}"
251,r012-0035-0cece1d0,12,34,2,2,11,0,0,141,"{""relativeReattackFactor"":3.595709,""relativeReattackMinDelta"":0.004854,""relativeFluxFactor"":1.4,""spectralNoveltyRatio"":4.062837,""spectralNoveltyMinBins"":26,""cooldownFrames"":3,""confirmedRmsFactor"":1.629833,""confirmedRmsMinDelta"":0.00752,""confirmedFluxFactor"":2.147424,""confirmedMinFlux"":0.00443,""confirmedMinBandRatio"":0.011598,""confirmedSpectralNoveltyMinBins"":11,""cooldownOverrideFactor"":2.200677,""cooldownOverrideMinFlux"":0.029219,""cooldownOverrideMinBandRatio"":0.078271,""analyzeIntervalMs"":40}"
252,r012-0047-77e7be68,12,34,2,2,11,0,0,141,"{""relativeReattackFactor"":3.633516,""relativeReattackMinDelta"":0.005204,""relativeFluxFactor"":1.4,""spectralNoveltyRatio"":4.021579,""spectralNoveltyMinBins"":25,""cooldownFrames"":3,""confirmedRmsFactor"":1.553202,""confirmedRmsMinDelta"":0.006939,""confirmedFluxFactor"":2.238852,""confirmedMinFlux"":0.005166,""confirmedMinBandRatio"":0.015625,""confirmedSpectralNoveltyMinBins"":8,""cooldownOverrideFactor"":2.329459,""cooldownOverrideMinFlux"":0.029081,""cooldownOverrideMinBandRatio"":0.071577,""analyzeIntervalMs"":40}"
253,r013-0033-1ca4e3c8,13,34,2,2,11,0,0,141,"{""relativeReattackFactor"":3.468594,""relativeReattackMinDelta"":0.005969,""relativeFluxFactor"":1.407349,""spectralNoveltyRatio"":3.932643,""spectralNoveltyMinBins"":26,""cooldownFrames"":3,""confirmedRmsFactor"":1.573665,""confirmedRmsMinDelta"":0.007785,""confirmedFluxFactor"":2.116669,""confirmedMinFlux"":0.003504,""confirmedMinBandRatio"":0.013425,""confirmedSpectralNoveltyMinBins"":13,""cooldownOverrideFactor"":2.171621,""cooldownOverrideMinFlux"":0.02896,""cooldownOverrideMinBandRatio"":0.083058,""analyzeIntervalMs"":40}"
254,r013-0052-9a750702,13,34,2,2,11,0,0,141,"{""relativeReattackFactor"":3.639922,""relativeReattackMinDelta"":0.005271,""relativeFluxFactor"":1.4,""spectralNoveltyRatio"":4.280482,""spectralNoveltyMinBins"":24,""cooldownFrames"":3,""confirmedRmsFactor"":1.574532,""confirmedRmsMinDelta"":0.007491,""confirmedFluxFactor"":2.295369,""confirmedMinFlux"":0.004667,""confirmedMinBandRatio"":0.016462,""confirmedSpectralNoveltyMinBins"":9,""cooldownOverrideFactor"":2.50156,""cooldownOverrideMinFlux"":0.028207,""cooldownOverrideMinBandRatio"":0.072946,""analyzeIntervalMs"":40}"
255,r013-0069-f98c7c15,13,34,2,2,11,0,0,141,"{""relativeReattackFactor"":3.628292,""relativeReattackMinDelta"":0.004758,""relativeFluxFactor"":1.4,""spectralNoveltyRatio"":3.98284,""spectralNoveltyMinBins"":26,""cooldownFrames"":3,""confirmedRmsFactor"":1.541534,""confirmedRmsMinDelta"":0.007885,""confirmedFluxFactor"":2.092458,""confirmedMinFlux"":0.005242,""confirmedMinBandRatio"":0.013767,""confirmedSpectralNoveltyMinBins"":13,""cooldownOverrideFactor"":2.118149,""cooldownOverrideMinFlux"":0.029287,""cooldownOverrideMinBandRatio"":0.079081,""analyzeIntervalMs"":40}"
256,r014-0010-5ae59c90,14,34,2,2,11,0,0,141,"{""relativeReattackFactor"":3.417251,""relativeReattackMinDelta"":0.004,""relativeFluxFactor"":1.4,""spectralNoveltyRatio"":4.004069,""spectralNoveltyMinBins"":26,""cooldownFrames"":3,""confirmedRmsFactor"":1.600032,""confirmedRmsMinDelta"":0.007831,""confirmedFluxFactor"":2.126801,""confirmedMinFlux"":0.00479,""confirmedMinBandRatio"":0.013236,""confirmedSpectralNoveltyMinBins"":11,""cooldownOverrideFactor"":2.154572,""cooldownOverrideMinFlux"":0.029525,""cooldownOverrideMinBandRatio"":0.079559,""analyzeIntervalMs"":40}"
257,r014-0012-9bb73dbe,14,34,2,2,11,0,0,141,"{""relativeReattackFactor"":3.531724,""relativeReattackMinDelta"":0.004393,""relativeFluxFactor"":1.4,""spectralNoveltyRatio"":4.023327,""spectralNoveltyMinBins"":25,""cooldownFrames"":3,""confirmedRmsFactor"":1.561942,""confirmedRmsMinDelta"":0.007392,""confirmedFluxFactor"":2.195487,""confirmedMinFlux"":0.00465,""confirmedMinBandRatio"":0.016357,""confirmedSpectralNoveltyMinBins"":9,""cooldownOverrideFactor"":2.351617,""cooldownOverrideMinFlux"":0.027533,""cooldownOverrideMinBandRatio"":0.071208,""analyzeIntervalMs"":40}"
258,r014-0026-40707d55,14,34,2,2,11,0,0,141,"{""relativeReattackFactor"":3.580101,""relativeReattackMinDelta"":0.004623,""relativeFluxFactor"":1.4,""spectralNoveltyRatio"":4.038957,""spectralNoveltyMinBins"":25,""cooldownFrames"":3,""confirmedRmsFactor"":1.596617,""confirmedRmsMinDelta"":0.007726,""confirmedFluxFactor"":2.168432,""confirmedMinFlux"":0.003802,""confirmedMinBandRatio"":0.011064,""confirmedSpectralNoveltyMinBins"":13,""cooldownOverrideFactor"":2.17687,""cooldownOverrideMinFlux"":0.029564,""cooldownOverrideMinBandRatio"":0.077758,""analyzeIntervalMs"":40}"
259,r014-0035-7d0e8394,14,34,2,2,11,0,0,141,"{""relativeReattackFactor"":3.597478,""relativeReattackMinDelta"":0.005178,""relativeFluxFactor"":1.4,""spectralNoveltyRatio"":4.050454,""spectralNoveltyMinBins"":26,""cooldownFrames"":3,""confirmedRmsFactor"":1.638938,""confirmedRmsMinDelta"":0.007341,""confirmedFluxFactor"":2.087418,""confirmedMinFlux"":0.004435,""confirmedMinBandRatio"":0.012596,""confirmedSpectralNoveltyMinBins"":11,""cooldownOverrideFactor"":2.313439,""cooldownOverrideMinFlux"":0.029448,""cooldownOverrideMinBandRatio"":0.077855,""analyzeIntervalMs"":40}"
260,r015-0004-90ebfc2c,15,34,2,2,11,0,0,141,"{""relativeReattackFactor"":3.635159,""relativeReattackMinDelta"":0.004672,""relativeFluxFactor"":1.4,""spectralNoveltyRatio"":4.067363,""spectralNoveltyMinBins"":26,""cooldownFrames"":3,""confirmedRmsFactor"":1.579883,""confirmedRmsMinDelta"":0.007724,""confirmedFluxFactor"":2.105571,""confirmedMinFlux"":0.005125,""confirmedMinBandRatio"":0.011509,""confirmedSpectralNoveltyMinBins"":14,""cooldownOverrideFactor"":2.325171,""cooldownOverrideMinFlux"":0.02812,""cooldownOverrideMinBandRatio"":0.081807,""analyzeIntervalMs"":40}"
261,r015-0012-8b91661a,15,34,2,2,11,0,0,141,"{""relativeReattackFactor"":3.614843,""relativeReattackMinDelta"":0.004896,""relativeFluxFactor"":1.407967,""spectralNoveltyRatio"":4.028523,""spectralNoveltyMinBins"":25,""cooldownFrames"":3,""confirmedRmsFactor"":1.543917,""confirmedRmsMinDelta"":0.006883,""confirmedFluxFactor"":2.198601,""confirmedMinFlux"":0.004975,""confirmedMinBandRatio"":0.017324,""confirmedSpectralNoveltyMinBins"":8,""cooldownOverrideFactor"":2.350458,""cooldownOverrideMinFlux"":0.027463,""cooldownOverrideMinBandRatio"":0.075852,""analyzeIntervalMs"":40}"
262,r015-0079-82f76bb2,15,34,2,2,11,0,0,141,"{""relativeReattackFactor"":3.614958,""relativeReattackMinDelta"":0.004838,""relativeFluxFactor"":1.4,""spectralNoveltyRatio"":4.011827,""spectralNoveltyMinBins"":25,""cooldownFrames"":3,""confirmedRmsFactor"":1.607867,""confirmedRmsMinDelta"":0.007826,""confirmedFluxFactor"":2.124888,""confirmedMinFlux"":0.004623,""confirmedMinBandRatio"":0.01419,""confirmedSpectralNoveltyMinBins"":13,""cooldownOverrideFactor"":2.32174,""cooldownOverrideMinFlux"":0.029073,""cooldownOverrideMinBandRatio"":0.078405,""analyzeIntervalMs"":40}"
263,r018-0062-3634891e,18,34,2,2,11,0,0,140,"{""relativeReattackFactor"":3.876598,""relativeReattackMinDelta"":0.004061,""relativeFluxFactor"":1.4,""spectralNoveltyRatio"":4.359523,""spectralNoveltyMinBins"":26,""cooldownFrames"":3,""confirmedRmsFactor"":1.741301,""confirmedRmsMinDelta"":0.006306,""confirmedFluxFactor"":2.262716,""confirmedMinFlux"":0.003,""confirmedMinBandRatio"":0.019498,""confirmedSpectralNoveltyMinBins"":7,""cooldownOverrideFactor"":1.983595,""cooldownOverrideMinFlux"":0.03,""cooldownOverrideMinBandRatio"":0.082385,""analyzeIntervalMs"":40}"
264,r009-0024-660253e0,9,31,2,2,12,0,0,142,"{""relativeReattackFactor"":3.355569,""relativeReattackMinDelta"":0.005978,""relativeFluxFactor"":1.402499,""spectralNoveltyRatio"":4.064305,""spectralNoveltyMinBins"":24,""cooldownFrames"":3,""confirmedRmsFactor"":1.517739,""confirmedRmsMinDelta"":0.008209,""confirmedFluxFactor"":2.083659,""confirmedMinFlux"":0.003724,""confirmedMinBandRatio"":0.01398,""confirmedSpectralNoveltyMinBins"":13,""cooldownOverrideFactor"":2.245067,""cooldownOverrideMinFlux"":0.029557,""cooldownOverrideMinBandRatio"":0.084142,""analyzeIntervalMs"":40}"
265,r009-0032-7c1fd1ab,9,31,2,2,12,0,0,142,"{""relativeReattackFactor"":3.478775,""relativeReattackMinDelta"":0.005541,""relativeFluxFactor"":1.4,""spectralNoveltyRatio"":4.235472,""spectralNoveltyMinBins"":24,""cooldownFrames"":3,""confirmedRmsFactor"":1.536079,""confirmedRmsMinDelta"":0.007851,""confirmedFluxFactor"":2.063122,""confirmedMinFlux"":0.004361,""confirmedMinBandRatio"":0.015399,""confirmedSpectralNoveltyMinBins"":11,""cooldownOverrideFactor"":2.192854,""cooldownOverrideMinFlux"":0.028938,""cooldownOverrideMinBandRatio"":0.075633,""analyzeIntervalMs"":40}"
266,r009-0052-11076458,9,31,2,2,12,0,0,142,"{""relativeReattackFactor"":3.336869,""relativeReattackMinDelta"":0.005379,""relativeFluxFactor"":1.40017,""spectralNoveltyRatio"":4.238114,""spectralNoveltyMinBins"":24,""cooldownFrames"":3,""confirmedRmsFactor"":1.586127,""confirmedRmsMinDelta"":0.007998,""confirmedFluxFactor"":2.119253,""confirmedMinFlux"":0.003362,""confirmedMinBandRatio"":0.012416,""confirmedSpectralNoveltyMinBins"":13,""cooldownOverrideFactor"":2.149461,""cooldownOverrideMinFlux"":0.029084,""cooldownOverrideMinBandRatio"":0.081134,""analyzeIntervalMs"":40}"
267,r010-0028-4cde214e,10,31,2,2,12,0,0,142,"{""relativeReattackFactor"":3.427127,""relativeReattackMinDelta"":0.005365,""relativeFluxFactor"":1.4,""spectralNoveltyRatio"":4.169463,""spectralNoveltyMinBins"":24,""cooldownFrames"":3,""confirmedRmsFactor"":1.58996,""confirmedRmsMinDelta"":0.007594,""confirmedFluxFactor"":2.159366,""confirmedMinFlux"":0.003922,""confirmedMinBandRatio"":0.013802,""confirmedSpectralNoveltyMinBins"":12,""cooldownOverrideFactor"":2.138086,""cooldownOverrideMinFlux"":0.027957,""cooldownOverrideMinBandRatio"":0.078049,""analyzeIntervalMs"":40}"
268,r008-0008-6d87a4d8,8,30,2,2,13,0,0,143,"{""relativeReattackFactor"":3.307362,""relativeReattackMinDelta"":0.005479,""relativeFluxFactor"":1.4,""spectralNoveltyRatio"":3.775034,""spectralNoveltyMinBins"":25,""cooldownFrames"":3,""confirmedRmsFactor"":1.560467,""confirmedRmsMinDelta"":0.00795,""confirmedFluxFactor"":2.100768,""confirmedMinFlux"":0.003499,""confirmedMinBandRatio"":0.013058,""confirmedSpectralNoveltyMinBins"":11,""cooldownOverrideFactor"":1.960916,""cooldownOverrideMinFlux"":0.027788,""cooldownOverrideMinBandRatio"":0.087695,""analyzeIntervalMs"":40}"
269,r008-0018-cfcebf04,8,30,2,2,13,0,0,143,"{""relativeReattackFactor"":3.366471,""relativeReattackMinDelta"":0.0054,""relativeFluxFactor"":1.4,""spectralNoveltyRatio"":3.782171,""spectralNoveltyMinBins"":25,""cooldownFrames"":3,""confirmedRmsFactor"":1.524387,""confirmedRmsMinDelta"":0.008734,""confirmedFluxFactor"":2.119847,""confirmedMinFlux"":0.003512,""confirmedMinBandRatio"":0.011646,""confirmedSpectralNoveltyMinBins"":13,""cooldownOverrideFactor"":2.275813,""cooldownOverrideMinFlux"":0.028808,""cooldownOverrideMinBandRatio"":0.089144,""analyzeIntervalMs"":40}"
270,r008-0051-f34e7cd3,8,30,2,2,13,0,0,143,"{""relativeReattackFactor"":3.363454,""relativeReattackMinDelta"":0.004999,""relativeFluxFactor"":1.4,""spectralNoveltyRatio"":4.140349,""spectralNoveltyMinBins"":23,""cooldownFrames"":3,""confirmedRmsFactor"":1.571336,""confirmedRmsMinDelta"":0.007534,""confirmedFluxFactor"":2.079236,""confirmedMinFlux"":0.004532,""confirmedMinBandRatio"":0.015291,""confirmedSpectralNoveltyMinBins"":11,""cooldownOverrideFactor"":2.151819,""cooldownOverrideMinFlux"":0.029005,""cooldownOverrideMinBandRatio"":0.076932,""analyzeIntervalMs"":40}"
271,r013-0018-be7f4ddb,13,30,2,2,13,0,0,143,"{""relativeReattackFactor"":3.57056,""relativeReattackMinDelta"":0.005623,""relativeFluxFactor"":1.4,""spectralNoveltyRatio"":4.019779,""spectralNoveltyMinBins"":24,""cooldownFrames"":3,""confirmedRmsFactor"":1.582804,""confirmedRmsMinDelta"":0.007535,""confirmedFluxFactor"":2.138458,""confirmedMinFlux"":0.004103,""confirmedMinBandRatio"":0.014465,""confirmedSpectralNoveltyMinBins"":12,""cooldownOverrideFactor"":2.194652,""cooldownOverrideMinFlux"":0.029615,""cooldownOverrideMinBandRatio"":0.078067,""analyzeIntervalMs"":40}"
272,r013-0065-ae066522,13,30,2,2,13,0,0,143,"{""relativeReattackFactor"":3.62393,""relativeReattackMinDelta"":0.00423,""relativeFluxFactor"":1.4,""spectralNoveltyRatio"":3.879247,""spectralNoveltyMinBins"":25,""cooldownFrames"":3,""confirmedRmsFactor"":1.644615,""confirmedRmsMinDelta"":0.007184,""confirmedFluxFactor"":2.084576,""confirmedMinFlux"":0.003804,""confirmedMinBandRatio"":0.012154,""confirmedSpectralNoveltyMinBins"":11,""cooldownOverrideFactor"":2.225227,""cooldownOverrideMinFlux"":0.029824,""cooldownOverrideMinBandRatio"":0.082518,""analyzeIntervalMs"":40}"
273,r015-0047-799ba7fd,15,30,2,2,13,0,0,143,"{""relativeReattackFactor"":3.647185,""relativeReattackMinDelta"":0.004276,""relativeFluxFactor"":1.4,""spectralNoveltyRatio"":3.950758,""spectralNoveltyMinBins"":24,""cooldownFrames"":3,""confirmedRmsFactor"":1.584543,""confirmedRmsMinDelta"":0.007248,""confirmedFluxFactor"":2.201884,""confirmedMinFlux"":0.004648,""confirmedMinBandRatio"":0.016307,""confirmedSpectralNoveltyMinBins"":9,""cooldownOverrideFactor"":2.294017,""cooldownOverrideMinFlux"":0.028962,""cooldownOverrideMinBandRatio"":0.073328,""analyzeIntervalMs"":40}"
274,r007-0043-9996d3d9,7,29,2,2,12,0,0,143,"{""relativeReattackFactor"":2.983142,""relativeReattackMinDelta"":0.005102,""relativeFluxFactor"":1.4,""spectralNoveltyRatio"":3.757868,""spectralNoveltyMinBins"":28,""cooldownFrames"":3,""confirmedRmsFactor"":1.680815,""confirmedRmsMinDelta"":0.007263,""confirmedFluxFactor"":2.093798,""confirmedMinFlux"":0.003423,""confirmedMinBandRatio"":0.012495,""confirmedSpectralNoveltyMinBins"":11,""cooldownOverrideFactor"":1.929645,""cooldownOverrideMinFlux"":0.029563,""cooldownOverrideMinBandRatio"":0.089936,""analyzeIntervalMs"":40}"
275,r008-0057-b3353007,8,29,2,2,12,0,0,143,"{""relativeReattackFactor"":3.136177,""relativeReattackMinDelta"":0.004858,""relativeFluxFactor"":1.4,""spectralNoveltyRatio"":3.847145,""spectralNoveltyMinBins"":27,""cooldownFrames"":3,""confirmedRmsFactor"":1.681929,""confirmedRmsMinDelta"":0.007745,""confirmedFluxFactor"":2.074236,""confirmedMinFlux"":0.003638,""confirmedMinBandRatio"":0.010763,""confirmedSpectralNoveltyMinBins"":10,""cooldownOverrideFactor"":1.99302,""cooldownOverrideMinFlux"":0.029256,""cooldownOverrideMinBandRatio"":0.086756,""analyzeIntervalMs"":40}"
276,r009-0030-640afae0,9,29,2,2,12,0,0,143,"{""relativeReattackFactor"":3.103749,""relativeReattackMinDelta"":0.005901,""relativeFluxFactor"":1.4,""spectralNoveltyRatio"":4.424499,""spectralNoveltyMinBins"":28,""cooldownFrames"":3,""confirmedRmsFactor"":1.68968,""confirmedRmsMinDelta"":0.008265,""confirmedFluxFactor"":2.153781,""confirmedMinFlux"":0.004294,""confirmedMinBandRatio"":0.014039,""confirmedSpectralNoveltyMinBins"":8,""cooldownOverrideFactor"":1.8,""cooldownOverrideMinFlux"":0.029717,""cooldownOverrideMinBandRatio"":0.082966,""analyzeIntervalMs"":40}"
277,r009-0045-fd964099,9,29,2,2,12,0,0,143,"{""relativeReattackFactor"":3.10719,""relativeReattackMinDelta"":0.005957,""relativeFluxFactor"":1.4,""spectralNoveltyRatio"":4.328697,""spectralNoveltyMinBins"":28,""cooldownFrames"":3,""confirmedRmsFactor"":1.736023,""confirmedRmsMinDelta"":0.008588,""confirmedFluxFactor"":2.174739,""confirmedMinFlux"":0.003642,""confirmedMinBandRatio"":0.011156,""confirmedSpectralNoveltyMinBins"":9,""cooldownOverrideFactor"":1.801043,""cooldownOverrideMinFlux"":0.028373,""cooldownOverrideMinBandRatio"":0.082218,""analyzeIntervalMs"":40}"
278,r010-0020-4b547516,10,29,2,2,13,0,0,143,"{""relativeReattackFactor"":3.39701,""relativeReattackMinDelta"":0.00409,""relativeFluxFactor"":1.42115,""spectralNoveltyRatio"":4.079248,""spectralNoveltyMinBins"":23,""cooldownFrames"":3,""confirmedRmsFactor"":1.560536,""confirmedRmsMinDelta"":0.007728,""confirmedFluxFactor"":2.089083,""confirmedMinFlux"":0.004717,""confirmedMinBandRatio"":0.014533,""confirmedSpectralNoveltyMinBins"":12,""cooldownOverrideFactor"":1.947879,""cooldownOverrideMinFlux"":0.027566,""cooldownOverrideMinBandRatio"":0.076437,""analyzeIntervalMs"":40}"
279,r011-0036-2d4ecb3f,11,29,2,2,13,0,0,143,"{""relativeReattackFactor"":3.459021,""relativeReattackMinDelta"":0.004701,""relativeFluxFactor"":1.419154,""spectralNoveltyRatio"":4.002187,""spectralNoveltyMinBins"":23,""cooldownFrames"":3,""confirmedRmsFactor"":1.620989,""confirmedRmsMinDelta"":0.007538,""confirmedFluxFactor"":2.093093,""confirmedMinFlux"":0.004423,""confirmedMinBandRatio"":0.012841,""confirmedSpectralNoveltyMinBins"":13,""cooldownOverrideFactor"":2.058505,""cooldownOverrideMinFlux"":0.03,""cooldownOverrideMinBandRatio"":0.080502,""analyzeIntervalMs"":40}"
280,r004-0071-4d74c153,4,29,3,0,21,0,1,158,"{""relativeReattackFactor"":3.080691,""relativeReattackMinDelta"":0.005557,""relativeFluxFactor"":1.4,""spectralNoveltyRatio"":3.10945,""spectralNoveltyMinBins"":16,""cooldownFrames"":3,""confirmedRmsFactor"":1.8475,""confirmedRmsMinDelta"":0.009611,""confirmedFluxFactor"":1.983912,""confirmedMinFlux"":0.004474,""confirmedMinBandRatio"":0.013409,""confirmedSpectralNoveltyMinBins"":5,""cooldownOverrideFactor"":1.8,""cooldownOverrideMinFlux"":0.027689,""cooldownOverrideMinBandRatio"":0.09,""analyzeIntervalMs"":41}"
281,r006-0001-4ab52b86,6,28,2,2,13,0,0,144,"{""relativeReattackFactor"":3.025602,""relativeReattackMinDelta"":0.004765,""relativeFluxFactor"":1.4,""spectralNoveltyRatio"":4.368,""spectralNoveltyMinBins"":25,""cooldownFrames"":3,""confirmedRmsFactor"":1.812921,""confirmedRmsMinDelta"":0.008863,""confirmedFluxFactor"":2.210668,""confirmedMinFlux"":0.003123,""confirmedMinBandRatio"":0.014481,""confirmedSpectralNoveltyMinBins"":8,""cooldownOverrideFactor"":1.865915,""cooldownOverrideMinFlux"":0.02701,""cooldownOverrideMinBandRatio"":0.083892,""analyzeIntervalMs"":40}"
282,r007-0061-c6a3b1a3,7,28,2,2,13,0,0,144,"{""relativeReattackFactor"":3.026912,""relativeReattackMinDelta"":0.005598,""relativeFluxFactor"":1.4,""spectralNoveltyRatio"":3.689793,""spectralNoveltyMinBins"":27,""cooldownFrames"":3,""confirmedRmsFactor"":1.757888,""confirmedRmsMinDelta"":0.008761,""confirmedFluxFactor"":2.095406,""confirmedMinFlux"":0.003256,""confirmedMinBandRatio"":0.014298,""confirmedSpectralNoveltyMinBins"":11,""cooldownOverrideFactor"":1.918426,""cooldownOverrideMinFlux"":0.027075,""cooldownOverrideMinBandRatio"":0.084317,""analyzeIntervalMs"":40}"
283,r008-0045-d00b53d6,8,28,2,2,13,0,0,144,"{""relativeReattackFactor"":2.989961,""relativeReattackMinDelta"":0.005352,""relativeFluxFactor"":1.4,""spectralNoveltyRatio"":4.414919,""spectralNoveltyMinBins"":24,""cooldownFrames"":3,""confirmedRmsFactor"":1.688088,""confirmedRmsMinDelta"":0.008495,""confirmedFluxFactor"":2.285256,""confirmedMinFlux"":0.003,""confirmedMinBandRatio"":0.012257,""confirmedSpectralNoveltyMinBins"":9,""cooldownOverrideFactor"":1.927302,""cooldownOverrideMinFlux"":0.03,""cooldownOverrideMinBandRatio"":0.088954,""analyzeIntervalMs"":40}"
284,r009-0060-4ea959fb,9,28,2,2,13,0,0,144,"{""relativeReattackFactor"":3.105841,""relativeReattackMinDelta"":0.005041,""relativeFluxFactor"":1.4,""spectralNoveltyRatio"":4.403778,""spectralNoveltyMinBins"":26,""cooldownFrames"":3,""confirmedRmsFactor"":1.654452,""confirmedRmsMinDelta"":0.00825,""confirmedFluxFactor"":2.204054,""confirmedMinFlux"":0.003623,""confirmedMinBandRatio"":0.013855,""confirmedSpectralNoveltyMinBins"":8,""cooldownOverrideFactor"":1.8,""cooldownOverrideMinFlux"":0.02875,""cooldownOverrideMinBandRatio"":0.08637,""analyzeIntervalMs"":40}"
285,r006-0003-50fcbdbd,6,25,2,2,15,0,0,145,"{""relativeReattackFactor"":3.338303,""relativeReattackMinDelta"":0.004807,""relativeFluxFactor"":1.4,""spectralNoveltyRatio"":4.117827,""spectralNoveltyMinBins"":22,""cooldownFrames"":3,""confirmedRmsFactor"":1.64445,""confirmedRmsMinDelta"":0.007816,""confirmedFluxFactor"":2.032355,""confirmedMinFlux"":0.003779,""confirmedMinBandRatio"":0.015964,""confirmedSpectralNoveltyMinBins"":10,""cooldownOverrideFactor"":1.894517,""cooldownOverrideMinFlux"":0.028766,""cooldownOverrideMinBandRatio"":0.081675,""analyzeIntervalMs"":40}"
286,r006-0035-bdcebc30,6,25,2,2,15,0,0,145,"{""relativeReattackFactor"":3.315694,""relativeReattackMinDelta"":0.004,""relativeFluxFactor"":1.4,""spectralNoveltyRatio"":3.53742,""spectralNoveltyMinBins"":21,""cooldownFrames"":3,""confirmedRmsFactor"":1.64103,""confirmedRmsMinDelta"":0.008579,""confirmedFluxFactor"":2.131888,""confirmedMinFlux"":0.004164,""confirmedMinBandRatio"":0.011073,""confirmedSpectralNoveltyMinBins"":8,""cooldownOverrideFactor"":1.859433,""cooldownOverrideMinFlux"":0.02718,""cooldownOverrideMinBandRatio"":0.083761,""analyzeIntervalMs"":40}"
287,r006-0042-ded5534d,6,25,2,2,15,0,0,145,"{""relativeReattackFactor"":3.232561,""relativeReattackMinDelta"":0.004,""relativeFluxFactor"":1.4,""spectralNoveltyRatio"":4.178786,""spectralNoveltyMinBins"":21,""cooldownFrames"":3,""confirmedRmsFactor"":1.636801,""confirmedRmsMinDelta"":0.008635,""confirmedFluxFactor"":2.226487,""confirmedMinFlux"":0.003446,""confirmedMinBandRatio"":0.015603,""confirmedSpectralNoveltyMinBins"":9,""cooldownOverrideFactor"":1.87001,""cooldownOverrideMinFlux"":0.027147,""cooldownOverrideMinBandRatio"":0.084121,""analyzeIntervalMs"":40}"
288,r006-0057-a44dd02a,6,25,2,2,15,0,0,145,"{""relativeReattackFactor"":3.308875,""relativeReattackMinDelta"":0.004,""relativeFluxFactor"":1.4,""spectralNoveltyRatio"":3.684623,""spectralNoveltyMinBins"":22,""cooldownFrames"":3,""confirmedRmsFactor"":1.732861,""confirmedRmsMinDelta"":0.00875,""confirmedFluxFactor"":2.177587,""confirmedMinFlux"":0.005143,""confirmedMinBandRatio"":0.018245,""confirmedSpectralNoveltyMinBins"":9,""cooldownOverrideFactor"":1.913372,""cooldownOverrideMinFlux"":0.028335,""cooldownOverrideMinBandRatio"":0.089184,""analyzeIntervalMs"":40}"
289,r008-0033-1bf431cd,8,25,2,2,15,0,0,145,"{""relativeReattackFactor"":3.299824,""relativeReattackMinDelta"":0.005749,""relativeFluxFactor"":1.4,""spectralNoveltyRatio"":3.805716,""spectralNoveltyMinBins"":22,""cooldownFrames"":3,""confirmedRmsFactor"":1.553919,""confirmedRmsMinDelta"":0.008332,""confirmedFluxFactor"":2.155347,""confirmedMinFlux"":0.003649,""confirmedMinBandRatio"":0.014559,""confirmedSpectralNoveltyMinBins"":11,""cooldownOverrideFactor"":2.099119,""cooldownOverrideMinFlux"":0.028471,""cooldownOverrideMinBandRatio"":0.088165,""analyzeIntervalMs"":40}"
290,r008-0076-baf94567,8,25,2,2,15,0,0,145,"{""relativeReattackFactor"":3.392603,""relativeReattackMinDelta"":0.004549,""relativeFluxFactor"":1.4,""spectralNoveltyRatio"":3.929575,""spectralNoveltyMinBins"":22,""cooldownFrames"":3,""confirmedRmsFactor"":1.595079,""confirmedRmsMinDelta"":0.007446,""confirmedFluxFactor"":2.040597,""confirmedMinFlux"":0.004429,""confirmedMinBandRatio"":0.013582,""confirmedSpectralNoveltyMinBins"":13,""cooldownOverrideFactor"":2.240736,""cooldownOverrideMinFlux"":0.029188,""cooldownOverrideMinBandRatio"":0.078697,""analyzeIntervalMs"":40}"
291,r018-0029-1a9d13ce,18,22,2,2,15,0,0,145,"{""relativeReattackFactor"":3.575948,""relativeReattackMinDelta"":0.004,""relativeFluxFactor"":1.4,""spectralNoveltyRatio"":4.562192,""spectralNoveltyMinBins"":20,""cooldownFrames"":3,""confirmedRmsFactor"":1.534832,""confirmedRmsMinDelta"":0.006916,""confirmedFluxFactor"":2.288569,""confirmedMinFlux"":0.00384,""confirmedMinBandRatio"":0.019534,""confirmedSpectralNoveltyMinBins"":8,""cooldownOverrideFactor"":2.326519,""cooldownOverrideMinFlux"":0.029082,""cooldownOverrideMinBandRatio"":0.079073,""analyzeIntervalMs"":40}"
292,r007-0049-4407723b,7,22,2,2,16,0,0,147,"{""relativeReattackFactor"":3.0081,""relativeReattackMinDelta"":0.004347,""relativeFluxFactor"":1.418417,""spectralNoveltyRatio"":3.794251,""spectralNoveltyMinBins"":21,""cooldownFrames"":3,""confirmedRmsFactor"":1.626362,""confirmedRmsMinDelta"":0.008732,""confirmedFluxFactor"":2.175058,""confirmedMinFlux"":0.005408,""confirmedMinBandRatio"":0.017851,""confirmedSpectralNoveltyMinBins"":8,""cooldownOverrideFactor"":1.885591,""cooldownOverrideMinFlux"":0.026852,""cooldownOverrideMinBandRatio"":0.089521,""analyzeIntervalMs"":40}"
293,r006-0031-e4ba0151,6,21,2,2,15,0,0,146,"{""relativeReattackFactor"":3.074101,""relativeReattackMinDelta"":0.004692,""relativeFluxFactor"":1.4,""spectralNoveltyRatio"":4.313758,""spectralNoveltyMinBins"":22,""cooldownFrames"":3,""confirmedRmsFactor"":1.694723,""confirmedRmsMinDelta"":0.008752,""confirmedFluxFactor"":2.261553,""confirmedMinFlux"":0.003,""confirmedMinBandRatio"":0.010252,""confirmedSpectralNoveltyMinBins"":8,""cooldownOverrideFactor"":1.928917,""cooldownOverrideMinFlux"":0.029313,""cooldownOverrideMinBandRatio"":0.080834,""analyzeIntervalMs"":40}"
294,r006-0012-769892dd,6,21,2,2,16,0,0,146,"{""relativeReattackFactor"":3.185354,""relativeReattackMinDelta"":0.004946,""relativeFluxFactor"":1.4,""spectralNoveltyRatio"":4.192769,""spectralNoveltyMinBins"":20,""cooldownFrames"":3,""confirmedRmsFactor"":1.663978,""confirmedRmsMinDelta"":0.007707,""confirmedFluxFactor"":2.150731,""confirmedMinFlux"":0.003513,""confirmedMinBandRatio"":0.018639,""confirmedSpectralNoveltyMinBins"":9,""cooldownOverrideFactor"":1.939923,""cooldownOverrideMinFlux"":0.025525,""cooldownOverrideMinBandRatio"":0.088532,""analyzeIntervalMs"":40}"
295,r006-0052-7cfb99a5,6,21,2,2,16,0,0,146,"{""relativeReattackFactor"":3.208381,""relativeReattackMinDelta"":0.005463,""relativeFluxFactor"":1.4,""spectralNoveltyRatio"":4.111203,""spectralNoveltyMinBins"":19,""cooldownFrames"":3,""confirmedRmsFactor"":1.647836,""confirmedRmsMinDelta"":0.008659,""confirmedFluxFactor"":2.099389,""confirmedMinFlux"":0.005626,""confirmedMinBandRatio"":0.017242,""confirmedSpectralNoveltyMinBins"":11,""cooldownOverrideFactor"":1.946419,""cooldownOverrideMinFlux"":0.026991,""cooldownOverrideMinBandRatio"":0.088391,""analyzeIntervalMs"":40}"
296,r004-0016-ddf9c4e7,4,21,3,0,23,0,1,160,"{""relativeReattackFactor"":3.050792,""relativeReattackMinDelta"":0.00531,""relativeFluxFactor"":1.4,""spectralNoveltyRatio"":3.063991,""spectralNoveltyMinBins"":13,""cooldownFrames"":3,""confirmedRmsFactor"":1.678834,""confirmedRmsMinDelta"":0.009501,""confirmedFluxFactor"":1.959226,""confirmedMinFlux"":0.00319,""confirmedMinBandRatio"":0.012249,""confirmedSpectralNoveltyMinBins"":8,""cooldownOverrideFactor"":2.029057,""cooldownOverrideMinFlux"":0.026207,""cooldownOverrideMinBandRatio"":0.084728,""analyzeIntervalMs"":41}"
297,r002-0046-562852ff,2,21,3,3,6,1,0,132,"{""relativeReattackFactor"":3.789769,""relativeReattackMinDelta"":0.014266,""relativeFluxFactor"":1.4,""spectralNoveltyRatio"":3.632785,""spectralNoveltyMinBins"":27,""cooldownFrames"":4,""confirmedRmsFactor"":1.69805,""confirmedRmsMinDelta"":0.002812,""confirmedFluxFactor"":1.768695,""confirmedMinFlux"":0.018214,""confirmedMinBandRatio"":0.026883,""confirmedSpectralNoveltyMinBins"":28,""cooldownOverrideFactor"":4.019726,""cooldownOverrideMinFlux"":0.004,""cooldownOverrideMinBandRatio"":0.069453,""analyzeIntervalMs"":46}"
298,r006-0029-fb1ccf42,6,20,2,2,16,0,0,147,"{""relativeReattackFactor"":3.065658,""relativeReattackMinDelta"":0.005758,""relativeFluxFactor"":1.4,""spectralNoveltyRatio"":3.591971,""spectralNoveltyMinBins"":25,""cooldownFrames"":3,""confirmedRmsFactor"":1.759446,""confirmedRmsMinDelta"":0.008863,""confirmedFluxFactor"":2.022591,""confirmedMinFlux"":0.006489,""confirmedMinBandRatio"":0.01686,""confirmedSpectralNoveltyMinBins"":10,""cooldownOverrideFactor"":1.8,""cooldownOverrideMinFlux"":0.024117,""cooldownOverrideMinBandRatio"":0.09,""analyzeIntervalMs"":40}"
299,r006-0060-f8ea9b06,6,19,2,1,17,0,0,148,"{""relativeReattackFactor"":3.319202,""relativeReattackMinDelta"":0.004,""relativeFluxFactor"":1.4,""spectralNoveltyRatio"":3.327042,""spectralNoveltyMinBins"":20,""cooldownFrames"":3,""confirmedRmsFactor"":1.586169,""confirmedRmsMinDelta"":0.007715,""confirmedFluxFactor"":2.172533,""confirmedMinFlux"":0.006317,""confirmedMinBandRatio"":0.016448,""confirmedSpectralNoveltyMinBins"":10,""cooldownOverrideFactor"":1.8,""cooldownOverrideMinFlux"":0.027645,""cooldownOverrideMinBandRatio"":0.086367,""analyzeIntervalMs"":40}"
300,r007-0056-de2c026b,7,19,2,2,17,0,0,148,"{""relativeReattackFactor"":2.996522,""relativeReattackMinDelta"":0.005399,""relativeFluxFactor"":1.4,""spectralNoveltyRatio"":3.824716,""spectralNoveltyMinBins"":23,""cooldownFrames"":3,""confirmedRmsFactor"":1.850347,""confirmedRmsMinDelta"":0.009093,""confirmedFluxFactor"":2.081803,""confirmedMinFlux"":0.00375,""confirmedMinBandRatio"":0.01458,""confirmedSpectralNoveltyMinBins"":12,""cooldownOverrideFactor"":1.919867,""cooldownOverrideMinFlux"":0.027593,""cooldownOverrideMinBandRatio"":0.083287,""analyzeIntervalMs"":40}"
301,r010-0007-32bb9fdb,10,18,2,1,10,0,0,142,"{""relativeReattackFactor"":3.496058,""relativeReattackMinDelta"":0.00525,""relativeFluxFactor"":1.453127,""spectralNoveltyRatio"":4.145515,""spectralNoveltyMinBins"":26,""cooldownFrames"":3,""confirmedRmsFactor"":1.583925,""confirmedRmsMinDelta"":0.008276,""confirmedFluxFactor"":2.105907,""confirmedMinFlux"":0.003899,""confirmedMinBandRatio"":0.015048,""confirmedSpectralNoveltyMinBins"":14,""cooldownOverrideFactor"":2.174015,""cooldownOverrideMinFlux"":0.029833,""cooldownOverrideMinBandRatio"":0.078426,""analyzeIntervalMs"":41}"
302,r011-0069-0a558b8d,11,18,2,1,10,0,0,141,"{""relativeReattackFactor"":3.54083,""relativeReattackMinDelta"":0.00494,""relativeFluxFactor"":1.453669,""spectralNoveltyRatio"":4.212023,""spectralNoveltyMinBins"":28,""cooldownFrames"":3,""confirmedRmsFactor"":1.573789,""confirmedRmsMinDelta"":0.00797,""confirmedFluxFactor"":2.098802,""confirmedMinFlux"":0.004707,""confirmedMinBandRatio"":0.014238,""confirmedSpectralNoveltyMinBins"":13,""cooldownOverrideFactor"":2.046426,""cooldownOverrideMinFlux"":0.029529,""cooldownOverrideMinBandRatio"":0.076067,""analyzeIntervalMs"":41}"
303,r012-0016-ee609dce,12,18,2,1,10,0,0,142,"{""relativeReattackFactor"":3.603214,""relativeReattackMinDelta"":0.005371,""relativeFluxFactor"":1.463554,""spectralNoveltyRatio"":4.282785,""spectralNoveltyMinBins"":26,""cooldownFrames"":3,""confirmedRmsFactor"":1.635276,""confirmedRmsMinDelta"":0.007703,""confirmedFluxFactor"":2.175418,""confirmedMinFlux"":0.004029,""confirmedMinBandRatio"":0.012587,""confirmedSpectralNoveltyMinBins"":12,""cooldownOverrideFactor"":2.092214,""cooldownOverrideMinFlux"":0.028599,""cooldownOverrideMinBandRatio"":0.081081,""analyzeIntervalMs"":41}"
304,r012-0049-6faa19ff,12,18,2,1,10,0,0,141,"{""relativeReattackFactor"":3.512845,""relativeReattackMinDelta"":0.004511,""relativeFluxFactor"":1.454208,""spectralNoveltyRatio"":4.194635,""spectralNoveltyMinBins"":28,""cooldownFrames"":3,""confirmedRmsFactor"":1.596837,""confirmedRmsMinDelta"":0.008075,""confirmedFluxFactor"":2.078372,""confirmedMinFlux"":0.005379,""confirmedMinBandRatio"":0.0123,""confirmedSpectralNoveltyMinBins"":13,""cooldownOverrideFactor"":2.3133,""cooldownOverrideMinFlux"":0.029606,""cooldownOverrideMinBandRatio"":0.080009,""analyzeIntervalMs"":41}"
305,r013-0011-9c8f10d7,13,18,2,1,10,0,0,141,"{""relativeReattackFactor"":3.538816,""relativeReattackMinDelta"":0.004204,""relativeFluxFactor"":1.4,""spectralNoveltyRatio"":4.276156,""spectralNoveltyMinBins"":29,""cooldownFrames"":3,""confirmedRmsFactor"":1.611921,""confirmedRmsMinDelta"":0.008162,""confirmedFluxFactor"":2.16551,""confirmedMinFlux"":0.003293,""confirmedMinBandRatio"":0.011261,""confirmedSpectralNoveltyMinBins"":12,""cooldownOverrideFactor"":2.191318,""cooldownOverrideMinFlux"":0.027705,""cooldownOverrideMinBandRatio"":0.081954,""analyzeIntervalMs"":41}"
306,r013-0016-8bd3240b,13,18,2,1,10,0,0,142,"{""relativeReattackFactor"":3.570039,""relativeReattackMinDelta"":0.004451,""relativeFluxFactor"":1.466557,""spectralNoveltyRatio"":4.118337,""spectralNoveltyMinBins"":27,""cooldownFrames"":3,""confirmedRmsFactor"":1.607909,""confirmedRmsMinDelta"":0.007513,""confirmedFluxFactor"":2.212007,""confirmedMinFlux"":0.003929,""confirmedMinBandRatio"":0.01111,""confirmedSpectralNoveltyMinBins"":12,""cooldownOverrideFactor"":2.303365,""cooldownOverrideMinFlux"":0.028994,""cooldownOverrideMinBandRatio"":0.080992,""analyzeIntervalMs"":41}"
307,r013-0017-54c9203b,13,18,2,1,10,0,0,142,"{""relativeReattackFactor"":3.649564,""relativeReattackMinDelta"":0.004953,""relativeFluxFactor"":1.4,""spectralNoveltyRatio"":4.30194,""spectralNoveltyMinBins"":26,""cooldownFrames"":3,""confirmedRmsFactor"":1.52671,""confirmedRmsMinDelta"":0.007168,""confirmedFluxFactor"":2.278064,""confirmedMinFlux"":0.005273,""confirmedMinBandRatio"":0.017607,""confirmedSpectralNoveltyMinBins"":10,""cooldownOverrideFactor"":2.500219,""cooldownOverrideMinFlux"":0.028548,""cooldownOverrideMinBandRatio"":0.074093,""analyzeIntervalMs"":41}"
308,r013-0038-060179e3,13,18,2,1,10,0,0,142,"{""relativeReattackFactor"":3.521618,""relativeReattackMinDelta"":0.005829,""relativeFluxFactor"":1.489181,""spectralNoveltyRatio"":4.107368,""spectralNoveltyMinBins"":27,""cooldownFrames"":3,""confirmedRmsFactor"":1.548383,""confirmedRmsMinDelta"":0.007472,""confirmedFluxFactor"":2.147684,""confirmedMinFlux"":0.003573,""confirmedMinBandRatio"":0.015486,""confirmedSpectralNoveltyMinBins"":13,""cooldownOverrideFactor"":2.15208,""cooldownOverrideMinFlux"":0.03,""cooldownOverrideMinBandRatio"":0.079606,""analyzeIntervalMs"":41}"
309,r013-0041-ee35faf1,13,18,2,1,10,0,0,141,"{""relativeReattackFactor"":3.593397,""relativeReattackMinDelta"":0.004457,""relativeFluxFactor"":1.44298,""spectralNoveltyRatio"":4.182446,""spectralNoveltyMinBins"":28,""cooldownFrames"":3,""confirmedRmsFactor"":1.628978,""confirmedRmsMinDelta"":0.007957,""confirmedFluxFactor"":2.19748,""confirmedMinFlux"":0.003987,""confirmedMinBandRatio"":0.010794,""confirmedSpectralNoveltyMinBins"":13,""cooldownOverrideFactor"":2.211085,""cooldownOverrideMinFlux"":0.028995,""cooldownOverrideMinBandRatio"":0.079506,""analyzeIntervalMs"":41}"
310,r013-0073-a45bcf77,13,18,2,1,10,0,0,142,"{""relativeReattackFactor"":3.621499,""relativeReattackMinDelta"":0.006233,""relativeFluxFactor"":1.45097,""spectralNoveltyRatio"":3.887504,""spectralNoveltyMinBins"":28,""cooldownFrames"":3,""confirmedRmsFactor"":1.52874,""confirmedRmsMinDelta"":0.007833,""confirmedFluxFactor"":2.08412,""confirmedMinFlux"":0.003334,""confirmedMinBandRatio"":0.013493,""confirmedSpectralNoveltyMinBins"":12,""cooldownOverrideFactor"":2.119204,""cooldownOverrideMinFlux"":0.029916,""cooldownOverrideMinBandRatio"":0.082265,""analyzeIntervalMs"":41}"
311,r014-0015-70153555,14,18,2,1,10,0,0,143,"{""relativeReattackFactor"":3.589381,""relativeReattackMinDelta"":0.004164,""relativeFluxFactor"":1.46079,""spectralNoveltyRatio"":3.831305,""spectralNoveltyMinBins"":27,""cooldownFrames"":3,""confirmedRmsFactor"":1.641133,""confirmedRmsMinDelta"":0.007756,""confirmedFluxFactor"":2.095078,""confirmedMinFlux"":0.004275,""confirmedMinBandRatio"":0.014416,""confirmedSpectralNoveltyMinBins"":13,""cooldownOverrideFactor"":2.205893,""cooldownOverrideMinFlux"":0.02914,""cooldownOverrideMinBandRatio"":0.0783,""analyzeIntervalMs"":41}"
312,r014-0025-11441c8b,14,18,2,1,10,0,0,143,"{""relativeReattackFactor"":3.53841,""relativeReattackMinDelta"":0.004757,""relativeFluxFactor"":1.429901,""spectralNoveltyRatio"":3.827363,""spectralNoveltyMinBins"":28,""cooldownFrames"":3,""confirmedRmsFactor"":1.605618,""confirmedRmsMinDelta"":0.007429,""confirmedFluxFactor"":2.043021,""confirmedMinFlux"":0.004782,""confirmedMinBandRatio"":0.014637,""confirmedSpectralNoveltyMinBins"":13,""cooldownOverrideFactor"":2.159902,""cooldownOverrideMinFlux"":0.03,""cooldownOverrideMinBandRatio"":0.078212,""analyzeIntervalMs"":41}"
313,r014-0029-35678dc1,14,18,2,1,10,0,0,142,"{""relativeReattackFactor"":3.663883,""relativeReattackMinDelta"":0.005048,""relativeFluxFactor"":1.4,""spectralNoveltyRatio"":3.877871,""spectralNoveltyMinBins"":29,""cooldownFrames"":3,""confirmedRmsFactor"":1.584923,""confirmedRmsMinDelta"":0.008184,""confirmedFluxFactor"":2.110595,""confirmedMinFlux"":0.004975,""confirmedMinBandRatio"":0.014249,""confirmedSpectralNoveltyMinBins"":14,""cooldownOverrideFactor"":2.368172,""cooldownOverrideMinFlux"":0.02915,""cooldownOverrideMinBandRatio"":0.080828,""analyzeIntervalMs"":41}"
314,r014-0031-3700efbf,14,18,2,1,10,0,0,142,"{""relativeReattackFactor"":3.542964,""relativeReattackMinDelta"":0.004963,""relativeFluxFactor"":1.477855,""spectralNoveltyRatio"":3.998323,""spectralNoveltyMinBins"":27,""cooldownFrames"":3,""confirmedRmsFactor"":1.578601,""confirmedRmsMinDelta"":0.007749,""confirmedFluxFactor"":2.15347,""confirmedMinFlux"":0.003882,""confirmedMinBandRatio"":0.013214,""confirmedSpectralNoveltyMinBins"":12,""cooldownOverrideFactor"":2.282195,""cooldownOverrideMinFlux"":0.028974,""cooldownOverrideMinBandRatio"":0.077512,""analyzeIntervalMs"":41}"
315,r014-0039-cdd887ad,14,18,2,1,10,0,0,142,"{""relativeReattackFactor"":3.561966,""relativeReattackMinDelta"":0.004705,""relativeFluxFactor"":1.468508,""spectralNoveltyRatio"":4.093997,""spectralNoveltyMinBins"":27,""cooldownFrames"":3,""confirmedRmsFactor"":1.566646,""confirmedRmsMinDelta"":0.007658,""confirmedFluxFactor"":2.137048,""confirmedMinFlux"":0.004845,""confirmedMinBandRatio"":0.01355,""confirmedSpectralNoveltyMinBins"":13,""cooldownOverrideFactor"":2.345934,""cooldownOverrideMinFlux"":0.029197,""cooldownOverrideMinBandRatio"":0.078789,""analyzeIntervalMs"":41}"
316,r014-0041-84cd5157,14,18,2,1,10,0,0,142,"{""relativeReattackFactor"":3.56969,""relativeReattackMinDelta"":0.005716,""relativeFluxFactor"":1.42803,""spectralNoveltyRatio"":3.981358,""spectralNoveltyMinBins"":28,""cooldownFrames"":3,""confirmedRmsFactor"":1.577313,""confirmedRmsMinDelta"":0.007773,""confirmedFluxFactor"":2.146516,""confirmedMinFlux"":0.003729,""confirmedMinBandRatio"":0.011858,""confirmedSpectralNoveltyMinBins"":12,""cooldownOverrideFactor"":2.221404,""cooldownOverrideMinFlux"":0.028525,""cooldownOverrideMinBandRatio"":0.082159,""analyzeIntervalMs"":41}"
317,r014-0059-eae9b0d3,14,18,2,1,10,0,0,142,"{""relativeReattackFactor"":3.550411,""relativeReattackMinDelta"":0.005031,""relativeFluxFactor"":1.485446,""spectralNoveltyRatio"":3.957372,""spectralNoveltyMinBins"":28,""cooldownFrames"":3,""confirmedRmsFactor"":1.562662,""confirmedRmsMinDelta"":0.008076,""confirmedFluxFactor"":2.180023,""confirmedMinFlux"":0.005191,""confirmedMinBandRatio"":0.013577,""confirmedSpectralNoveltyMinBins"":13,""cooldownOverrideFactor"":2.209133,""cooldownOverrideMinFlux"":0.028748,""cooldownOverrideMinBandRatio"":0.079617,""analyzeIntervalMs"":41}"
318,r014-0065-3ec846ac,14,18,2,1,10,0,0,142,"{""relativeReattackFactor"":3.610362,""relativeReattackMinDelta"":0.004895,""relativeFluxFactor"":1.454096,""spectralNoveltyRatio"":4.145507,""spectralNoveltyMinBins"":26,""cooldownFrames"":3,""confirmedRmsFactor"":1.633684,""confirmedRmsMinDelta"":0.007475,""confirmedFluxFactor"":2.029421,""confirmedMinFlux"":0.003663,""confirmedMinBandRatio"":0.012519,""confirmedSpectralNoveltyMinBins"":12,""cooldownOverrideFactor"":2.291917,""cooldownOverrideMinFlux"":0.03,""cooldownOverrideMinBandRatio"":0.081011,""analyzeIntervalMs"":41}"
319,r014-0078-a88864e3,14,18,2,1,10,0,0,143,"{""relativeReattackFactor"":3.53614,""relativeReattackMinDelta"":0.006411,""relativeFluxFactor"":1.481496,""spectralNoveltyRatio"":3.864069,""spectralNoveltyMinBins"":27,""cooldownFrames"":3,""confirmedRmsFactor"":1.550175,""confirmedRmsMinDelta"":0.007946,""confirmedFluxFactor"":2.094019,""confirmedMinFlux"":0.003765,""confirmedMinBandRatio"":0.014021,""confirmedSpectralNoveltyMinBins"":13,""cooldownOverrideFactor"":2.155412,""cooldownOverrideMinFlux"":0.03,""cooldownOverrideMinBandRatio"":0.079442,""analyzeIntervalMs"":41}"
320,r015-0010-6b542600,15,18,2,1,10,0,0,142,"{""relativeReattackFactor"":3.583596,""relativeReattackMinDelta"":0.004564,""relativeFluxFactor"":1.475745,""spectralNoveltyRatio"":4.110103,""spectralNoveltyMinBins"":27,""cooldownFrames"":3,""confirmedRmsFactor"":1.625796,""confirmedRmsMinDelta"":0.007402,""confirmedFluxFactor"":2.128565,""confirmedMinFlux"":0.003793,""confirmedMinBandRatio"":0.013435,""confirmedSpectralNoveltyMinBins"":12,""cooldownOverrideFactor"":2.117734,""cooldownOverrideMinFlux"":0.03,""cooldownOverrideMinBandRatio"":0.078138,""analyzeIntervalMs"":41}"
321,r015-0018-c263e803,15,18,2,1,10,0,0,141,"{""relativeReattackFactor"":3.528776,""relativeReattackMinDelta"":0.006071,""relativeFluxFactor"":1.490163,""spectralNoveltyRatio"":4.186362,""spectralNoveltyMinBins"":28,""cooldownFrames"":3,""confirmedRmsFactor"":1.561448,""confirmedRmsMinDelta"":0.00797,""confirmedFluxFactor"":2.17899,""confirmedMinFlux"":0.003984,""confirmedMinBandRatio"":0.014885,""confirmedSpectralNoveltyMinBins"":13,""cooldownOverrideFactor"":2.042372,""cooldownOverrideMinFlux"":0.029108,""cooldownOverrideMinBandRatio"":0.080483,""analyzeIntervalMs"":41}"
322,r015-0019-8e87a136,15,18,2,1,10,0,0,142,"{""relativeReattackFactor"":3.559242,""relativeReattackMinDelta"":0.005362,""relativeFluxFactor"":1.486692,""spectralNoveltyRatio"":3.908417,""spectralNoveltyMinBins"":28,""cooldownFrames"":3,""confirmedRmsFactor"":1.577982,""confirmedRmsMinDelta"":0.008391,""confirmedFluxFactor"":2.101182,""confirmedMinFlux"":0.004935,""confirmedMinBandRatio"":0.014221,""confirmedSpectralNoveltyMinBins"":14,""cooldownOverrideFactor"":2.351018,""cooldownOverrideMinFlux"":0.029023,""cooldownOverrideMinBandRatio"":0.081842,""analyzeIntervalMs"":41}"
323,r015-0022-f5860ac3,15,18,2,1,10,0,0,142,"{""relativeReattackFactor"":3.675774,""relativeReattackMinDelta"":0.005457,""relativeFluxFactor"":1.4,""spectralNoveltyRatio"":4.007074,""spectralNoveltyMinBins"":27,""cooldownFrames"":3,""confirmedRmsFactor"":1.594858,""confirmedRmsMinDelta"":0.0074,""confirmedFluxFactor"":2.226623,""confirmedMinFlux"":0.00484,""confirmedMinBandRatio"":0.015601,""confirmedSpectralNoveltyMinBins"":8,""cooldownOverrideFactor"":2.301695,""cooldownOverrideMinFlux"":0.02783,""cooldownOverrideMinBandRatio"":0.076085,""analyzeIntervalMs"":41}"
324,r015-0044-f3882875,15,18,2,1,10,0,0,141,"{""relativeReattackFactor"":3.613384,""relativeReattackMinDelta"":0.00517,""relativeFluxFactor"":1.449868,""spectralNoveltyRatio"":3.922974,""spectralNoveltyMinBins"":29,""cooldownFrames"":3,""confirmedRmsFactor"":1.587853,""confirmedRmsMinDelta"":0.007974,""confirmedFluxFactor"":2.146391,""confirmedMinFlux"":0.004354,""confirmedMinBandRatio"":0.01378,""confirmedSpectralNoveltyMinBins"":14,""cooldownOverrideFactor"":2.347896,""cooldownOverrideMinFlux"":0.028811,""cooldownOverrideMinBandRatio"":0.079734,""analyzeIntervalMs"":41}"
325,r015-0046-624f040f,15,18,2,1,10,0,0,142,"{""relativeReattackFactor"":3.552232,""relativeReattackMinDelta"":0.005507,""relativeFluxFactor"":1.48858,""spectralNoveltyRatio"":4.000773,""spectralNoveltyMinBins"":27,""cooldownFrames"":3,""confirmedRmsFactor"":1.586148,""confirmedRmsMinDelta"":0.008143,""confirmedFluxFactor"":2.209024,""confirmedMinFlux"":0.003588,""confirmedMinBandRatio"":0.012027,""confirmedSpectralNoveltyMinBins"":13,""cooldownOverrideFactor"":2.343908,""cooldownOverrideMinFlux"":0.029215,""cooldownOverrideMinBandRatio"":0.076698,""analyzeIntervalMs"":41}"
326,r015-0051-a3beedad,15,18,2,1,10,0,0,141,"{""relativeReattackFactor"":3.536571,""relativeReattackMinDelta"":0.005747,""relativeFluxFactor"":1.462178,""spectralNoveltyRatio"":4.17446,""spectralNoveltyMinBins"":28,""cooldownFrames"":3,""confirmedRmsFactor"":1.606771,""confirmedRmsMinDelta"":0.00828,""confirmedFluxFactor"":2.187213,""confirmedMinFlux"":0.004378,""confirmedMinBandRatio"":0.013302,""confirmedSpectralNoveltyMinBins"":12,""cooldownOverrideFactor"":2.242706,""cooldownOverrideMinFlux"":0.029185,""cooldownOverrideMinBandRatio"":0.076741,""analyzeIntervalMs"":41}"
327,r015-0059-0e142d40,15,18,2,1,10,0,0,142,"{""relativeReattackFactor"":3.510796,""relativeReattackMinDelta"":0.005002,""relativeFluxFactor"":1.452909,""spectralNoveltyRatio"":4.208881,""spectralNoveltyMinBins"":26,""cooldownFrames"":3,""confirmedRmsFactor"":1.582213,""confirmedRmsMinDelta"":0.007923,""confirmedFluxFactor"":2.074802,""confirmedMinFlux"":0.005021,""confirmedMinBandRatio"":0.01179,""confirmedSpectralNoveltyMinBins"":12,""cooldownOverrideFactor"":2.366484,""cooldownOverrideMinFlux"":0.027951,""cooldownOverrideMinBandRatio"":0.080061,""analyzeIntervalMs"":41}"
328,r015-0071-a9b7fc37,15,18,2,1,10,0,0,141,"{""relativeReattackFactor"":3.621573,""relativeReattackMinDelta"":0.005239,""relativeFluxFactor"":1.489773,""spectralNoveltyRatio"":4.050544,""spectralNoveltyMinBins"":29,""cooldownFrames"":3,""confirmedRmsFactor"":1.655838,""confirmedRmsMinDelta"":0.007884,""confirmedFluxFactor"":2.152905,""confirmedMinFlux"":0.004189,""confirmedMinBandRatio"":0.013493,""confirmedSpectralNoveltyMinBins"":12,""cooldownOverrideFactor"":2.211557,""cooldownOverrideMinFlux"":0.02939,""cooldownOverrideMinBandRatio"":0.077186,""analyzeIntervalMs"":41}"
329,r015-0080-e7bd9a76,15,18,2,1,10,0,0,142,"{""relativeReattackFactor"":3.515403,""relativeReattackMinDelta"":0.004033,""relativeFluxFactor"":1.426303,""spectralNoveltyRatio"":3.942692,""spectralNoveltyMinBins"":28,""cooldownFrames"":3,""confirmedRmsFactor"":1.604614,""confirmedRmsMinDelta"":0.007112,""confirmedFluxFactor"":2.110395,""confirmedMinFlux"":0.004645,""confirmedMinBandRatio"":0.011787,""confirmedSpectralNoveltyMinBins"":11,""cooldownOverrideFactor"":2.223374,""cooldownOverrideMinFlux"":0.03,""cooldownOverrideMinBandRatio"":0.079035,""analyzeIntervalMs"":41}"
330,r012-0007-99bd8a28,12,17,2,1,11,0,0,143,"{""relativeReattackFactor"":3.60497,""relativeReattackMinDelta"":0.005041,""relativeFluxFactor"":1.425628,""spectralNoveltyRatio"":4.116488,""spectralNoveltyMinBins"":25,""cooldownFrames"":3,""confirmedRmsFactor"":1.567065,""confirmedRmsMinDelta"":0.007098,""confirmedFluxFactor"":2.24505,""confirmedMinFlux"":0.004735,""confirmedMinBandRatio"":0.015352,""confirmedSpectralNoveltyMinBins"":9,""cooldownOverrideFactor"":2.398199,""cooldownOverrideMinFlux"":0.027308,""cooldownOverrideMinBandRatio"":0.072185,""analyzeIntervalMs"":41}"
331,r012-0072-663226bf,12,17,2,1,11,0,0,144,"{""relativeReattackFactor"":3.669302,""relativeReattackMinDelta"":0.004338,""relativeFluxFactor"":1.4,""spectralNoveltyRatio"":4.301518,""spectralNoveltyMinBins"":24,""cooldownFrames"":3,""confirmedRmsFactor"":1.575334,""confirmedRmsMinDelta"":0.007224,""confirmedFluxFactor"":2.278098,""confirmedMinFlux"":0.004642,""confirmedMinBandRatio"":0.017859,""confirmedSpectralNoveltyMinBins"":10,""cooldownOverrideFactor"":2.405715,""cooldownOverrideMinFlux"":0.028894,""cooldownOverrideMinBandRatio"":0.076214,""analyzeIntervalMs"":41}"
332,r013-0023-3644b4dd,13,17,2,1,11,0,0,144,"{""relativeReattackFactor"":3.59729,""relativeReattackMinDelta"":0.00716,""relativeFluxFactor"":1.440069,""spectralNoveltyRatio"":4.079579,""spectralNoveltyMinBins"":24,""cooldownFrames"":3,""confirmedRmsFactor"":1.576851,""confirmedRmsMinDelta"":0.007799,""confirmedFluxFactor"":2.094402,""confirmedMinFlux"":0.003053,""confirmedMinBandRatio"":0.012257,""confirmedSpectralNoveltyMinBins"":13,""cooldownOverrideFactor"":2.156193,""cooldownOverrideMinFlux"":0.028908,""cooldownOverrideMinBandRatio"":0.080067,""analyzeIntervalMs"":41}"
333,r013-0027-8eb3a313,13,17,2,1,11,0,0,144,"{""relativeReattackFactor"":3.548901,""relativeReattackMinDelta"":0.00486,""relativeFluxFactor"":1.477782,""spectralNoveltyRatio"":4.111222,""spectralNoveltyMinBins"":24,""cooldownFrames"":3,""confirmedRmsFactor"":1.60259,""confirmedRmsMinDelta"":0.007487,""confirmedFluxFactor"":2.24463,""confirmedMinFlux"":0.004484,""confirmedMinBandRatio"":0.014992,""confirmedSpectralNoveltyMinBins"":9,""cooldownOverrideFactor"":2.502847,""cooldownOverrideMinFlux"":0.028238,""cooldownOverrideMinBandRatio"":0.074448,""analyzeIntervalMs"":41}"
334,r013-0039-54e8258f,13,17,2,1,11,0,0,143,"{""relativeReattackFactor"":3.55092,""relativeReattackMinDelta"":0.00511,""relativeFluxFactor"":1.471271,""spectralNoveltyRatio"":4.205719,""spectralNoveltyMinBins"":25,""cooldownFrames"":3,""confirmedRmsFactor"":1.554129,""confirmedRmsMinDelta"":0.008202,""confirmedFluxFactor"":2.163996,""confirmedMinFlux"":0.004883,""confirmedMinBandRatio"":0.012324,""confirmedSpectralNoveltyMinBins"":12,""cooldownOverrideFactor"":2.300537,""cooldownOverrideMinFlux"":0.029457,""cooldownOverrideMinBandRatio"":0.079488,""analyzeIntervalMs"":41}"
335,r013-0058-83332c12,13,17,2,1,11,0,0,144,"{""relativeReattackFactor"":3.52632,""relativeReattackMinDelta"":0.007011,""relativeFluxFactor"":1.444861,""spectralNoveltyRatio"":4.041383,""spectralNoveltyMinBins"":25,""cooldownFrames"":3,""confirmedRmsFactor"":1.561599,""confirmedRmsMinDelta"":0.00734,""confirmedFluxFactor"":2.090512,""confirmedMinFlux"":0.004034,""confirmedMinBandRatio"":0.012433,""confirmedSpectralNoveltyMinBins"":14,""cooldownOverrideFactor"":2.161868,""cooldownOverrideMinFlux"":0.029066,""cooldownOverrideMinBandRatio"":0.078006,""analyzeIntervalMs"":41}"
336,r015-0041-2a211abd,15,17,2,1,11,0,0,143,"{""relativeReattackFactor"":3.578664,""relativeReattackMinDelta"":0.00568,""relativeFluxFactor"":1.480993,""spectralNoveltyRatio"":4.114541,""spectralNoveltyMinBins"":25,""cooldownFrames"":3,""confirmedRmsFactor"":1.630708,""confirmedRmsMinDelta"":0.007743,""confirmedFluxFactor"":2.199651,""confirmedMinFlux"":0.003619,""confirmedMinBandRatio"":0.013924,""confirmedSpectralNoveltyMinBins"":12,""cooldownOverrideFactor"":2.122664,""cooldownOverrideMinFlux"":0.028057,""cooldownOverrideMinBandRatio"":0.080423,""analyzeIntervalMs"":41}"
337,r018-0044-274cd50d,18,17,2,1,11,0,0,143,"{""relativeReattackFactor"":3.946202,""relativeReattackMinDelta"":0.004726,""relativeFluxFactor"":1.4,""spectralNoveltyRatio"":3.485372,""spectralNoveltyMinBins"":24,""cooldownFrames"":3,""confirmedRmsFactor"":1.421839,""confirmedRmsMinDelta"":0.008276,""confirmedFluxFactor"":2.301141,""confirmedMinFlux"":0.003,""confirmedMinBandRatio"":0.007353,""confirmedSpectralNoveltyMinBins"":16,""cooldownOverrideFactor"":2.182424,""cooldownOverrideMinFlux"":0.029655,""cooldownOverrideMinBandRatio"":0.076799,""analyzeIntervalMs"":41}"
338,r009-0016-34fc5716,9,15,2,1,11,0,0,143,"{""relativeReattackFactor"":3.457589,""relativeReattackMinDelta"":0.005238,""relativeFluxFactor"":1.47706,""spectralNoveltyRatio"":4.358225,""spectralNoveltyMinBins"":27,""cooldownFrames"":3,""confirmedRmsFactor"":1.543433,""confirmedRmsMinDelta"":0.00739,""confirmedFluxFactor"":2.113907,""confirmedMinFlux"":0.00409,""confirmedMinBandRatio"":0.014376,""confirmedSpectralNoveltyMinBins"":10,""cooldownOverrideFactor"":2.310333,""cooldownOverrideMinFlux"":0.03,""cooldownOverrideMinBandRatio"":0.080196,""analyzeIntervalMs"":41}"
339,r009-0021-234de06e,9,15,2,1,11,0,0,143,"{""relativeReattackFactor"":3.355414,""relativeReattackMinDelta"":0.004653,""relativeFluxFactor"":1.424774,""spectralNoveltyRatio"":4.306425,""spectralNoveltyMinBins"":27,""cooldownFrames"":3,""confirmedRmsFactor"":1.515412,""confirmedRmsMinDelta"":0.007543,""confirmedFluxFactor"":2.134421,""confirmedMinFlux"":0.004757,""confirmedMinBandRatio"":0.012675,""confirmedSpectralNoveltyMinBins"":12,""cooldownOverrideFactor"":2.235478,""cooldownOverrideMinFlux"":0.02969,""cooldownOverrideMinBandRatio"":0.078711,""analyzeIntervalMs"":41}"
340,r009-0076-36a1f0c2,9,15,2,1,11,0,0,143,"{""relativeReattackFactor"":3.450757,""relativeReattackMinDelta"":0.004089,""relativeFluxFactor"":1.483005,""spectralNoveltyRatio"":4.066303,""spectralNoveltyMinBins"":27,""cooldownFrames"":3,""confirmedRmsFactor"":1.493085,""confirmedRmsMinDelta"":0.007969,""confirmedFluxFactor"":2.112967,""confirmedMinFlux"":0.004121,""confirmedMinBandRatio"":0.013991,""confirmedSpectralNoveltyMinBins"":10,""cooldownOverrideFactor"":2.186357,""cooldownOverrideMinFlux"":0.029614,""cooldownOverrideMinBandRatio"":0.080645,""analyzeIntervalMs"":41}"
341,r010-0017-bad78a37,10,15,2,1,11,0,0,143,"{""relativeReattackFactor"":3.408248,""relativeReattackMinDelta"":0.005085,""relativeFluxFactor"":1.467094,""spectralNoveltyRatio"":4.19083,""spectralNoveltyMinBins"":27,""cooldownFrames"":3,""confirmedRmsFactor"":1.53893,""confirmedRmsMinDelta"":0.008106,""confirmedFluxFactor"":2.048017,""confirmedMinFlux"":0.003524,""confirmedMinBandRatio"":0.012907,""confirmedSpectralNoveltyMinBins"":13,""cooldownOverrideFactor"":2.14813,""cooldownOverrideMinFlux"":0.029792,""cooldownOverrideMinBandRatio"":0.079084,""analyzeIntervalMs"":41}"
342,r010-0035-23d6cb87,10,15,2,1,11,0,0,144,"{""relativeReattackFactor"":3.469709,""relativeReattackMinDelta"":0.005265,""relativeFluxFactor"":1.48133,""spectralNoveltyRatio"":3.910512,""spectralNoveltyMinBins"":27,""cooldownFrames"":3,""confirmedRmsFactor"":1.531993,""confirmedRmsMinDelta"":0.007703,""confirmedFluxFactor"":2.158723,""confirmedMinFlux"":0.004909,""confirmedMinBandRatio"":0.013347,""confirmedSpectralNoveltyMinBins"":11,""cooldownOverrideFactor"":1.989783,""cooldownOverrideMinFlux"":0.029203,""cooldownOverrideMinBandRatio"":0.081276,""analyzeIntervalMs"":41}"
343,r010-0054-568fd096,10,15,2,1,11,0,0,144,"{""relativeReattackFactor"":3.338097,""relativeReattackMinDelta"":0.004145,""relativeFluxFactor"":1.430441,""spectralNoveltyRatio"":4.009908,""spectralNoveltyMinBins"":26,""cooldownFrames"":3,""confirmedRmsFactor"":1.488184,""confirmedRmsMinDelta"":0.007673,""confirmedFluxFactor"":2.150848,""confirmedMinFlux"":0.004773,""confirmedMinBandRatio"":0.014204,""confirmedSpectralNoveltyMinBins"":11,""cooldownOverrideFactor"":2.443816,""cooldownOverrideMinFlux"":0.029384,""cooldownOverrideMinBandRatio"":0.07538,""analyzeIntervalMs"":41}"
344,r010-0055-036d24fd,10,15,2,1,11,0,0,143,"{""relativeReattackFactor"":3.477383,""relativeReattackMinDelta"":0.005477,""relativeFluxFactor"":1.430567,""spectralNoveltyRatio"":4.211024,""spectralNoveltyMinBins"":27,""cooldownFrames"":3,""confirmedRmsFactor"":1.596177,""confirmedRmsMinDelta"":0.007799,""confirmedFluxFactor"":2.170277,""confirmedMinFlux"":0.004652,""confirmedMinBandRatio"":0.01596,""confirmedSpectralNoveltyMinBins"":10,""cooldownOverrideFactor"":2.090634,""cooldownOverrideMinFlux"":0.028091,""cooldownOverrideMinBandRatio"":0.081093,""analyzeIntervalMs"":41}"
345,r011-0008-0af747fb,11,15,2,1,11,0,0,142,"{""relativeReattackFactor"":3.404416,""relativeReattackMinDelta"":0.005289,""relativeFluxFactor"":1.460125,""spectralNoveltyRatio"":4.208653,""spectralNoveltyMinBins"":28,""cooldownFrames"":3,""confirmedRmsFactor"":1.497007,""confirmedRmsMinDelta"":0.008145,""confirmedFluxFactor"":2.064477,""confirmedMinFlux"":0.004043,""confirmedMinBandRatio"":0.014884,""confirmedSpectralNoveltyMinBins"":10,""cooldownOverrideFactor"":2.229984,""cooldownOverrideMinFlux"":0.028504,""cooldownOverrideMinBandRatio"":0.078157,""analyzeIntervalMs"":41}"
346,r011-0035-c08b8d31,11,15,2,1,11,0,0,143,"{""relativeReattackFactor"":3.44097,""relativeReattackMinDelta"":0.004825,""relativeFluxFactor"":1.488911,""spectralNoveltyRatio"":4.370707,""spectralNoveltyMinBins"":27,""cooldownFrames"":3,""confirmedRmsFactor"":1.478402,""confirmedRmsMinDelta"":0.007263,""confirmedFluxFactor"":2.098381,""confirmedMinFlux"":0.004462,""confirmedMinBandRatio"":0.016023,""confirmedSpectralNoveltyMinBins"":12,""cooldownOverrideFactor"":2.467626,""cooldownOverrideMinFlux"":0.028187,""cooldownOverrideMinBandRatio"":0.079094,""analyzeIntervalMs"":41}"
347,r011-0061-65bb4f5e,11,15,2,1,11,0,0,144,"{""relativeReattackFactor"":3.448608,""relativeReattackMinDelta"":0.004,""relativeFluxFactor"":1.462151,""spectralNoveltyRatio"":3.892532,""spectralNoveltyMinBins"":27,""cooldownFrames"":3,""confirmedRmsFactor"":1.624729,""confirmedRmsMinDelta"":0.007756,""confirmedFluxFactor"":2.146802,""confirmedMinFlux"":0.003895,""confirmedMinBandRatio"":0.011439,""confirmedSpectralNoveltyMinBins"":11,""cooldownOverrideFactor"":2.156162,""cooldownOverrideMinFlux"":0.029112,""cooldownOverrideMinBandRatio"":0.07742,""analyzeIntervalMs"":41}"
348,r011-0073-60c02fd5,11,15,2,1,11,0,0,143,"{""relativeReattackFactor"":3.465322,""relativeReattackMinDelta"":0.005113,""relativeFluxFactor"":1.437506,""spectralNoveltyRatio"":4.214982,""spectralNoveltyMinBins"":26,""cooldownFrames"":3,""confirmedRmsFactor"":1.489031,""confirmedRmsMinDelta"":0.00815,""confirmedFluxFactor"":2.068605,""confirmedMinFlux"":0.004619,""confirmedMinBandRatio"":0.012827,""confirmedSpectralNoveltyMinBins"":10,""cooldownOverrideFactor"":2.218066,""cooldownOverrideMinFlux"":0.028495,""cooldownOverrideMinBandRatio"":0.079702,""analyzeIntervalMs"":41}"
349,r011-0074-5e0eac89,11,15,2,1,11,0,0,143,"{""relativeReattackFactor"":3.44185,""relativeReattackMinDelta"":0.005676,""relativeFluxFactor"":1.433673,""spectralNoveltyRatio"":3.989968,""spectralNoveltyMinBins"":27,""cooldownFrames"":3,""confirmedRmsFactor"":1.527355,""confirmedRmsMinDelta"":0.008264,""confirmedFluxFactor"":2.116142,""confirmedMinFlux"":0.004741,""confirmedMinBandRatio"":0.015304,""confirmedSpectralNoveltyMinBins"":13,""cooldownOverrideFactor"":2.20548,""cooldownOverrideMinFlux"":0.03,""cooldownOverrideMinBandRatio"":0.076632,""analyzeIntervalMs"":41}"
350,r013-0074-2813dbe8,13,15,2,1,11,0,0,143,"{""relativeReattackFactor"":3.481939,""relativeReattackMinDelta"":0.004247,""relativeFluxFactor"":1.457231,""spectralNoveltyRatio"":4.058033,""spectralNoveltyMinBins"":27,""cooldownFrames"":3,""confirmedRmsFactor"":1.592632,""confirmedRmsMinDelta"":0.0083,""confirmedFluxFactor"":2.122386,""confirmedMinFlux"":0.004851,""confirmedMinBandRatio"":0.012084,""confirmedSpectralNoveltyMinBins"":12,""cooldownOverrideFactor"":2.225374,""cooldownOverrideMinFlux"":0.028072,""cooldownOverrideMinBandRatio"":0.081054,""analyzeIntervalMs"":41}"
351,r013-0075-5566555f,13,15,2,1,11,0,0,143,"{""relativeReattackFactor"":3.464397,""relativeReattackMinDelta"":0.004418,""relativeFluxFactor"":1.451051,""spectralNoveltyRatio"":3.964227,""spectralNoveltyMinBins"":28,""cooldownFrames"":3,""confirmedRmsFactor"":1.615725,""confirmedRmsMinDelta"":0.007862,""confirmedFluxFactor"":2.123503,""confirmedMinFlux"":0.004072,""confirmedMinBandRatio"":0.012758,""confirmedSpectralNoveltyMinBins"":13,""cooldownOverrideFactor"":2.146693,""cooldownOverrideMinFlux"":0.029903,""cooldownOverrideMinBandRatio"":0.078926,""analyzeIntervalMs"":41}"
352,r013-0079-dc7cfa37,13,15,2,1,11,0,0,144,"{""relativeReattackFactor"":3.46429,""relativeReattackMinDelta"":0.004495,""relativeFluxFactor"":1.480226,""spectralNoveltyRatio"":3.908884,""spectralNoveltyMinBins"":26,""cooldownFrames"":3,""confirmedRmsFactor"":1.602999,""confirmedRmsMinDelta"":0.008227,""confirmedFluxFactor"":2.140045,""confirmedMinFlux"":0.005315,""confirmedMinBandRatio"":0.01412,""confirmedSpectralNoveltyMinBins"":13,""cooldownOverrideFactor"":2.25822,""cooldownOverrideMinFlux"":0.028058,""cooldownOverrideMinBandRatio"":0.077203,""analyzeIntervalMs"":41}"
353,r014-0044-44fd0208,14,15,2,1,11,0,0,142,"{""relativeReattackFactor"":3.489687,""relativeReattackMinDelta"":0.004583,""relativeFluxFactor"":1.428248,""spectralNoveltyRatio"":4.143419,""spectralNoveltyMinBins"":29,""cooldownFrames"":3,""confirmedRmsFactor"":1.551778,""confirmedRmsMinDelta"":0.007792,""confirmedFluxFactor"":2.12819,""confirmedMinFlux"":0.004289,""confirmedMinBandRatio"":0.014313,""confirmedSpectralNoveltyMinBins"":12,""cooldownOverrideFactor"":2.337736,""cooldownOverrideMinFlux"":0.028526,""cooldownOverrideMinBandRatio"":0.077542,""analyzeIntervalMs"":41}"
354,r014-0046-f5674953,14,15,2,1,11,0,0,142,"{""relativeReattackFactor"":3.467062,""relativeReattackMinDelta"":0.004758,""relativeFluxFactor"":1.43795,""spectralNoveltyRatio"":4.15272,""spectralNoveltyMinBins"":29,""cooldownFrames"":3,""confirmedRmsFactor"":1.644003,""confirmedRmsMinDelta"":0.007522,""confirmedFluxFactor"":2.154341,""confirmedMinFlux"":0.003265,""confirmedMinBandRatio"":0.013417,""confirmedSpectralNoveltyMinBins"":12,""cooldownOverrideFactor"":2.161987,""cooldownOverrideMinFlux"":0.029344,""cooldownOverrideMinBandRatio"":0.081697,""analyzeIntervalMs"":41}"
355,r015-0036-3bf2d338,15,15,2,1,11,0,0,142,"{""relativeReattackFactor"":3.488201,""relativeReattackMinDelta"":0.005274,""relativeFluxFactor"":1.428111,""spectralNoveltyRatio"":4.114706,""spectralNoveltyMinBins"":28,""cooldownFrames"":3,""confirmedRmsFactor"":1.65372,""confirmedRmsMinDelta"":0.008004,""confirmedFluxFactor"":2.175071,""confirmedMinFlux"":0.003394,""confirmedMinBandRatio"":0.014114,""confirmedSpectralNoveltyMinBins"":11,""cooldownOverrideFactor"":2.240833,""cooldownOverrideMinFlux"":0.028667,""cooldownOverrideMinBandRatio"":0.081945,""analyzeIntervalMs"":41}"
356,r018-0076-70455b20,18,15,2,1,12,0,0,145,"{""relativeReattackFactor"":3.194432,""relativeReattackMinDelta"":0.004,""relativeFluxFactor"":1.4,""spectralNoveltyRatio"":5.650757,""spectralNoveltyMinBins"":15,""cooldownFrames"":4,""confirmedRmsFactor"":1.797177,""confirmedRmsMinDelta"":0.006348,""confirmedFluxFactor"":1.826437,""confirmedMinFlux"":0.00364,""confirmedMinBandRatio"":0.032275,""confirmedSpectralNoveltyMinBins"":12,""cooldownOverrideFactor"":2.791655,""cooldownOverrideMinFlux"":0.029587,""cooldownOverrideMinBandRatio"":0.067701,""analyzeIntervalMs"":41}"
357,r006-0017-13855399,6,15,2,2,18,0,0,149,"{""relativeReattackFactor"":3.139132,""relativeReattackMinDelta"":0.005289,""relativeFluxFactor"":1.4,""spectralNoveltyRatio"":4.187391,""spectralNoveltyMinBins"":20,""cooldownFrames"":3,""confirmedRmsFactor"":1.636815,""confirmedRmsMinDelta"":0.007947,""confirmedFluxFactor"":2.089787,""confirmedMinFlux"":0.004128,""confirmedMinBandRatio"":0.014467,""confirmedSpectralNoveltyMinBins"":9,""cooldownOverrideFactor"":1.8,""cooldownOverrideMinFlux"":0.02802,""cooldownOverrideMinBandRatio"":0.09,""analyzeIntervalMs"":40}"
358,r009-0011-6b088431,9,14,2,1,12,0,0,144,"{""relativeReattackFactor"":3.28554,""relativeReattackMinDelta"":0.005391,""relativeFluxFactor"":1.461433,""spectralNoveltyRatio"":4.158149,""spectralNoveltyMinBins"":26,""cooldownFrames"":3,""confirmedRmsFactor"":1.498836,""confirmedRmsMinDelta"":0.007447,""confirmedFluxFactor"":2.087621,""confirmedMinFlux"":0.004809,""confirmedMinBandRatio"":0.013268,""confirmedSpectralNoveltyMinBins"":11,""cooldownOverrideFactor"":2.38396,""cooldownOverrideMinFlux"":0.028277,""cooldownOverrideMinBandRatio"":0.081318,""analyzeIntervalMs"":41}"
359,r009-0034-3e5564d1,9,14,2,1,12,0,0,145,"{""relativeReattackFactor"":3.367781,""relativeReattackMinDelta"":0.006296,""relativeFluxFactor"":1.45609,""spectralNoveltyRatio"":3.917256,""spectralNoveltyMinBins"":24,""cooldownFrames"":3,""confirmedRmsFactor"":1.503255,""confirmedRmsMinDelta"":0.007997,""confirmedFluxFactor"":2.056945,""confirmedMinFlux"":0.003807,""confirmedMinBandRatio"":0.011465,""confirmedSpectralNoveltyMinBins"":11,""cooldownOverrideFactor"":2.193526,""cooldownOverrideMinFlux"":0.029542,""cooldownOverrideMinBandRatio"":0.084352,""analyzeIntervalMs"":41}"
360,r009-0037-8253ab1d,9,14,2,1,12,0,0,145,"{""relativeReattackFactor"":3.468336,""relativeReattackMinDelta"":0.005793,""relativeFluxFactor"":1.472348,""spectralNoveltyRatio"":4.310702,""spectralNoveltyMinBins"":24,""cooldownFrames"":3,""confirmedRmsFactor"":1.538927,""confirmedRmsMinDelta"":0.008118,""confirmedFluxFactor"":2.058365,""confirmedMinFlux"":0.003561,""confirmedMinBandRatio"":0.013664,""confirmedSpectralNoveltyMinBins"":11,""cooldownOverrideFactor"":2.297866,""cooldownOverrideMinFlux"":0.027824,""cooldownOverrideMinBandRatio"":0.07601,""analyzeIntervalMs"":41}"
361,r009-0056-7068b8ce,9,14,2,1,12,0,0,145,"{""relativeReattackFactor"":3.349952,""relativeReattackMinDelta"":0.004,""relativeFluxFactor"":1.438097,""spectralNoveltyRatio"":4.101643,""spectralNoveltyMinBins"":24,""cooldownFrames"":3,""confirmedRmsFactor"":1.502319,""confirmedRmsMinDelta"":0.008091,""confirmedFluxFactor"":2.035301,""confirmedMinFlux"":0.004064,""confirmedMinBandRatio"":0.012723,""confirmedSpectralNoveltyMinBins"":11,""cooldownOverrideFactor"":2.293988,""cooldownOverrideMinFlux"":0.029321,""cooldownOverrideMinBandRatio"":0.080561,""analyzeIntervalMs"":41}"
362,r010-0002-c5acebd2,10,14,2,1,12,0,0,145,"{""relativeReattackFactor"":3.461182,""relativeReattackMinDelta"":0.005684,""relativeFluxFactor"":1.464385,""spectralNoveltyRatio"":4.106164,""spectralNoveltyMinBins"":25,""cooldownFrames"":3,""confirmedRmsFactor"":1.593975,""confirmedRmsMinDelta"":0.007772,""confirmedFluxFactor"":2.067604,""confirmedMinFlux"":0.00342,""confirmedMinBandRatio"":0.013086,""confirmedSpectralNoveltyMinBins"":12,""cooldownOverrideFactor"":2.014816,""cooldownOverrideMinFlux"":0.028821,""cooldownOverrideMinBandRatio"":0.079587,""analyzeIntervalMs"":41}"
363,r010-0008-ddb68afe,10,14,2,1,12,0,0,144,"{""relativeReattackFactor"":3.293808,""relativeReattackMinDelta"":0.005686,""relativeFluxFactor"":1.455121,""spectralNoveltyRatio"":4.104548,""spectralNoveltyMinBins"":26,""cooldownFrames"":3,""confirmedRmsFactor"":1.585664,""confirmedRmsMinDelta"":0.007656,""confirmedFluxFactor"":2.087628,""confirmedMinFlux"":0.004148,""confirmedMinBandRatio"":0.013762,""confirmedSpectralNoveltyMinBins"":13,""cooldownOverrideFactor"":2.077828,""cooldownOverrideMinFlux"":0.029368,""cooldownOverrideMinBandRatio"":0.077353,""analyzeIntervalMs"":41}"
364,r010-0027-bb24e6a1,10,14,2,1,12,0,0,145,"{""relativeReattackFactor"":3.480036,""relativeReattackMinDelta"":0.004991,""relativeFluxFactor"":1.437356,""spectralNoveltyRatio"":4.144322,""spectralNoveltyMinBins"":24,""cooldownFrames"":3,""confirmedRmsFactor"":1.519628,""confirmedRmsMinDelta"":0.007615,""confirmedFluxFactor"":2.146545,""confirmedMinFlux"":0.003992,""confirmedMinBandRatio"":0.014703,""confirmedSpectralNoveltyMinBins"":12,""cooldownOverrideFactor"":2.08369,""cooldownOverrideMinFlux"":0.03,""cooldownOverrideMinBandRatio"":0.077588,""analyzeIntervalMs"":41}"
365,r010-0048-b51582f6,10,14,2,1,12,0,0,145,"{""relativeReattackFactor"":3.379237,""relativeReattackMinDelta"":0.005627,""relativeFluxFactor"":1.480656,""spectralNoveltyRatio"":4.273318,""spectralNoveltyMinBins"":24,""cooldownFrames"":3,""confirmedRmsFactor"":1.516774,""confirmedRmsMinDelta"":0.008167,""confirmedFluxFactor"":2.057802,""confirmedMinFlux"":0.003999,""confirmedMinBandRatio"":0.014996,""confirmedSpectralNoveltyMinBins"":12,""cooldownOverrideFactor"":2.097717,""cooldownOverrideMinFlux"":0.028156,""cooldownOverrideMinBandRatio"":0.076131,""analyzeIntervalMs"":41}"
366,r010-0063-eea0280b,10,14,2,1,12,0,0,145,"{""relativeReattackFactor"":3.414237,""relativeReattackMinDelta"":0.006262,""relativeFluxFactor"":1.457914,""spectralNoveltyRatio"":4.032192,""spectralNoveltyMinBins"":24,""cooldownFrames"":3,""confirmedRmsFactor"":1.534775,""confirmedRmsMinDelta"":0.00777,""confirmedFluxFactor"":2.067142,""confirmedMinFlux"":0.003655,""confirmedMinBandRatio"":0.014043,""confirmedSpectralNoveltyMinBins"":13,""cooldownOverrideFactor"":2.201787,""cooldownOverrideMinFlux"":0.028063,""cooldownOverrideMinBandRatio"":0.080021,""analyzeIntervalMs"":41}"
367,r011-0056-50514e01,11,14,2,1,12,0,0,145,"{""relativeReattackFactor"":3.450328,""relativeReattackMinDelta"":0.004,""relativeFluxFactor"":1.463595,""spectralNoveltyRatio"":3.945445,""spectralNoveltyMinBins"":24,""cooldownFrames"":3,""confirmedRmsFactor"":1.638073,""confirmedRmsMinDelta"":0.007804,""confirmedFluxFactor"":2.077843,""confirmedMinFlux"":0.004925,""confirmedMinBandRatio"":0.013521,""confirmedSpectralNoveltyMinBins"":11,""cooldownOverrideFactor"":2.164947,""cooldownOverrideMinFlux"":0.028542,""cooldownOverrideMinBandRatio"":0.080227,""analyzeIntervalMs"":41}"
368,r011-0076-c5e09e9a,11,14,2,1,12,0,0,145,"{""relativeReattackFactor"":3.469088,""relativeReattackMinDelta"":0.004759,""relativeFluxFactor"":1.490261,""spectralNoveltyRatio"":4.004688,""spectralNoveltyMinBins"":24,""cooldownFrames"":3,""confirmedRmsFactor"":1.603447,""confirmedRmsMinDelta"":0.007581,""confirmedFluxFactor"":2.140087,""confirmedMinFlux"":0.004044,""confirmedMinBandRatio"":0.012996,""confirmedSpectralNoveltyMinBins"":13,""cooldownOverrideFactor"":2.056062,""cooldownOverrideMinFlux"":0.029558,""cooldownOverrideMinBandRatio"":0.078523,""analyzeIntervalMs"":41}"
369,r011-0078-20132390,11,14,2,1,12,0,0,145,"{""relativeReattackFactor"":3.360036,""relativeReattackMinDelta"":0.00513,""relativeFluxFactor"":1.442607,""spectralNoveltyRatio"":4.412567,""spectralNoveltyMinBins"":24,""cooldownFrames"":3,""confirmedRmsFactor"":1.500962,""confirmedRmsMinDelta"":0.007428,""confirmedFluxFactor"":2.119098,""confirmedMinFlux"":0.00403,""confirmedMinBandRatio"":0.016148,""confirmedSpectralNoveltyMinBins"":11,""cooldownOverrideFactor"":2.22029,""cooldownOverrideMinFlux"":0.029537,""cooldownOverrideMinBandRatio"":0.078543,""analyzeIntervalMs"":41}"
370,r013-0009-e41234fe,13,14,2,1,12,0,0,145,"{""relativeReattackFactor"":3.4924,""relativeReattackMinDelta"":0.004381,""relativeFluxFactor"":1.449701,""spectralNoveltyRatio"":4.098639,""spectralNoveltyMinBins"":25,""cooldownFrames"":3,""confirmedRmsFactor"":1.540922,""confirmedRmsMinDelta"":0.007769,""confirmedFluxFactor"":2.075734,""confirmedMinFlux"":0.004929,""confirmedMinBandRatio"":0.011516,""confirmedSpectralNoveltyMinBins"":13,""cooldownOverrideFactor"":2.211308,""cooldownOverrideMinFlux"":0.027769,""cooldownOverrideMinBandRatio"":0.076982,""analyzeIntervalMs"":41}"
371,r013-0063-3fdb5aac,13,14,2,1,12,0,0,145,"{""relativeReattackFactor"":3.439805,""relativeReattackMinDelta"":0.007051,""relativeFluxFactor"":1.490625,""spectralNoveltyRatio"":3.863489,""spectralNoveltyMinBins"":25,""cooldownFrames"":3,""confirmedRmsFactor"":1.520623,""confirmedRmsMinDelta"":0.007617,""confirmedFluxFactor"":2.107127,""confirmedMinFlux"":0.003756,""confirmedMinBandRatio"":0.013751,""confirmedSpectralNoveltyMinBins"":13,""cooldownOverrideFactor"":2.032994,""cooldownOverrideMinFlux"":0.029042,""cooldownOverrideMinBandRatio"":0.07926,""analyzeIntervalMs"":41}"
372,r013-0067-f903dac4,13,14,2,1,12,0,0,144,"{""relativeReattackFactor"":3.483034,""relativeReattackMinDelta"":0.004434,""relativeFluxFactor"":1.480474,""spectralNoveltyRatio"":4.212136,""spectralNoveltyMinBins"":25,""cooldownFrames"":3,""confirmedRmsFactor"":1.603067,""confirmedRmsMinDelta"":0.007462,""confirmedFluxFactor"":2.221635,""confirmedMinFlux"":0.005575,""confirmedMinBandRatio"":0.016862,""confirmedSpectralNoveltyMinBins"":10,""cooldownOverrideFactor"":2.414963,""cooldownOverrideMinFlux"":0.028638,""cooldownOverrideMinBandRatio"":0.076042,""analyzeIntervalMs"":41}"
373,r014-0019-41b53e73,14,14,2,1,12,0,0,145,"{""relativeReattackFactor"":3.484644,""relativeReattackMinDelta"":0.005325,""relativeFluxFactor"":1.471822,""spectralNoveltyRatio"":3.950857,""spectralNoveltyMinBins"":25,""cooldownFrames"":3,""confirmedRmsFactor"":1.571792,""confirmedRmsMinDelta"":0.008291,""confirmedFluxFactor"":2.09212,""confirmedMinFlux"":0.005212,""confirmedMinBandRatio"":0.010996,""confirmedSpectralNoveltyMinBins"":13,""cooldownOverrideFactor"":2.262041,""cooldownOverrideMinFlux"":0.029585,""cooldownOverrideMinBandRatio"":0.081525,""analyzeIntervalMs"":41}"
374,r014-0023-29a7ffff,14,14,2,1,12,0,0,145,"{""relativeReattackFactor"":3.440949,""relativeReattackMinDelta"":0.006415,""relativeFluxFactor"":1.462249,""spectralNoveltyRatio"":3.851383,""spectralNoveltyMinBins"":24,""cooldownFrames"":3,""confirmedRmsFactor"":1.522362,""confirmedRmsMinDelta"":0.007539,""confirmedFluxFactor"":2.14861,""confirmedMinFlux"":0.003035,""confirmedMinBandRatio"":0.012266,""confirmedSpectralNoveltyMinBins"":14,""cooldownOverrideFactor"":2.167451,""cooldownOverrideMinFlux"":0.03,""cooldownOverrideMinBandRatio"":0.079231,""analyzeIntervalMs"":41}"
375,r015-0015-004c3d3f,15,14,2,1,12,0,0,145,"{""relativeReattackFactor"":3.468744,""relativeReattackMinDelta"":0.00435,""relativeFluxFactor"":1.424459,""spectralNoveltyRatio"":3.802199,""spectralNoveltyMinBins"":25,""cooldownFrames"":3,""confirmedRmsFactor"":1.635963,""confirmedRmsMinDelta"":0.007143,""confirmedFluxFactor"":2.028942,""confirmedMinFlux"":0.003891,""confirmedMinBandRatio"":0.014168,""confirmedSpectralNoveltyMinBins"":11,""cooldownOverrideFactor"":2.171942,""cooldownOverrideMinFlux"":0.0293,""cooldownOverrideMinBandRatio"":0.080911,""analyzeIntervalMs"":41}"
376,r015-0040-5985b5cc,15,14,2,1,12,0,0,145,"{""relativeReattackFactor"":3.421605,""relativeReattackMinDelta"":0.004854,""relativeFluxFactor"":1.450512,""spectralNoveltyRatio"":3.866194,""spectralNoveltyMinBins"":25,""cooldownFrames"":3,""confirmedRmsFactor"":1.582664,""confirmedRmsMinDelta"":0.007376,""confirmedFluxFactor"":2.116237,""confirmedMinFlux"":0.004488,""confirmedMinBandRatio"":0.012312,""confirmedSpectralNoveltyMinBins"":12,""cooldownOverrideFactor"":2.301377,""cooldownOverrideMinFlux"":0.028965,""cooldownOverrideMinBandRatio"":0.082332,""analyzeIntervalMs"":41}"
377,r002-0007-1f2ee0f9,2,14,3,0,25,0,1,162,"{""relativeReattackFactor"":3.031749,""relativeReattackMinDelta"":0.005737,""relativeFluxFactor"":1.4,""spectralNoveltyRatio"":4.185786,""spectralNoveltyMinBins"":8,""cooldownFrames"":3,""confirmedRmsFactor"":1.705479,""confirmedRmsMinDelta"":0.007867,""confirmedFluxFactor"":1.92268,""confirmedMinFlux"":0.00703,""confirmedMinBandRatio"":0.013346,""confirmedSpectralNoveltyMinBins"":5,""cooldownOverrideFactor"":1.831639,""cooldownOverrideMinFlux"":0.022324,""cooldownOverrideMinBandRatio"":0.088407,""analyzeIntervalMs"":41}"
378,r010-0040-a6de8fe0,10,13,2,1,12,0,0,145,"{""relativeReattackFactor"":3.513207,""relativeReattackMinDelta"":0.004636,""relativeFluxFactor"":1.47829,""spectralNoveltyRatio"":4.09989,""spectralNoveltyMinBins"":23,""cooldownFrames"":3,""confirmedRmsFactor"":1.532362,""confirmedRmsMinDelta"":0.007434,""confirmedFluxFactor"":2.118093,""confirmedMinFlux"":0.004605,""confirmedMinBandRatio"":0.012877,""confirmedSpectralNoveltyMinBins"":11,""cooldownOverrideFactor"":1.940638,""cooldownOverrideMinFlux"":0.028013,""cooldownOverrideMinBandRatio"":0.077851,""analyzeIntervalMs"":41}"
379,r010-0060-1259e537,10,13,2,1,12,0,0,145,"{""relativeReattackFactor"":3.521482,""relativeReattackMinDelta"":0.004081,""relativeFluxFactor"":1.47764,""spectralNoveltyRatio"":4.074053,""spectralNoveltyMinBins"":23,""cooldownFrames"":3,""confirmedRmsFactor"":1.540408,""confirmedRmsMinDelta"":0.007384,""confirmedFluxFactor"":2.184218,""confirmedMinFlux"":0.005171,""confirmedMinBandRatio"":0.012849,""confirmedSpectralNoveltyMinBins"":11,""cooldownOverrideFactor"":2.126274,""cooldownOverrideMinFlux"":0.02912,""cooldownOverrideMinBandRatio"":0.076474,""analyzeIntervalMs"":41}"
380,r010-0075-6f4684f0,10,13,2,1,12,0,0,145,"{""relativeReattackFactor"":3.543553,""relativeReattackMinDelta"":0.004507,""relativeFluxFactor"":1.452542,""spectralNoveltyRatio"":3.872881,""spectralNoveltyMinBins"":23,""cooldownFrames"":3,""confirmedRmsFactor"":1.533273,""confirmedRmsMinDelta"":0.007439,""confirmedFluxFactor"":2.164152,""confirmedMinFlux"":0.004327,""confirmedMinBandRatio"":0.015679,""confirmedSpectralNoveltyMinBins"":10,""cooldownOverrideFactor"":2.168959,""cooldownOverrideMinFlux"":0.029015,""cooldownOverrideMinBandRatio"":0.079191,""analyzeIntervalMs"":41}"
381,r007-0017-790f5b0d,7,13,2,1,13,0,0,146,"{""relativeReattackFactor"":3.076092,""relativeReattackMinDelta"":0.005865,""relativeFluxFactor"":1.436353,""spectralNoveltyRatio"":3.92178,""spectralNoveltyMinBins"":27,""cooldownFrames"":3,""confirmedRmsFactor"":1.728252,""confirmedRmsMinDelta"":0.007779,""confirmedFluxFactor"":2.229971,""confirmedMinFlux"":0.003,""confirmedMinBandRatio"":0.012168,""confirmedSpectralNoveltyMinBins"":9,""cooldownOverrideFactor"":1.861206,""cooldownOverrideMinFlux"":0.029466,""cooldownOverrideMinBandRatio"":0.081001,""analyzeIntervalMs"":41}"
382,r009-0006-b38f947d,9,13,2,1,13,0,0,146,"{""relativeReattackFactor"":3.285603,""relativeReattackMinDelta"":0.004245,""relativeFluxFactor"":1.488358,""spectralNoveltyRatio"":4.171664,""spectralNoveltyMinBins"":24,""cooldownFrames"":3,""confirmedRmsFactor"":1.544182,""confirmedRmsMinDelta"":0.007728,""confirmedFluxFactor"":2.135657,""confirmedMinFlux"":0.003805,""confirmedMinBandRatio"":0.013539,""confirmedSpectralNoveltyMinBins"":10,""cooldownOverrideFactor"":2.342534,""cooldownOverrideMinFlux"":0.02961,""cooldownOverrideMinBandRatio"":0.078582,""analyzeIntervalMs"":41}"
383,r009-0033-aaccb4e5,9,13,2,1,13,0,0,146,"{""relativeReattackFactor"":3.094022,""relativeReattackMinDelta"":0.005135,""relativeFluxFactor"":1.428725,""spectralNoveltyRatio"":3.612867,""spectralNoveltyMinBins"":27,""cooldownFrames"":3,""confirmedRmsFactor"":1.688587,""confirmedRmsMinDelta"":0.007158,""confirmedFluxFactor"":2.078968,""confirmedMinFlux"":0.003,""confirmedMinBandRatio"":0.010002,""confirmedSpectralNoveltyMinBins"":10,""cooldownOverrideFactor"":1.972722,""cooldownOverrideMinFlux"":0.03,""cooldownOverrideMinBandRatio"":0.08565,""analyzeIntervalMs"":41}"
384,r009-0059-f8e888be,9,13,2,1,13,0,0,146,"{""relativeReattackFactor"":3.191563,""relativeReattackMinDelta"":0.005661,""relativeFluxFactor"":1.427032,""spectralNoveltyRatio"":3.989345,""spectralNoveltyMinBins"":26,""cooldownFrames"":3,""confirmedRmsFactor"":1.568793,""confirmedRmsMinDelta"":0.008663,""confirmedFluxFactor"":2.083829,""confirmedMinFlux"":0.003006,""confirmedMinBandRatio"":0.014135,""confirmedSpectralNoveltyMinBins"":12,""cooldownOverrideFactor"":1.991473,""cooldownOverrideMinFlux"":0.027959,""cooldownOverrideMinBandRatio"":0.087838,""analyzeIntervalMs"":41}"
385,r009-0063-dd3b1ee6,9,13,2,1,13,0,0,146,"{""relativeReattackFactor"":3.089854,""relativeReattackMinDelta"":0.005032,""relativeFluxFactor"":1.461875,""spectralNoveltyRatio"":3.645682,""spectralNoveltyMinBins"":28,""cooldownFrames"":3,""confirmedRmsFactor"":1.631751,""confirmedRmsMinDelta"":0.007052,""confirmedFluxFactor"":2.063111,""confirmedMinFlux"":0.003,""confirmedMinBandRatio"":0.009303,""confirmedSpectralNoveltyMinBins"":9,""cooldownOverrideFactor"":1.922727,""cooldownOverrideMinFlux"":0.029253,""cooldownOverrideMinBandRatio"":0.082629,""analyzeIntervalMs"":41}"
386,r009-0065-265504fc,9,13,2,1,13,0,0,145,"{""relativeReattackFactor"":3.10383,""relativeReattackMinDelta"":0.006169,""relativeFluxFactor"":1.446205,""spectralNoveltyRatio"":4.081798,""spectralNoveltyMinBins"":26,""cooldownFrames"":3,""confirmedRmsFactor"":1.670755,""confirmedRmsMinDelta"":0.008457,""confirmedFluxFactor"":2.22082,""confirmedMinFlux"":0.004253,""confirmedMinBandRatio"":0.014457,""confirmedSpectralNoveltyMinBins"":8,""cooldownOverrideFactor"":1.8,""cooldownOverrideMinFlux"":0.029764,""cooldownOverrideMinBandRatio"":0.081638,""analyzeIntervalMs"":41}"
387,r010-0011-1e5b93aa,10,13,2,1,13,0,0,146,"{""relativeReattackFactor"":3.309222,""relativeReattackMinDelta"":0.005309,""relativeFluxFactor"":1.454479,""spectralNoveltyRatio"":4.298082,""spectralNoveltyMinBins"":24,""cooldownFrames"":3,""confirmedRmsFactor"":1.529604,""confirmedRmsMinDelta"":0.008174,""confirmedFluxFactor"":2.071096,""confirmedMinFlux"":0.004272,""confirmedMinBandRatio"":0.014118,""confirmedSpectralNoveltyMinBins"":11,""cooldownOverrideFactor"":2.367511,""cooldownOverrideMinFlux"":0.028406,""cooldownOverrideMinBandRatio"":0.08017,""analyzeIntervalMs"":41}"
388,r006-0043-d9041cae,6,12,2,1,14,0,0,147,"{""relativeReattackFactor"":3.129713,""relativeReattackMinDelta"":0.004519,""relativeFluxFactor"":1.444688,""spectralNoveltyRatio"":3.896878,""spectralNoveltyMinBins"":24,""cooldownFrames"":3,""confirmedRmsFactor"":1.641728,""confirmedRmsMinDelta"":0.008633,""confirmedFluxFactor"":1.990741,""confirmedMinFlux"":0.003,""confirmedMinBandRatio"":0.013297,""confirmedSpectralNoveltyMinBins"":10,""cooldownOverrideFactor"":2.28518,""cooldownOverrideMinFlux"":0.027845,""cooldownOverrideMinBandRatio"":0.078114,""analyzeIntervalMs"":41}"
389,r008-0006-a5aed04f,8,10,2,1,13,0,0,146,"{""relativeReattackFactor"":3.39834,""relativeReattackMinDelta"":0.005588,""relativeFluxFactor"":1.472357,""spectralNoveltyRatio"":3.959953,""spectralNoveltyMinBins"":22,""cooldownFrames"":3,""confirmedRmsFactor"":1.566983,""confirmedRmsMinDelta"":0.007517,""confirmedFluxFactor"":2.164468,""confirmedMinFlux"":0.003905,""confirmedMinBandRatio"":0.011866,""confirmedSpectralNoveltyMinBins"":12,""cooldownOverrideFactor"":2.07767,""cooldownOverrideMinFlux"":0.02857,""cooldownOverrideMinBandRatio"":0.079339,""analyzeIntervalMs"":41}"
390,r008-0025-ae7fa2a5,8,10,2,1,14,0,0,146,"{""relativeReattackFactor"":2.945358,""relativeReattackMinDelta"":0.006272,""relativeFluxFactor"":1.444088,""spectralNoveltyRatio"":4.122211,""spectralNoveltyMinBins"":27,""cooldownFrames"":3,""confirmedRmsFactor"":1.684552,""confirmedRmsMinDelta"":0.007913,""confirmedFluxFactor"":2.237672,""confirmedMinFlux"":0.003199,""confirmedMinBandRatio"":0.010839,""confirmedSpectralNoveltyMinBins"":10,""cooldownOverrideFactor"":1.8,""cooldownOverrideMinFlux"":0.03,""cooldownOverrideMinBandRatio"":0.086333,""analyzeIntervalMs"":41}"
391,r008-0072-907ac57d,8,10,2,1,14,0,0,147,"{""relativeReattackFactor"":2.95322,""relativeReattackMinDelta"":0.004587,""relativeFluxFactor"":1.456159,""spectralNoveltyRatio"":3.939767,""spectralNoveltyMinBins"":26,""cooldownFrames"":3,""confirmedRmsFactor"":1.655531,""confirmedRmsMinDelta"":0.00767,""confirmedFluxFactor"":2.037679,""confirmedMinFlux"":0.003737,""confirmedMinBandRatio"":0.007718,""confirmedSpectralNoveltyMinBins"":11,""cooldownOverrideFactor"":1.839661,""cooldownOverrideMinFlux"":0.03,""cooldownOverrideMinBandRatio"":0.088719,""analyzeIntervalMs"":41}"
392,r009-0023-aa2504e9,9,10,2,1,14,0,0,147,"{""relativeReattackFactor"":2.9502,""relativeReattackMinDelta"":0.00445,""relativeFluxFactor"":1.464548,""spectralNoveltyRatio"":3.590735,""spectralNoveltyMinBins"":28,""cooldownFrames"":3,""confirmedRmsFactor"":1.649373,""confirmedRmsMinDelta"":0.007487,""confirmedFluxFactor"":2.102318,""confirmedMinFlux"":0.003,""confirmedMinBandRatio"":0.007876,""confirmedSpectralNoveltyMinBins"":9,""cooldownOverrideFactor"":1.862378,""cooldownOverrideMinFlux"":0.028962,""cooldownOverrideMinBandRatio"":0.083878,""analyzeIntervalMs"":41}"
393,r008-0078-dd7c9683,8,9,2,1,14,0,0,148,"{""relativeReattackFactor"":3.300057,""relativeReattackMinDelta"":0.005618,""relativeFluxFactor"":1.48823,""spectralNoveltyRatio"":3.736201,""spectralNoveltyMinBins"":21,""cooldownFrames"":3,""confirmedRmsFactor"":1.581734,""confirmedRmsMinDelta"":0.007966,""confirmedFluxFactor"":2.154908,""confirmedMinFlux"":0.003559,""confirmedMinBandRatio"":0.011301,""confirmedSpectralNoveltyMinBins"":12,""cooldownOverrideFactor"":2.02365,""cooldownOverrideMinFlux"":0.029547,""cooldownOverrideMinBandRatio"":0.086024,""analyzeIntervalMs"":41}"
394,r009-0047-3a197031,9,9,2,1,14,0,0,147,"{""relativeReattackFactor"":3.277914,""relativeReattackMinDelta"":0.005435,""relativeFluxFactor"":1.465822,""spectralNoveltyRatio"":4.084955,""spectralNoveltyMinBins"":23,""cooldownFrames"":3,""confirmedRmsFactor"":1.597274,""confirmedRmsMinDelta"":0.008271,""confirmedFluxFactor"":2.120705,""confirmedMinFlux"":0.003678,""confirmedMinBandRatio"":0.01219,""confirmedSpectralNoveltyMinBins"":13,""cooldownOverrideFactor"":2.159614,""cooldownOverrideMinFlux"":0.029198,""cooldownOverrideMinBandRatio"":0.076772,""analyzeIntervalMs"":41}"
395,r004-0033-8875775b,4,9,3,0,21,0,2,157,"{""relativeReattackFactor"":2.914952,""relativeReattackMinDelta"":0.005897,""relativeFluxFactor"":1.4,""spectralNoveltyRatio"":4.76524,""spectralNoveltyMinBins"":16,""cooldownFrames"":3,""confirmedRmsFactor"":1.931672,""confirmedRmsMinDelta"":0.007955,""confirmedFluxFactor"":1.782442,""confirmedMinFlux"":0.004695,""confirmedMinBandRatio"":0.006,""confirmedSpectralNoveltyMinBins"":2,""cooldownOverrideFactor"":1.8,""cooldownOverrideMinFlux"":0.020163,""cooldownOverrideMinBandRatio"":0.086688,""analyzeIntervalMs"":41}"
396,r007-0009-325b5dde,7,8,2,1,15,0,0,149,"{""relativeReattackFactor"":3.052262,""relativeReattackMinDelta"":0.004,""relativeFluxFactor"":1.449738,""spectralNoveltyRatio"":3.950498,""spectralNoveltyMinBins"":20,""cooldownFrames"":3,""confirmedRmsFactor"":1.625145,""confirmedRmsMinDelta"":0.008392,""confirmedFluxFactor"":2.19581,""confirmedMinFlux"":0.004638,""confirmedMinBandRatio"":0.014501,""confirmedSpectralNoveltyMinBins"":10,""cooldownOverrideFactor"":1.958805,""cooldownOverrideMinFlux"":0.027395,""cooldownOverrideMinBandRatio"":0.086191,""analyzeIntervalMs"":41}"
397,r007-0024-d032525f,7,8,2,1,15,0,0,148,"{""relativeReattackFactor"":3.027255,""relativeReattackMinDelta"":0.004,""relativeFluxFactor"":1.4493,""spectralNoveltyRatio"":3.929686,""spectralNoveltyMinBins"":23,""cooldownFrames"":3,""confirmedRmsFactor"":1.628414,""confirmedRmsMinDelta"":0.008289,""confirmedFluxFactor"":2.196149,""confirmedMinFlux"":0.004281,""confirmedMinBandRatio"":0.018131,""confirmedSpectralNoveltyMinBins"":8,""cooldownOverrideFactor"":1.8,""cooldownOverrideMinFlux"":0.028154,""cooldownOverrideMinBandRatio"":0.085266,""analyzeIntervalMs"":41}"
398,r003-0042-dcb6274c,3,8,3,3,10,1,0,137,"{""relativeReattackFactor"":4,""relativeReattackMinDelta"":0.017912,""relativeFluxFactor"":1.4,""spectralNoveltyRatio"":4.355,""spectralNoveltyMinBins"":19,""cooldownFrames"":4,""confirmedRmsFactor"":1.762909,""confirmedRmsMinDelta"":0.002168,""confirmedFluxFactor"":1.672858,""confirmedMinFlux"":0.019477,""confirmedMinBandRatio"":0.024617,""confirmedSpectralNoveltyMinBins"":32,""cooldownOverrideFactor"":3.873,""cooldownOverrideMinFlux"":0.004,""cooldownOverrideMinBandRatio"":0.077806,""analyzeIntervalMs"":46}"
399,r004-0009-c29c88cd,4,6,2,1,14,0,0,146,"{""relativeReattackFactor"":2.941704,""relativeReattackMinDelta"":0.016584,""relativeFluxFactor"":1.408035,""spectralNoveltyRatio"":2.278099,""spectralNoveltyMinBins"":22,""cooldownFrames"":4,""confirmedRmsFactor"":1.342582,""confirmedRmsMinDelta"":0.004399,""confirmedFluxFactor"":1.871579,""confirmedMinFlux"":0.013214,""confirmedMinBandRatio"":0.022648,""confirmedSpectralNoveltyMinBins"":25,""cooldownOverrideFactor"":4.198437,""cooldownOverrideMinFlux"":0.008377,""cooldownOverrideMinBandRatio"":0.09,""analyzeIntervalMs"":40}"
400,r007-0010-97384d01,7,5,2,1,15,0,0,150,"{""relativeReattackFactor"":3.313438,""relativeReattackMinDelta"":0.004956,""relativeFluxFactor"":1.45935,""spectralNoveltyRatio"":4.219447,""spectralNoveltyMinBins"":19,""cooldownFrames"":3,""confirmedRmsFactor"":1.544464,""confirmedRmsMinDelta"":0.007733,""confirmedFluxFactor"":2.013621,""confirmedMinFlux"":0.003353,""confirmedMinBandRatio"":0.012729,""confirmedSpectralNoveltyMinBins"":12,""cooldownOverrideFactor"":1.93886,""cooldownOverrideMinFlux"":0.028109,""cooldownOverrideMinBandRatio"":0.084468,""analyzeIntervalMs"":41}"
401,r007-0026-8d800e4b,7,5,2,1,16,0,0,149,"{""relativeReattackFactor"":2.932615,""relativeReattackMinDelta"":0.006513,""relativeFluxFactor"":1.47123,""spectralNoveltyRatio"":3.701374,""spectralNoveltyMinBins"":23,""cooldownFrames"":3,""confirmedRmsFactor"":1.749492,""confirmedRmsMinDelta"":0.008881,""confirmedFluxFactor"":2.081948,""confirmedMinFlux"":0.003598,""confirmedMinBandRatio"":0.015875,""confirmedSpectralNoveltyMinBins"":12,""cooldownOverrideFactor"":1.887001,""cooldownOverrideMinFlux"":0.0277,""cooldownOverrideMinBandRatio"":0.078438,""analyzeIntervalMs"":41}"
402,r008-0014-9017c513,8,5,2,1,16,0,0,149,"{""relativeReattackFactor"":2.994594,""relativeReattackMinDelta"":0.004918,""relativeFluxFactor"":1.483059,""spectralNoveltyRatio"":3.722281,""spectralNoveltyMinBins"":22,""cooldownFrames"":3,""confirmedRmsFactor"":1.755604,""confirmedRmsMinDelta"":0.008579,""confirmedFluxFactor"":2.135521,""confirmedMinFlux"":0.003097,""confirmedMinBandRatio"":0.015501,""confirmedSpectralNoveltyMinBins"":11,""cooldownOverrideFactor"":1.878751,""cooldownOverrideMinFlux"":0.027878,""cooldownOverrideMinBandRatio"":0.080923,""analyzeIntervalMs"":41}"
403,r004-0036-471703cd,4,5,3,0,22,0,2,159,"{""relativeReattackFactor"":2.732299,""relativeReattackMinDelta"":0.004918,""relativeFluxFactor"":1.4,""spectralNoveltyRatio"":3.331154,""spectralNoveltyMinBins"":16,""cooldownFrames"":3,""confirmedRmsFactor"":1.774129,""confirmedRmsMinDelta"":0.009817,""confirmedFluxFactor"":1.979096,""confirmedMinFlux"":0.004373,""confirmedMinBandRatio"":0.013113,""confirmedSpectralNoveltyMinBins"":8,""cooldownOverrideFactor"":1.8,""cooldownOverrideMinFlux"":0.024178,""cooldownOverrideMinBandRatio"":0.088229,""analyzeIntervalMs"":41}"
404,r005-0064-f8d6e579,5,5,3,0,22,0,2,158,"{""relativeReattackFactor"":2.884203,""relativeReattackMinDelta"":0.004,""relativeFluxFactor"":1.4,""spectralNoveltyRatio"":3.520089,""spectralNoveltyMinBins"":18,""cooldownFrames"":3,""confirmedRmsFactor"":1.571388,""confirmedRmsMinDelta"":0.008844,""confirmedFluxFactor"":2.04233,""confirmedMinFlux"":0.004667,""confirmedMinBandRatio"":0.01649,""confirmedSpectralNoveltyMinBins"":8,""cooldownOverrideFactor"":1.8,""cooldownOverrideMinFlux"":0.026285,""cooldownOverrideMinBandRatio"":0.09,""analyzeIntervalMs"":41}"
405,r018-0063-4cce16f9,18,4,2,1,16,0,0,151,"{""relativeReattackFactor"":3.251593,""relativeReattackMinDelta"":0.008257,""relativeFluxFactor"":1.4,""spectralNoveltyRatio"":4.203878,""spectralNoveltyMinBins"":19,""cooldownFrames"":3,""confirmedRmsFactor"":1.509499,""confirmedRmsMinDelta"":0.0062,""confirmedFluxFactor"":2.111357,""confirmedMinFlux"":0.003,""confirmedMinBandRatio"":0.01206,""confirmedSpectralNoveltyMinBins"":14,""cooldownOverrideFactor"":1.884842,""cooldownOverrideMinFlux"":0.027971,""cooldownOverrideMinBandRatio"":0.079056,""analyzeIntervalMs"":41}"
406,r017-0035-2abdd80f,17,2,2,1,16,0,0,152,"{""relativeReattackFactor"":4,""relativeReattackMinDelta"":0.004,""relativeFluxFactor"":1.4,""spectralNoveltyRatio"":4.940875,""spectralNoveltyMinBins"":11,""cooldownFrames"":2,""confirmedRmsFactor"":1.492168,""confirmedRmsMinDelta"":0.010788,""confirmedFluxFactor"":2.047173,""confirmedMinFlux"":0.003,""confirmedMinBandRatio"":0.024079,""confirmedSpectralNoveltyMinBins"":17,""cooldownOverrideFactor"":2.623983,""cooldownOverrideMinFlux"":0.025594,""cooldownOverrideMinBandRatio"":0.069065,""analyzeIntervalMs"":41}"
407,r006-0032-07b061de,6,0,2,1,17,0,0,152,"{""relativeReattackFactor"":3.125691,""relativeReattackMinDelta"":0.005276,""relativeFluxFactor"":1.478966,""spectralNoveltyRatio"":3.636326,""spectralNoveltyMinBins"":19,""cooldownFrames"":3,""confirmedRmsFactor"":1.728426,""confirmedRmsMinDelta"":0.007666,""confirmedFluxFactor"":2.231209,""confirmedMinFlux"":0.003765,""confirmedMinBandRatio"":0.01958,""confirmedSpectralNoveltyMinBins"":8,""cooldownOverrideFactor"":1.905073,""cooldownOverrideMinFlux"":0.025659,""cooldownOverrideMinBandRatio"":0.082346,""analyzeIntervalMs"":41}"
408,r018-0018-04738aec,18,-2,2,1,17,0,0,152,"{""relativeReattackFactor"":3.483152,""relativeReattackMinDelta"":0.007285,""relativeFluxFactor"":1.4,""spectralNoveltyRatio"":4.662057,""spectralNoveltyMinBins"":16,""cooldownFrames"":3,""confirmedRmsFactor"":1.714843,""confirmedRmsMinDelta"":0.00668,""confirmedFluxFactor"":2.012146,""confirmedMinFlux"":0.004568,""confirmedMinBandRatio"":0.020843,""confirmedSpectralNoveltyMinBins"":6,""cooldownOverrideFactor"":2.597257,""cooldownOverrideMinFlux"":0.029376,""cooldownOverrideMinBandRatio"":0.080329,""analyzeIntervalMs"":41}"
409,r017-0075-a6a49309,17,-5,2,2,19,0,0,148,"{""relativeReattackFactor"":3.892386,""relativeReattackMinDelta"":0.004,""relativeFluxFactor"":1.4,""spectralNoveltyRatio"":3.162659,""spectralNoveltyMinBins"":22,""cooldownFrames"":3,""confirmedRmsFactor"":1.791107,""confirmedRmsMinDelta"":0.010675,""confirmedFluxFactor"":2.393485,""confirmedMinFlux"":0.005123,""confirmedMinBandRatio"":0.011488,""confirmedSpectralNoveltyMinBins"":10,""cooldownOverrideFactor"":1.8,""cooldownOverrideMinFlux"":0.03,""cooldownOverrideMinBandRatio"":0.09,""analyzeIntervalMs"":33}"
410,r004-0019-43685259,4,-6,2,1,19,0,0,152,"{""relativeReattackFactor"":2.456644,""relativeReattackMinDelta"":0.015474,""relativeFluxFactor"":1.4,""spectralNoveltyRatio"":2.088476,""spectralNoveltyMinBins"":22,""cooldownFrames"":4,""confirmedRmsFactor"":1.171842,""confirmedRmsMinDelta"":0.004651,""confirmedFluxFactor"":1.992898,""confirmedMinFlux"":0.012454,""confirmedMinBandRatio"":0.030227,""confirmedSpectralNoveltyMinBins"":19,""cooldownOverrideFactor"":4.201338,""cooldownOverrideMinFlux"":0.008854,""cooldownOverrideMinBandRatio"":0.080629,""analyzeIntervalMs"":40}"
411,r016-0024-8dc13700,16,-7,2,1,19,0,0,155,"{""relativeReattackFactor"":3.637195,""relativeReattackMinDelta"":0.009233,""relativeFluxFactor"":1.4,""spectralNoveltyRatio"":3.447639,""spectralNoveltyMinBins"":14,""cooldownFrames"":2,""confirmedRmsFactor"":1.860693,""confirmedRmsMinDelta"":0.006851,""confirmedFluxFactor"":2.4,""confirmedMinFlux"":0.005097,""confirmedMinBandRatio"":0.017579,""confirmedSpectralNoveltyMinBins"":7,""cooldownOverrideFactor"":1.8,""cooldownOverrideMinFlux"":0.03,""cooldownOverrideMinBandRatio"":0.079763,""analyzeIntervalMs"":41}"
412,r011-0080-aeb3b9ce,11,-10,3,3,9,1,0,138,"{""relativeReattackFactor"":3.393568,""relativeReattackMinDelta"":0.005094,""relativeFluxFactor"":1.4,""spectralNoveltyRatio"":4.467574,""spectralNoveltyMinBins"":29,""cooldownFrames"":3,""confirmedRmsFactor"":1.535065,""confirmedRmsMinDelta"":0.007155,""confirmedFluxFactor"":2.05436,""confirmedMinFlux"":0.004029,""confirmedMinBandRatio"":0.018019,""confirmedSpectralNoveltyMinBins"":12,""cooldownOverrideFactor"":2.397785,""cooldownOverrideMinFlux"":0.027338,""cooldownOverrideMinBandRatio"":0.075478,""analyzeIntervalMs"":40}"
413,r016-0056-274d378c,16,-10,3,3,9,1,0,138,"{""relativeReattackFactor"":3.757578,""relativeReattackMinDelta"":0.004,""relativeFluxFactor"":1.4,""spectralNoveltyRatio"":4.610713,""spectralNoveltyMinBins"":29,""cooldownFrames"":3,""confirmedRmsFactor"":1.857611,""confirmedRmsMinDelta"":0.006216,""confirmedFluxFactor"":2.25951,""confirmedMinFlux"":0.009057,""confirmedMinBandRatio"":0.018669,""confirmedSpectralNoveltyMinBins"":4,""cooldownOverrideFactor"":2.668484,""cooldownOverrideMinFlux"":0.03,""cooldownOverrideMinBandRatio"":0.083538,""analyzeIntervalMs"":40}"
414,r004-0006-1afd4c42,4,-11,3,0,26,0,2,163,"{""relativeReattackFactor"":2.914128,""relativeReattackMinDelta"":0.004,""relativeFluxFactor"":1.4,""spectralNoveltyRatio"":3.040094,""spectralNoveltyMinBins"":14,""cooldownFrames"":3,""confirmedRmsFactor"":1.804391,""confirmedRmsMinDelta"":0.009762,""confirmedFluxFactor"":2.169562,""confirmedMinFlux"":0.004512,""confirmedMinBandRatio"":0.015044,""confirmedSpectralNoveltyMinBins"":10,""cooldownOverrideFactor"":1.8,""cooldownOverrideMinFlux"":0.027291,""cooldownOverrideMinBandRatio"":0.09,""analyzeIntervalMs"":41}"
415,r018-0041-a2967ccb,18,-12,2,3,6,1,0,133,"{""relativeReattackFactor"":3.576185,""relativeReattackMinDelta"":0.004,""relativeFluxFactor"":1.4,""spectralNoveltyRatio"":4.704822,""spectralNoveltyMinBins"":30,""cooldownFrames"":4,""confirmedRmsFactor"":1.661581,""confirmedRmsMinDelta"":0.006941,""confirmedFluxFactor"":1.613183,""confirmedMinFlux"":0.003,""confirmedMinBandRatio"":0.024158,""confirmedSpectralNoveltyMinBins"":17,""cooldownOverrideFactor"":3.720269,""cooldownOverrideMinFlux"":0.024393,""cooldownOverrideMinBandRatio"":0.056034,""analyzeIntervalMs"":41}"
416,r006-0009-1a96c942,6,-14,2,1,21,0,0,154,"{""relativeReattackFactor"":3.091899,""relativeReattackMinDelta"":0.004665,""relativeFluxFactor"":1.4,""spectralNoveltyRatio"":3.566399,""spectralNoveltyMinBins"":18,""cooldownFrames"":3,""confirmedRmsFactor"":1.660728,""confirmedRmsMinDelta"":0.009085,""confirmedFluxFactor"":2.081199,""confirmedMinFlux"":0.004188,""confirmedMinBandRatio"":0.017768,""confirmedSpectralNoveltyMinBins"":6,""cooldownOverrideFactor"":1.852724,""cooldownOverrideMinFlux"":0.025748,""cooldownOverrideMinBandRatio"":0.087079,""analyzeIntervalMs"":40}"
417,r004-0001-ca5bc0bd,4,-14,3,0,27,0,2,164,"{""relativeReattackFactor"":2.884309,""relativeReattackMinDelta"":0.004005,""relativeFluxFactor"":1.4,""spectralNoveltyRatio"":3.477055,""spectralNoveltyMinBins"":10,""cooldownFrames"":3,""confirmedRmsFactor"":1.698969,""confirmedRmsMinDelta"":0.008533,""confirmedFluxFactor"":2.118438,""confirmedMinFlux"":0.005737,""confirmedMinBandRatio"":0.022016,""confirmedSpectralNoveltyMinBins"":7,""cooldownOverrideFactor"":1.876868,""cooldownOverrideMinFlux"":0.023771,""cooldownOverrideMinBandRatio"":0.09,""analyzeIntervalMs"":41}"
418,r004-0014-b00c4eac,4,-16,2,1,15,0,1,150,"{""relativeReattackFactor"":2.640354,""relativeReattackMinDelta"":0.014595,""relativeFluxFactor"":1.4,""spectralNoveltyRatio"":2.66846,""spectralNoveltyMinBins"":22,""cooldownFrames"":4,""confirmedRmsFactor"":1.170649,""confirmedRmsMinDelta"":0.002983,""confirmedFluxFactor"":1.917559,""confirmedMinFlux"":0.010386,""confirmedMinBandRatio"":0.021431,""confirmedSpectralNoveltyMinBins"":23,""cooldownOverrideFactor"":4.117739,""cooldownOverrideMinFlux"":0.009967,""cooldownOverrideMinBandRatio"":0.089328,""analyzeIntervalMs"":41}"
419,r009-0038-cbe0ed38,9,-16,3,3,11,1,0,140,"{""relativeReattackFactor"":3.120681,""relativeReattackMinDelta"":0.006021,""relativeFluxFactor"":1.4,""spectralNoveltyRatio"":3.699048,""spectralNoveltyMinBins"":30,""cooldownFrames"":3,""confirmedRmsFactor"":1.706779,""confirmedRmsMinDelta"":0.007459,""confirmedFluxFactor"":2.133113,""confirmedMinFlux"":0.003,""confirmedMinBandRatio"":0.010351,""confirmedSpectralNoveltyMinBins"":9,""cooldownOverrideFactor"":1.923817,""cooldownOverrideMinFlux"":0.029298,""cooldownOverrideMinBandRatio"":0.087701,""analyzeIntervalMs"":40}"
420,r005-0015-e6048d4b,5,-22,2,1,24,0,0,158,"{""relativeReattackFactor"":2.637691,""relativeReattackMinDelta"":0.005604,""relativeFluxFactor"":1.4,""spectralNoveltyRatio"":4.976023,""spectralNoveltyMinBins"":13,""cooldownFrames"":3,""confirmedRmsFactor"":1.834276,""confirmedRmsMinDelta"":0.00604,""confirmedFluxFactor"":1.705129,""confirmedMinFlux"":0.00488,""confirmedMinBandRatio"":0.008037,""confirmedSpectralNoveltyMinBins"":4,""cooldownOverrideFactor"":1.8,""cooldownOverrideMinFlux"":0.021684,""cooldownOverrideMinBandRatio"":0.086407,""analyzeIntervalMs"":40}"
421,r005-0016-2982d716,5,-26,2,1,18,0,1,153,"{""relativeReattackFactor"":3.16167,""relativeReattackMinDelta"":0.004,""relativeFluxFactor"":1.453462,""spectralNoveltyRatio"":3.48662,""spectralNoveltyMinBins"":18,""cooldownFrames"":3,""confirmedRmsFactor"":1.634943,""confirmedRmsMinDelta"":0.008587,""confirmedFluxFactor"":2.053413,""confirmedMinFlux"":0.004677,""confirmedMinBandRatio"":0.020088,""confirmedSpectralNoveltyMinBins"":8,""cooldownOverrideFactor"":1.968321,""cooldownOverrideMinFlux"":0.028813,""cooldownOverrideMinBandRatio"":0.082018,""analyzeIntervalMs"":41}"
422,r006-0064-93c97581,6,-26,2,1,18,0,1,153,"{""relativeReattackFactor"":3.124236,""relativeReattackMinDelta"":0.004418,""relativeFluxFactor"":1.451801,""spectralNoveltyRatio"":3.337757,""spectralNoveltyMinBins"":18,""cooldownFrames"":3,""confirmedRmsFactor"":1.7034,""confirmedRmsMinDelta"":0.009244,""confirmedFluxFactor"":1.995067,""confirmedMinFlux"":0.004559,""confirmedMinBandRatio"":0.018507,""confirmedSpectralNoveltyMinBins"":9,""cooldownOverrideFactor"":2.213608,""cooldownOverrideMinFlux"":0.024093,""cooldownOverrideMinBandRatio"":0.08676,""analyzeIntervalMs"":41}"
423,r017-0068-8fb70cae,17,-29,3,2,11,1,0,140,"{""relativeReattackFactor"":2.746414,""relativeReattackMinDelta"":0.008364,""relativeFluxFactor"":1.4,""spectralNoveltyRatio"":5.1069,""spectralNoveltyMinBins"":26,""cooldownFrames"":4,""confirmedRmsFactor"":1.513247,""confirmedRmsMinDelta"":0.007317,""confirmedFluxFactor"":1.720137,""confirmedMinFlux"":0.005812,""confirmedMinBandRatio"":0.01638,""confirmedSpectralNoveltyMinBins"":20,""cooldownOverrideFactor"":2.195739,""cooldownOverrideMinFlux"":0.029843,""cooldownOverrideMinBandRatio"":0.083841,""analyzeIntervalMs"":45}"
424,r007-0018-16ead52a,7,-30,1,2,12,0,0,142,"{""relativeReattackFactor"":3.084863,""relativeReattackMinDelta"":0.004582,""relativeFluxFactor"":1.4,""spectralNoveltyRatio"":4.123525,""spectralNoveltyMinBins"":32,""cooldownFrames"":3,""confirmedRmsFactor"":1.704039,""confirmedRmsMinDelta"":0.007439,""confirmedFluxFactor"":2.136401,""confirmedMinFlux"":0.003,""confirmedMinBandRatio"":0.013532,""confirmedSpectralNoveltyMinBins"":12,""cooldownOverrideFactor"":1.883801,""cooldownOverrideMinFlux"":0.029226,""cooldownOverrideMinBandRatio"":0.09,""analyzeIntervalMs"":41}"
425,r007-0068-1e0e7d9c,7,-30,1,2,12,0,0,142,"{""relativeReattackFactor"":3.027283,""relativeReattackMinDelta"":0.004651,""relativeFluxFactor"":1.435109,""spectralNoveltyRatio"":4.02093,""spectralNoveltyMinBins"":31,""cooldownFrames"":3,""confirmedRmsFactor"":1.707776,""confirmedRmsMinDelta"":0.007686,""confirmedFluxFactor"":2.074341,""confirmedMinFlux"":0.003638,""confirmedMinBandRatio"":0.00964,""confirmedSpectralNoveltyMinBins"":10,""cooldownOverrideFactor"":1.911737,""cooldownOverrideMinFlux"":0.028961,""cooldownOverrideMinBandRatio"":0.083773,""analyzeIntervalMs"":41}"
426,r016-0062-65f198a9,16,-34,2,3,9,1,0,135,"{""relativeReattackFactor"":3.983265,""relativeReattackMinDelta"":0.010299,""relativeFluxFactor"":1.4,""spectralNoveltyRatio"":4.252921,""spectralNoveltyMinBins"":26,""cooldownFrames"":3,""confirmedRmsFactor"":1.581306,""confirmedRmsMinDelta"":0.009422,""confirmedFluxFactor"":2.4,""confirmedMinFlux"":0.009961,""confirmedMinBandRatio"":0.011056,""confirmedSpectralNoveltyMinBins"":17,""cooldownOverrideFactor"":2.882243,""cooldownOverrideMinFlux"":0.021189,""cooldownOverrideMinBandRatio"":0.052786,""analyzeIntervalMs"":46}"
427,r006-0049-19a159a7,6,-37,2,1,21,0,1,157,"{""relativeReattackFactor"":3.0288,""relativeReattackMinDelta"":0.004977,""relativeFluxFactor"":1.478015,""spectralNoveltyRatio"":3.154272,""spectralNoveltyMinBins"":17,""cooldownFrames"":3,""confirmedRmsFactor"":1.72505,""confirmedRmsMinDelta"":0.008393,""confirmedFluxFactor"":1.941719,""confirmedMinFlux"":0.005929,""confirmedMinBandRatio"":0.016433,""confirmedSpectralNoveltyMinBins"":8,""cooldownOverrideFactor"":1.942631,""cooldownOverrideMinFlux"":0.026704,""cooldownOverrideMinBandRatio"":0.09,""analyzeIntervalMs"":41}"
428,r016-0057-8901918d,16,-39,2,3,10,1,0,136,"{""relativeReattackFactor"":3.354849,""relativeReattackMinDelta"":0.004,""relativeFluxFactor"":1.4,""spectralNoveltyRatio"":3.240331,""spectralNoveltyMinBins"":34,""cooldownFrames"":3,""confirmedRmsFactor"":1.897289,""confirmedRmsMinDelta"":0.005027,""confirmedFluxFactor"":2.4,""confirmedMinFlux"":0.009376,""confirmedMinBandRatio"":0.030626,""confirmedSpectralNoveltyMinBins"":13,""cooldownOverrideFactor"":1.808885,""cooldownOverrideMinFlux"":0.020475,""cooldownOverrideMinBandRatio"":0.079929,""analyzeIntervalMs"":46}"
429,r003-0064-5031bfa4,3,-39,3,2,14,1,0,144,"{""relativeReattackFactor"":4,""relativeReattackMinDelta"":0.017506,""relativeFluxFactor"":1.927915,""spectralNoveltyRatio"":4.181251,""spectralNoveltyMinBins"":18,""cooldownFrames"":3,""confirmedRmsFactor"":1.398826,""confirmedRmsMinDelta"":0.0099,""confirmedFluxFactor"":1.535774,""confirmedMinFlux"":0.018035,""confirmedMinBandRatio"":0.040769,""confirmedSpectralNoveltyMinBins"":20,""cooldownOverrideFactor"":3.023678,""cooldownOverrideMinFlux"":0.004,""cooldownOverrideMinBandRatio"":0.03243,""analyzeIntervalMs"":28}"
430,r007-0067-7ccf72ed,7,-40,1,2,14,0,0,146,"{""relativeReattackFactor"":2.911783,""relativeReattackMinDelta"":0.00476,""relativeFluxFactor"":1.4,""spectralNoveltyRatio"":4.301753,""spectralNoveltyMinBins"":24,""cooldownFrames"":3,""confirmedRmsFactor"":1.712265,""confirmedRmsMinDelta"":0.007823,""confirmedFluxFactor"":2.256583,""confirmedMinFlux"":0.003,""confirmedMinBandRatio"":0.014365,""confirmedSpectralNoveltyMinBins"":10,""cooldownOverrideFactor"":1.855626,""cooldownOverrideMinFlux"":0.029051,""cooldownOverrideMinBandRatio"":0.080679,""analyzeIntervalMs"":40}"
431,r007-0027-577b246f,7,-41,1,2,15,0,0,147,"{""relativeReattackFactor"":2.828058,""relativeReattackMinDelta"":0.005054,""relativeFluxFactor"":1.4,""spectralNoveltyRatio"":4.230947,""spectralNoveltyMinBins"":25,""cooldownFrames"":3,""confirmedRmsFactor"":1.769005,""confirmedRmsMinDelta"":0.007975,""confirmedFluxFactor"":2.257742,""confirmedMinFlux"":0.003,""confirmedMinBandRatio"":0.011069,""confirmedSpectralNoveltyMinBins"":11,""cooldownOverrideFactor"":1.8,""cooldownOverrideMinFlux"":0.029756,""cooldownOverrideMinBandRatio"":0.084694,""analyzeIntervalMs"":40}"
432,r007-0019-531d740d,7,-47,1,2,17,0,0,147,"{""relativeReattackFactor"":3.246698,""relativeReattackMinDelta"":0.004,""relativeFluxFactor"":1.4,""spectralNoveltyRatio"":3.857368,""spectralNoveltyMinBins"":19,""cooldownFrames"":3,""confirmedRmsFactor"":1.705317,""confirmedRmsMinDelta"":0.008127,""confirmedFluxFactor"":2.22459,""confirmedMinFlux"":0.004948,""confirmedMinBandRatio"":0.016888,""confirmedSpectralNoveltyMinBins"":10,""cooldownOverrideFactor"":2.000541,""cooldownOverrideMinFlux"":0.025707,""cooldownOverrideMinBandRatio"":0.082652,""analyzeIntervalMs"":40}"
433,r002-0068-35cd594d,2,-47,2,2,18,1,0,146,"{""relativeReattackFactor"":4,""relativeReattackMinDelta"":0.020342,""relativeFluxFactor"":1.4,""spectralNoveltyRatio"":3.905632,""spectralNoveltyMinBins"":27,""cooldownFrames"":3,""confirmedRmsFactor"":1.562917,""confirmedRmsMinDelta"":0.008226,""confirmedFluxFactor"":1.322833,""confirmedMinFlux"":0.019879,""confirmedMinBandRatio"":0.041013,""confirmedSpectralNoveltyMinBins"":25,""cooldownOverrideFactor"":3.096592,""cooldownOverrideMinFlux"":0.004,""cooldownOverrideMinBandRatio"":0.034738,""analyzeIntervalMs"":30}"
434,r003-0054-54fdbd0b,3,-49,2,1,25,0,1,157,"{""relativeReattackFactor"":4,""relativeReattackMinDelta"":0.018249,""relativeFluxFactor"":1.4,""spectralNoveltyRatio"":3.927695,""spectralNoveltyMinBins"":22,""cooldownFrames"":3,""confirmedRmsFactor"":1.421851,""confirmedRmsMinDelta"":0.008203,""confirmedFluxFactor"":1.107524,""confirmedMinFlux"":0.02,""confirmedMinBandRatio"":0.039553,""confirmedSpectralNoveltyMinBins"":28,""cooldownOverrideFactor"":3.201717,""cooldownOverrideMinFlux"":0.006575,""cooldownOverrideMinBandRatio"":0.034627,""analyzeIntervalMs"":31}"
435,r016-0069-d3830530,16,-50,3,2,18,1,0,148,"{""relativeReattackFactor"":3.998412,""relativeReattackMinDelta"":0.010522,""relativeFluxFactor"":1.4,""spectralNoveltyRatio"":3.259812,""spectralNoveltyMinBins"":21,""cooldownFrames"":3,""confirmedRmsFactor"":1.258662,""confirmedRmsMinDelta"":0.008239,""confirmedFluxFactor"":2.12194,""confirmedMinFlux"":0.003,""confirmedMinBandRatio"":0.006,""confirmedSpectralNoveltyMinBins"":13,""cooldownOverrideFactor"":1.8,""cooldownOverrideMinFlux"":0.02224,""cooldownOverrideMinBandRatio"":0.065242,""analyzeIntervalMs"":36}"
436,r013-0025-6e0c3533,13,-51,2,3,8,1,0,137,"{""relativeReattackFactor"":3.60647,""relativeReattackMinDelta"":0.004,""relativeFluxFactor"":1.450199,""spectralNoveltyRatio"":4.034593,""spectralNoveltyMinBins"":28,""cooldownFrames"":3,""confirmedRmsFactor"":1.623312,""confirmedRmsMinDelta"":0.007601,""confirmedFluxFactor"":2.119823,""confirmedMinFlux"":0.004544,""confirmedMinBandRatio"":0.012876,""confirmedSpectralNoveltyMinBins"":13,""cooldownOverrideFactor"":2.153085,""cooldownOverrideMinFlux"":0.029881,""cooldownOverrideMinBandRatio"":0.079208,""analyzeIntervalMs"":40}"
437,r014-0011-86502c67,14,-51,2,3,8,1,0,137,"{""relativeReattackFactor"":3.50102,""relativeReattackMinDelta"":0.004396,""relativeFluxFactor"":1.447522,""spectralNoveltyRatio"":4.087405,""spectralNoveltyMinBins"":28,""cooldownFrames"":3,""confirmedRmsFactor"":1.643231,""confirmedRmsMinDelta"":0.007619,""confirmedFluxFactor"":2.137785,""confirmedMinFlux"":0.003196,""confirmedMinBandRatio"":0.013101,""confirmedSpectralNoveltyMinBins"":13,""cooldownOverrideFactor"":2.219847,""cooldownOverrideMinFlux"":0.028838,""cooldownOverrideMinBandRatio"":0.076925,""analyzeIntervalMs"":40}"
438,r014-0054-bb9b5fa9,14,-51,2,3,8,1,0,137,"{""relativeReattackFactor"":3.60775,""relativeReattackMinDelta"":0.004883,""relativeFluxFactor"":1.452826,""spectralNoveltyRatio"":4.193947,""spectralNoveltyMinBins"":27,""cooldownFrames"":3,""confirmedRmsFactor"":1.613109,""confirmedRmsMinDelta"":0.007891,""confirmedFluxFactor"":2.159489,""confirmedMinFlux"":0.004306,""confirmedMinBandRatio"":0.011317,""confirmedSpectralNoveltyMinBins"":14,""cooldownOverrideFactor"":2.267687,""cooldownOverrideMinFlux"":0.029572,""cooldownOverrideMinBandRatio"":0.080836,""analyzeIntervalMs"":40}"
439,r014-0076-e6ee9854,14,-51,2,3,8,1,0,137,"{""relativeReattackFactor"":3.434673,""relativeReattackMinDelta"":0.004709,""relativeFluxFactor"":1.45206,""spectralNoveltyRatio"":4.192205,""spectralNoveltyMinBins"":27,""cooldownFrames"":3,""confirmedRmsFactor"":1.654249,""confirmedRmsMinDelta"":0.007492,""confirmedFluxFactor"":2.185312,""confirmedMinFlux"":0.00428,""confirmedMinBandRatio"":0.013566,""confirmedSpectralNoveltyMinBins"":12,""cooldownOverrideFactor"":2.104254,""cooldownOverrideMinFlux"":0.029129,""cooldownOverrideMinBandRatio"":0.080911,""analyzeIntervalMs"":40}"
440,r018-0061-3056a71e,18,-52,2,3,8,1,0,135,"{""relativeReattackFactor"":3.859052,""relativeReattackMinDelta"":0.006195,""relativeFluxFactor"":1.4,""spectralNoveltyRatio"":4.712964,""spectralNoveltyMinBins"":27,""cooldownFrames"":4,""confirmedRmsFactor"":1.63364,""confirmedRmsMinDelta"":0.006406,""confirmedFluxFactor"":1.937658,""confirmedMinFlux"":0.003,""confirmedMinBandRatio"":0.022289,""confirmedSpectralNoveltyMinBins"":20,""cooldownOverrideFactor"":3.25889,""cooldownOverrideMinFlux"":0.024936,""cooldownOverrideMinBandRatio"":0.078202,""analyzeIntervalMs"":40}"
441,r010-0019-8463e770,10,-52,2,3,9,1,0,138,"{""relativeReattackFactor"":3.5105,""relativeReattackMinDelta"":0.004269,""relativeFluxFactor"":1.444438,""spectralNoveltyRatio"":4.222354,""spectralNoveltyMinBins"":25,""cooldownFrames"":3,""confirmedRmsFactor"":1.505982,""confirmedRmsMinDelta"":0.007079,""confirmedFluxFactor"":2.115934,""confirmedMinFlux"":0.004738,""confirmedMinBandRatio"":0.015145,""confirmedSpectralNoveltyMinBins"":12,""cooldownOverrideFactor"":2.414104,""cooldownOverrideMinFlux"":0.028836,""cooldownOverrideMinBandRatio"":0.078682,""analyzeIntervalMs"":40}"
442,r010-0049-f44eb620,10,-52,2,3,9,1,0,138,"{""relativeReattackFactor"":3.376764,""relativeReattackMinDelta"":0.004922,""relativeFluxFactor"":1.460828,""spectralNoveltyRatio"":4.264754,""spectralNoveltyMinBins"":26,""cooldownFrames"":3,""confirmedRmsFactor"":1.452533,""confirmedRmsMinDelta"":0.007706,""confirmedFluxFactor"":2.174781,""confirmedMinFlux"":0.004405,""confirmedMinBandRatio"":0.014394,""confirmedSpectralNoveltyMinBins"":12,""cooldownOverrideFactor"":2.328743,""cooldownOverrideMinFlux"":0.029572,""cooldownOverrideMinBandRatio"":0.076668,""analyzeIntervalMs"":40}"
443,r011-0040-cccaa0d2,11,-52,2,3,9,1,0,138,"{""relativeReattackFactor"":3.365155,""relativeReattackMinDelta"":0.004745,""relativeFluxFactor"":1.455276,""spectralNoveltyRatio"":4.276707,""spectralNoveltyMinBins"":26,""cooldownFrames"":3,""confirmedRmsFactor"":1.472763,""confirmedRmsMinDelta"":0.007558,""confirmedFluxFactor"":2.148532,""confirmedMinFlux"":0.003625,""confirmedMinBandRatio"":0.018866,""confirmedSpectralNoveltyMinBins"":12,""cooldownOverrideFactor"":2.351283,""cooldownOverrideMinFlux"":0.028411,""cooldownOverrideMinBandRatio"":0.075952,""analyzeIntervalMs"":40}"
444,r012-0046-f38ac278,12,-52,2,3,9,1,0,138,"{""relativeReattackFactor"":3.460755,""relativeReattackMinDelta"":0.005795,""relativeFluxFactor"":1.44739,""spectralNoveltyRatio"":4.061623,""spectralNoveltyMinBins"":25,""cooldownFrames"":3,""confirmedRmsFactor"":1.62671,""confirmedRmsMinDelta"":0.00811,""confirmedFluxFactor"":2.116169,""confirmedMinFlux"":0.003802,""confirmedMinBandRatio"":0.01274,""confirmedSpectralNoveltyMinBins"":11,""cooldownOverrideFactor"":2.289509,""cooldownOverrideMinFlux"":0.028594,""cooldownOverrideMinBandRatio"":0.08058,""analyzeIntervalMs"":40}"
445,r015-0032-a89fd557,15,-52,2,3,9,1,0,138,"{""relativeReattackFactor"":3.530567,""relativeReattackMinDelta"":0.004586,""relativeFluxFactor"":1.460327,""spectralNoveltyRatio"":4.088403,""spectralNoveltyMinBins"":26,""cooldownFrames"":3,""confirmedRmsFactor"":1.527516,""confirmedRmsMinDelta"":0.007416,""confirmedFluxFactor"":2.202618,""confirmedMinFlux"":0.004833,""confirmedMinBandRatio"":0.017135,""confirmedSpectralNoveltyMinBins"":9,""cooldownOverrideFactor"":2.396499,""cooldownOverrideMinFlux"":0.027546,""cooldownOverrideMinBandRatio"":0.076382,""analyzeIntervalMs"":40}"
446,r004-0004-1e8f5d37,4,-52,2,3,10,1,0,140,"{""relativeReattackFactor"":2.898629,""relativeReattackMinDelta"":0.013895,""relativeFluxFactor"":1.4,""spectralNoveltyRatio"":2.852531,""spectralNoveltyMinBins"":27,""cooldownFrames"":4,""confirmedRmsFactor"":1.229574,""confirmedRmsMinDelta"":0.00422,""confirmedFluxFactor"":1.828409,""confirmedMinFlux"":0.011339,""confirmedMinBandRatio"":0.022561,""confirmedSpectralNoveltyMinBins"":25,""cooldownOverrideFactor"":4.307569,""cooldownOverrideMinFlux"":0.009641,""cooldownOverrideMinBandRatio"":0.07976,""analyzeIntervalMs"":40}"
447,r004-0029-f37fe37d,4,-54,2,3,10,1,0,140,"{""relativeReattackFactor"":2.789896,""relativeReattackMinDelta"":0.015095,""relativeFluxFactor"":1.4,""spectralNoveltyRatio"":2.550962,""spectralNoveltyMinBins"":29,""cooldownFrames"":4,""confirmedRmsFactor"":1.352664,""confirmedRmsMinDelta"":0.003367,""confirmedFluxFactor"":1.747659,""confirmedMinFlux"":0.011616,""confirmedMinBandRatio"":0.028213,""confirmedSpectralNoveltyMinBins"":22,""cooldownOverrideFactor"":4.012887,""cooldownOverrideMinFlux"":0.013098,""cooldownOverrideMinBandRatio"":0.077701,""analyzeIntervalMs"":40}"
448,r010-0037-ba57e6a0,10,-55,2,3,9,1,0,138,"{""relativeReattackFactor"":3.353964,""relativeReattackMinDelta"":0.005375,""relativeFluxFactor"":1.429026,""spectralNoveltyRatio"":4.030672,""spectralNoveltyMinBins"":27,""cooldownFrames"":3,""confirmedRmsFactor"":1.59739,""confirmedRmsMinDelta"":0.008318,""confirmedFluxFactor"":2.130812,""confirmedMinFlux"":0.003634,""confirmedMinBandRatio"":0.013973,""confirmedSpectralNoveltyMinBins"":14,""cooldownOverrideFactor"":1.982304,""cooldownOverrideMinFlux"":0.029156,""cooldownOverrideMinBandRatio"":0.076229,""analyzeIntervalMs"":40}"
449,r013-0022-6d3b01a5,13,-55,2,3,9,1,0,138,"{""relativeReattackFactor"":3.507766,""relativeReattackMinDelta"":0.004,""relativeFluxFactor"":1.435984,""spectralNoveltyRatio"":4.090945,""spectralNoveltyMinBins"":27,""cooldownFrames"":3,""confirmedRmsFactor"":1.553656,""confirmedRmsMinDelta"":0.007118,""confirmedFluxFactor"":2.205008,""confirmedMinFlux"":0.004791,""confirmedMinBandRatio"":0.017789,""confirmedSpectralNoveltyMinBins"":10,""cooldownOverrideFactor"":2.399499,""cooldownOverrideMinFlux"":0.028879,""cooldownOverrideMinBandRatio"":0.071589,""analyzeIntervalMs"":40}"
450,r013-0030-15d840b4,13,-56,2,3,10,1,0,139,"{""relativeReattackFactor"":3.612853,""relativeReattackMinDelta"":0.004333,""relativeFluxFactor"":1.432624,""spectralNoveltyRatio"":4.160749,""spectralNoveltyMinBins"":25,""cooldownFrames"":3,""confirmedRmsFactor"":1.658385,""confirmedRmsMinDelta"":0.007591,""confirmedFluxFactor"":2.120014,""confirmedMinFlux"":0.003794,""confirmedMinBandRatio"":0.014355,""confirmedSpectralNoveltyMinBins"":13,""cooldownOverrideFactor"":2.272547,""cooldownOverrideMinFlux"":0.029863,""cooldownOverrideMinBandRatio"":0.080981,""analyzeIntervalMs"":40}"
451,r009-0014-2a486d41,9,-57,2,3,11,1,0,140,"{""relativeReattackFactor"":3.381876,""relativeReattackMinDelta"":0.00593,""relativeFluxFactor"":1.435678,""spectralNoveltyRatio"":3.800081,""spectralNoveltyMinBins"":26,""cooldownFrames"":3,""confirmedRmsFactor"":1.528233,""confirmedRmsMinDelta"":0.008615,""confirmedFluxFactor"":2.148007,""confirmedMinFlux"":0.003406,""confirmedMinBandRatio"":0.014731,""confirmedSpectralNoveltyMinBins"":13,""cooldownOverrideFactor"":2.212696,""cooldownOverrideMinFlux"":0.02965,""cooldownOverrideMinBandRatio"":0.086987,""analyzeIntervalMs"":40}"
452,r014-0073-e6b86910,14,-58,2,3,10,1,0,139,"{""relativeReattackFactor"":3.4475,""relativeReattackMinDelta"":0.006628,""relativeFluxFactor"":1.411495,""spectralNoveltyRatio"":4.071158,""spectralNoveltyMinBins"":27,""cooldownFrames"":3,""confirmedRmsFactor"":1.564166,""confirmedRmsMinDelta"":0.007859,""confirmedFluxFactor"":2.146353,""confirmedMinFlux"":0.004298,""confirmedMinBandRatio"":0.013061,""confirmedSpectralNoveltyMinBins"":14,""cooldownOverrideFactor"":2.088594,""cooldownOverrideMinFlux"":0.03,""cooldownOverrideMinBandRatio"":0.07797,""analyzeIntervalMs"":40}"
453,r010-0032-ce17861d,10,-59,2,3,11,1,0,140,"{""relativeReattackFactor"":3.429043,""relativeReattackMinDelta"":0.006264,""relativeFluxFactor"":1.4,""spectralNoveltyRatio"":4.046227,""spectralNoveltyMinBins"":25,""cooldownFrames"":3,""confirmedRmsFactor"":1.533371,""confirmedRmsMinDelta"":0.007806,""confirmedFluxFactor"":2.066481,""confirmedMinFlux"":0.003456,""confirmedMinBandRatio"":0.014061,""confirmedSpectralNoveltyMinBins"":14,""cooldownOverrideFactor"":2.22897,""cooldownOverrideMinFlux"":0.029149,""cooldownOverrideMinBandRatio"":0.078013,""analyzeIntervalMs"":40}"
454,r011-0024-7ccc7210,11,-59,2,3,11,1,0,140,"{""relativeReattackFactor"":3.409498,""relativeReattackMinDelta"":0.006122,""relativeFluxFactor"":1.4,""spectralNoveltyRatio"":4.208422,""spectralNoveltyMinBins"":25,""cooldownFrames"":3,""confirmedRmsFactor"":1.602398,""confirmedRmsMinDelta"":0.008017,""confirmedFluxFactor"":2.09818,""confirmedMinFlux"":0.003533,""confirmedMinBandRatio"":0.012429,""confirmedSpectralNoveltyMinBins"":14,""cooldownOverrideFactor"":2.223521,""cooldownOverrideMinFlux"":0.029685,""cooldownOverrideMinBandRatio"":0.080204,""analyzeIntervalMs"":40}"
455,r012-0043-397227b0,12,-59,2,3,11,1,0,140,"{""relativeReattackFactor"":3.593847,""relativeReattackMinDelta"":0.006181,""relativeFluxFactor"":1.4,""spectralNoveltyRatio"":4.083581,""spectralNoveltyMinBins"":26,""cooldownFrames"":3,""confirmedRmsFactor"":1.555529,""confirmedRmsMinDelta"":0.007994,""confirmedFluxFactor"":2.131461,""confirmedMinFlux"":0.003984,""confirmedMinBandRatio"":0.01549,""confirmedSpectralNoveltyMinBins"":14,""cooldownOverrideFactor"":2.088209,""cooldownOverrideMinFlux"":0.03,""cooldownOverrideMinBandRatio"":0.080483,""analyzeIntervalMs"":40}"
456,r013-0068-73a469ee,13,-59,2,3,11,1,0,140,"{""relativeReattackFactor"":3.607869,""relativeReattackMinDelta"":0.005769,""relativeFluxFactor"":1.426055,""spectralNoveltyRatio"":4.139937,""spectralNoveltyMinBins"":24,""cooldownFrames"":3,""confirmedRmsFactor"":1.536314,""confirmedRmsMinDelta"":0.007878,""confirmedFluxFactor"":2.128229,""confirmedMinFlux"":0.004078,""confirmedMinBandRatio"":0.013003,""confirmedSpectralNoveltyMinBins"":13,""cooldownOverrideFactor"":2.136942,""cooldownOverrideMinFlux"":0.028837,""cooldownOverrideMinBandRatio"":0.077804,""analyzeIntervalMs"":40}"
457,r008-0002-08a9f953,8,-59,2,3,12,1,0,142,"{""relativeReattackFactor"":2.990802,""relativeReattackMinDelta"":0.00556,""relativeFluxFactor"":1.443806,""spectralNoveltyRatio"":3.682338,""spectralNoveltyMinBins"":26,""cooldownFrames"":3,""confirmedRmsFactor"":1.682613,""confirmedRmsMinDelta"":0.007339,""confirmedFluxFactor"":2.131877,""confirmedMinFlux"":0.003,""confirmedMinBandRatio"":0.009773,""confirmedSpectralNoveltyMinBins"":10,""cooldownOverrideFactor"":1.81805,""cooldownOverrideMinFlux"":0.029446,""cooldownOverrideMinBandRatio"":0.086515,""analyzeIntervalMs"":40}"
458,r008-0023-ca2cb452,8,-61,2,3,13,1,0,142,"{""relativeReattackFactor"":3.223506,""relativeReattackMinDelta"":0.005366,""relativeFluxFactor"":1.451038,""spectralNoveltyRatio"":3.774888,""spectralNoveltyMinBins"":23,""cooldownFrames"":3,""confirmedRmsFactor"":1.582802,""confirmedRmsMinDelta"":0.007988,""confirmedFluxFactor"":2.073809,""confirmedMinFlux"":0.003592,""confirmedMinBandRatio"":0.013344,""confirmedSpectralNoveltyMinBins"":12,""cooldownOverrideFactor"":2.203414,""cooldownOverrideMinFlux"":0.029921,""cooldownOverrideMinBandRatio"":0.086582,""analyzeIntervalMs"":40}"
459,r008-0050-ea4e51eb,8,-62,2,3,12,1,0,142,"{""relativeReattackFactor"":3.140455,""relativeReattackMinDelta"":0.006373,""relativeFluxFactor"":1.4,""spectralNoveltyRatio"":4.021052,""spectralNoveltyMinBins"":25,""cooldownFrames"":3,""confirmedRmsFactor"":1.710167,""confirmedRmsMinDelta"":0.007734,""confirmedFluxFactor"":2.229215,""confirmedMinFlux"":0.003291,""confirmedMinBandRatio"":0.00959,""confirmedSpectralNoveltyMinBins"":10,""cooldownOverrideFactor"":1.885501,""cooldownOverrideMinFlux"":0.029404,""cooldownOverrideMinBandRatio"":0.085861,""analyzeIntervalMs"":40}"
460,r015-0053-8eb25d32,15,-62,2,3,12,1,0,141,"{""relativeReattackFactor"":3.604237,""relativeReattackMinDelta"":0.006452,""relativeFluxFactor"":1.4,""spectralNoveltyRatio"":3.922316,""spectralNoveltyMinBins"":25,""cooldownFrames"":3,""confirmedRmsFactor"":1.586559,""confirmedRmsMinDelta"":0.007925,""confirmedFluxFactor"":2.149316,""confirmedMinFlux"":0.003298,""confirmedMinBandRatio"":0.012665,""confirmedSpectralNoveltyMinBins"":12,""cooldownOverrideFactor"":2.027417,""cooldownOverrideMinFlux"":0.02918,""cooldownOverrideMinBandRatio"":0.082793,""analyzeIntervalMs"":40}"
461,r015-0008-3e5f28bb,15,-63,2,3,13,1,0,142,"{""relativeReattackFactor"":3.560316,""relativeReattackMinDelta"":0.007085,""relativeFluxFactor"":1.4,""spectralNoveltyRatio"":3.984321,""spectralNoveltyMinBins"":24,""cooldownFrames"":3,""confirmedRmsFactor"":1.517567,""confirmedRmsMinDelta"":0.007577,""confirmedFluxFactor"":2.180239,""confirmedMinFlux"":0.003975,""confirmedMinBandRatio"":0.012983,""confirmedSpectralNoveltyMinBins"":12,""cooldownOverrideFactor"":2.127556,""cooldownOverrideMinFlux"":0.029298,""cooldownOverrideMinBandRatio"":0.080534,""analyzeIntervalMs"":40}"
462,r015-0043-0b6483e2,15,-63,2,3,13,1,0,142,"{""relativeReattackFactor"":3.561988,""relativeReattackMinDelta"":0.006864,""relativeFluxFactor"":1.4,""spectralNoveltyRatio"":3.933501,""spectralNoveltyMinBins"":24,""cooldownFrames"":3,""confirmedRmsFactor"":1.526428,""confirmedRmsMinDelta"":0.007717,""confirmedFluxFactor"":2.116786,""confirmedMinFlux"":0.004086,""confirmedMinBandRatio"":0.014443,""confirmedSpectralNoveltyMinBins"":12,""cooldownOverrideFactor"":2.167793,""cooldownOverrideMinFlux"":0.029042,""cooldownOverrideMinBandRatio"":0.077857,""analyzeIntervalMs"":40}"
463,r005-0010-c33c72e0,5,-64,2,1,23,0,2,158,"{""relativeReattackFactor"":2.46049,""relativeReattackMinDelta"":0.004,""relativeFluxFactor"":1.4,""spectralNoveltyRatio"":4.357621,""spectralNoveltyMinBins"":14,""cooldownFrames"":3,""confirmedRmsFactor"":1.809504,""confirmedRmsMinDelta"":0.006674,""confirmedFluxFactor"":1.70664,""confirmedMinFlux"":0.006751,""confirmedMinBandRatio"":0.006,""confirmedSpectralNoveltyMinBins"":5,""cooldownOverrideFactor"":1.856058,""cooldownOverrideMinFlux"":0.020071,""cooldownOverrideMinBandRatio"":0.086119,""analyzeIntervalMs"":42}"
464,r008-0005-656417ca,8,-64,2,3,12,1,0,142,"{""relativeReattackFactor"":2.98237,""relativeReattackMinDelta"":0.006854,""relativeFluxFactor"":1.4,""spectralNoveltyRatio"":4.213586,""spectralNoveltyMinBins"":27,""cooldownFrames"":3,""confirmedRmsFactor"":1.72771,""confirmedRmsMinDelta"":0.007547,""confirmedFluxFactor"":2.19602,""confirmedMinFlux"":0.003399,""confirmedMinBandRatio"":0.01058,""confirmedSpectralNoveltyMinBins"":9,""cooldownOverrideFactor"":1.883768,""cooldownOverrideMinFlux"":0.03,""cooldownOverrideMinBandRatio"":0.087347,""analyzeIntervalMs"":40}"
465,r009-0025-2683b4a2,9,-64,2,3,12,1,0,142,"{""relativeReattackFactor"":3.054486,""relativeReattackMinDelta"":0.006262,""relativeFluxFactor"":1.4,""spectralNoveltyRatio"":4.081711,""spectralNoveltyMinBins"":28,""cooldownFrames"":3,""confirmedRmsFactor"":1.725571,""confirmedRmsMinDelta"":0.0085,""confirmedFluxFactor"":2.22126,""confirmedMinFlux"":0.004301,""confirmedMinBandRatio"":0.014468,""confirmedSpectralNoveltyMinBins"":10,""cooldownOverrideFactor"":1.8,""cooldownOverrideMinFlux"":0.028333,""cooldownOverrideMinBandRatio"":0.083016,""analyzeIntervalMs"":40}"
466,r012-0070-5acbbf58,12,-64,2,3,13,1,0,142,"{""relativeReattackFactor"":3.438901,""relativeReattackMinDelta"":0.004787,""relativeFluxFactor"":1.431473,""spectralNoveltyRatio"":4.01462,""spectralNoveltyMinBins"":23,""cooldownFrames"":3,""confirmedRmsFactor"":1.601066,""confirmedRmsMinDelta"":0.007909,""confirmedFluxFactor"":2.103002,""confirmedMinFlux"":0.003787,""confirmedMinBandRatio"":0.012472,""confirmedSpectralNoveltyMinBins"":11,""cooldownOverrideFactor"":2.091759,""cooldownOverrideMinFlux"":0.029894,""cooldownOverrideMinBandRatio"":0.076965,""analyzeIntervalMs"":40}"
467,r006-0026-10668115,6,-65,2,3,13,1,0,143,"{""relativeReattackFactor"":3.048752,""relativeReattackMinDelta"":0.006506,""relativeFluxFactor"":1.4,""spectralNoveltyRatio"":4.447995,""spectralNoveltyMinBins"":26,""cooldownFrames"":3,""confirmedRmsFactor"":1.807576,""confirmedRmsMinDelta"":0.008713,""confirmedFluxFactor"":2.250648,""confirmedMinFlux"":0.004678,""confirmedMinBandRatio"":0.012416,""confirmedSpectralNoveltyMinBins"":10,""cooldownOverrideFactor"":1.933338,""cooldownOverrideMinFlux"":0.028485,""cooldownOverrideMinBandRatio"":0.082497,""analyzeIntervalMs"":40}"
468,r007-0046-454dad4b,7,-65,2,3,13,1,0,143,"{""relativeReattackFactor"":2.992034,""relativeReattackMinDelta"":0.006526,""relativeFluxFactor"":1.4,""spectralNoveltyRatio"":3.997589,""spectralNoveltyMinBins"":26,""cooldownFrames"":3,""confirmedRmsFactor"":1.828751,""confirmedRmsMinDelta"":0.008194,""confirmedFluxFactor"":2.080765,""confirmedMinFlux"":0.003,""confirmedMinBandRatio"":0.012144,""confirmedSpectralNoveltyMinBins"":10,""cooldownOverrideFactor"":1.944022,""cooldownOverrideMinFlux"":0.026368,""cooldownOverrideMinBandRatio"":0.086271,""analyzeIntervalMs"":40}"
469,r006-0078-79c69c69,6,-65,2,3,14,1,0,143,"{""relativeReattackFactor"":3.362002,""relativeReattackMinDelta"":0.005942,""relativeFluxFactor"":1.459355,""spectralNoveltyRatio"":4.089873,""spectralNoveltyMinBins"":20,""cooldownFrames"":3,""confirmedRmsFactor"":1.54721,""confirmedRmsMinDelta"":0.007502,""confirmedFluxFactor"":2.105055,""confirmedMinFlux"":0.003,""confirmedMinBandRatio"":0.014844,""confirmedSpectralNoveltyMinBins"":12,""cooldownOverrideFactor"":2.189746,""cooldownOverrideMinFlux"":0.027591,""cooldownOverrideMinBandRatio"":0.083385,""analyzeIntervalMs"":40}"
470,r008-0021-6956ae2f,8,-65,2,3,14,1,0,143,"{""relativeReattackFactor"":3.488992,""relativeReattackMinDelta"":0.005202,""relativeFluxFactor"":1.426878,""spectralNoveltyRatio"":3.945043,""spectralNoveltyMinBins"":21,""cooldownFrames"":3,""confirmedRmsFactor"":1.518695,""confirmedRmsMinDelta"":0.007747,""confirmedFluxFactor"":2.155889,""confirmedMinFlux"":0.004607,""confirmedMinBandRatio"":0.012063,""confirmedSpectralNoveltyMinBins"":13,""cooldownOverrideFactor"":2.103987,""cooldownOverrideMinFlux"":0.03,""cooldownOverrideMinBandRatio"":0.081091,""analyzeIntervalMs"":40}"
471,r007-0001-38287336,7,-66,2,3,14,1,0,144,"{""relativeReattackFactor"":3.039185,""relativeReattackMinDelta"":0.006564,""relativeFluxFactor"":1.4,""spectralNoveltyRatio"":3.676349,""spectralNoveltyMinBins"":26,""cooldownFrames"":3,""confirmedRmsFactor"":1.842853,""confirmedRmsMinDelta"":0.008102,""confirmedFluxFactor"":2.055873,""confirmedMinFlux"":0.00417,""confirmedMinBandRatio"":0.012998,""confirmedSpectralNoveltyMinBins"":10,""cooldownOverrideFactor"":1.966049,""cooldownOverrideMinFlux"":0.02724,""cooldownOverrideMinBandRatio"":0.083586,""analyzeIntervalMs"":40}"
472,r008-0043-80abd029,8,-67,2,3,14,1,0,143,"{""relativeReattackFactor"":3.278176,""relativeReattackMinDelta"":0.006491,""relativeFluxFactor"":1.4,""spectralNoveltyRatio"":4.077631,""spectralNoveltyMinBins"":23,""cooldownFrames"":3,""confirmedRmsFactor"":1.503473,""confirmedRmsMinDelta"":0.008788,""confirmedFluxFactor"":2.046293,""confirmedMinFlux"":0.003,""confirmedMinBandRatio"":0.011643,""confirmedSpectralNoveltyMinBins"":12,""cooldownOverrideFactor"":2.099815,""cooldownOverrideMinFlux"":0.028206,""cooldownOverrideMinBandRatio"":0.086414,""analyzeIntervalMs"":40}"
473,r008-0056-a2513ff1,8,-67,2,3,14,1,0,143,"{""relativeReattackFactor"":3.394119,""relativeReattackMinDelta"":0.006474,""relativeFluxFactor"":1.4,""spectralNoveltyRatio"":4.086219,""spectralNoveltyMinBins"":23,""cooldownFrames"":3,""confirmedRmsFactor"":1.572417,""confirmedRmsMinDelta"":0.00791,""confirmedFluxFactor"":2.113041,""confirmedMinFlux"":0.004448,""confirmedMinBandRatio"":0.015926,""confirmedSpectralNoveltyMinBins"":13,""cooldownOverrideFactor"":2.306298,""cooldownOverrideMinFlux"":0.03,""cooldownOverrideMinBandRatio"":0.077456,""analyzeIntervalMs"":40}"
474,r009-0029-e3beee3e,9,-67,2,3,14,1,0,143,"{""relativeReattackFactor"":3.340775,""relativeReattackMinDelta"":0.00657,""relativeFluxFactor"":1.4,""spectralNoveltyRatio"":4.033317,""spectralNoveltyMinBins"":23,""cooldownFrames"":3,""confirmedRmsFactor"":1.555444,""confirmedRmsMinDelta"":0.008243,""confirmedFluxFactor"":2.119753,""confirmedMinFlux"":0.003541,""confirmedMinBandRatio"":0.013618,""confirmedSpectralNoveltyMinBins"":13,""cooldownOverrideFactor"":2.247817,""cooldownOverrideMinFlux"":0.027817,""cooldownOverrideMinBandRatio"":0.085012,""analyzeIntervalMs"":40}"
475,r007-0065-da8ce29e,7,-68,2,3,15,1,0,144,"{""relativeReattackFactor"":3.312411,""relativeReattackMinDelta"":0.00612,""relativeFluxFactor"":1.4,""spectralNoveltyRatio"":3.945694,""spectralNoveltyMinBins"":23,""cooldownFrames"":3,""confirmedRmsFactor"":1.651058,""confirmedRmsMinDelta"":0.007986,""confirmedFluxFactor"":2.105135,""confirmedMinFlux"":0.003,""confirmedMinBandRatio"":0.017365,""confirmedSpectralNoveltyMinBins"":9,""cooldownOverrideFactor"":1.920554,""cooldownOverrideMinFlux"":0.03,""cooldownOverrideMinBandRatio"":0.084971,""analyzeIntervalMs"":40}"
476,r008-0016-3be7f28a,8,-68,2,3,15,1,0,144,"{""relativeReattackFactor"":3.508587,""relativeReattackMinDelta"":0.006232,""relativeFluxFactor"":1.4,""spectralNoveltyRatio"":4.07731,""spectralNoveltyMinBins"":21,""cooldownFrames"":3,""confirmedRmsFactor"":1.542375,""confirmedRmsMinDelta"":0.007527,""confirmedFluxFactor"":2.088052,""confirmedMinFlux"":0.0045,""confirmedMinBandRatio"":0.012232,""confirmedSpectralNoveltyMinBins"":12,""cooldownOverrideFactor"":2.050919,""cooldownOverrideMinFlux"":0.028164,""cooldownOverrideMinBandRatio"":0.080871,""analyzeIntervalMs"":40}"
477,r006-0046-55d44fcc,6,-70,2,3,15,1,0,145,"{""relativeReattackFactor"":3.028479,""relativeReattackMinDelta"":0.004433,""relativeFluxFactor"":1.432146,""spectralNoveltyRatio"":3.863029,""spectralNoveltyMinBins"":24,""cooldownFrames"":3,""confirmedRmsFactor"":1.812916,""confirmedRmsMinDelta"":0.008298,""confirmedFluxFactor"":2.238076,""confirmedMinFlux"":0.004096,""confirmedMinBandRatio"":0.015852,""confirmedSpectralNoveltyMinBins"":11,""cooldownOverrideFactor"":1.8,""cooldownOverrideMinFlux"":0.02896,""cooldownOverrideMinBandRatio"":0.085879,""analyzeIntervalMs"":40}"
478,r006-0010-e001ca4b,6,-71,2,3,16,1,0,146,"{""relativeReattackFactor"":3.095883,""relativeReattackMinDelta"":0.004379,""relativeFluxFactor"":1.439463,""spectralNoveltyRatio"":3.719179,""spectralNoveltyMinBins"":20,""cooldownFrames"":3,""confirmedRmsFactor"":1.587375,""confirmedRmsMinDelta"":0.007966,""confirmedFluxFactor"":2.001847,""confirmedMinFlux"":0.006097,""confirmedMinBandRatio"":0.01564,""confirmedSpectralNoveltyMinBins"":8,""cooldownOverrideFactor"":1.944689,""cooldownOverrideMinFlux"":0.025927,""cooldownOverrideMinBandRatio"":0.088839,""analyzeIntervalMs"":40}"
479,r010-0015-a2100571,10,-75,2,2,10,1,0,142,"{""relativeReattackFactor"":3.507351,""relativeReattackMinDelta"":0.005321,""relativeFluxFactor"":1.53037,""spectralNoveltyRatio"":3.87389,""spectralNoveltyMinBins"":27,""cooldownFrames"":3,""confirmedRmsFactor"":1.587047,""confirmedRmsMinDelta"":0.007388,""confirmedFluxFactor"":2.182342,""confirmedMinFlux"":0.004318,""confirmedMinBandRatio"":0.013511,""confirmedSpectralNoveltyMinBins"":12,""cooldownOverrideFactor"":2.050894,""cooldownOverrideMinFlux"":0.02848,""cooldownOverrideMinBandRatio"":0.080925,""analyzeIntervalMs"":41}"
480,r012-0008-d28ff6f6,12,-75,2,2,10,1,0,141,"{""relativeReattackFactor"":3.581398,""relativeReattackMinDelta"":0.006507,""relativeFluxFactor"":1.517843,""spectralNoveltyRatio"":4.015606,""spectralNoveltyMinBins"":27,""cooldownFrames"":3,""confirmedRmsFactor"":1.510984,""confirmedRmsMinDelta"":0.007702,""confirmedFluxFactor"":2.131956,""confirmedMinFlux"":0.004172,""confirmedMinBandRatio"":0.013696,""confirmedSpectralNoveltyMinBins"":12,""cooldownOverrideFactor"":2.009536,""cooldownOverrideMinFlux"":0.028933,""cooldownOverrideMinBandRatio"":0.08129,""analyzeIntervalMs"":41}"
481,r012-0011-87baa1a2,12,-75,2,2,10,1,0,141,"{""relativeReattackFactor"":3.520324,""relativeReattackMinDelta"":0.00527,""relativeFluxFactor"":1.526571,""spectralNoveltyRatio"":4.036952,""spectralNoveltyMinBins"":27,""cooldownFrames"":3,""confirmedRmsFactor"":1.611858,""confirmedRmsMinDelta"":0.008094,""confirmedFluxFactor"":2.137123,""confirmedMinFlux"":0.003721,""confirmedMinBandRatio"":0.01112,""confirmedSpectralNoveltyMinBins"":12,""cooldownOverrideFactor"":2.160329,""cooldownOverrideMinFlux"":0.028444,""cooldownOverrideMinBandRatio"":0.077992,""analyzeIntervalMs"":41}"
482,r012-0024-183f5644,12,-75,2,2,10,1,0,142,"{""relativeReattackFactor"":3.53151,""relativeReattackMinDelta"":0.005591,""relativeFluxFactor"":1.524581,""spectralNoveltyRatio"":3.9212,""spectralNoveltyMinBins"":26,""cooldownFrames"":3,""confirmedRmsFactor"":1.57834,""confirmedRmsMinDelta"":0.008355,""confirmedFluxFactor"":2.164595,""confirmedMinFlux"":0.005005,""confirmedMinBandRatio"":0.013829,""confirmedSpectralNoveltyMinBins"":13,""cooldownOverrideFactor"":2.157541,""cooldownOverrideMinFlux"":0.029268,""cooldownOverrideMinBandRatio"":0.080911,""analyzeIntervalMs"":41}"
483,r012-0036-73439747,12,-75,2,2,10,1,0,141,"{""relativeReattackFactor"":3.577199,""relativeReattackMinDelta"":0.005314,""relativeFluxFactor"":1.510452,""spectralNoveltyRatio"":4.252023,""spectralNoveltyMinBins"":27,""cooldownFrames"":3,""confirmedRmsFactor"":1.622621,""confirmedRmsMinDelta"":0.007552,""confirmedFluxFactor"":2.193706,""confirmedMinFlux"":0.003998,""confirmedMinBandRatio"":0.013007,""confirmedSpectralNoveltyMinBins"":13,""cooldownOverrideFactor"":2.188028,""cooldownOverrideMinFlux"":0.029506,""cooldownOverrideMinBandRatio"":0.076799,""analyzeIntervalMs"":41}"
484,r012-0057-dc055745,12,-75,2,2,10,1,0,140,"{""relativeReattackFactor"":3.556296,""relativeReattackMinDelta"":0.005023,""relativeFluxFactor"":1.549135,""spectralNoveltyRatio"":4.249286,""spectralNoveltyMinBins"":28,""cooldownFrames"":3,""confirmedRmsFactor"":1.548505,""confirmedRmsMinDelta"":0.00742,""confirmedFluxFactor"":2.193584,""confirmedMinFlux"":0.005239,""confirmedMinBandRatio"":0.017673,""confirmedSpectralNoveltyMinBins"":10,""cooldownOverrideFactor"":2.30139,""cooldownOverrideMinFlux"":0.028202,""cooldownOverrideMinBandRatio"":0.072101,""analyzeIntervalMs"":41}"
485,r012-0063-cdafe2d1,12,-75,2,2,10,1,0,142,"{""relativeReattackFactor"":3.603299,""relativeReattackMinDelta"":0.006198,""relativeFluxFactor"":1.508507,""spectralNoveltyRatio"":3.894683,""spectralNoveltyMinBins"":27,""cooldownFrames"":3,""confirmedRmsFactor"":1.552982,""confirmedRmsMinDelta"":0.007382,""confirmedFluxFactor"":2.140201,""confirmedMinFlux"":0.004233,""confirmedMinBandRatio"":0.01301,""confirmedSpectralNoveltyMinBins"":13,""cooldownOverrideFactor"":2.130856,""cooldownOverrideMinFlux"":0.03,""cooldownOverrideMinBandRatio"":0.083027,""analyzeIntervalMs"":41}"
486,r012-0065-433875c2,12,-75,2,2,10,1,0,141,"{""relativeReattackFactor"":3.539703,""relativeReattackMinDelta"":0.004,""relativeFluxFactor"":1.505288,""spectralNoveltyRatio"":4.194145,""spectralNoveltyMinBins"":26,""cooldownFrames"":3,""confirmedRmsFactor"":1.621906,""confirmedRmsMinDelta"":0.007738,""confirmedFluxFactor"":2.132692,""confirmedMinFlux"":0.003896,""confirmedMinBandRatio"":0.013789,""confirmedSpectralNoveltyMinBins"":11,""cooldownOverrideFactor"":2.02981,""cooldownOverrideMinFlux"":0.029095,""cooldownOverrideMinBandRatio"":0.081774,""analyzeIntervalMs"":41}"
487,r013-0035-4b075bcf,13,-75,2,2,10,1,0,142,"{""relativeReattackFactor"":3.535023,""relativeReattackMinDelta"":0.005117,""relativeFluxFactor"":1.491027,""spectralNoveltyRatio"":3.901258,""spectralNoveltyMinBins"":27,""cooldownFrames"":3,""confirmedRmsFactor"":1.634223,""confirmedRmsMinDelta"":0.00766,""confirmedFluxFactor"":2.05835,""confirmedMinFlux"":0.004693,""confirmedMinBandRatio"":0.013123,""confirmedSpectralNoveltyMinBins"":12,""cooldownOverrideFactor"":2.239295,""cooldownOverrideMinFlux"":0.029054,""cooldownOverrideMinBandRatio"":0.082683,""analyzeIntervalMs"":41}"
488,r013-0047-393879e7,13,-75,2,2,10,1,0,141,"{""relativeReattackFactor"":3.622355,""relativeReattackMinDelta"":0.005043,""relativeFluxFactor"":1.562378,""spectralNoveltyRatio"":4.191427,""spectralNoveltyMinBins"":26,""cooldownFrames"":3,""confirmedRmsFactor"":1.578851,""confirmedRmsMinDelta"":0.007069,""confirmedFluxFactor"":2.282449,""confirmedMinFlux"":0.004692,""confirmedMinBandRatio"":0.017125,""confirmedSpectralNoveltyMinBins"":9,""cooldownOverrideFactor"":2.371479,""cooldownOverrideMinFlux"":0.027496,""cooldownOverrideMinBandRatio"":0.072254,""analyzeIntervalMs"":41}"
489,r013-0048-290d345d,13,-75,2,2,10,1,0,141,"{""relativeReattackFactor"":3.500271,""relativeReattackMinDelta"":0.006803,""relativeFluxFactor"":1.518074,""spectralNoveltyRatio"":3.978655,""spectralNoveltyMinBins"":27,""cooldownFrames"":3,""confirmedRmsFactor"":1.516686,""confirmedRmsMinDelta"":0.007861,""confirmedFluxFactor"":2.113723,""confirmedMinFlux"":0.003438,""confirmedMinBandRatio"":0.014398,""confirmedSpectralNoveltyMinBins"":14,""cooldownOverrideFactor"":2.154301,""cooldownOverrideMinFlux"":0.03,""cooldownOverrideMinBandRatio"":0.079825,""analyzeIntervalMs"":41}"
490,r013-0077-e6e4b1a6,13,-75,2,2,10,1,0,141,"{""relativeReattackFactor"":3.580761,""relativeReattackMinDelta"":0.005243,""relativeFluxFactor"":1.554211,""spectralNoveltyRatio"":4.036415,""spectralNoveltyMinBins"":26,""cooldownFrames"":3,""confirmedRmsFactor"":1.523712,""confirmedRmsMinDelta"":0.006984,""confirmedFluxFactor"":2.243775,""confirmedMinFlux"":0.004594,""confirmedMinBandRatio"":0.014953,""confirmedSpectralNoveltyMinBins"":9,""cooldownOverrideFactor"":2.271713,""cooldownOverrideMinFlux"":0.02893,""cooldownOverrideMinBandRatio"":0.075318,""analyzeIntervalMs"":41}"
491,r014-0027-95b85d57,14,-75,2,2,10,1,0,142,"{""relativeReattackFactor"":3.653005,""relativeReattackMinDelta"":0.004,""relativeFluxFactor"":1.423474,""spectralNoveltyRatio"":3.950475,""spectralNoveltyMinBins"":26,""cooldownFrames"":3,""confirmedRmsFactor"":1.567205,""confirmedRmsMinDelta"":0.00725,""confirmedFluxFactor"":2.233148,""confirmedMinFlux"":0.005552,""confirmedMinBandRatio"":0.018056,""confirmedSpectralNoveltyMinBins"":9,""cooldownOverrideFactor"":2.46272,""cooldownOverrideMinFlux"":0.027978,""cooldownOverrideMinBandRatio"":0.072111,""analyzeIntervalMs"":41}"
492,r014-0049-cd782858,14,-75,2,2,10,1,0,140,"{""relativeReattackFactor"":3.650702,""relativeReattackMinDelta"":0.005012,""relativeFluxFactor"":1.443079,""spectralNoveltyRatio"":3.990568,""spectralNoveltyMinBins"":29,""cooldownFrames"":3,""confirmedRmsFactor"":1.583214,""confirmedRmsMinDelta"":0.008312,""confirmedFluxFactor"":2.178437,""confirmedMinFlux"":0.004255,""confirmedMinBandRatio"":0.01114,""confirmedSpectralNoveltyMinBins"":12,""cooldownOverrideFactor"":2.235786,""cooldownOverrideMinFlux"":0.027646,""cooldownOverrideMinBandRatio"":0.080026,""analyzeIntervalMs"":41}"
493,r014-0060-3283a207,14,-75,2,2,10,1,0,142,"{""relativeReattackFactor"":3.559541,""relativeReattackMinDelta"":0.004596,""relativeFluxFactor"":1.539153,""spectralNoveltyRatio"":3.878297,""spectralNoveltyMinBins"":26,""cooldownFrames"":3,""confirmedRmsFactor"":1.588724,""confirmedRmsMinDelta"":0.007464,""confirmedFluxFactor"":2.122515,""confirmedMinFlux"":0.004579,""confirmedMinBandRatio"":0.013005,""confirmedSpectralNoveltyMinBins"":12,""cooldownOverrideFactor"":2.103516,""cooldownOverrideMinFlux"":0.029607,""cooldownOverrideMinBandRatio"":0.077663,""analyzeIntervalMs"":41}"
494,r014-0080-582729d0,14,-75,2,2,10,1,0,141,"{""relativeReattackFactor"":3.610173,""relativeReattackMinDelta"":0.004126,""relativeFluxFactor"":1.531983,""spectralNoveltyRatio"":3.955685,""spectralNoveltyMinBins"":28,""cooldownFrames"":3,""confirmedRmsFactor"":1.63322,""confirmedRmsMinDelta"":0.007201,""confirmedFluxFactor"":2.062809,""confirmedMinFlux"":0.004217,""confirmedMinBandRatio"":0.01193,""confirmedSpectralNoveltyMinBins"":11,""cooldownOverrideFactor"":2.213579,""cooldownOverrideMinFlux"":0.03,""cooldownOverrideMinBandRatio"":0.077641,""analyzeIntervalMs"":41}"
495,r015-0014-efbac90d,15,-75,2,2,10,1,0,140,"{""relativeReattackFactor"":3.623164,""relativeReattackMinDelta"":0.004478,""relativeFluxFactor"":1.526312,""spectralNoveltyRatio"":4.01168,""spectralNoveltyMinBins"":29,""cooldownFrames"":3,""confirmedRmsFactor"":1.539173,""confirmedRmsMinDelta"":0.008377,""confirmedFluxFactor"":2.076824,""confirmedMinFlux"":0.004718,""confirmedMinBandRatio"":0.013279,""confirmedSpectralNoveltyMinBins"":13,""cooldownOverrideFactor"":2.31343,""cooldownOverrideMinFlux"":0.028981,""cooldownOverrideMinBandRatio"":0.081912,""analyzeIntervalMs"":41}"
496,r015-0045-3bb2cf10,15,-75,2,2,10,1,0,140,"{""relativeReattackFactor"":3.601087,""relativeReattackMinDelta"":0.004221,""relativeFluxFactor"":1.542111,""spectralNoveltyRatio"":4.086735,""spectralNoveltyMinBins"":28,""cooldownFrames"":3,""confirmedRmsFactor"":1.590383,""confirmedRmsMinDelta"":0.007791,""confirmedFluxFactor"":2.099381,""confirmedMinFlux"":0.0045,""confirmedMinBandRatio"":0.012137,""confirmedSpectralNoveltyMinBins"":11,""cooldownOverrideFactor"":2.202779,""cooldownOverrideMinFlux"":0.028995,""cooldownOverrideMinBandRatio"":0.079493,""analyzeIntervalMs"":41}"
497,r015-0070-270f1672,15,-75,2,2,10,1,0,141,"{""relativeReattackFactor"":3.585634,""relativeReattackMinDelta"":0.004,""relativeFluxFactor"":1.520123,""spectralNoveltyRatio"":4.13754,""spectralNoveltyMinBins"":27,""cooldownFrames"":3,""confirmedRmsFactor"":1.619488,""confirmedRmsMinDelta"":0.007769,""confirmedFluxFactor"":2.12123,""confirmedMinFlux"":0.00415,""confirmedMinBandRatio"":0.011595,""confirmedSpectralNoveltyMinBins"":11,""cooldownOverrideFactor"":2.26016,""cooldownOverrideMinFlux"":0.028992,""cooldownOverrideMinBandRatio"":0.078313,""analyzeIntervalMs"":41}"
498,r015-0074-564baec6,15,-75,2,2,10,1,0,141,"{""relativeReattackFactor"":3.612856,""relativeReattackMinDelta"":0.005547,""relativeFluxFactor"":1.538761,""spectralNoveltyRatio"":3.983513,""spectralNoveltyMinBins"":28,""cooldownFrames"":3,""confirmedRmsFactor"":1.577539,""confirmedRmsMinDelta"":0.008164,""confirmedFluxFactor"":2.152881,""confirmedMinFlux"":0.005109,""confirmedMinBandRatio"":0.012153,""confirmedSpectralNoveltyMinBins"":14,""cooldownOverrideFactor"":2.218989,""cooldownOverrideMinFlux"":0.028689,""cooldownOverrideMinBandRatio"":0.078577,""analyzeIntervalMs"":41}"
499,r010-0077-6228ddb7,10,-76,2,2,11,1,0,143,"{""relativeReattackFactor"":3.537958,""relativeReattackMinDelta"":0.006461,""relativeFluxFactor"":1.540746,""spectralNoveltyRatio"":4.184702,""spectralNoveltyMinBins"":24,""cooldownFrames"":3,""confirmedRmsFactor"":1.534007,""confirmedRmsMinDelta"":0.008308,""confirmedFluxFactor"":2.060413,""confirmedMinFlux"":0.004149,""confirmedMinBandRatio"":0.013145,""confirmedSpectralNoveltyMinBins"":13,""cooldownOverrideFactor"":2.174553,""cooldownOverrideMinFlux"":0.028416,""cooldownOverrideMinBandRatio"":0.079299,""analyzeIntervalMs"":41}"
500,r012-0022-5ec47c00,12,-76,2,2,11,1,0,143,"{""relativeReattackFactor"":3.672605,""relativeReattackMinDelta"":0.004878,""relativeFluxFactor"":1.451113,""spectralNoveltyRatio"":3.963108,""spectralNoveltyMinBins"":25,""cooldownFrames"":3,""confirmedRmsFactor"":1.565648,""confirmedRmsMinDelta"":0.007559,""confirmedFluxFactor"":2.242862,""confirmedMinFlux"":0.00549,""confirmedMinBandRatio"":0.017022,""confirmedSpectralNoveltyMinBins"":9,""cooldownOverrideFactor"":2.300742,""cooldownOverrideMinFlux"":0.028986,""cooldownOverrideMinBandRatio"":0.073992,""analyzeIntervalMs"":41}"
501,r012-0073-293a0448,12,-76,2,2,11,1,0,143,"{""relativeReattackFactor"":3.591676,""relativeReattackMinDelta"":0.006762,""relativeFluxFactor"":1.531369,""spectralNoveltyRatio"":3.883157,""spectralNoveltyMinBins"":24,""cooldownFrames"":3,""confirmedRmsFactor"":1.513414,""confirmedRmsMinDelta"":0.007307,""confirmedFluxFactor"":2.161127,""confirmedMinFlux"":0.003388,""confirmedMinBandRatio"":0.015097,""confirmedSpectralNoveltyMinBins"":12,""cooldownOverrideFactor"":2.2055,""cooldownOverrideMinFlux"":0.029852,""cooldownOverrideMinBandRatio"":0.082529,""analyzeIntervalMs"":41}"
502,r013-0020-f9aff2e0,13,-76,2,2,11,1,0,143,"{""relativeReattackFactor"":3.554123,""relativeReattackMinDelta"":0.004131,""relativeFluxFactor"":1.51899,""spectralNoveltyRatio"":4.012238,""spectralNoveltyMinBins"":25,""cooldownFrames"":3,""confirmedRmsFactor"":1.600781,""confirmedRmsMinDelta"":0.007737,""confirmedFluxFactor"":2.046394,""confirmedMinFlux"":0.004773,""confirmedMinBandRatio"":0.011566,""confirmedSpectralNoveltyMinBins"":11,""cooldownOverrideFactor"":2.281962,""cooldownOverrideMinFlux"":0.03,""cooldownOverrideMinBandRatio"":0.082341,""analyzeIntervalMs"":41}"
503,r014-0030-7b96d237,14,-76,2,2,11,1,0,143,"{""relativeReattackFactor"":3.497946,""relativeReattackMinDelta"":0.00521,""relativeFluxFactor"":1.524713,""spectralNoveltyRatio"":3.896093,""spectralNoveltyMinBins"":25,""cooldownFrames"":3,""confirmedRmsFactor"":1.593163,""confirmedRmsMinDelta"":0.007288,""confirmedFluxFactor"":2.126946,""confirmedMinFlux"":0.004389,""confirmedMinBandRatio"":0.01231,""confirmedSpectralNoveltyMinBins"":13,""cooldownOverrideFactor"":2.11876,""cooldownOverrideMinFlux"":0.029758,""cooldownOverrideMinBandRatio"":0.081109,""analyzeIntervalMs"":41}"
504,r014-0077-ac94eb79,14,-76,2,2,11,1,0,143,"{""relativeReattackFactor"":3.558669,""relativeReattackMinDelta"":0.004046,""relativeFluxFactor"":1.563973,""spectralNoveltyRatio"":4.139485,""spectralNoveltyMinBins"":24,""cooldownFrames"":3,""confirmedRmsFactor"":1.584774,""confirmedRmsMinDelta"":0.007106,""confirmedFluxFactor"":2.193718,""confirmedMinFlux"":0.00564,""confirmedMinBandRatio"":0.015215,""confirmedSpectralNoveltyMinBins"":10,""cooldownOverrideFactor"":2.454219,""cooldownOverrideMinFlux"":0.028773,""cooldownOverrideMinBandRatio"":0.071501,""analyzeIntervalMs"":41}"
505,r015-0006-3c27eb89,15,-76,2,2,11,1,0,143,"{""relativeReattackFactor"":3.584972,""relativeReattackMinDelta"":0.0055,""relativeFluxFactor"":1.491537,""spectralNoveltyRatio"":4.055931,""spectralNoveltyMinBins"":25,""cooldownFrames"":3,""confirmedRmsFactor"":1.627976,""confirmedRmsMinDelta"":0.007913,""confirmedFluxFactor"":2.14208,""confirmedMinFlux"":0.003372,""confirmedMinBandRatio"":0.014204,""confirmedSpectralNoveltyMinBins"":11,""cooldownOverrideFactor"":2.223929,""cooldownOverrideMinFlux"":0.02794,""cooldownOverrideMinBandRatio"":0.077539,""analyzeIntervalMs"":41}"
506,r015-0068-77415669,15,-76,2,2,11,1,0,143,"{""relativeReattackFactor"":3.639019,""relativeReattackMinDelta"":0.006244,""relativeFluxFactor"":1.516498,""spectralNoveltyRatio"":4.125667,""spectralNoveltyMinBins"":24,""cooldownFrames"":3,""confirmedRmsFactor"":1.584448,""confirmedRmsMinDelta"":0.00783,""confirmedFluxFactor"":2.138398,""confirmedMinFlux"":0.0035,""confirmedMinBandRatio"":0.013984,""confirmedSpectralNoveltyMinBins"":13,""cooldownOverrideFactor"":2.036442,""cooldownOverrideMinFlux"":0.029431,""cooldownOverrideMinBandRatio"":0.079176,""analyzeIntervalMs"":41}"
507,r009-0001-90644636,9,-78,2,2,11,1,0,142,"{""relativeReattackFactor"":3.417781,""relativeReattackMinDelta"":0.004242,""relativeFluxFactor"":1.529943,""spectralNoveltyRatio"":4.288481,""spectralNoveltyMinBins"":27,""cooldownFrames"":3,""confirmedRmsFactor"":1.523065,""confirmedRmsMinDelta"":0.007821,""confirmedFluxFactor"":2.106477,""confirmedMinFlux"":0.004519,""confirmedMinBandRatio"":0.016021,""confirmedSpectralNoveltyMinBins"":10,""cooldownOverrideFactor"":2.25268,""cooldownOverrideMinFlux"":0.029002,""cooldownOverrideMinBandRatio"":0.076,""analyzeIntervalMs"":41}"
508,r009-0031-9eae1025,9,-78,2,2,11,1,0,142,"{""relativeReattackFactor"":3.441022,""relativeReattackMinDelta"":0.004127,""relativeFluxFactor"":1.540666,""spectralNoveltyRatio"":4.168427,""spectralNoveltyMinBins"":27,""cooldownFrames"":3,""confirmedRmsFactor"":1.54823,""confirmedRmsMinDelta"":0.00789,""confirmedFluxFactor"":2.100999,""confirmedMinFlux"":0.004558,""confirmedMinBandRatio"":0.015988,""confirmedSpectralNoveltyMinBins"":11,""cooldownOverrideFactor"":2.403894,""cooldownOverrideMinFlux"":0.029936,""cooldownOverrideMinBandRatio"":0.078129,""analyzeIntervalMs"":41}"
509,r009-0051-27b92afd,9,-78,2,2,11,1,0,141,"{""relativeReattackFactor"":3.356966,""relativeReattackMinDelta"":0.005345,""relativeFluxFactor"":1.512153,""spectralNoveltyRatio"":4.158455,""spectralNoveltyMinBins"":28,""cooldownFrames"":3,""confirmedRmsFactor"":1.486208,""confirmedRmsMinDelta"":0.007447,""confirmedFluxFactor"":2.03819,""confirmedMinFlux"":0.004214,""confirmedMinBandRatio"":0.015206,""confirmedSpectralNoveltyMinBins"":11,""cooldownOverrideFactor"":2.218027,""cooldownOverrideMinFlux"":0.027983,""cooldownOverrideMinBandRatio"":0.078896,""analyzeIntervalMs"":41}"
510,r009-0062-1ac7e13c,9,-78,2,2,11,1,0,143,"{""relativeReattackFactor"":3.428075,""relativeReattackMinDelta"":0.005098,""relativeFluxFactor"":1.501773,""spectralNoveltyRatio"":3.988301,""spectralNoveltyMinBins"":26,""cooldownFrames"":3,""confirmedRmsFactor"":1.539938,""confirmedRmsMinDelta"":0.008325,""confirmedFluxFactor"":2.047438,""confirmedMinFlux"":0.003635,""confirmedMinBandRatio"":0.013718,""confirmedSpectralNoveltyMinBins"":11,""cooldownOverrideFactor"":2.300554,""cooldownOverrideMinFlux"":0.028687,""cooldownOverrideMinBandRatio"":0.081069,""analyzeIntervalMs"":41}"
511,r010-0025-21e47176,10,-78,2,2,11,1,0,143,"{""relativeReattackFactor"":3.455303,""relativeReattackMinDelta"":0.00534,""relativeFluxFactor"":1.513862,""spectralNoveltyRatio"":4.021759,""spectralNoveltyMinBins"":26,""cooldownFrames"":3,""confirmedRmsFactor"":1.564898,""confirmedRmsMinDelta"":0.007785,""confirmedFluxFactor"":2.094792,""confirmedMinFlux"":0.005101,""confirmedMinBandRatio"":0.013261,""confirmedSpectralNoveltyMinBins"":12,""cooldownOverrideFactor"":1.970817,""cooldownOverrideMinFlux"":0.028826,""cooldownOverrideMinBandRatio"":0.078638,""analyzeIntervalMs"":41}"
512,r012-0067-9bef9a15,12,-78,2,2,11,1,0,142,"{""relativeReattackFactor"":3.493849,""relativeReattackMinDelta"":0.004,""relativeFluxFactor"":1.522746,""spectralNoveltyRatio"":4.159686,""spectralNoveltyMinBins"":27,""cooldownFrames"":3,""confirmedRmsFactor"":1.536518,""confirmedRmsMinDelta"":0.006934,""confirmedFluxFactor"":2.289291,""confirmedMinFlux"":0.005384,""confirmedMinBandRatio"":0.016001,""confirmedSpectralNoveltyMinBins"":9,""cooldownOverrideFactor"":2.498837,""cooldownOverrideMinFlux"":0.028497,""cooldownOverrideMinBandRatio"":0.072454,""analyzeIntervalMs"":41}"
513,r013-0050-09f7f96c,13,-78,2,2,11,1,0,142,"{""relativeReattackFactor"":3.494332,""relativeReattackMinDelta"":0.004121,""relativeFluxFactor"":1.532489,""spectralNoveltyRatio"":4.095091,""spectralNoveltyMinBins"":27,""cooldownFrames"":3,""confirmedRmsFactor"":1.649338,""confirmedRmsMinDelta"":0.007441,""confirmedFluxFactor"":2.073106,""confirmedMinFlux"":0.003917,""confirmedMinBandRatio"":0.014725,""confirmedSpectralNoveltyMinBins"":12,""cooldownOverrideFactor"":2.28525,""cooldownOverrideMinFlux"":0.03,""cooldownOverrideMinBandRatio"":0.079313,""analyzeIntervalMs"":41}"
514,r014-0013-d400fba1,14,-78,2,2,11,1,0,142,"{""relativeReattackFactor"":3.47063,""relativeReattackMinDelta"":0.005634,""relativeFluxFactor"":1.515292,""spectralNoveltyRatio"":4.011302,""spectralNoveltyMinBins"":27,""cooldownFrames"":3,""confirmedRmsFactor"":1.562096,""confirmedRmsMinDelta"":0.007253,""confirmedFluxFactor"":2.158142,""confirmedMinFlux"":0.003583,""confirmedMinBandRatio"":0.013829,""confirmedSpectralNoveltyMinBins"":14,""cooldownOverrideFactor"":2.055237,""cooldownOverrideMinFlux"":0.029513,""cooldownOverrideMinBandRatio"":0.079632,""analyzeIntervalMs"":41}"
515,r014-0052-930774d0,14,-78,2,2,11,1,0,142,"{""relativeReattackFactor"":3.473551,""relativeReattackMinDelta"":0.004939,""relativeFluxFactor"":1.499993,""spectralNoveltyRatio"":4.066413,""spectralNoveltyMinBins"":27,""cooldownFrames"":3,""confirmedRmsFactor"":1.570915,""confirmedRmsMinDelta"":0.007432,""confirmedFluxFactor"":2.266563,""confirmedMinFlux"":0.004995,""confirmedMinBandRatio"":0.017613,""confirmedSpectralNoveltyMinBins"":9,""cooldownOverrideFactor"":2.421222,""cooldownOverrideMinFlux"":0.027784,""cooldownOverrideMinBandRatio"":0.074569,""analyzeIntervalMs"":41}"
516,r018-0065-1a531251,18,-78,2,2,11,1,0,143,"{""relativeReattackFactor"":3.391152,""relativeReattackMinDelta"":0.007534,""relativeFluxFactor"":1.46928,""spectralNoveltyRatio"":3.884171,""spectralNoveltyMinBins"":26,""cooldownFrames"":3,""confirmedRmsFactor"":1.416249,""confirmedRmsMinDelta"":0.008697,""confirmedFluxFactor"":2.038088,""confirmedMinFlux"":0.007781,""confirmedMinBandRatio"":0.012426,""confirmedSpectralNoveltyMinBins"":11,""cooldownOverrideFactor"":2.771896,""cooldownOverrideMinFlux"":0.029929,""cooldownOverrideMinBandRatio"":0.072512,""analyzeIntervalMs"":41}"
517,r008-0061-ebc09f61,8,-79,2,2,12,1,0,143,"{""relativeReattackFactor"":3.317885,""relativeReattackMinDelta"":0.005605,""relativeFluxFactor"":1.528739,""spectralNoveltyRatio"":4.035175,""spectralNoveltyMinBins"":26,""cooldownFrames"":3,""confirmedRmsFactor"":1.554552,""confirmedRmsMinDelta"":0.00777,""confirmedFluxFactor"":2.077599,""confirmedMinFlux"":0.004097,""confirmedMinBandRatio"":0.012261,""confirmedSpectralNoveltyMinBins"":13,""cooldownOverrideFactor"":2.277247,""cooldownOverrideMinFlux"":0.02953,""cooldownOverrideMinBandRatio"":0.076253,""analyzeIntervalMs"":41}"
518,r009-0027-5ed2f774,9,-79,2,2,12,1,0,144,"{""relativeReattackFactor"":3.302059,""relativeReattackMinDelta"":0.006143,""relativeFluxFactor"":1.538798,""spectralNoveltyRatio"":3.992579,""spectralNoveltyMinBins"":26,""cooldownFrames"":3,""confirmedRmsFactor"":1.563662,""confirmedRmsMinDelta"":0.007785,""confirmedFluxFactor"":2.119642,""confirmedMinFlux"":0.004343,""confirmedMinBandRatio"":0.013063,""confirmedSpectralNoveltyMinBins"":13,""cooldownOverrideFactor"":2.278569,""cooldownOverrideMinFlux"":0.028732,""cooldownOverrideMinBandRatio"":0.075488,""analyzeIntervalMs"":41}"
519,r010-0053-728fc0ed,10,-79,2,2,12,1,0,144,"{""relativeReattackFactor"":3.366818,""relativeReattackMinDelta"":0.004689,""relativeFluxFactor"":1.493406,""spectralNoveltyRatio"":4.208382,""spectralNoveltyMinBins"":24,""cooldownFrames"":3,""confirmedRmsFactor"":1.547257,""confirmedRmsMinDelta"":0.007729,""confirmedFluxFactor"":2.121493,""confirmedMinFlux"":0.004461,""confirmedMinBandRatio"":0.012227,""confirmedSpectralNoveltyMinBins"":13,""cooldownOverrideFactor"":2.131642,""cooldownOverrideMinFlux"":0.029036,""cooldownOverrideMinBandRatio"":0.076198,""analyzeIntervalMs"":41}"
520,r010-0072-6ec8cbc8,10,-79,2,2,12,1,0,144,"{""relativeReattackFactor"":3.493025,""relativeReattackMinDelta"":0.005155,""relativeFluxFactor"":1.525295,""spectralNoveltyRatio"":4.011242,""spectralNoveltyMinBins"":24,""cooldownFrames"":3,""confirmedRmsFactor"":1.568327,""confirmedRmsMinDelta"":0.00784,""confirmedFluxFactor"":2.125148,""confirmedMinFlux"":0.003506,""confirmedMinBandRatio"":0.012559,""confirmedSpectralNoveltyMinBins"":13,""cooldownOverrideFactor"":2.13007,""cooldownOverrideMinFlux"":0.029109,""cooldownOverrideMinBandRatio"":0.079546,""analyzeIntervalMs"":41}"
521,r014-0033-40055b5a,14,-79,2,2,12,1,0,144,"{""relativeReattackFactor"":3.46308,""relativeReattackMinDelta"":0.00682,""relativeFluxFactor"":1.506551,""spectralNoveltyRatio"":3.854637,""spectralNoveltyMinBins"":24,""cooldownFrames"":3,""confirmedRmsFactor"":1.5923,""confirmedRmsMinDelta"":0.007294,""confirmedFluxFactor"":2.07208,""confirmedMinFlux"":0.003616,""confirmedMinBandRatio"":0.014075,""confirmedSpectralNoveltyMinBins"":13,""cooldownOverrideFactor"":2.006299,""cooldownOverrideMinFlux"":0.03,""cooldownOverrideMinBandRatio"":0.082664,""analyzeIntervalMs"":41}"
522,r014-0057-cda5f197,14,-79,2,2,12,1,0,144,"{""relativeReattackFactor"":3.474659,""relativeReattackMinDelta"":0.004016,""relativeFluxFactor"":1.490808,""spectralNoveltyRatio"":3.967607,""spectralNoveltyMinBins"":24,""cooldownFrames"":3,""confirmedRmsFactor"":1.547451,""confirmedRmsMinDelta"":0.006917,""confirmedFluxFactor"":2.223657,""confirmedMinFlux"":0.004948,""confirmedMinBandRatio"":0.01552,""confirmedSpectralNoveltyMinBins"":9,""cooldownOverrideFactor"":2.468936,""cooldownOverrideMinFlux"":0.027785,""cooldownOverrideMinBandRatio"":0.072244,""analyzeIntervalMs"":41}"
523,r014-0063-3cedd439,14,-79,2,2,12,1,0,144,"{""relativeReattackFactor"":3.474543,""relativeReattackMinDelta"":0.005866,""relativeFluxFactor"":1.529335,""spectralNoveltyRatio"":4.003962,""spectralNoveltyMinBins"":25,""cooldownFrames"":3,""confirmedRmsFactor"":1.575725,""confirmedRmsMinDelta"":0.007608,""confirmedFluxFactor"":2.090066,""confirmedMinFlux"":0.003405,""confirmedMinBandRatio"":0.012916,""confirmedSpectralNoveltyMinBins"":14,""cooldownOverrideFactor"":2.164189,""cooldownOverrideMinFlux"":0.03,""cooldownOverrideMinBandRatio"":0.08214,""analyzeIntervalMs"":41}"
524,r007-0007-35e928ab,7,-80,2,2,13,1,0,143,"{""relativeReattackFactor"":3.085329,""relativeReattackMinDelta"":0.004124,""relativeFluxFactor"":1.547134,""spectralNoveltyRatio"":4.109177,""spectralNoveltyMinBins"":29,""cooldownFrames"":3,""confirmedRmsFactor"":1.756797,""confirmedRmsMinDelta"":0.007736,""confirmedFluxFactor"":2.129574,""confirmedMinFlux"":0.003941,""confirmedMinBandRatio"":0.011901,""confirmedSpectralNoveltyMinBins"":12,""cooldownOverrideFactor"":1.930505,""cooldownOverrideMinFlux"":0.02928,""cooldownOverrideMinBandRatio"":0.081603,""analyzeIntervalMs"":41}"
525,r008-0075-9e5024d7,8,-80,2,2,13,1,0,144,"{""relativeReattackFactor"":3.064084,""relativeReattackMinDelta"":0.006128,""relativeFluxFactor"":1.577115,""spectralNoveltyRatio"":4.121469,""spectralNoveltyMinBins"":26,""cooldownFrames"":3,""confirmedRmsFactor"":1.703067,""confirmedRmsMinDelta"":0.008369,""confirmedFluxFactor"":2.191653,""confirmedMinFlux"":0.004032,""confirmedMinBandRatio"":0.013254,""confirmedSpectralNoveltyMinBins"":8,""cooldownOverrideFactor"":1.821397,""cooldownOverrideMinFlux"":0.028824,""cooldownOverrideMinBandRatio"":0.08894,""analyzeIntervalMs"":41}"
526,r010-0026-fea52a64,10,-80,2,2,13,1,0,145,"{""relativeReattackFactor"":3.318408,""relativeReattackMinDelta"":0.004279,""relativeFluxFactor"":1.504213,""spectralNoveltyRatio"":4.10317,""spectralNoveltyMinBins"":24,""cooldownFrames"":3,""confirmedRmsFactor"":1.486976,""confirmedRmsMinDelta"":0.007725,""confirmedFluxFactor"":2.073458,""confirmedMinFlux"":0.004583,""confirmedMinBandRatio"":0.014145,""confirmedSpectralNoveltyMinBins"":11,""cooldownOverrideFactor"":2.2461,""cooldownOverrideMinFlux"":0.028488,""cooldownOverrideMinBandRatio"":0.080969,""analyzeIntervalMs"":41}"
527,r010-0073-731276f0,10,-80,2,2,13,1,0,144,"{""relativeReattackFactor"":3.291658,""relativeReattackMinDelta"":0.006018,""relativeFluxFactor"":1.52178,""spectralNoveltyRatio"":4.248042,""spectralNoveltyMinBins"":25,""cooldownFrames"":3,""confirmedRmsFactor"":1.578706,""confirmedRmsMinDelta"":0.007985,""confirmedFluxFactor"":2.096779,""confirmedMinFlux"":0.004113,""confirmedMinBandRatio"":0.014987,""confirmedSpectralNoveltyMinBins"":12,""cooldownOverrideFactor"":2.112805,""cooldownOverrideMinFlux"":0.028768,""cooldownOverrideMinBandRatio"":0.079064,""analyzeIntervalMs"":41}"
528,r006-0014-0694d6d0,6,-81,2,2,14,1,0,146,"{""relativeReattackFactor"":3.23162,""relativeReattackMinDelta"":0.004412,""relativeFluxFactor"":1.572284,""spectralNoveltyRatio"":3.152006,""spectralNoveltyMinBins"":25,""cooldownFrames"":3,""confirmedRmsFactor"":1.652514,""confirmedRmsMinDelta"":0.009083,""confirmedFluxFactor"":1.995305,""confirmedMinFlux"":0.006262,""confirmedMinBandRatio"":0.019071,""confirmedSpectralNoveltyMinBins"":7,""cooldownOverrideFactor"":1.86567,""cooldownOverrideMinFlux"":0.024079,""cooldownOverrideMinBandRatio"":0.088001,""analyzeIntervalMs"":41}"
529,r007-0006-c4667ba8,7,-81,2,2,14,1,0,146,"{""relativeReattackFactor"":3.064008,""relativeReattackMinDelta"":0.005661,""relativeFluxFactor"":1.622203,""spectralNoveltyRatio"":3.642469,""spectralNoveltyMinBins"":25,""cooldownFrames"":3,""confirmedRmsFactor"":1.761818,""confirmedRmsMinDelta"":0.008602,""confirmedFluxFactor"":2.150396,""confirmedMinFlux"":0.003566,""confirmedMinBandRatio"":0.012402,""confirmedSpectralNoveltyMinBins"":9,""cooldownOverrideFactor"":1.8,""cooldownOverrideMinFlux"":0.02818,""cooldownOverrideMinBandRatio"":0.084226,""analyzeIntervalMs"":41}"
530,r007-0074-961918d2,7,-81,2,2,14,1,0,146,"{""relativeReattackFactor"":3.012207,""relativeReattackMinDelta"":0.004965,""relativeFluxFactor"":1.597077,""spectralNoveltyRatio"":3.682471,""spectralNoveltyMinBins"":25,""cooldownFrames"":3,""confirmedRmsFactor"":1.700081,""confirmedRmsMinDelta"":0.008238,""confirmedFluxFactor"":2.115872,""confirmedMinFlux"":0.0046,""confirmedMinBandRatio"":0.014143,""confirmedSpectralNoveltyMinBins"":9,""cooldownOverrideFactor"":1.85219,""cooldownOverrideMinFlux"":0.027685,""cooldownOverrideMinBandRatio"":0.08964,""analyzeIntervalMs"":41}"
531,r008-0049-223be055,8,-81,2,2,14,1,0,146,"{""relativeReattackFactor"":3.167615,""relativeReattackMinDelta"":0.005739,""relativeFluxFactor"":1.520834,""spectralNoveltyRatio"":4.064462,""spectralNoveltyMinBins"":25,""cooldownFrames"":3,""confirmedRmsFactor"":1.762751,""confirmedRmsMinDelta"":0.00852,""confirmedFluxFactor"":2.175007,""confirmedMinFlux"":0.003282,""confirmedMinBandRatio"":0.015827,""confirmedSpectralNoveltyMinBins"":10,""cooldownOverrideFactor"":1.803805,""cooldownOverrideMinFlux"":0.027452,""cooldownOverrideMinBandRatio"":0.080437,""analyzeIntervalMs"":41}"
532,r009-0055-cd32e79e,9,-81,2,2,14,1,0,145,"{""relativeReattackFactor"":3.055712,""relativeReattackMinDelta"":0.005003,""relativeFluxFactor"":1.524673,""spectralNoveltyRatio"":4.332617,""spectralNoveltyMinBins"":25,""cooldownFrames"":3,""confirmedRmsFactor"":1.665339,""confirmedRmsMinDelta"":0.008579,""confirmedFluxFactor"":2.122381,""confirmedMinFlux"":0.003828,""confirmedMinBandRatio"":0.011434,""confirmedSpectralNoveltyMinBins"":9,""cooldownOverrideFactor"":1.829526,""cooldownOverrideMinFlux"":0.02815,""cooldownOverrideMinBandRatio"":0.082319,""analyzeIntervalMs"":41}"
533,r009-0074-13da2f96,9,-81,2,2,14,1,0,146,"{""relativeReattackFactor"":3.191138,""relativeReattackMinDelta"":0.005619,""relativeFluxFactor"":1.492546,""spectralNoveltyRatio"":3.857016,""spectralNoveltyMinBins"":25,""cooldownFrames"":3,""confirmedRmsFactor"":1.5598,""confirmedRmsMinDelta"":0.008159,""confirmedFluxFactor"":2.093211,""confirmedMinFlux"":0.003504,""confirmedMinBandRatio"":0.013394,""confirmedSpectralNoveltyMinBins"":11,""cooldownOverrideFactor"":2.182014,""cooldownOverrideMinFlux"":0.029333,""cooldownOverrideMinBandRatio"":0.087476,""analyzeIntervalMs"":41}"
534,r009-0042-6d81c0b5,9,-83,2,2,13,1,0,145,"{""relativeReattackFactor"":3.470843,""relativeReattackMinDelta"":0.006009,""relativeFluxFactor"":1.514482,""spectralNoveltyRatio"":4.181586,""spectralNoveltyMinBins"":22,""cooldownFrames"":3,""confirmedRmsFactor"":1.584743,""confirmedRmsMinDelta"":0.007612,""confirmedFluxFactor"":2.142378,""confirmedMinFlux"":0.003637,""confirmedMinBandRatio"":0.015009,""confirmedSpectralNoveltyMinBins"":11,""cooldownOverrideFactor"":2.265268,""cooldownOverrideMinFlux"":0.028208,""cooldownOverrideMinBandRatio"":0.076501,""analyzeIntervalMs"":41}"
535,r010-0039-5d61e4f2,10,-83,2,2,13,1,0,145,"{""relativeReattackFactor"":3.368508,""relativeReattackMinDelta"":0.004932,""relativeFluxFactor"":1.494132,""spectralNoveltyRatio"":4.207727,""spectralNoveltyMinBins"":23,""cooldownFrames"":3,""confirmedRmsFactor"":1.486921,""confirmedRmsMinDelta"":0.007438,""confirmedFluxFactor"":2.169631,""confirmedMinFlux"":0.004251,""confirmedMinBandRatio"":0.014846,""confirmedSpectralNoveltyMinBins"":12,""cooldownOverrideFactor"":2.393495,""cooldownOverrideMinFlux"":0.029684,""cooldownOverrideMinBandRatio"":0.078445,""analyzeIntervalMs"":41}"
536,r010-0078-899b3c7d,10,-83,2,2,13,1,0,145,"{""relativeReattackFactor"":3.377981,""relativeReattackMinDelta"":0.005931,""relativeFluxFactor"":1.52528,""spectralNoveltyRatio"":4.187471,""spectralNoveltyMinBins"":22,""cooldownFrames"":3,""confirmedRmsFactor"":1.529812,""confirmedRmsMinDelta"":0.008209,""confirmedFluxFactor"":2.077803,""confirmedMinFlux"":0.003367,""confirmedMinBandRatio"":0.015293,""confirmedSpectralNoveltyMinBins"":11,""cooldownOverrideFactor"":2.235437,""cooldownOverrideMinFlux"":0.029845,""cooldownOverrideMinBandRatio"":0.078833,""analyzeIntervalMs"":41}"
537,r008-0020-0f270b88,8,-83,2,2,14,1,0,144,"{""relativeReattackFactor"":2.988474,""relativeReattackMinDelta"":0.005368,""relativeFluxFactor"":1.524865,""spectralNoveltyRatio"":4.444271,""spectralNoveltyMinBins"":28,""cooldownFrames"":3,""confirmedRmsFactor"":1.736317,""confirmedRmsMinDelta"":0.007698,""confirmedFluxFactor"":2.253384,""confirmedMinFlux"":0.003438,""confirmedMinBandRatio"":0.013514,""confirmedSpectralNoveltyMinBins"":8,""cooldownOverrideFactor"":1.906837,""cooldownOverrideMinFlux"":0.03,""cooldownOverrideMinBandRatio"":0.085013,""analyzeIntervalMs"":41}"
538,r005-0041-b68f6473,5,-84,2,2,15,1,0,147,"{""relativeReattackFactor"":2.930642,""relativeReattackMinDelta"":0.00491,""relativeFluxFactor"":1.533491,""spectralNoveltyRatio"":3.576,""spectralNoveltyMinBins"":26,""cooldownFrames"":3,""confirmedRmsFactor"":1.665871,""confirmedRmsMinDelta"":0.007673,""confirmedFluxFactor"":2.230336,""confirmedMinFlux"":0.004346,""confirmedMinBandRatio"":0.017332,""confirmedSpectralNoveltyMinBins"":9,""cooldownOverrideFactor"":1.8,""cooldownOverrideMinFlux"":0.025939,""cooldownOverrideMinBandRatio"":0.09,""analyzeIntervalMs"":41}"
539,r003-0037-c02ff577,3,-84,3,4,10,2,1,138,"{""relativeReattackFactor"":3.915367,""relativeReattackMinDelta"":0.011947,""relativeFluxFactor"":1.4,""spectralNoveltyRatio"":2.88499,""spectralNoveltyMinBins"":27,""cooldownFrames"":4,""confirmedRmsFactor"":1.593389,""confirmedRmsMinDelta"":0.002273,""confirmedFluxFactor"":1.610472,""confirmedMinFlux"":0.019811,""confirmedMinBandRatio"":0.03419,""confirmedSpectralNoveltyMinBins"":24,""cooldownOverrideFactor"":4.442446,""cooldownOverrideMinFlux"":0.004,""cooldownOverrideMinBandRatio"":0.059991,""analyzeIntervalMs"":42}"
540,r005-0029-9e6fdd15,5,-85,2,2,15,1,0,148,"{""relativeReattackFactor"":3.067865,""relativeReattackMinDelta"":0.004705,""relativeFluxFactor"":1.65514,""spectralNoveltyRatio"":3.530592,""spectralNoveltyMinBins"":21,""cooldownFrames"":3,""confirmedRmsFactor"":1.655705,""confirmedRmsMinDelta"":0.00867,""confirmedFluxFactor"":1.973925,""confirmedMinFlux"":0.005193,""confirmedMinBandRatio"":0.014129,""confirmedSpectralNoveltyMinBins"":8,""cooldownOverrideFactor"":1.8,""cooldownOverrideMinFlux"":0.025365,""cooldownOverrideMinBandRatio"":0.086595,""analyzeIntervalMs"":41}"
541,r006-0004-f13b3650,6,-85,2,2,15,1,0,147,"{""relativeReattackFactor"":3.122507,""relativeReattackMinDelta"":0.005298,""relativeFluxFactor"":1.558474,""spectralNoveltyRatio"":3.11095,""spectralNoveltyMinBins"":24,""cooldownFrames"":3,""confirmedRmsFactor"":1.761553,""confirmedRmsMinDelta"":0.009122,""confirmedFluxFactor"":1.94396,""confirmedMinFlux"":0.004623,""confirmedMinBandRatio"":0.020961,""confirmedSpectralNoveltyMinBins"":8,""cooldownOverrideFactor"":1.807997,""cooldownOverrideMinFlux"":0.025571,""cooldownOverrideMinBandRatio"":0.09,""analyzeIntervalMs"":41}"
542,r006-0027-736506a9,6,-85,2,2,15,1,0,148,"{""relativeReattackFactor"":3.1733,""relativeReattackMinDelta"":0.004837,""relativeFluxFactor"":1.615437,""spectralNoveltyRatio"":4.106402,""spectralNoveltyMinBins"":21,""cooldownFrames"":3,""confirmedRmsFactor"":1.72164,""confirmedRmsMinDelta"":0.007764,""confirmedFluxFactor"":2.148888,""confirmedMinFlux"":0.003712,""confirmedMinBandRatio"":0.015163,""confirmedSpectralNoveltyMinBins"":7,""cooldownOverrideFactor"":1.880641,""cooldownOverrideMinFlux"":0.026124,""cooldownOverrideMinBandRatio"":0.086062,""analyzeIntervalMs"":41}"
543,r007-0025-f9ab0604,7,-85,2,2,15,1,0,147,"{""relativeReattackFactor"":3.099455,""relativeReattackMinDelta"":0.00619,""relativeFluxFactor"":1.514491,""spectralNoveltyRatio"":3.897747,""spectralNoveltyMinBins"":22,""cooldownFrames"":3,""confirmedRmsFactor"":1.616949,""confirmedRmsMinDelta"":0.007711,""confirmedFluxFactor"":2.11225,""confirmedMinFlux"":0.003623,""confirmedMinBandRatio"":0.01462,""confirmedSpectralNoveltyMinBins"":12,""cooldownOverrideFactor"":2.185469,""cooldownOverrideMinFlux"":0.03,""cooldownOverrideMinBandRatio"":0.084521,""analyzeIntervalMs"":41}"
544,r007-0031-91c02c47,7,-85,2,2,15,1,0,147,"{""relativeReattackFactor"":3.17896,""relativeReattackMinDelta"":0.006316,""relativeFluxFactor"":1.532715,""spectralNoveltyRatio"":3.677821,""spectralNoveltyMinBins"":22,""cooldownFrames"":3,""confirmedRmsFactor"":1.827188,""confirmedRmsMinDelta"":0.008254,""confirmedFluxFactor"":2.189457,""confirmedMinFlux"":0.004256,""confirmedMinBandRatio"":0.013645,""confirmedSpectralNoveltyMinBins"":13,""cooldownOverrideFactor"":1.965463,""cooldownOverrideMinFlux"":0.027373,""cooldownOverrideMinBandRatio"":0.080669,""analyzeIntervalMs"":41}"
545,r007-0060-49487c26,7,-85,2,2,15,1,0,147,"{""relativeReattackFactor"":3.108578,""relativeReattackMinDelta"":0.006113,""relativeFluxFactor"":1.585281,""spectralNoveltyRatio"":3.834338,""spectralNoveltyMinBins"":22,""cooldownFrames"":3,""confirmedRmsFactor"":1.584783,""confirmedRmsMinDelta"":0.007691,""confirmedFluxFactor"":2.00422,""confirmedMinFlux"":0.003432,""confirmedMinBandRatio"":0.015752,""confirmedSpectralNoveltyMinBins"":11,""cooldownOverrideFactor"":1.962729,""cooldownOverrideMinFlux"":0.029955,""cooldownOverrideMinBandRatio"":0.079275,""analyzeIntervalMs"":41}"
546,r007-0070-11f919e6,7,-85,2,2,15,1,0,148,"{""relativeReattackFactor"":3.101235,""relativeReattackMinDelta"":0.004423,""relativeFluxFactor"":1.491149,""spectralNoveltyRatio"":4.214837,""spectralNoveltyMinBins"":20,""cooldownFrames"":3,""confirmedRmsFactor"":1.634945,""confirmedRmsMinDelta"":0.00825,""confirmedFluxFactor"":1.997749,""confirmedMinFlux"":0.003,""confirmedMinBandRatio"":0.015354,""confirmedSpectralNoveltyMinBins"":10,""cooldownOverrideFactor"":2.030056,""cooldownOverrideMinFlux"":0.03,""cooldownOverrideMinBandRatio"":0.082781,""analyzeIntervalMs"":41}"
547,r008-0058-f3fd43c0,8,-85,2,2,15,1,0,147,"{""relativeReattackFactor"":3.255649,""relativeReattackMinDelta"":0.005332,""relativeFluxFactor"":1.507847,""spectralNoveltyRatio"":3.958079,""spectralNoveltyMinBins"":23,""cooldownFrames"":3,""confirmedRmsFactor"":1.567742,""confirmedRmsMinDelta"":0.007918,""confirmedFluxFactor"":2.085189,""confirmedMinFlux"":0.004226,""confirmedMinBandRatio"":0.013931,""confirmedSpectralNoveltyMinBins"":12,""cooldownOverrideFactor"":2.028597,""cooldownOverrideMinFlux"":0.029645,""cooldownOverrideMinBandRatio"":0.087964,""analyzeIntervalMs"":41}"
548,r008-0059-36a6b7fb,8,-85,2,2,15,1,0,147,"{""relativeReattackFactor"":3.121349,""relativeReattackMinDelta"":0.00525,""relativeFluxFactor"":1.545286,""spectralNoveltyRatio"":3.943373,""spectralNoveltyMinBins"":22,""cooldownFrames"":3,""confirmedRmsFactor"":1.809329,""confirmedRmsMinDelta"":0.008342,""confirmedFluxFactor"":2.075586,""confirmedMinFlux"":0.003123,""confirmedMinBandRatio"":0.013135,""confirmedSpectralNoveltyMinBins"":10,""cooldownOverrideFactor"":1.8,""cooldownOverrideMinFlux"":0.026458,""cooldownOverrideMinBandRatio"":0.082024,""analyzeIntervalMs"":41}"
549,r009-0010-f323af73,9,-87,2,2,16,1,0,147,"{""relativeReattackFactor"":2.899308,""relativeReattackMinDelta"":0.004998,""relativeFluxFactor"":1.543953,""spectralNoveltyRatio"":4.158483,""spectralNoveltyMinBins"":27,""cooldownFrames"":3,""confirmedRmsFactor"":1.705832,""confirmedRmsMinDelta"":0.00817,""confirmedFluxFactor"":2.135985,""confirmedMinFlux"":0.003955,""confirmedMinBandRatio"":0.012599,""confirmedSpectralNoveltyMinBins"":8,""cooldownOverrideFactor"":1.840725,""cooldownOverrideMinFlux"":0.029482,""cooldownOverrideMinBandRatio"":0.086728,""analyzeIntervalMs"":41}"
550,r004-0051-7d5b63d2,4,-88,2,2,16,1,0,148,"{""relativeReattackFactor"":2.967238,""relativeReattackMinDelta"":0.005028,""relativeFluxFactor"":1.516936,""spectralNoveltyRatio"":3.811874,""spectralNoveltyMinBins"":23,""cooldownFrames"":3,""confirmedRmsFactor"":1.624512,""confirmedRmsMinDelta"":0.008685,""confirmedFluxFactor"":2.02909,""confirmedMinFlux"":0.00452,""confirmedMinBandRatio"":0.021682,""confirmedSpectralNoveltyMinBins"":8,""cooldownOverrideFactor"":1.8,""cooldownOverrideMinFlux"":0.026534,""cooldownOverrideMinBandRatio"":0.084535,""analyzeIntervalMs"":41}"
551,r017-0052-e2720221,17,-88,3,2,22,1,1,153,"{""relativeReattackFactor"":3.825531,""relativeReattackMinDelta"":0.010359,""relativeFluxFactor"":1.4,""spectralNoveltyRatio"":3.322769,""spectralNoveltyMinBins"":17,""cooldownFrames"":3,""confirmedRmsFactor"":1.218912,""confirmedRmsMinDelta"":0.007415,""confirmedFluxFactor"":1.785004,""confirmedMinFlux"":0.005669,""confirmedMinBandRatio"":0.016686,""confirmedSpectralNoveltyMinBins"":9,""cooldownOverrideFactor"":2.092316,""cooldownOverrideMinFlux"":0.029278,""cooldownOverrideMinBandRatio"":0.079806,""analyzeIntervalMs"":36}"
552,r016-0033-5f249abe,16,-89,1,3,12,1,0,139,"{""relativeReattackFactor"":3.365099,""relativeReattackMinDelta"":0.010246,""relativeFluxFactor"":1.4,""spectralNoveltyRatio"":2.671158,""spectralNoveltyMinBins"":33,""cooldownFrames"":3,""confirmedRmsFactor"":1.216431,""confirmedRmsMinDelta"":0.004971,""confirmedFluxFactor"":2.27103,""confirmedMinFlux"":0.003,""confirmedMinBandRatio"":0.006,""confirmedSpectralNoveltyMinBins"":15,""cooldownOverrideFactor"":2.104609,""cooldownOverrideMinFlux"":0.03,""cooldownOverrideMinBandRatio"":0.061171,""analyzeIntervalMs"":46}"
553,r007-0005-536577d9,7,-89,2,2,16,1,0,150,"{""relativeReattackFactor"":3.108158,""relativeReattackMinDelta"":0.004071,""relativeFluxFactor"":1.532693,""spectralNoveltyRatio"":4.181515,""spectralNoveltyMinBins"":19,""cooldownFrames"":3,""confirmedRmsFactor"":1.57368,""confirmedRmsMinDelta"":0.008257,""confirmedFluxFactor"":2.070866,""confirmedMinFlux"":0.003639,""confirmedMinBandRatio"":0.016481,""confirmedSpectralNoveltyMinBins"":13,""cooldownOverrideFactor"":2.173183,""cooldownOverrideMinFlux"":0.029287,""cooldownOverrideMinBandRatio"":0.083533,""analyzeIntervalMs"":41}"
554,r003-0023-b39d4bb6,3,-90,3,0,26,0,2,163,"{""relativeReattackFactor"":3.224861,""relativeReattackMinDelta"":0.004,""relativeFluxFactor"":1.4,""spectralNoveltyRatio"":4.111884,""spectralNoveltyMinBins"":7,""cooldownFrames"":3,""confirmedRmsFactor"":1.658128,""confirmedRmsMinDelta"":0.009519,""confirmedFluxFactor"":1.961019,""confirmedMinFlux"":0.008875,""confirmedMinBandRatio"":0.017137,""confirmedSpectralNoveltyMinBins"":3,""cooldownOverrideFactor"":1.876789,""cooldownOverrideMinFlux"":0.024798,""cooldownOverrideMinBandRatio"":0.086061,""analyzeIntervalMs"":41}"
555,r016-0020-15cad451,16,-91,1,3,12,1,0,141,"{""relativeReattackFactor"":2.988991,""relativeReattackMinDelta"":0.005291,""relativeFluxFactor"":1.4,""spectralNoveltyRatio"":5.301233,""spectralNoveltyMinBins"":30,""cooldownFrames"":3,""confirmedRmsFactor"":1.871557,""confirmedRmsMinDelta"":0.00885,""confirmedFluxFactor"":2.162985,""confirmedMinFlux"":0.004113,""confirmedMinBandRatio"":0.006569,""confirmedSpectralNoveltyMinBins"":20,""cooldownOverrideFactor"":1.8,""cooldownOverrideMinFlux"":0.03,""cooldownOverrideMinBandRatio"":0.072999,""analyzeIntervalMs"":41}"
556,r006-0023-464a8c12,6,-91,2,2,15,1,0,149,"{""relativeReattackFactor"":3.414186,""relativeReattackMinDelta"":0.005383,""relativeFluxFactor"":1.546982,""spectralNoveltyRatio"":3.90824,""spectralNoveltyMinBins"":18,""cooldownFrames"":3,""confirmedRmsFactor"":1.569415,""confirmedRmsMinDelta"":0.00868,""confirmedFluxFactor"":2.006799,""confirmedMinFlux"":0.004147,""confirmedMinBandRatio"":0.012558,""confirmedSpectralNoveltyMinBins"":9,""cooldownOverrideFactor"":2.010626,""cooldownOverrideMinFlux"":0.028567,""cooldownOverrideMinBandRatio"":0.083521,""analyzeIntervalMs"":41}"
557,r006-0080-abacccad,6,-91,2,2,15,1,0,149,"{""relativeReattackFactor"":3.347434,""relativeReattackMinDelta"":0.005362,""relativeFluxFactor"":1.495652,""spectralNoveltyRatio"":3.715328,""spectralNoveltyMinBins"":19,""cooldownFrames"":3,""confirmedRmsFactor"":1.563867,""confirmedRmsMinDelta"":0.008813,""confirmedFluxFactor"":2.049081,""confirmedMinFlux"":0.004667,""confirmedMinBandRatio"":0.013587,""confirmedSpectralNoveltyMinBins"":8,""cooldownOverrideFactor"":1.8,""cooldownOverrideMinFlux"":0.027038,""cooldownOverrideMinBandRatio"":0.087395,""analyzeIntervalMs"":41}"
558,r003-0046-0dcf920a,3,-96,3,4,10,2,0,137,"{""relativeReattackFactor"":3.607216,""relativeReattackMinDelta"":0.012318,""relativeFluxFactor"":1.522561,""spectralNoveltyRatio"":2.587896,""spectralNoveltyMinBins"":30,""cooldownFrames"":4,""confirmedRmsFactor"":1.208142,""confirmedRmsMinDelta"":0.002,""confirmedFluxFactor"":1.267285,""confirmedMinFlux"":0.017869,""confirmedMinBandRatio"":0.036386,""confirmedSpectralNoveltyMinBins"":25,""cooldownOverrideFactor"":3.747792,""cooldownOverrideMinFlux"":0.013647,""cooldownOverrideMinBandRatio"":0.073699,""analyzeIntervalMs"":43}"
559,r016-0018-6dff7b85,16,-100,3,4,8,2,0,133,"{""relativeReattackFactor"":3.945825,""relativeReattackMinDelta"":0.013737,""relativeFluxFactor"":1.4,""spectralNoveltyRatio"":4.05842,""spectralNoveltyMinBins"":30,""cooldownFrames"":3,""confirmedRmsFactor"":1.413301,""confirmedRmsMinDelta"":0.006854,""confirmedFluxFactor"":2.318016,""confirmedMinFlux"":0.003,""confirmedMinBandRatio"":0.024182,""confirmedSpectralNoveltyMinBins"":8,""cooldownOverrideFactor"":2.83879,""cooldownOverrideMinFlux"":0.027566,""cooldownOverrideMinBandRatio"":0.079842,""analyzeIntervalMs"":40}"
560,r006-0076-318a07f7,6,-101,1,3,13,1,0,144,"{""relativeReattackFactor"":2.887373,""relativeReattackMinDelta"":0.005344,""relativeFluxFactor"":1.4,""spectralNoveltyRatio"":4.310551,""spectralNoveltyMinBins"":29,""cooldownFrames"":3,""confirmedRmsFactor"":1.725718,""confirmedRmsMinDelta"":0.00889,""confirmedFluxFactor"":2.162026,""confirmedMinFlux"":0.003,""confirmedMinBandRatio"":0.011461,""confirmedSpectralNoveltyMinBins"":10,""cooldownOverrideFactor"":1.8,""cooldownOverrideMinFlux"":0.026953,""cooldownOverrideMinBandRatio"":0.085699,""analyzeIntervalMs"":40}"
561,r016-0074-1a00d402,16,-101,1,3,15,1,0,142,"{""relativeReattackFactor"":4,""relativeReattackMinDelta"":0.004,""relativeFluxFactor"":1.4,""spectralNoveltyRatio"":3.18179,""spectralNoveltyMinBins"":22,""cooldownFrames"":3,""confirmedRmsFactor"":1.315898,""confirmedRmsMinDelta"":0.005637,""confirmedFluxFactor"":1.781953,""confirmedMinFlux"":0.004541,""confirmedMinBandRatio"":0.006,""confirmedSpectralNoveltyMinBins"":8,""cooldownOverrideFactor"":2.650716,""cooldownOverrideMinFlux"":0.025592,""cooldownOverrideMinBandRatio"":0.09,""analyzeIntervalMs"":46}"
562,r004-0020-85995f02,4,-101,3,4,11,2,0,138,"{""relativeReattackFactor"":3.775007,""relativeReattackMinDelta"":0.013849,""relativeFluxFactor"":1.501571,""spectralNoveltyRatio"":3.613369,""spectralNoveltyMinBins"":20,""cooldownFrames"":4,""confirmedRmsFactor"":1.717109,""confirmedRmsMinDelta"":0.002,""confirmedFluxFactor"":1.894154,""confirmedMinFlux"":0.019433,""confirmedMinBandRatio"":0.027867,""confirmedSpectralNoveltyMinBins"":26,""cooldownOverrideFactor"":4.083606,""cooldownOverrideMinFlux"":0.006624,""cooldownOverrideMinBandRatio"":0.071788,""analyzeIntervalMs"":43}"
563,r004-0018-3ac09557,4,-102,2,1,27,0,3,161,"{""relativeReattackFactor"":2.595206,""relativeReattackMinDelta"":0.004,""relativeFluxFactor"":1.4,""spectralNoveltyRatio"":4.515815,""spectralNoveltyMinBins"":6,""cooldownFrames"":3,""confirmedRmsFactor"":1.932833,""confirmedRmsMinDelta"":0.007603,""confirmedFluxFactor"":1.857654,""confirmedMinFlux"":0.005601,""confirmedMinBandRatio"":0.006,""confirmedSpectralNoveltyMinBins"":6,""cooldownOverrideFactor"":2.241134,""cooldownOverrideMinFlux"":0.019767,""cooldownOverrideMinBandRatio"":0.085972,""analyzeIntervalMs"":42}"
564,r005-0020-6d0add63,5,-102,2,1,27,0,3,161,"{""relativeReattackFactor"":2.610184,""relativeReattackMinDelta"":0.004,""relativeFluxFactor"":1.4,""spectralNoveltyRatio"":4.317544,""spectralNoveltyMinBins"":8,""cooldownFrames"":3,""confirmedRmsFactor"":1.933959,""confirmedRmsMinDelta"":0.006378,""confirmedFluxFactor"":1.812271,""confirmedMinFlux"":0.006485,""confirmedMinBandRatio"":0.011731,""confirmedSpectralNoveltyMinBins"":7,""cooldownOverrideFactor"":1.998189,""cooldownOverrideMinFlux"":0.02064,""cooldownOverrideMinBandRatio"":0.080549,""analyzeIntervalMs"":42}"
565,r005-0035-e4938af9,5,-102,2,1,27,0,3,162,"{""relativeReattackFactor"":2.499702,""relativeReattackMinDelta"":0.004805,""relativeFluxFactor"":1.4,""spectralNoveltyRatio"":4.885953,""spectralNoveltyMinBins"":8,""cooldownFrames"":3,""confirmedRmsFactor"":1.94196,""confirmedRmsMinDelta"":0.006186,""confirmedFluxFactor"":1.760314,""confirmedMinFlux"":0.006803,""confirmedMinBandRatio"":0.006,""confirmedSpectralNoveltyMinBins"":3,""cooldownOverrideFactor"":1.890765,""cooldownOverrideMinFlux"":0.020394,""cooldownOverrideMinBandRatio"":0.085362,""analyzeIntervalMs"":42}"
566,r018-0036-b6b50452,18,-104,3,4,12,2,0,140,"{""relativeReattackFactor"":3.967925,""relativeReattackMinDelta"":0.00755,""relativeFluxFactor"":1.478978,""spectralNoveltyRatio"":5.742964,""spectralNoveltyMinBins"":16,""cooldownFrames"":4,""confirmedRmsFactor"":1.555338,""confirmedRmsMinDelta"":0.006507,""confirmedFluxFactor"":1.927535,""confirmedMinFlux"":0.003,""confirmedMinBandRatio"":0.033957,""confirmedSpectralNoveltyMinBins"":10,""cooldownOverrideFactor"":3.186074,""cooldownOverrideMinFlux"":0.026745,""cooldownOverrideMinBandRatio"":0.058949,""analyzeIntervalMs"":43}"
567,r004-0054-a4d40fbd,4,-105,3,5,10,3,0,136,"{""relativeReattackFactor"":2.768407,""relativeReattackMinDelta"":0.013583,""relativeFluxFactor"":1.4,""spectralNoveltyRatio"":2.83995,""spectralNoveltyMinBins"":34,""cooldownFrames"":4,""confirmedRmsFactor"":1.312303,""confirmedRmsMinDelta"":0.004178,""confirmedFluxFactor"":1.983959,""confirmedMinFlux"":0.013268,""confirmedMinBandRatio"":0.025729,""confirmedSpectralNoveltyMinBins"":25,""cooldownOverrideFactor"":3.786695,""cooldownOverrideMinFlux"":0.009594,""cooldownOverrideMinBandRatio"":0.084407,""analyzeIntervalMs"":42}"
568,r017-0020-c3ce0736,17,-109,2,2,21,1,0,153,"{""relativeReattackFactor"":4,""relativeReattackMinDelta"":0.004,""relativeFluxFactor"":1.4,""spectralNoveltyRatio"":4.513595,""spectralNoveltyMinBins"":12,""cooldownFrames"":4,""confirmedRmsFactor"":1.86664,""confirmedRmsMinDelta"":0.006462,""confirmedFluxFactor"":2.054656,""confirmedMinFlux"":0.003,""confirmedMinBandRatio"":0.022043,""confirmedSpectralNoveltyMinBins"":15,""cooldownOverrideFactor"":2.931448,""cooldownOverrideMinFlux"":0.03,""cooldownOverrideMinBandRatio"":0.076309,""analyzeIntervalMs"":33}"
569,r009-0075-3e265020,9,-109,3,4,11,2,0,139,"{""relativeReattackFactor"":2.99079,""relativeReattackMinDelta"":0.004668,""relativeFluxFactor"":1.4,""spectralNoveltyRatio"":4.30834,""spectralNoveltyMinBins"":30,""cooldownFrames"":3,""confirmedRmsFactor"":1.68073,""confirmedRmsMinDelta"":0.008141,""confirmedFluxFactor"":2.154901,""confirmedMinFlux"":0.003557,""confirmedMinBandRatio"":0.014148,""confirmedSpectralNoveltyMinBins"":9,""cooldownOverrideFactor"":1.821288,""cooldownOverrideMinFlux"":0.029364,""cooldownOverrideMinBandRatio"":0.087095,""analyzeIntervalMs"":40}"
570,r004-0005-c6f3b23d,4,-112,3,4,9,2,0,136,"{""relativeReattackFactor"":3.900297,""relativeReattackMinDelta"":0.01246,""relativeFluxFactor"":1.4,""spectralNoveltyRatio"":3.265935,""spectralNoveltyMinBins"":24,""cooldownFrames"":4,""confirmedRmsFactor"":1.754065,""confirmedRmsMinDelta"":0.002823,""confirmedFluxFactor"":1.790215,""confirmedMinFlux"":0.018616,""confirmedMinBandRatio"":0.03174,""confirmedSpectralNoveltyMinBins"":25,""cooldownOverrideFactor"":4.281374,""cooldownOverrideMinFlux"":0.004,""cooldownOverrideMinBandRatio"":0.073978,""analyzeIntervalMs"":45}"
571,r006-0015-ae4692ff,6,-113,2,2,17,1,1,147,"{""relativeReattackFactor"":3.381249,""relativeReattackMinDelta"":0.004289,""relativeFluxFactor"":1.4,""spectralNoveltyRatio"":3.648704,""spectralNoveltyMinBins"":18,""cooldownFrames"":3,""confirmedRmsFactor"":1.609647,""confirmedRmsMinDelta"":0.008807,""confirmedFluxFactor"":2.165354,""confirmedMinFlux"":0.004375,""confirmedMinBandRatio"":0.016438,""confirmedSpectralNoveltyMinBins"":8,""cooldownOverrideFactor"":1.992414,""cooldownOverrideMinFlux"":0.025041,""cooldownOverrideMinBandRatio"":0.082286,""analyzeIntervalMs"":42}"
572,r004-0049-59d5e02c,4,-116,3,3,10,2,0,139,"{""relativeReattackFactor"":2.723787,""relativeReattackMinDelta"":0.015908,""relativeFluxFactor"":1.567755,""spectralNoveltyRatio"":2.937706,""spectralNoveltyMinBins"":33,""cooldownFrames"":4,""confirmedRmsFactor"":1.352913,""confirmedRmsMinDelta"":0.005045,""confirmedFluxFactor"":1.935791,""confirmedMinFlux"":0.011828,""confirmedMinBandRatio"":0.020695,""confirmedSpectralNoveltyMinBins"":21,""cooldownOverrideFactor"":3.752241,""cooldownOverrideMinFlux"":0.009057,""cooldownOverrideMinBandRatio"":0.086003,""analyzeIntervalMs"":41}"
573,r003-0074-cdc96717,3,-117,1,3,21,1,0,150,"{""relativeReattackFactor"":3.963597,""relativeReattackMinDelta"":0.021105,""relativeFluxFactor"":1.4,""spectralNoveltyRatio"":3.494713,""spectralNoveltyMinBins"":28,""cooldownFrames"":3,""confirmedRmsFactor"":1.555738,""confirmedRmsMinDelta"":0.006935,""confirmedFluxFactor"":1.236865,""confirmedMinFlux"":0.018441,""confirmedMinBandRatio"":0.035221,""confirmedSpectralNoveltyMinBins"":30,""cooldownOverrideFactor"":3.417745,""cooldownOverrideMinFlux"":0.004,""cooldownOverrideMinBandRatio"":0.023041,""analyzeIntervalMs"":31}"
574,r005-0004-644f1566,5,-119,2,2,18,1,1,153,"{""relativeReattackFactor"":3.059906,""relativeReattackMinDelta"":0.005314,""relativeFluxFactor"":1.591055,""spectralNoveltyRatio"":3.591478,""spectralNoveltyMinBins"":15,""cooldownFrames"":3,""confirmedRmsFactor"":1.568824,""confirmedRmsMinDelta"":0.00853,""confirmedFluxFactor"":2.063737,""confirmedMinFlux"":0.006628,""confirmedMinBandRatio"":0.018852,""confirmedSpectralNoveltyMinBins"":9,""cooldownOverrideFactor"":1.8,""cooldownOverrideMinFlux"":0.027938,""cooldownOverrideMinBandRatio"":0.09,""analyzeIntervalMs"":41}"
575,r005-0069-c85fc13b,5,-119,2,2,18,1,1,152,"{""relativeReattackFactor"":3.048401,""relativeReattackMinDelta"":0.004909,""relativeFluxFactor"":1.58347,""spectralNoveltyRatio"":3.646311,""spectralNoveltyMinBins"":18,""cooldownFrames"":3,""confirmedRmsFactor"":1.633091,""confirmedRmsMinDelta"":0.00888,""confirmedFluxFactor"":2.016001,""confirmedMinFlux"":0.005605,""confirmedMinBandRatio"":0.016517,""confirmedSpectralNoveltyMinBins"":7,""cooldownOverrideFactor"":1.810038,""cooldownOverrideMinFlux"":0.02699,""cooldownOverrideMinBandRatio"":0.09,""analyzeIntervalMs"":41}"
576,r016-0032-628c3f25,16,-120,1,3,20,1,0,149,"{""relativeReattackFactor"":2.680408,""relativeReattackMinDelta"":0.009193,""relativeFluxFactor"":1.4,""spectralNoveltyRatio"":5.575737,""spectralNoveltyMinBins"":20,""cooldownFrames"":3,""confirmedRmsFactor"":1.921544,""confirmedRmsMinDelta"":0.007371,""confirmedFluxFactor"":1.923317,""confirmedMinFlux"":0.003,""confirmedMinBandRatio"":0.019566,""confirmedSpectralNoveltyMinBins"":7,""cooldownOverrideFactor"":3.318034,""cooldownOverrideMinFlux"":0.022095,""cooldownOverrideMinBandRatio"":0.065417,""analyzeIntervalMs"":46}"
577,r006-0079-471b89b2,6,-122,2,2,19,1,1,154,"{""relativeReattackFactor"":2.961686,""relativeReattackMinDelta"":0.006723,""relativeFluxFactor"":1.494001,""spectralNoveltyRatio"":3.183695,""spectralNoveltyMinBins"":18,""cooldownFrames"":3,""confirmedRmsFactor"":1.729886,""confirmedRmsMinDelta"":0.009402,""confirmedFluxFactor"":2.021616,""confirmedMinFlux"":0.004369,""confirmedMinBandRatio"":0.017657,""confirmedSpectralNoveltyMinBins"":10,""cooldownOverrideFactor"":1.937702,""cooldownOverrideMinFlux"":0.026442,""cooldownOverrideMinBandRatio"":0.09,""analyzeIntervalMs"":41}"
578,r008-0067-90883c20,8,-123,1,3,12,1,0,141,"{""relativeReattackFactor"":3.096485,""relativeReattackMinDelta"":0.005491,""relativeFluxFactor"":1.577877,""spectralNoveltyRatio"":3.972837,""spectralNoveltyMinBins"":31,""cooldownFrames"":3,""confirmedRmsFactor"":1.631914,""confirmedRmsMinDelta"":0.007491,""confirmedFluxFactor"":2.061454,""confirmedMinFlux"":0.003,""confirmedMinBandRatio"":0.007691,""confirmedSpectralNoveltyMinBins"":10,""cooldownOverrideFactor"":1.8,""cooldownOverrideMinFlux"":0.02892,""cooldownOverrideMinBandRatio"":0.086932,""analyzeIntervalMs"":41}"
579,r004-0008-32943e10,4,-123,2,2,20,1,1,153,"{""relativeReattackFactor"":2.626749,""relativeReattackMinDelta"":0.004,""relativeFluxFactor"":1.504553,""spectralNoveltyRatio"":5.134882,""spectralNoveltyMinBins"":18,""cooldownFrames"":3,""confirmedRmsFactor"":1.759929,""confirmedRmsMinDelta"":0.006693,""confirmedFluxFactor"":1.642131,""confirmedMinFlux"":0.004828,""confirmedMinBandRatio"":0.006,""confirmedSpectralNoveltyMinBins"":4,""cooldownOverrideFactor"":1.8,""cooldownOverrideMinFlux"":0.021645,""cooldownOverrideMinBandRatio"":0.086464,""analyzeIntervalMs"":41}"
580,r007-0047-2af66ffb,7,-125,1,3,11,1,0,142,"{""relativeReattackFactor"":2.913431,""relativeReattackMinDelta"":0.005743,""relativeFluxFactor"":1.456378,""spectralNoveltyRatio"":4.183879,""spectralNoveltyMinBins"":28,""cooldownFrames"":3,""confirmedRmsFactor"":1.712358,""confirmedRmsMinDelta"":0.008457,""confirmedFluxFactor"":2.173185,""confirmedMinFlux"":0.003956,""confirmedMinBandRatio"":0.012191,""confirmedSpectralNoveltyMinBins"":11,""cooldownOverrideFactor"":1.8908,""cooldownOverrideMinFlux"":0.029884,""cooldownOverrideMinBandRatio"":0.080505,""analyzeIntervalMs"":40}"
581,r007-0008-7f40565c,7,-126,1,3,13,1,0,142,"{""relativeReattackFactor"":3.003445,""relativeReattackMinDelta"":0.005089,""relativeFluxFactor"":1.533419,""spectralNoveltyRatio"":3.687949,""spectralNoveltyMinBins"":31,""cooldownFrames"":3,""confirmedRmsFactor"":1.74998,""confirmedRmsMinDelta"":0.007238,""confirmedFluxFactor"":2.119508,""confirmedMinFlux"":0.003821,""confirmedMinBandRatio"":0.011516,""confirmedSpectralNoveltyMinBins"":10,""cooldownOverrideFactor"":1.883556,""cooldownOverrideMinFlux"":0.03,""cooldownOverrideMinBandRatio"":0.087376,""analyzeIntervalMs"":41}"
582,r012-0059-b48ce867,12,-127,3,4,7,2,0,135,"{""relativeReattackFactor"":3.594398,""relativeReattackMinDelta"":0.005289,""relativeFluxFactor"":1.512064,""spectralNoveltyRatio"":4.167005,""spectralNoveltyMinBins"":29,""cooldownFrames"":3,""confirmedRmsFactor"":1.577042,""confirmedRmsMinDelta"":0.008141,""confirmedFluxFactor"":2.14277,""confirmedMinFlux"":0.004366,""confirmedMinBandRatio"":0.014013,""confirmedSpectralNoveltyMinBins"":13,""cooldownOverrideFactor"":2.190906,""cooldownOverrideMinFlux"":0.029595,""cooldownOverrideMinBandRatio"":0.079453,""analyzeIntervalMs"":40}"
583,r015-0029-0dfc416a,15,-127,3,4,7,2,0,135,"{""relativeReattackFactor"":3.637337,""relativeReattackMinDelta"":0.005267,""relativeFluxFactor"":1.476776,""spectralNoveltyRatio"":4.11809,""spectralNoveltyMinBins"":29,""cooldownFrames"":3,""confirmedRmsFactor"":1.560566,""confirmedRmsMinDelta"":0.007886,""confirmedFluxFactor"":2.092807,""confirmedMinFlux"":0.004366,""confirmedMinBandRatio"":0.013483,""confirmedSpectralNoveltyMinBins"":14,""cooldownOverrideFactor"":2.256021,""cooldownOverrideMinFlux"":0.028214,""cooldownOverrideMinBandRatio"":0.081291,""analyzeIntervalMs"":40}"
584,r001-0005-6aae5737,1,-128,3,3,13,2,0,145,"{""relativeReattackFactor"":2.956383,""relativeReattackMinDelta"":0.015977,""relativeFluxFactor"":1.59242,""spectralNoveltyRatio"":2.294907,""spectralNoveltyMinBins"":21,""cooldownFrames"":4,""confirmedRmsFactor"":1.385408,""confirmedRmsMinDelta"":0.004822,""confirmedFluxFactor"":1.735882,""confirmedMinFlux"":0.013281,""confirmedMinBandRatio"":0.032356,""confirmedSpectralNoveltyMinBins"":24,""cooldownOverrideFactor"":4.534145,""cooldownOverrideMinFlux"":0.007643,""cooldownOverrideMinBandRatio"":0.080757,""analyzeIntervalMs"":41}"
585,r007-0013-d046c970,7,-133,1,3,16,1,0,145,"{""relativeReattackFactor"":2.847762,""relativeReattackMinDelta"":0.00442,""relativeFluxFactor"":1.510732,""spectralNoveltyRatio"":3.721516,""spectralNoveltyMinBins"":31,""cooldownFrames"":3,""confirmedRmsFactor"":1.748367,""confirmedRmsMinDelta"":0.008054,""confirmedFluxFactor"":2.207241,""confirmedMinFlux"":0.003,""confirmedMinBandRatio"":0.010929,""confirmedSpectralNoveltyMinBins"":9,""cooldownOverrideFactor"":1.8,""cooldownOverrideMinFlux"":0.03,""cooldownOverrideMinBandRatio"":0.084073,""analyzeIntervalMs"":41}"
586,r009-0040-284d41da,9,-133,3,4,9,2,0,138,"{""relativeReattackFactor"":3.104861,""relativeReattackMinDelta"":0.005352,""relativeFluxFactor"":1.476122,""spectralNoveltyRatio"":4.089145,""spectralNoveltyMinBins"":29,""cooldownFrames"":3,""confirmedRmsFactor"":1.722067,""confirmedRmsMinDelta"":0.008485,""confirmedFluxFactor"":2.165258,""confirmedMinFlux"":0.003322,""confirmedMinBandRatio"":0.013237,""confirmedSpectralNoveltyMinBins"":10,""cooldownOverrideFactor"":1.827066,""cooldownOverrideMinFlux"":0.029147,""cooldownOverrideMinBandRatio"":0.08526,""analyzeIntervalMs"":40}"
587,r006-0040-f6f34c8e,6,-138,2,2,18,1,2,148,"{""relativeReattackFactor"":3.232947,""relativeReattackMinDelta"":0.004113,""relativeFluxFactor"":1.444076,""spectralNoveltyRatio"":3.185649,""spectralNoveltyMinBins"":17,""cooldownFrames"":3,""confirmedRmsFactor"":1.601064,""confirmedRmsMinDelta"":0.008602,""confirmedFluxFactor"":2.17573,""confirmedMinFlux"":0.005685,""confirmedMinBandRatio"":0.016815,""confirmedSpectralNoveltyMinBins"":6,""cooldownOverrideFactor"":1.881442,""cooldownOverrideMinFlux"":0.026564,""cooldownOverrideMinBandRatio"":0.082124,""analyzeIntervalMs"":42}"
588,r003-0010-4fcc7462,3,-141,1,3,12,1,1,141,"{""relativeReattackFactor"":3.32811,""relativeReattackMinDelta"":0.016982,""relativeFluxFactor"":1.4,""spectralNoveltyRatio"":2.750311,""spectralNoveltyMinBins"":21,""cooldownFrames"":4,""confirmedRmsFactor"":1.237029,""confirmedRmsMinDelta"":0.005586,""confirmedFluxFactor"":1.685725,""confirmedMinFlux"":0.010918,""confirmedMinBandRatio"":0.036583,""confirmedSpectralNoveltyMinBins"":19,""cooldownOverrideFactor"":4.118291,""cooldownOverrideMinFlux"":0.009416,""cooldownOverrideMinBandRatio"":0.084755,""analyzeIntervalMs"":42}"
589,r010-0052-84bdb068,10,-144,2,4,8,2,0,136,"{""relativeReattackFactor"":3.541472,""relativeReattackMinDelta"":0.006161,""relativeFluxFactor"":1.448137,""spectralNoveltyRatio"":4.167215,""spectralNoveltyMinBins"":28,""cooldownFrames"":3,""confirmedRmsFactor"":1.54224,""confirmedRmsMinDelta"":0.007522,""confirmedFluxFactor"":2.145824,""confirmedMinFlux"":0.00378,""confirmedMinBandRatio"":0.014866,""confirmedSpectralNoveltyMinBins"":12,""cooldownOverrideFactor"":2.207011,""cooldownOverrideMinFlux"":0.03,""cooldownOverrideMinBandRatio"":0.080861,""analyzeIntervalMs"":40}"
590,r010-0071-fe1916b0,10,-144,2,4,8,2,0,136,"{""relativeReattackFactor"":3.267373,""relativeReattackMinDelta"":0.004,""relativeFluxFactor"":1.497938,""spectralNoveltyRatio"":4.285725,""spectralNoveltyMinBins"":28,""cooldownFrames"":3,""confirmedRmsFactor"":1.478537,""confirmedRmsMinDelta"":0.007611,""confirmedFluxFactor"":2.138066,""confirmedMinFlux"":0.005023,""confirmedMinBandRatio"":0.012819,""confirmedSpectralNoveltyMinBins"":11,""cooldownOverrideFactor"":2.24649,""cooldownOverrideMinFlux"":0.028877,""cooldownOverrideMinBandRatio"":0.076566,""analyzeIntervalMs"":40}"
591,r011-0015-7c5616c9,11,-144,2,4,8,2,0,136,"{""relativeReattackFactor"":3.319295,""relativeReattackMinDelta"":0.005831,""relativeFluxFactor"":1.481599,""spectralNoveltyRatio"":4.280015,""spectralNoveltyMinBins"":27,""cooldownFrames"":3,""confirmedRmsFactor"":1.552532,""confirmedRmsMinDelta"":0.007246,""confirmedFluxFactor"":2.131849,""confirmedMinFlux"":0.004235,""confirmedMinBandRatio"":0.018409,""confirmedSpectralNoveltyMinBins"":12,""cooldownOverrideFactor"":2.416095,""cooldownOverrideMinFlux"":0.028288,""cooldownOverrideMinBandRatio"":0.07422,""analyzeIntervalMs"":40}"
592,r012-0009-a8c26514,12,-144,2,4,8,2,0,136,"{""relativeReattackFactor"":3.55775,""relativeReattackMinDelta"":0.00489,""relativeFluxFactor"":1.506021,""spectralNoveltyRatio"":4.063691,""spectralNoveltyMinBins"":28,""cooldownFrames"":3,""confirmedRmsFactor"":1.598965,""confirmedRmsMinDelta"":0.008298,""confirmedFluxFactor"":2.137484,""confirmedMinFlux"":0.00433,""confirmedMinBandRatio"":0.012959,""confirmedSpectralNoveltyMinBins"":12,""cooldownOverrideFactor"":2.348867,""cooldownOverrideMinFlux"":0.027978,""cooldownOverrideMinBandRatio"":0.082067,""analyzeIntervalMs"":40}"
593,r013-0045-23190540,13,-144,2,4,8,2,0,136,"{""relativeReattackFactor"":3.447188,""relativeReattackMinDelta"":0.004231,""relativeFluxFactor"":1.504028,""spectralNoveltyRatio"":4.159714,""spectralNoveltyMinBins"":27,""cooldownFrames"":3,""confirmedRmsFactor"":1.604798,""confirmedRmsMinDelta"":0.007356,""confirmedFluxFactor"":2.01966,""confirmedMinFlux"":0.004727,""confirmedMinBandRatio"":0.014688,""confirmedSpectralNoveltyMinBins"":11,""cooldownOverrideFactor"":2.278021,""cooldownOverrideMinFlux"":0.03,""cooldownOverrideMinBandRatio"":0.081386,""analyzeIntervalMs"":40}"
594,r014-0022-8e9b37b1,14,-144,2,4,8,2,0,136,"{""relativeReattackFactor"":3.567101,""relativeReattackMinDelta"":0.004,""relativeFluxFactor"":1.485431,""spectralNoveltyRatio"":4.082717,""spectralNoveltyMinBins"":27,""cooldownFrames"":3,""confirmedRmsFactor"":1.57151,""confirmedRmsMinDelta"":0.007272,""confirmedFluxFactor"":2.20249,""confirmedMinFlux"":0.0051,""confirmedMinBandRatio"":0.017832,""confirmedSpectralNoveltyMinBins"":10,""cooldownOverrideFactor"":2.460619,""cooldownOverrideMinFlux"":0.027778,""cooldownOverrideMinBandRatio"":0.071629,""analyzeIntervalMs"":40}"
595,r015-0011-831b5741,15,-144,2,4,8,2,0,136,"{""relativeReattackFactor"":3.549353,""relativeReattackMinDelta"":0.005088,""relativeFluxFactor"":1.465655,""spectralNoveltyRatio"":4.233671,""spectralNoveltyMinBins"":28,""cooldownFrames"":3,""confirmedRmsFactor"":1.584073,""confirmedRmsMinDelta"":0.008124,""confirmedFluxFactor"":2.190548,""confirmedMinFlux"":0.004283,""confirmedMinBandRatio"":0.012209,""confirmedSpectralNoveltyMinBins"":12,""cooldownOverrideFactor"":2.197821,""cooldownOverrideMinFlux"":0.02944,""cooldownOverrideMinBandRatio"":0.081838,""analyzeIntervalMs"":40}"
596,r015-0025-77b9c250,15,-144,2,4,8,2,0,136,"{""relativeReattackFactor"":3.599625,""relativeReattackMinDelta"":0.005114,""relativeFluxFactor"":1.503961,""spectralNoveltyRatio"":3.92862,""spectralNoveltyMinBins"":27,""cooldownFrames"":3,""confirmedRmsFactor"":1.590853,""confirmedRmsMinDelta"":0.007639,""confirmedFluxFactor"":2.044201,""confirmedMinFlux"":0.004419,""confirmedMinBandRatio"":0.01289,""confirmedSpectralNoveltyMinBins"":11,""cooldownOverrideFactor"":2.214533,""cooldownOverrideMinFlux"":0.03,""cooldownOverrideMinBandRatio"":0.078013,""analyzeIntervalMs"":40}"
597,r015-0042-386b4a4e,15,-144,2,4,8,2,0,136,"{""relativeReattackFactor"":3.658908,""relativeReattackMinDelta"":0.005104,""relativeFluxFactor"":1.466154,""spectralNoveltyRatio"":4.186495,""spectralNoveltyMinBins"":27,""cooldownFrames"":3,""confirmedRmsFactor"":1.571345,""confirmedRmsMinDelta"":0.007015,""confirmedFluxFactor"":2.233982,""confirmedMinFlux"":0.005156,""confirmedMinBandRatio"":0.016702,""confirmedSpectralNoveltyMinBins"":8,""cooldownOverrideFactor"":2.378856,""cooldownOverrideMinFlux"":0.02792,""cooldownOverrideMinBandRatio"":0.07204,""analyzeIntervalMs"":40}"
598,r017-0005-ca4cb093,17,-145,0,4,13,1,0,138,"{""relativeReattackFactor"":3.202768,""relativeReattackMinDelta"":0.004,""relativeFluxFactor"":1.4,""spectralNoveltyRatio"":4.118243,""spectralNoveltyMinBins"":38,""cooldownFrames"":2,""confirmedRmsFactor"":1.491134,""confirmedRmsMinDelta"":0.009436,""confirmedFluxFactor"":2.4,""confirmedMinFlux"":0.003,""confirmedMinBandRatio"":0.023564,""confirmedSpectralNoveltyMinBins"":11,""cooldownOverrideFactor"":1.8,""cooldownOverrideMinFlux"":0.024459,""cooldownOverrideMinBandRatio"":0.09,""analyzeIntervalMs"":46}"
599,r009-0046-839065ba,9,-145,2,4,9,2,0,137,"{""relativeReattackFactor"":3.464195,""relativeReattackMinDelta"":0.004615,""relativeFluxFactor"":1.485972,""spectralNoveltyRatio"":4.231838,""spectralNoveltyMinBins"":26,""cooldownFrames"":3,""confirmedRmsFactor"":1.504036,""confirmedRmsMinDelta"":0.007484,""confirmedFluxFactor"":2.065008,""confirmedMinFlux"":0.005071,""confirmedMinBandRatio"":0.01323,""confirmedSpectralNoveltyMinBins"":12,""cooldownOverrideFactor"":2.36465,""cooldownOverrideMinFlux"":0.028329,""cooldownOverrideMinBandRatio"":0.077558,""analyzeIntervalMs"":40}"
600,r010-0041-0d59e8af,10,-145,2,4,9,2,0,137,"{""relativeReattackFactor"":3.36587,""relativeReattackMinDelta"":0.00412,""relativeFluxFactor"":1.470681,""spectralNoveltyRatio"":4.110653,""spectralNoveltyMinBins"":26,""cooldownFrames"":3,""confirmedRmsFactor"":1.541752,""confirmedRmsMinDelta"":0.007982,""confirmedFluxFactor"":2.107648,""confirmedMinFlux"":0.004147,""confirmedMinBandRatio"":0.015196,""confirmedSpectralNoveltyMinBins"":11,""cooldownOverrideFactor"":2.437109,""cooldownOverrideMinFlux"":0.028126,""cooldownOverrideMinBandRatio"":0.076751,""analyzeIntervalMs"":40}"
601,r013-0028-f15382e8,13,-145,2,4,9,2,0,137,"{""relativeReattackFactor"":3.442378,""relativeReattackMinDelta"":0.005829,""relativeFluxFactor"":1.518157,""spectralNoveltyRatio"":4.053073,""spectralNoveltyMinBins"":25,""cooldownFrames"":3,""confirmedRmsFactor"":1.581306,""confirmedRmsMinDelta"":0.007473,""confirmedFluxFactor"":2.091059,""confirmedMinFlux"":0.004289,""confirmedMinBandRatio"":0.012361,""confirmedSpectralNoveltyMinBins"":13,""cooldownOverrideFactor"":2.20024,""cooldownOverrideMinFlux"":0.029048,""cooldownOverrideMinBandRatio"":0.080962,""analyzeIntervalMs"":40}"
602,r013-0072-cc8ce11e,13,-145,2,4,9,2,0,137,"{""relativeReattackFactor"":3.556342,""relativeReattackMinDelta"":0.005102,""relativeFluxFactor"":1.513769,""spectralNoveltyRatio"":4.269087,""spectralNoveltyMinBins"":26,""cooldownFrames"":3,""confirmedRmsFactor"":1.587373,""confirmedRmsMinDelta"":0.006861,""confirmedFluxFactor"":2.291785,""confirmedMinFlux"":0.005106,""confirmedMinBandRatio"":0.01594,""confirmedSpectralNoveltyMinBins"":10,""cooldownOverrideFactor"":2.360464,""cooldownOverrideMinFlux"":0.028329,""cooldownOverrideMinBandRatio"":0.07392,""analyzeIntervalMs"":40}"
603,r014-0032-034f474e,14,-145,2,4,9,2,0,137,"{""relativeReattackFactor"":3.499027,""relativeReattackMinDelta"":0.005313,""relativeFluxFactor"":1.483226,""spectralNoveltyRatio"":4.064249,""spectralNoveltyMinBins"":25,""cooldownFrames"":3,""confirmedRmsFactor"":1.599022,""confirmedRmsMinDelta"":0.007582,""confirmedFluxFactor"":2.197553,""confirmedMinFlux"":0.004793,""confirmedMinBandRatio"":0.015012,""confirmedSpectralNoveltyMinBins"":9,""cooldownOverrideFactor"":2.34748,""cooldownOverrideMinFlux"":0.028553,""cooldownOverrideMinBandRatio"":0.07361,""analyzeIntervalMs"":40}"
604,r010-0006-44b19011,10,-148,2,4,10,2,0,138,"{""relativeReattackFactor"":3.408124,""relativeReattackMinDelta"":0.004515,""relativeFluxFactor"":1.500928,""spectralNoveltyRatio"":4.10513,""spectralNoveltyMinBins"":24,""cooldownFrames"":3,""confirmedRmsFactor"":1.48054,""confirmedRmsMinDelta"":0.007793,""confirmedFluxFactor"":2.038762,""confirmedMinFlux"":0.005035,""confirmedMinBandRatio"":0.013378,""confirmedSpectralNoveltyMinBins"":11,""cooldownOverrideFactor"":2.201221,""cooldownOverrideMinFlux"":0.029785,""cooldownOverrideMinBandRatio"":0.078584,""analyzeIntervalMs"":40}"
605,r010-0079-84f1e19f,10,-148,2,4,10,2,0,138,"{""relativeReattackFactor"":3.319063,""relativeReattackMinDelta"":0.004003,""relativeFluxFactor"":1.469695,""spectralNoveltyRatio"":4.132789,""spectralNoveltyMinBins"":24,""cooldownFrames"":3,""confirmedRmsFactor"":1.484057,""confirmedRmsMinDelta"":0.007216,""confirmedFluxFactor"":2.164319,""confirmedMinFlux"":0.004853,""confirmedMinBandRatio"":0.014022,""confirmedSpectralNoveltyMinBins"":11,""cooldownOverrideFactor"":2.293918,""cooldownOverrideMinFlux"":0.028887,""cooldownOverrideMinBandRatio"":0.077351,""analyzeIntervalMs"":40}"
606,r013-0062-2dcaf7c4,13,-148,2,4,10,2,0,138,"{""relativeReattackFactor"":3.490255,""relativeReattackMinDelta"":0.004499,""relativeFluxFactor"":1.47596,""spectralNoveltyRatio"":4.266782,""spectralNoveltyMinBins"":24,""cooldownFrames"":3,""confirmedRmsFactor"":1.577082,""confirmedRmsMinDelta"":0.007024,""confirmedFluxFactor"":2.192275,""confirmedMinFlux"":0.005154,""confirmedMinBandRatio"":0.016343,""confirmedSpectralNoveltyMinBins"":9,""cooldownOverrideFactor"":2.43288,""cooldownOverrideMinFlux"":0.027682,""cooldownOverrideMinBandRatio"":0.074548,""analyzeIntervalMs"":40}"
607,r014-0047-d999ecb5,14,-148,2,4,10,2,0,138,"{""relativeReattackFactor"":3.613715,""relativeReattackMinDelta"":0.004684,""relativeFluxFactor"":1.513955,""spectralNoveltyRatio"":4.039347,""spectralNoveltyMinBins"":24,""cooldownFrames"":3,""confirmedRmsFactor"":1.56491,""confirmedRmsMinDelta"":0.007214,""confirmedFluxFactor"":2.279479,""confirmedMinFlux"":0.004534,""confirmedMinBandRatio"":0.015366,""confirmedSpectralNoveltyMinBins"":9,""cooldownOverrideFactor"":2.460512,""cooldownOverrideMinFlux"":0.02843,""cooldownOverrideMinBandRatio"":0.073916,""analyzeIntervalMs"":40}"
608,r015-0033-a38b3352,15,-148,2,4,10,2,0,138,"{""relativeReattackFactor"":3.554452,""relativeReattackMinDelta"":0.007056,""relativeFluxFactor"":1.448575,""spectralNoveltyRatio"":4.177996,""spectralNoveltyMinBins"":24,""cooldownFrames"":3,""confirmedRmsFactor"":1.535187,""confirmedRmsMinDelta"":0.007565,""confirmedFluxFactor"":2.108612,""confirmedMinFlux"":0.003903,""confirmedMinBandRatio"":0.013047,""confirmedSpectralNoveltyMinBins"":13,""cooldownOverrideFactor"":2.20093,""cooldownOverrideMinFlux"":0.0296,""cooldownOverrideMinBandRatio"":0.082075,""analyzeIntervalMs"":40}"
609,r005-0019-4d2afcef,5,-149,2,2,21,1,2,152,"{""relativeReattackFactor"":3.064352,""relativeReattackMinDelta"":0.005369,""relativeFluxFactor"":1.4,""spectralNoveltyRatio"":3.544667,""spectralNoveltyMinBins"":16,""cooldownFrames"":3,""confirmedRmsFactor"":1.634365,""confirmedRmsMinDelta"":0.008045,""confirmedFluxFactor"":2.037901,""confirmedMinFlux"":0.003906,""confirmedMinBandRatio"":0.019997,""confirmedSpectralNoveltyMinBins"":10,""cooldownOverrideFactor"":2.034273,""cooldownOverrideMinFlux"":0.029434,""cooldownOverrideMinBandRatio"":0.09,""analyzeIntervalMs"":42}"
610,r006-0070-10fbceaa,6,-149,2,2,21,1,2,152,"{""relativeReattackFactor"":3.152715,""relativeReattackMinDelta"":0.004,""relativeFluxFactor"":1.4,""spectralNoveltyRatio"":3.478016,""spectralNoveltyMinBins"":14,""cooldownFrames"":3,""confirmedRmsFactor"":1.590222,""confirmedRmsMinDelta"":0.008755,""confirmedFluxFactor"":2.109902,""confirmedMinFlux"":0.006413,""confirmedMinBandRatio"":0.015112,""confirmedSpectralNoveltyMinBins"":8,""cooldownOverrideFactor"":2.010132,""cooldownOverrideMinFlux"":0.024871,""cooldownOverrideMinBandRatio"":0.089979,""analyzeIntervalMs"":42}"
611,r003-0001-a6c79f57,3,-149,2,4,5,2,0,129,"{""relativeReattackFactor"":4,""relativeReattackMinDelta"":0.015303,""relativeFluxFactor"":1.426859,""spectralNoveltyRatio"":2.657891,""spectralNoveltyMinBins"":36,""cooldownFrames"":4,""confirmedRmsFactor"":1.15,""confirmedRmsMinDelta"":0.002,""confirmedFluxFactor"":1.130914,""confirmedMinFlux"":0.019465,""confirmedMinBandRatio"":0.040911,""confirmedSpectralNoveltyMinBins"":25,""cooldownOverrideFactor"":3.656777,""cooldownOverrideMinFlux"":0.009303,""cooldownOverrideMinBandRatio"":0.06997,""analyzeIntervalMs"":50}"
612,r012-0077-82163088,12,-149,2,4,11,2,0,139,"{""relativeReattackFactor"":3.67169,""relativeReattackMinDelta"":0.004793,""relativeFluxFactor"":1.481704,""spectralNoveltyRatio"":3.943993,""spectralNoveltyMinBins"":24,""cooldownFrames"":3,""confirmedRmsFactor"":1.551896,""confirmedRmsMinDelta"":0.007323,""confirmedFluxFactor"":2.213395,""confirmedMinFlux"":0.004656,""confirmedMinBandRatio"":0.018033,""confirmedSpectralNoveltyMinBins"":10,""cooldownOverrideFactor"":2.303299,""cooldownOverrideMinFlux"":0.028521,""cooldownOverrideMinBandRatio"":0.073685,""analyzeIntervalMs"":40}"
613,r002-0078-ab6b29ac,2,-150,2,2,21,1,2,153,"{""relativeReattackFactor"":2.921234,""relativeReattackMinDelta"":0.022152,""relativeFluxFactor"":1.4,""spectralNoveltyRatio"":4.479553,""spectralNoveltyMinBins"":12,""cooldownFrames"":3,""confirmedRmsFactor"":1.598866,""confirmedRmsMinDelta"":0.002294,""confirmedFluxFactor"":1.364862,""confirmedMinFlux"":0.013977,""confirmedMinBandRatio"":0.033809,""confirmedSpectralNoveltyMinBins"":32,""cooldownOverrideFactor"":4.91476,""cooldownOverrideMinFlux"":0.004,""cooldownOverrideMinBandRatio"":0.038538,""analyzeIntervalMs"":42}"
614,r016-0028-52c5ecf5,16,-150,3,3,20,2,0,148,"{""relativeReattackFactor"":3.484089,""relativeReattackMinDelta"":0.00783,""relativeFluxFactor"":1.4,""spectralNoveltyRatio"":5.033051,""spectralNoveltyMinBins"":18,""cooldownFrames"":3,""confirmedRmsFactor"":1.331792,""confirmedRmsMinDelta"":0.007233,""confirmedFluxFactor"":2.394007,""confirmedMinFlux"":0.003393,""confirmedMinBandRatio"":0.027156,""confirmedSpectralNoveltyMinBins"":16,""cooldownOverrideFactor"":3.027588,""cooldownOverrideMinFlux"":0.029139,""cooldownOverrideMinBandRatio"":0.063824,""analyzeIntervalMs"":36}"
615,r007-0062-b53ae42b,7,-151,2,4,11,2,0,140,"{""relativeReattackFactor"":3.04754,""relativeReattackMinDelta"":0.004047,""relativeFluxFactor"":1.496462,""spectralNoveltyRatio"":3.897764,""spectralNoveltyMinBins"":26,""cooldownFrames"":3,""confirmedRmsFactor"":1.707551,""confirmedRmsMinDelta"":0.00808,""confirmedFluxFactor"":2.121257,""confirmedMinFlux"":0.003036,""confirmedMinBandRatio"":0.014771,""confirmedSpectralNoveltyMinBins"":10,""cooldownOverrideFactor"":1.8,""cooldownOverrideMinFlux"":0.027157,""cooldownOverrideMinBandRatio"":0.080149,""analyzeIntervalMs"":40}"
616,r015-0038-905e698d,15,-152,2,4,11,2,0,139,"{""relativeReattackFactor"":3.523249,""relativeReattackMinDelta"":0.006338,""relativeFluxFactor"":1.434826,""spectralNoveltyRatio"":4.10501,""spectralNoveltyMinBins"":24,""cooldownFrames"":3,""confirmedRmsFactor"":1.538276,""confirmedRmsMinDelta"":0.007383,""confirmedFluxFactor"":2.129519,""confirmedMinFlux"":0.003313,""confirmedMinBandRatio"":0.012776,""confirmedSpectralNoveltyMinBins"":13,""cooldownOverrideFactor"":2.014221,""cooldownOverrideMinFlux"":0.03,""cooldownOverrideMinBandRatio"":0.081653,""analyzeIntervalMs"":40}"
617,r004-0024-d433d7fc,4,-153,1,3,22,1,0,152,"{""relativeReattackFactor"":2.882835,""relativeReattackMinDelta"":0.015837,""relativeFluxFactor"":1.4,""spectralNoveltyRatio"":2.086071,""spectralNoveltyMinBins"":28,""cooldownFrames"":4,""confirmedRmsFactor"":1.197555,""confirmedRmsMinDelta"":0.003742,""confirmedFluxFactor"":1.952683,""confirmedMinFlux"":0.010698,""confirmedMinBandRatio"":0.027837,""confirmedSpectralNoveltyMinBins"":22,""cooldownOverrideFactor"":4.305708,""cooldownOverrideMinFlux"":0.009703,""cooldownOverrideMinBandRatio"":0.079905,""analyzeIntervalMs"":43}"
618,r004-0013-5fb8d2ce,4,-153,2,2,22,1,2,154,"{""relativeReattackFactor"":2.888304,""relativeReattackMinDelta"":0.005894,""relativeFluxFactor"":1.4,""spectralNoveltyRatio"":4.894664,""spectralNoveltyMinBins"":11,""cooldownFrames"":3,""confirmedRmsFactor"":1.754587,""confirmedRmsMinDelta"":0.005932,""confirmedFluxFactor"":1.640428,""confirmedMinFlux"":0.005399,""confirmedMinBandRatio"":0.006,""confirmedSpectralNoveltyMinBins"":8,""cooldownOverrideFactor"":1.8,""cooldownOverrideMinFlux"":0.021178,""cooldownOverrideMinBandRatio"":0.08728,""analyzeIntervalMs"":42}"
619,r008-0073-9d851c18,8,-153,2,4,12,2,0,140,"{""relativeReattackFactor"":3.211093,""relativeReattackMinDelta"":0.005809,""relativeFluxFactor"":1.521364,""spectralNoveltyRatio"":3.663999,""spectralNoveltyMinBins"":25,""cooldownFrames"":3,""confirmedRmsFactor"":1.541484,""confirmedRmsMinDelta"":0.008278,""confirmedFluxFactor"":2.055855,""confirmedMinFlux"":0.003733,""confirmedMinBandRatio"":0.014454,""confirmedSpectralNoveltyMinBins"":12,""cooldownOverrideFactor"":2.079006,""cooldownOverrideMinFlux"":0.028705,""cooldownOverrideMinBandRatio"":0.086023,""analyzeIntervalMs"":40}"
620,r010-0065-2e477eb4,10,-153,2,4,12,2,0,140,"{""relativeReattackFactor"":3.435352,""relativeReattackMinDelta"":0.004405,""relativeFluxFactor"":1.492745,""spectralNoveltyRatio"":3.880971,""spectralNoveltyMinBins"":24,""cooldownFrames"":3,""confirmedRmsFactor"":1.546785,""confirmedRmsMinDelta"":0.007849,""confirmedFluxFactor"":2.163887,""confirmedMinFlux"":0.004729,""confirmedMinBandRatio"":0.015299,""confirmedSpectralNoveltyMinBins"":10,""cooldownOverrideFactor"":2.136325,""cooldownOverrideMinFlux"":0.027534,""cooldownOverrideMinBandRatio"":0.081605,""analyzeIntervalMs"":40}"
621,r003-0019-fa7573ad,3,-154,2,2,20,1,1,149,"{""relativeReattackFactor"":3.577161,""relativeReattackMinDelta"":0.017357,""relativeFluxFactor"":1.4,""spectralNoveltyRatio"":4.185277,""spectralNoveltyMinBins"":25,""cooldownFrames"":3,""confirmedRmsFactor"":1.552963,""confirmedRmsMinDelta"":0.008348,""confirmedFluxFactor"":1.177808,""confirmedMinFlux"":0.02,""confirmedMinBandRatio"":0.043216,""confirmedSpectralNoveltyMinBins"":26,""cooldownOverrideFactor"":3.2373,""cooldownOverrideMinFlux"":0.004,""cooldownOverrideMinBandRatio"":0.04648,""analyzeIntervalMs"":30}"
622,r005-0011-33a24a62,5,-154,2,4,13,2,0,141,"{""relativeReattackFactor"":3.220696,""relativeReattackMinDelta"":0.005746,""relativeFluxFactor"":1.487808,""spectralNoveltyRatio"":3.704349,""spectralNoveltyMinBins"":21,""cooldownFrames"":3,""confirmedRmsFactor"":1.717479,""confirmedRmsMinDelta"":0.008188,""confirmedFluxFactor"":2.179533,""confirmedMinFlux"":0.004661,""confirmedMinBandRatio"":0.018666,""confirmedSpectralNoveltyMinBins"":10,""cooldownOverrideFactor"":1.94261,""cooldownOverrideMinFlux"":0.025647,""cooldownOverrideMinBandRatio"":0.086081,""analyzeIntervalMs"":40}"
623,r007-0039-7f3473ef,7,-154,2,4,13,2,0,142,"{""relativeReattackFactor"":3.15393,""relativeReattackMinDelta"":0.004233,""relativeFluxFactor"":1.514394,""spectralNoveltyRatio"":3.832106,""spectralNoveltyMinBins"":21,""cooldownFrames"":3,""confirmedRmsFactor"":1.627152,""confirmedRmsMinDelta"":0.008226,""confirmedFluxFactor"":2.203854,""confirmedMinFlux"":0.003841,""confirmedMinBandRatio"":0.016125,""confirmedSpectralNoveltyMinBins"":10,""cooldownOverrideFactor"":1.8,""cooldownOverrideMinFlux"":0.027333,""cooldownOverrideMinBandRatio"":0.089184,""analyzeIntervalMs"":40}"
624,r007-0080-c8feef71,7,-154,2,4,13,2,0,142,"{""relativeReattackFactor"":3.160423,""relativeReattackMinDelta"":0.005807,""relativeFluxFactor"":1.513104,""spectralNoveltyRatio"":3.791504,""spectralNoveltyMinBins"":21,""cooldownFrames"":3,""confirmedRmsFactor"":1.580644,""confirmedRmsMinDelta"":0.007877,""confirmedFluxFactor"":2.065157,""confirmedMinFlux"":0.003304,""confirmedMinBandRatio"":0.012513,""confirmedSpectralNoveltyMinBins"":12,""cooldownOverrideFactor"":2.129359,""cooldownOverrideMinFlux"":0.028394,""cooldownOverrideMinBandRatio"":0.078901,""analyzeIntervalMs"":40}"
625,r009-0039-8d018149,9,-154,2,4,13,2,0,141,"{""relativeReattackFactor"":3.234488,""relativeReattackMinDelta"":0.00539,""relativeFluxFactor"":1.501451,""spectralNoveltyRatio"":3.725467,""spectralNoveltyMinBins"":23,""cooldownFrames"":3,""confirmedRmsFactor"":1.541425,""confirmedRmsMinDelta"":0.008572,""confirmedFluxFactor"":2.080604,""confirmedMinFlux"":0.003877,""confirmedMinBandRatio"":0.011574,""confirmedSpectralNoveltyMinBins"":12,""cooldownOverrideFactor"":2.021952,""cooldownOverrideMinFlux"":0.027619,""cooldownOverrideMinBandRatio"":0.086836,""analyzeIntervalMs"":40}"
626,r010-0058-47cc3a7a,10,-154,2,4,13,2,0,141,"{""relativeReattackFactor"":3.375938,""relativeReattackMinDelta"":0.004995,""relativeFluxFactor"":1.51788,""spectralNoveltyRatio"":3.99177,""spectralNoveltyMinBins"":22,""cooldownFrames"":3,""confirmedRmsFactor"":1.516465,""confirmedRmsMinDelta"":0.00795,""confirmedFluxFactor"":2.10483,""confirmedMinFlux"":0.003337,""confirmedMinBandRatio"":0.012758,""confirmedSpectralNoveltyMinBins"":12,""cooldownOverrideFactor"":2.295953,""cooldownOverrideMinFlux"":0.028414,""cooldownOverrideMinBandRatio"":0.075984,""analyzeIntervalMs"":40}"
627,r011-0052-53574e0e,11,-154,2,4,13,2,0,141,"{""relativeReattackFactor"":3.582782,""relativeReattackMinDelta"":0.00406,""relativeFluxFactor"":1.479495,""spectralNoveltyRatio"":4.062292,""spectralNoveltyMinBins"":22,""cooldownFrames"":3,""confirmedRmsFactor"":1.516118,""confirmedRmsMinDelta"":0.00699,""confirmedFluxFactor"":2.230867,""confirmedMinFlux"":0.004332,""confirmedMinBandRatio"":0.016369,""confirmedSpectralNoveltyMinBins"":10,""cooldownOverrideFactor"":2.304784,""cooldownOverrideMinFlux"":0.028125,""cooldownOverrideMinBandRatio"":0.077401,""analyzeIntervalMs"":40}"
628,r008-0052-ec801eaa,8,-155,2,4,13,2,0,142,"{""relativeReattackFactor"":3.052496,""relativeReattackMinDelta"":0.004368,""relativeFluxFactor"":1.481522,""spectralNoveltyRatio"":3.80286,""spectralNoveltyMinBins"":25,""cooldownFrames"":3,""confirmedRmsFactor"":1.667513,""confirmedRmsMinDelta"":0.007638,""confirmedFluxFactor"":2.05899,""confirmedMinFlux"":0.003,""confirmedMinBandRatio"":0.010298,""confirmedSpectralNoveltyMinBins"":11,""cooldownOverrideFactor"":2.01757,""cooldownOverrideMinFlux"":0.029784,""cooldownOverrideMinBandRatio"":0.08784,""analyzeIntervalMs"":40}"
629,r006-0065-5f1dfd9d,6,-156,1,3,17,1,1,146,"{""relativeReattackFactor"":3.206274,""relativeReattackMinDelta"":0.004417,""relativeFluxFactor"":1.439634,""spectralNoveltyRatio"":3.196942,""spectralNoveltyMinBins"":20,""cooldownFrames"":3,""confirmedRmsFactor"":1.641929,""confirmedRmsMinDelta"":0.008113,""confirmedFluxFactor"":2.087555,""confirmedMinFlux"":0.004781,""confirmedMinBandRatio"":0.014204,""confirmedSpectralNoveltyMinBins"":9,""cooldownOverrideFactor"":1.8,""cooldownOverrideMinFlux"":0.0248,""cooldownOverrideMinBandRatio"":0.086989,""analyzeIntervalMs"":42}"
630,r006-0018-dca3bee0,6,-157,1,3,17,1,1,146,"{""relativeReattackFactor"":3.388537,""relativeReattackMinDelta"":0.004699,""relativeFluxFactor"":1.4,""spectralNoveltyRatio"":3.777729,""spectralNoveltyMinBins"":19,""cooldownFrames"":3,""confirmedRmsFactor"":1.624599,""confirmedRmsMinDelta"":0.008645,""confirmedFluxFactor"":2.123537,""confirmedMinFlux"":0.003,""confirmedMinBandRatio"":0.014,""confirmedSpectralNoveltyMinBins"":11,""cooldownOverrideFactor"":2.137583,""cooldownOverrideMinFlux"":0.029532,""cooldownOverrideMinBandRatio"":0.083051,""analyzeIntervalMs"":42}"
631,r005-0072-458a2c66,5,-157,2,2,23,1,2,155,"{""relativeReattackFactor"":2.844014,""relativeReattackMinDelta"":0.004648,""relativeFluxFactor"":1.4,""spectralNoveltyRatio"":3.466248,""spectralNoveltyMinBins"":12,""cooldownFrames"":3,""confirmedRmsFactor"":1.699655,""confirmedRmsMinDelta"":0.01,""confirmedFluxFactor"":2.167363,""confirmedMinFlux"":0.005318,""confirmedMinBandRatio"":0.018276,""confirmedSpectralNoveltyMinBins"":9,""cooldownOverrideFactor"":1.8,""cooldownOverrideMinFlux"":0.025789,""cooldownOverrideMinBandRatio"":0.086559,""analyzeIntervalMs"":42}"
632,r003-0002-26bb2c0b,3,-157,4,4,14,3,0,142,"{""relativeReattackFactor"":3.436008,""relativeReattackMinDelta"":0.011574,""relativeFluxFactor"":1.4,""spectralNoveltyRatio"":3.581146,""spectralNoveltyMinBins"":25,""cooldownFrames"":4,""confirmedRmsFactor"":1.868547,""confirmedRmsMinDelta"":0.002,""confirmedFluxFactor"":1.732062,""confirmedMinFlux"":0.016857,""confirmedMinBandRatio"":0.03434,""confirmedSpectralNoveltyMinBins"":32,""cooldownOverrideFactor"":4.38937,""cooldownOverrideMinFlux"":0.004,""cooldownOverrideMinBandRatio"":0.075777,""analyzeIntervalMs"":48}"
633,r003-0032-0b56d35c,3,-157,4,4,14,3,0,141,"{""relativeReattackFactor"":3.701368,""relativeReattackMinDelta"":0.01583,""relativeFluxFactor"":1.4,""spectralNoveltyRatio"":2.979067,""spectralNoveltyMinBins"":27,""cooldownFrames"":4,""confirmedRmsFactor"":1.548257,""confirmedRmsMinDelta"":0.003436,""confirmedFluxFactor"":1.598415,""confirmedMinFlux"":0.017252,""confirmedMinBandRatio"":0.02623,""confirmedSpectralNoveltyMinBins"":24,""cooldownOverrideFactor"":4.305791,""cooldownOverrideMinFlux"":0.006714,""cooldownOverrideMinBandRatio"":0.067059,""analyzeIntervalMs"":48}"
634,r007-0035-967d4b30,7,-158,2,4,14,2,0,142,"{""relativeReattackFactor"":3.320486,""relativeReattackMinDelta"":0.004952,""relativeFluxFactor"":1.513124,""spectralNoveltyRatio"":3.939959,""spectralNoveltyMinBins"":19,""cooldownFrames"":3,""confirmedRmsFactor"":1.545079,""confirmedRmsMinDelta"":0.00796,""confirmedFluxFactor"":2.035244,""confirmedMinFlux"":0.003121,""confirmedMinBandRatio"":0.014336,""confirmedSpectralNoveltyMinBins"":12,""cooldownOverrideFactor"":2.033698,""cooldownOverrideMinFlux"":0.03,""cooldownOverrideMinBandRatio"":0.079166,""analyzeIntervalMs"":40}"
635,r005-0031-f31d57ed,5,-159,1,3,18,1,1,148,"{""relativeReattackFactor"":2.976621,""relativeReattackMinDelta"":0.004,""relativeFluxFactor"":1.429638,""spectralNoveltyRatio"":3.690523,""spectralNoveltyMinBins"":18,""cooldownFrames"":3,""confirmedRmsFactor"":1.76787,""confirmedRmsMinDelta"":0.008004,""confirmedFluxFactor"":2.272022,""confirmedMinFlux"":0.00376,""confirmedMinBandRatio"":0.013161,""confirmedSpectralNoveltyMinBins"":9,""cooldownOverrideFactor"":1.905766,""cooldownOverrideMinFlux"":0.026542,""cooldownOverrideMinBandRatio"":0.080565,""analyzeIntervalMs"":42}"
636,r016-0012-272001ad,16,-159,2,2,23,1,2,155,"{""relativeReattackFactor"":3.603823,""relativeReattackMinDelta"":0.011116,""relativeFluxFactor"":1.4,""spectralNoveltyRatio"":2.575376,""spectralNoveltyMinBins"":14,""cooldownFrames"":3,""confirmedRmsFactor"":1.223438,""confirmedRmsMinDelta"":0.007463,""confirmedFluxFactor"":2.4,""confirmedMinFlux"":0.006156,""confirmedMinBandRatio"":0.012962,""confirmedSpectralNoveltyMinBins"":9,""cooldownOverrideFactor"":3.055579,""cooldownOverrideMinFlux"":0.021499,""cooldownOverrideMinBandRatio"":0.082627,""analyzeIntervalMs"":37}"
637,r003-0024-cca5ddc1,3,-160,2,1,29,0,3,161,"{""relativeReattackFactor"":3.902848,""relativeReattackMinDelta"":0.020327,""relativeFluxFactor"":1.4,""spectralNoveltyRatio"":3.696423,""spectralNoveltyMinBins"":18,""cooldownFrames"":3,""confirmedRmsFactor"":1.498579,""confirmedRmsMinDelta"":0.009938,""confirmedFluxFactor"":1.183241,""confirmedMinFlux"":0.02,""confirmedMinBandRatio"":0.041298,""confirmedSpectralNoveltyMinBins"":25,""cooldownOverrideFactor"":3.398135,""cooldownOverrideMinFlux"":0.005548,""cooldownOverrideMinBandRatio"":0.026787,""analyzeIntervalMs"":31}"
638,r006-0022-779a90f1,6,-160,1,3,18,1,1,147,"{""relativeReattackFactor"":3.175004,""relativeReattackMinDelta"":0.00581,""relativeFluxFactor"":1.4,""spectralNoveltyRatio"":3.933578,""spectralNoveltyMinBins"":18,""cooldownFrames"":3,""confirmedRmsFactor"":1.707564,""confirmedRmsMinDelta"":0.00845,""confirmedFluxFactor"":2.171813,""confirmedMinFlux"":0.005549,""confirmedMinBandRatio"":0.017673,""confirmedSpectralNoveltyMinBins"":10,""cooldownOverrideFactor"":1.8,""cooldownOverrideMinFlux"":0.028242,""cooldownOverrideMinBandRatio"":0.087015,""analyzeIntervalMs"":42}"
639,r007-0066-57c9199b,7,-160,2,4,15,2,0,144,"{""relativeReattackFactor"":3.115177,""relativeReattackMinDelta"":0.004666,""relativeFluxFactor"":1.512917,""spectralNoveltyRatio"":4.014417,""spectralNoveltyMinBins"":22,""cooldownFrames"":3,""confirmedRmsFactor"":1.776338,""confirmedRmsMinDelta"":0.008146,""confirmedFluxFactor"":2.062077,""confirmedMinFlux"":0.00389,""confirmedMinBandRatio"":0.01669,""confirmedSpectralNoveltyMinBins"":11,""cooldownOverrideFactor"":1.864512,""cooldownOverrideMinFlux"":0.027232,""cooldownOverrideMinBandRatio"":0.080933,""analyzeIntervalMs"":40}"
640,r005-0080-361a9fd6,5,-161,2,2,24,1,2,159,"{""relativeReattackFactor"":2.537681,""relativeReattackMinDelta"":0.004723,""relativeFluxFactor"":1.505573,""spectralNoveltyRatio"":4.486404,""spectralNoveltyMinBins"":12,""cooldownFrames"":3,""confirmedRmsFactor"":1.867056,""confirmedRmsMinDelta"":0.006219,""confirmedFluxFactor"":1.717229,""confirmedMinFlux"":0.006554,""confirmedMinBandRatio"":0.011171,""confirmedSpectralNoveltyMinBins"":3,""cooldownOverrideFactor"":1.982985,""cooldownOverrideMinFlux"":0.019594,""cooldownOverrideMinBandRatio"":0.075209,""analyzeIntervalMs"":41}"
641,r016-0061-40443ca1,16,-162,3,6,9,4,0,130,"{""relativeReattackFactor"":3.8222,""relativeReattackMinDelta"":0.009502,""relativeFluxFactor"":1.4,""spectralNoveltyRatio"":4.33444,""spectralNoveltyMinBins"":38,""cooldownFrames"":3,""confirmedRmsFactor"":1.628776,""confirmedRmsMinDelta"":0.008143,""confirmedFluxFactor"":2.4,""confirmedMinFlux"":0.003,""confirmedMinBandRatio"":0.018138,""confirmedSpectralNoveltyMinBins"":5,""cooldownOverrideFactor"":3.315239,""cooldownOverrideMinFlux"":0.022972,""cooldownOverrideMinBandRatio"":0.09,""analyzeIntervalMs"":33}"
642,r013-0019-af0c4d84,13,-168,2,3,10,2,0,139,"{""relativeReattackFactor"":3.654096,""relativeReattackMinDelta"":0.004378,""relativeFluxFactor"":1.497121,""spectralNoveltyRatio"":4.18188,""spectralNoveltyMinBins"":28,""cooldownFrames"":3,""confirmedRmsFactor"":1.568872,""confirmedRmsMinDelta"":0.008072,""confirmedFluxFactor"":2.123044,""confirmedMinFlux"":0.00441,""confirmedMinBandRatio"":0.012462,""confirmedSpectralNoveltyMinBins"":13,""cooldownOverrideFactor"":2.276322,""cooldownOverrideMinFlux"":0.027797,""cooldownOverrideMinBandRatio"":0.080217,""analyzeIntervalMs"":41}"
643,r017-0010-8a8635b2,17,-169,2,4,17,2,0,143,"{""relativeReattackFactor"":3.206673,""relativeReattackMinDelta"":0.009893,""relativeFluxFactor"":1.749447,""spectralNoveltyRatio"":3.043334,""spectralNoveltyMinBins"":31,""cooldownFrames"":3,""confirmedRmsFactor"":1.761456,""confirmedRmsMinDelta"":0.007407,""confirmedFluxFactor"":1.682217,""confirmedMinFlux"":0.003,""confirmedMinBandRatio"":0.009205,""confirmedSpectralNoveltyMinBins"":4,""cooldownOverrideFactor"":2.44856,""cooldownOverrideMinFlux"":0.03,""cooldownOverrideMinBandRatio"":0.065467,""analyzeIntervalMs"":43}"
644,r016-0054-c5e3618e,16,-172,2,2,27,1,2,158,"{""relativeReattackFactor"":3.254335,""relativeReattackMinDelta"":0.004141,""relativeFluxFactor"":1.4,""spectralNoveltyRatio"":5.081468,""spectralNoveltyMinBins"":14,""cooldownFrames"":3,""confirmedRmsFactor"":1.750215,""confirmedRmsMinDelta"":0.005851,""confirmedFluxFactor"":2.295272,""confirmedMinFlux"":0.003,""confirmedMinBandRatio"":0.012826,""confirmedSpectralNoveltyMinBins"":21,""cooldownOverrideFactor"":1.8,""cooldownOverrideMinFlux"":0.03,""cooldownOverrideMinBandRatio"":0.082949,""analyzeIntervalMs"":35}"
645,r017-0065-56b5398e,17,-172,2,4,13,2,1,141,"{""relativeReattackFactor"":4,""relativeReattackMinDelta"":0.004,""relativeFluxFactor"":1.4,""spectralNoveltyRatio"":4.344922,""spectralNoveltyMinBins"":16,""cooldownFrames"":3,""confirmedRmsFactor"":1.66636,""confirmedRmsMinDelta"":0.006607,""confirmedFluxFactor"":1.750766,""confirmedMinFlux"":0.006592,""confirmedMinBandRatio"":0.006,""confirmedSpectralNoveltyMinBins"":11,""cooldownOverrideFactor"":1.8,""cooldownOverrideMinFlux"":0.029311,""cooldownOverrideMinBandRatio"":0.066124,""analyzeIntervalMs"":42}"
646,r004-0059-1f3ba226,4,-173,2,5,7,3,0,134,"{""relativeReattackFactor"":2.945828,""relativeReattackMinDelta"":0.012768,""relativeFluxFactor"":1.4,""spectralNoveltyRatio"":2.323493,""spectralNoveltyMinBins"":33,""cooldownFrames"":4,""confirmedRmsFactor"":1.176678,""confirmedRmsMinDelta"":0.002909,""confirmedFluxFactor"":1.834345,""confirmedMinFlux"":0.013471,""confirmedMinBandRatio"":0.028483,""confirmedSpectralNoveltyMinBins"":22,""cooldownOverrideFactor"":4.485301,""cooldownOverrideMinFlux"":0.00958,""cooldownOverrideMinBandRatio"":0.09,""analyzeIntervalMs"":40}"
647,r003-0068-18795518,3,-174,2,2,21,1,3,152,"{""relativeReattackFactor"":3.279529,""relativeReattackMinDelta"":0.008924,""relativeFluxFactor"":1.4,""spectralNoveltyRatio"":4.584981,""spectralNoveltyMinBins"":6,""cooldownFrames"":3,""confirmedRmsFactor"":1.732399,""confirmedRmsMinDelta"":0.009155,""confirmedFluxFactor"":1.973437,""confirmedMinFlux"":0.009413,""confirmedMinBandRatio"":0.006922,""confirmedSpectralNoveltyMinBins"":8,""cooldownOverrideFactor"":1.8,""cooldownOverrideMinFlux"":0.026518,""cooldownOverrideMinBandRatio"":0.089784,""analyzeIntervalMs"":42}"
648,r018-0006-39846339,18,-177,1,3,16,1,2,145,"{""relativeReattackFactor"":3.821676,""relativeReattackMinDelta"":0.004991,""relativeFluxFactor"":1.4,""spectralNoveltyRatio"":5.075057,""spectralNoveltyMinBins"":14,""cooldownFrames"":4,""confirmedRmsFactor"":1.499429,""confirmedRmsMinDelta"":0.005081,""confirmedFluxFactor"":1.525146,""confirmedMinFlux"":0.004476,""confirmedMinBandRatio"":0.022763,""confirmedSpectralNoveltyMinBins"":17,""cooldownOverrideFactor"":3.489387,""cooldownOverrideMinFlux"":0.027435,""cooldownOverrideMinBandRatio"":0.066565,""analyzeIntervalMs"":37}"
649,r005-0070-48ded24a,5,-177,2,2,28,1,2,163,"{""relativeReattackFactor"":2.699512,""relativeReattackMinDelta"":0.004,""relativeFluxFactor"":1.643543,""spectralNoveltyRatio"":4.352044,""spectralNoveltyMinBins"":7,""cooldownFrames"":3,""confirmedRmsFactor"":1.929234,""confirmedRmsMinDelta"":0.006822,""confirmedFluxFactor"":1.695434,""confirmedMinFlux"":0.005493,""confirmedMinBandRatio"":0.008856,""confirmedSpectralNoveltyMinBins"":3,""cooldownOverrideFactor"":2.167536,""cooldownOverrideMinFlux"":0.019323,""cooldownOverrideMinBandRatio"":0.076771,""analyzeIntervalMs"":41}"
650,r016-0059-36a77b10,16,-177,2,3,14,2,0,143,"{""relativeReattackFactor"":3.259428,""relativeReattackMinDelta"":0.004,""relativeFluxFactor"":1.4,""spectralNoveltyRatio"":5.349493,""spectralNoveltyMinBins"":22,""cooldownFrames"":3,""confirmedRmsFactor"":1.385511,""confirmedRmsMinDelta"":0.00823,""confirmedFluxFactor"":2.4,""confirmedMinFlux"":0.006353,""confirmedMinBandRatio"":0.027177,""confirmedSpectralNoveltyMinBins"":10,""cooldownOverrideFactor"":1.8,""cooldownOverrideMinFlux"":0.03,""cooldownOverrideMinBandRatio"":0.061564,""analyzeIntervalMs"":45}"
651,r018-0075-b68ba238,18,-177,2,3,14,2,0,143,"{""relativeReattackFactor"":3.287545,""relativeReattackMinDelta"":0.004,""relativeFluxFactor"":1.4,""spectralNoveltyRatio"":4.192832,""spectralNoveltyMinBins"":26,""cooldownFrames"":3,""confirmedRmsFactor"":1.631144,""confirmedRmsMinDelta"":0.008312,""confirmedFluxFactor"":2.014709,""confirmedMinFlux"":0.007481,""confirmedMinBandRatio"":0.006,""confirmedSpectralNoveltyMinBins"":13,""cooldownOverrideFactor"":2.469881,""cooldownOverrideMinFlux"":0.03,""cooldownOverrideMinBandRatio"":0.076007,""analyzeIntervalMs"":45}"
652,r004-0027-67cc4b2c,4,-180,5,7,3,5,0,125,"{""relativeReattackFactor"":4,""relativeReattackMinDelta"":0.015149,""relativeFluxFactor"":1.611233,""spectralNoveltyRatio"":3.161158,""spectralNoveltyMinBins"":42,""cooldownFrames"":4,""confirmedRmsFactor"":1.155439,""confirmedRmsMinDelta"":0.002,""confirmedFluxFactor"":1.274339,""confirmedMinFlux"":0.017341,""confirmedMinBandRatio"":0.045273,""confirmedSpectralNoveltyMinBins"":22,""cooldownOverrideFactor"":4.160293,""cooldownOverrideMinFlux"":0.015692,""cooldownOverrideMinBandRatio"":0.079594,""analyzeIntervalMs"":48}"
653,r006-0072-dcd81d39,6,-181,2,4,21,2,0,149,"{""relativeReattackFactor"":3.138295,""relativeReattackMinDelta"":0.004,""relativeFluxFactor"":1.60556,""spectralNoveltyRatio"":3.670715,""spectralNoveltyMinBins"":26,""cooldownFrames"":3,""confirmedRmsFactor"":1.612998,""confirmedRmsMinDelta"":0.008495,""confirmedFluxFactor"":2.140751,""confirmedMinFlux"":0.003654,""confirmedMinBandRatio"":0.015295,""confirmedSpectralNoveltyMinBins"":9,""cooldownOverrideFactor"":1.863873,""cooldownOverrideMinFlux"":0.026798,""cooldownOverrideMinBandRatio"":0.086498,""analyzeIntervalMs"":43}"
654,r004-0035-97639828,4,-183,3,5,9,3,0,137,"{""relativeReattackFactor"":3.796718,""relativeReattackMinDelta"":0.014739,""relativeFluxFactor"":1.4,""spectralNoveltyRatio"":3.707567,""spectralNoveltyMinBins"":24,""cooldownFrames"":4,""confirmedRmsFactor"":1.665913,""confirmedRmsMinDelta"":0.003491,""confirmedFluxFactor"":1.805088,""confirmedMinFlux"":0.019158,""confirmedMinBandRatio"":0.024201,""confirmedSpectralNoveltyMinBins"":29,""cooldownOverrideFactor"":3.854699,""cooldownOverrideMinFlux"":0.004,""cooldownOverrideMinBandRatio"":0.066125,""analyzeIntervalMs"":47}"
655,r017-0030-a318e888,17,-185,2,3,17,2,0,146,"{""relativeReattackFactor"":3.439942,""relativeReattackMinDelta"":0.00696,""relativeFluxFactor"":1.4,""spectralNoveltyRatio"":5.005774,""spectralNoveltyMinBins"":24,""cooldownFrames"":2,""confirmedRmsFactor"":1.560339,""confirmedRmsMinDelta"":0.007761,""confirmedFluxFactor"":1.918188,""confirmedMinFlux"":0.006127,""confirmedMinBandRatio"":0.006,""confirmedSpectralNoveltyMinBins"":13,""cooldownOverrideFactor"":1.8,""cooldownOverrideMinFlux"":0.027552,""cooldownOverrideMinBandRatio"":0.074785,""analyzeIntervalMs"":45}"
656,r004-0072-cc92efbf,4,-186,4,6,4,4,0,126,"{""relativeReattackFactor"":3.972688,""relativeReattackMinDelta"":0.016159,""relativeFluxFactor"":1.713984,""spectralNoveltyRatio"":2.936723,""spectralNoveltyMinBins"":34,""cooldownFrames"":4,""confirmedRmsFactor"":1.15,""confirmedRmsMinDelta"":0.003104,""confirmedFluxFactor"":1.223313,""confirmedMinFlux"":0.01732,""confirmedMinBandRatio"":0.041624,""confirmedSpectralNoveltyMinBins"":26,""cooldownOverrideFactor"":4.087902,""cooldownOverrideMinFlux"":0.011346,""cooldownOverrideMinBandRatio"":0.081408,""analyzeIntervalMs"":46}"
657,r005-0028-9d9373f3,5,-186,4,6,4,4,0,127,"{""relativeReattackFactor"":3.666271,""relativeReattackMinDelta"":0.015968,""relativeFluxFactor"":1.684577,""spectralNoveltyRatio"":2.428369,""spectralNoveltyMinBins"":37,""cooldownFrames"":4,""confirmedRmsFactor"":1.15,""confirmedRmsMinDelta"":0.002801,""confirmedFluxFactor"":1.413757,""confirmedMinFlux"":0.017933,""confirmedMinBandRatio"":0.04317,""confirmedSpectralNoveltyMinBins"":24,""cooldownOverrideFactor"":4.064855,""cooldownOverrideMinFlux"":0.015113,""cooldownOverrideMinBandRatio"":0.07498,""analyzeIntervalMs"":46}"
658,r005-0025-9e94c7a2,5,-189,2,3,18,2,0,149,"{""relativeReattackFactor"":2.877493,""relativeReattackMinDelta"":0.004,""relativeFluxFactor"":1.642445,""spectralNoveltyRatio"":4.778204,""spectralNoveltyMinBins"":14,""cooldownFrames"":3,""confirmedRmsFactor"":1.832277,""confirmedRmsMinDelta"":0.007393,""confirmedFluxFactor"":1.806144,""confirmedMinFlux"":0.00557,""confirmedMinBandRatio"":0.010261,""confirmedSpectralNoveltyMinBins"":8,""cooldownOverrideFactor"":1.860245,""cooldownOverrideMinFlux"":0.022193,""cooldownOverrideMinBandRatio"":0.078704,""analyzeIntervalMs"":40}"
659,r005-0055-e609a070,5,-189,2,3,18,2,0,149,"{""relativeReattackFactor"":2.885712,""relativeReattackMinDelta"":0.004,""relativeFluxFactor"":1.612906,""spectralNoveltyRatio"":4.94253,""spectralNoveltyMinBins"":16,""cooldownFrames"":3,""confirmedRmsFactor"":1.793492,""confirmedRmsMinDelta"":0.007228,""confirmedFluxFactor"":1.755008,""confirmedMinFlux"":0.004865,""confirmedMinBandRatio"":0.006,""confirmedSpectralNoveltyMinBins"":7,""cooldownOverrideFactor"":1.847961,""cooldownOverrideMinFlux"":0.01909,""cooldownOverrideMinBandRatio"":0.078993,""analyzeIntervalMs"":40}"
660,r002-0077-2796a9bf,2,-190,4,7,5,5,0,128,"{""relativeReattackFactor"":3.122468,""relativeReattackMinDelta"":0.017308,""relativeFluxFactor"":1.4,""spectralNoveltyRatio"":3.923733,""spectralNoveltyMinBins"":45,""cooldownFrames"":3,""confirmedRmsFactor"":1.657744,""confirmedRmsMinDelta"":0.005479,""confirmedFluxFactor"":2.215235,""confirmedMinFlux"":0.00892,""confirmedMinBandRatio"":0.023281,""confirmedSpectralNoveltyMinBins"":14,""cooldownOverrideFactor"":1.8,""cooldownOverrideMinFlux"":0.029392,""cooldownOverrideMinBandRatio"":0.079865,""analyzeIntervalMs"":41}"
661,r016-0043-4fb65f3f,16,-191,2,2,26,1,3,159,"{""relativeReattackFactor"":2.776696,""relativeReattackMinDelta"":0.004,""relativeFluxFactor"":1.4,""spectralNoveltyRatio"":3.185756,""spectralNoveltyMinBins"":7,""cooldownFrames"":3,""confirmedRmsFactor"":1.407668,""confirmedRmsMinDelta"":0.006857,""confirmedFluxFactor"":2.014218,""confirmedMinFlux"":0.0057,""confirmedMinBandRatio"":0.007247,""confirmedSpectralNoveltyMinBins"":23,""cooldownOverrideFactor"":1.8,""cooldownOverrideMinFlux"":0.022252,""cooldownOverrideMinBandRatio"":0.067758,""analyzeIntervalMs"":42}"
662,r005-0047-cd8942fd,5,-191,2,3,17,2,0,148,"{""relativeReattackFactor"":2.913362,""relativeReattackMinDelta"":0.004,""relativeFluxFactor"":1.619013,""spectralNoveltyRatio"":3.292508,""spectralNoveltyMinBins"":19,""cooldownFrames"":3,""confirmedRmsFactor"":1.752597,""confirmedRmsMinDelta"":0.008744,""confirmedFluxFactor"":2.105371,""confirmedMinFlux"":0.003948,""confirmedMinBandRatio"":0.014539,""confirmedSpectralNoveltyMinBins"":4,""cooldownOverrideFactor"":1.8,""cooldownOverrideMinFlux"":0.026436,""cooldownOverrideMinBandRatio"":0.088765,""analyzeIntervalMs"":40}"
663,r006-0045-70221c7f,6,-191,2,3,18,2,0,147,"{""relativeReattackFactor"":3.402799,""relativeReattackMinDelta"":0.004,""relativeFluxFactor"":1.559766,""spectralNoveltyRatio"":3.224029,""spectralNoveltyMinBins"":18,""cooldownFrames"":3,""confirmedRmsFactor"":1.671036,""confirmedRmsMinDelta"":0.008019,""confirmedFluxFactor"":2.008279,""confirmedMinFlux"":0.004107,""confirmedMinBandRatio"":0.013565,""confirmedSpectralNoveltyMinBins"":7,""cooldownOverrideFactor"":1.8,""cooldownOverrideMinFlux"":0.024662,""cooldownOverrideMinBandRatio"":0.081735,""analyzeIntervalMs"":40}"
664,r004-0076-0c0665b5,4,-193,2,3,19,2,0,150,"{""relativeReattackFactor"":2.7201,""relativeReattackMinDelta"":0.004,""relativeFluxFactor"":1.601341,""spectralNoveltyRatio"":3.08492,""spectralNoveltyMinBins"":19,""cooldownFrames"":3,""confirmedRmsFactor"":1.634067,""confirmedRmsMinDelta"":0.008255,""confirmedFluxFactor"":1.957583,""confirmedMinFlux"":0.005977,""confirmedMinBandRatio"":0.021606,""confirmedSpectralNoveltyMinBins"":5,""cooldownOverrideFactor"":1.8,""cooldownOverrideMinFlux"":0.02353,""cooldownOverrideMinBandRatio"":0.09,""analyzeIntervalMs"":40}"
665,r005-0027-963c6780,5,-193,2,3,19,2,0,151,"{""relativeReattackFactor"":2.928237,""relativeReattackMinDelta"":0.004,""relativeFluxFactor"":1.484173,""spectralNoveltyRatio"":3.870394,""spectralNoveltyMinBins"":17,""cooldownFrames"":3,""confirmedRmsFactor"":1.812402,""confirmedRmsMinDelta"":0.009359,""confirmedFluxFactor"":2.094683,""confirmedMinFlux"":0.005318,""confirmedMinBandRatio"":0.019387,""confirmedSpectralNoveltyMinBins"":7,""cooldownOverrideFactor"":1.8,""cooldownOverrideMinFlux"":0.0268,""cooldownOverrideMinBandRatio"":0.09,""analyzeIntervalMs"":40}"
666,r005-0050-675008d8,5,-194,2,3,20,2,0,151,"{""relativeReattackFactor"":2.767259,""relativeReattackMinDelta"":0.004323,""relativeFluxFactor"":1.573629,""spectralNoveltyRatio"":4.490973,""spectralNoveltyMinBins"":15,""cooldownFrames"":3,""confirmedRmsFactor"":1.872233,""confirmedRmsMinDelta"":0.006219,""confirmedFluxFactor"":1.665208,""confirmedMinFlux"":0.006826,""confirmedMinBandRatio"":0.009642,""confirmedSpectralNoveltyMinBins"":3,""cooldownOverrideFactor"":1.8,""cooldownOverrideMinFlux"":0.021324,""cooldownOverrideMinBandRatio"":0.084401,""analyzeIntervalMs"":40}"
667,r003-0004-96321ff5,3,-194,2,5,9,3,0,133,"{""relativeReattackFactor"":4,""relativeReattackMinDelta"":0.022847,""relativeFluxFactor"":1.4,""spectralNoveltyRatio"":4.371671,""spectralNoveltyMinBins"":28,""cooldownFrames"":3,""confirmedRmsFactor"":1.517191,""confirmedRmsMinDelta"":0.008788,""confirmedFluxFactor"":1.512771,""confirmedMinFlux"":0.018215,""confirmedMinBandRatio"":0.036466,""confirmedSpectralNoveltyMinBins"":30,""cooldownOverrideFactor"":2.904117,""cooldownOverrideMinFlux"":0.004,""cooldownOverrideMinBandRatio"":0.024895,""analyzeIntervalMs"":28}"
668,r006-0020-6d733a23,6,-195,2,3,19,2,0,150,"{""relativeReattackFactor"":3.200585,""relativeReattackMinDelta"":0.004797,""relativeFluxFactor"":1.493257,""spectralNoveltyRatio"":3.651644,""spectralNoveltyMinBins"":15,""cooldownFrames"":3,""confirmedRmsFactor"":1.610992,""confirmedRmsMinDelta"":0.007683,""confirmedFluxFactor"":2.060385,""confirmedMinFlux"":0.004631,""confirmedMinBandRatio"":0.013762,""confirmedSpectralNoveltyMinBins"":9,""cooldownOverrideFactor"":1.8,""cooldownOverrideMinFlux"":0.024494,""cooldownOverrideMinBandRatio"":0.082695,""analyzeIntervalMs"":40}"
669,r006-0075-998d8143,6,-195,2,3,14,2,1,143,"{""relativeReattackFactor"":3.366475,""relativeReattackMinDelta"":0.005087,""relativeFluxFactor"":1.529089,""spectralNoveltyRatio"":3.75038,""spectralNoveltyMinBins"":17,""cooldownFrames"":3,""confirmedRmsFactor"":1.564371,""confirmedRmsMinDelta"":0.008766,""confirmedFluxFactor"":2.038791,""confirmedMinFlux"":0.005691,""confirmedMinBandRatio"":0.013179,""confirmedSpectralNoveltyMinBins"":8,""cooldownOverrideFactor"":1.920497,""cooldownOverrideMinFlux"":0.02715,""cooldownOverrideMinBandRatio"":0.083521,""analyzeIntervalMs"":42}"
670,r007-0073-df2900c2,7,-195,3,5,9,3,0,136,"{""relativeReattackFactor"":2.978749,""relativeReattackMinDelta"":0.004911,""relativeFluxFactor"":1.576512,""spectralNoveltyRatio"":3.683231,""spectralNoveltyMinBins"":30,""cooldownFrames"":3,""confirmedRmsFactor"":1.728635,""confirmedRmsMinDelta"":0.008123,""confirmedFluxFactor"":2.145421,""confirmedMinFlux"":0.003087,""confirmedMinBandRatio"":0.012759,""confirmedSpectralNoveltyMinBins"":11,""cooldownOverrideFactor"":1.954258,""cooldownOverrideMinFlux"":0.03,""cooldownOverrideMinBandRatio"":0.083881,""analyzeIntervalMs"":40}"
671,r003-0072-753b8056,3,-196,3,5,12,3,0,138,"{""relativeReattackFactor"":3.593346,""relativeReattackMinDelta"":0.017164,""relativeFluxFactor"":1.4,""spectralNoveltyRatio"":4.086927,""spectralNoveltyMinBins"":29,""cooldownFrames"":4,""confirmedRmsFactor"":1.642557,""confirmedRmsMinDelta"":0.002,""confirmedFluxFactor"":1.764656,""confirmedMinFlux"":0.02,""confirmedMinBandRatio"":0.02476,""confirmedSpectralNoveltyMinBins"":29,""cooldownOverrideFactor"":4.325929,""cooldownOverrideMinFlux"":0.004,""cooldownOverrideMinBandRatio"":0.072301,""analyzeIntervalMs"":48}"
672,r003-0013-d1ca8bf0,3,-197,2,3,19,2,0,148,"{""relativeReattackFactor"":3.326039,""relativeReattackMinDelta"":0.007463,""relativeFluxFactor"":1.400402,""spectralNoveltyRatio"":3.582993,""spectralNoveltyMinBins"":16,""cooldownFrames"":3,""confirmedRmsFactor"":1.78854,""confirmedRmsMinDelta"":0.007453,""confirmedFluxFactor"":2.122836,""confirmedMinFlux"":0.007249,""confirmedMinBandRatio"":0.006805,""confirmedSpectralNoveltyMinBins"":7,""cooldownOverrideFactor"":2.071909,""cooldownOverrideMinFlux"":0.019201,""cooldownOverrideMinBandRatio"":0.079125,""analyzeIntervalMs"":45}"
673,r002-0067-c862b8e8,2,-199,2,3,20,2,0,149,"{""relativeReattackFactor"":3.74655,""relativeReattackMinDelta"":0.010471,""relativeFluxFactor"":1.4,""spectralNoveltyRatio"":2.877073,""spectralNoveltyMinBins"":19,""cooldownFrames"":3,""confirmedRmsFactor"":2.173395,""confirmedRmsMinDelta"":0.005531,""confirmedFluxFactor"":2.271076,""confirmedMinFlux"":0.003429,""confirmedMinBandRatio"":0.020626,""confirmedSpectralNoveltyMinBins"":6,""cooldownOverrideFactor"":1.8,""cooldownOverrideMinFlux"":0.014098,""cooldownOverrideMinBandRatio"":0.08932,""analyzeIntervalMs"":50}"
674,r004-0040-39b76aa4,4,-200,3,5,7,3,0,132,"{""relativeReattackFactor"":3.963973,""relativeReattackMinDelta"":0.014593,""relativeFluxFactor"":1.627312,""spectralNoveltyRatio"":3.663429,""spectralNoveltyMinBins"":28,""cooldownFrames"":4,""confirmedRmsFactor"":1.716541,""confirmedRmsMinDelta"":0.002507,""confirmedFluxFactor"":1.903655,""confirmedMinFlux"":0.016886,""confirmedMinBandRatio"":0.029817,""confirmedSpectralNoveltyMinBins"":31,""cooldownOverrideFactor"":3.971582,""cooldownOverrideMinFlux"":0.004,""cooldownOverrideMinBandRatio"":0.073423,""analyzeIntervalMs"":45}"
675,r004-0055-e8906ad8,4,-200,3,5,7,3,0,133,"{""relativeReattackFactor"":3.956002,""relativeReattackMinDelta"":0.01632,""relativeFluxFactor"":1.539604,""spectralNoveltyRatio"":4.116694,""spectralNoveltyMinBins"":25,""cooldownFrames"":4,""confirmedRmsFactor"":1.786254,""confirmedRmsMinDelta"":0.002,""confirmedFluxFactor"":1.68512,""confirmedMinFlux"":0.019193,""confirmedMinBandRatio"":0.023534,""confirmedSpectralNoveltyMinBins"":29,""cooldownOverrideFactor"":3.688096,""cooldownOverrideMinFlux"":0.004886,""cooldownOverrideMinBandRatio"":0.064061,""analyzeIntervalMs"":45}"
676,r011-0050-9c06f50d,11,-200,3,6,10,4,0,135,"{""relativeReattackFactor"":3.413611,""relativeReattackMinDelta"":0.005483,""relativeFluxFactor"":1.4,""spectralNoveltyRatio"":4.483404,""spectralNoveltyMinBins"":29,""cooldownFrames"":3,""confirmedRmsFactor"":1.549214,""confirmedRmsMinDelta"":0.007494,""confirmedFluxFactor"":2.049362,""confirmedMinFlux"":0.003521,""confirmedMinBandRatio"":0.015522,""confirmedSpectralNoveltyMinBins"":12,""cooldownOverrideFactor"":2.381395,""cooldownOverrideMinFlux"":0.028369,""cooldownOverrideMinBandRatio"":0.078801,""analyzeIntervalMs"":42}"
677,r012-0012-ad17d4e7,12,-201,3,6,11,4,0,137,"{""relativeReattackFactor"":3.663757,""relativeReattackMinDelta"":0.00475,""relativeFluxFactor"":1.441832,""spectralNoveltyRatio"":4.076987,""spectralNoveltyMinBins"":28,""cooldownFrames"":3,""confirmedRmsFactor"":1.549843,""confirmedRmsMinDelta"":0.007627,""confirmedFluxFactor"":2.269756,""confirmedMinFlux"":0.005182,""confirmedMinBandRatio"":0.015258,""confirmedSpectralNoveltyMinBins"":9,""cooldownOverrideFactor"":2.347713,""cooldownOverrideMinFlux"":0.027569,""cooldownOverrideMinBandRatio"":0.076584,""analyzeIntervalMs"":42}"
678,r013-0032-2e277493,13,-201,3,6,11,4,0,137,"{""relativeReattackFactor"":3.673342,""relativeReattackMinDelta"":0.004997,""relativeFluxFactor"":1.4,""spectralNoveltyRatio"":4.175779,""spectralNoveltyMinBins"":28,""cooldownFrames"":3,""confirmedRmsFactor"":1.551593,""confirmedRmsMinDelta"":0.007226,""confirmedFluxFactor"":2.207899,""confirmedMinFlux"":0.004818,""confirmedMinBandRatio"":0.018353,""confirmedSpectralNoveltyMinBins"":9,""cooldownOverrideFactor"":2.269244,""cooldownOverrideMinFlux"":0.028642,""cooldownOverrideMinBandRatio"":0.076135,""analyzeIntervalMs"":42}"
679,r013-0057-4e454c1d,13,-201,3,6,11,4,0,137,"{""relativeReattackFactor"":3.662717,""relativeReattackMinDelta"":0.004734,""relativeFluxFactor"":1.4,""spectralNoveltyRatio"":4.115667,""spectralNoveltyMinBins"":28,""cooldownFrames"":3,""confirmedRmsFactor"":1.580617,""confirmedRmsMinDelta"":0.00714,""confirmedFluxFactor"":2.292058,""confirmedMinFlux"":0.0052,""confirmedMinBandRatio"":0.015877,""confirmedSpectralNoveltyMinBins"":10,""cooldownOverrideFactor"":2.358804,""cooldownOverrideMinFlux"":0.028029,""cooldownOverrideMinBandRatio"":0.075882,""analyzeIntervalMs"":42}"
680,r003-0052-a82d7ad8,3,-202,1,4,8,2,0,136,"{""relativeReattackFactor"":3.736249,""relativeReattackMinDelta"":0.017622,""relativeFluxFactor"":1.442992,""spectralNoveltyRatio"":3.688143,""spectralNoveltyMinBins"":22,""cooldownFrames"":4,""confirmedRmsFactor"":1.87717,""confirmedRmsMinDelta"":0.002,""confirmedFluxFactor"":1.787571,""confirmedMinFlux"":0.019543,""confirmedMinBandRatio"":0.029022,""confirmedSpectralNoveltyMinBins"":25,""cooldownOverrideFactor"":4.342121,""cooldownOverrideMinFlux"":0.004,""cooldownOverrideMinBandRatio"":0.065293,""analyzeIntervalMs"":50}"
681,r003-0060-7511260c,3,-203,1,4,12,2,1,140,"{""relativeReattackFactor"":3.151832,""relativeReattackMinDelta"":0.015421,""relativeFluxFactor"":1.4,""spectralNoveltyRatio"":2.324373,""spectralNoveltyMinBins"":26,""cooldownFrames"":4,""confirmedRmsFactor"":1.401187,""confirmedRmsMinDelta"":0.005647,""confirmedFluxFactor"":1.777159,""confirmedMinFlux"":0.013066,""confirmedMinBandRatio"":0.037281,""confirmedSpectralNoveltyMinBins"":20,""cooldownOverrideFactor"":5,""cooldownOverrideMinFlux"":0.011254,""cooldownOverrideMinBandRatio"":0.072321,""analyzeIntervalMs"":42}"
682,r004-0044-3d7ef48c,4,-203,1,4,12,2,1,140,"{""relativeReattackFactor"":3.009279,""relativeReattackMinDelta"":0.015475,""relativeFluxFactor"":1.4,""spectralNoveltyRatio"":2.364423,""spectralNoveltyMinBins"":29,""cooldownFrames"":4,""confirmedRmsFactor"":1.199017,""confirmedRmsMinDelta"":0.003497,""confirmedFluxFactor"":1.760357,""confirmedMinFlux"":0.010779,""confirmedMinBandRatio"":0.024828,""confirmedSpectralNoveltyMinBins"":24,""cooldownOverrideFactor"":4.137102,""cooldownOverrideMinFlux"":0.011934,""cooldownOverrideMinBandRatio"":0.079424,""analyzeIntervalMs"":42}"
683,r005-0034-805d949f,5,-205,2,3,22,2,0,154,"{""relativeReattackFactor"":3.100123,""relativeReattackMinDelta"":0.005194,""relativeFluxFactor"":1.48492,""spectralNoveltyRatio"":3.368891,""spectralNoveltyMinBins"":13,""cooldownFrames"":3,""confirmedRmsFactor"":1.594835,""confirmedRmsMinDelta"":0.008814,""confirmedFluxFactor"":1.964962,""confirmedMinFlux"":0.005485,""confirmedMinBandRatio"":0.013678,""confirmedSpectralNoveltyMinBins"":9,""cooldownOverrideFactor"":1.8,""cooldownOverrideMinFlux"":0.026537,""cooldownOverrideMinBandRatio"":0.085285,""analyzeIntervalMs"":40}"
684,r004-0002-215de157,4,-205,5,8,0,5,0,119,"{""relativeReattackFactor"":4,""relativeReattackMinDelta"":0.016023,""relativeFluxFactor"":1.626732,""spectralNoveltyRatio"":2.749896,""spectralNoveltyMinBins"":44,""cooldownFrames"":4,""confirmedRmsFactor"":1.166889,""confirmedRmsMinDelta"":0.002,""confirmedFluxFactor"":1.24051,""confirmedMinFlux"":0.019336,""confirmedMinBandRatio"":0.042763,""confirmedSpectralNoveltyMinBins"":27,""cooldownOverrideFactor"":4.368974,""cooldownOverrideMinFlux"":0.01406,""cooldownOverrideMinBandRatio"":0.081081,""analyzeIntervalMs"":46}"
685,r016-0071-d48b9d02,16,-206,2,3,21,1,1,149,"{""relativeReattackFactor"":3.794154,""relativeReattackMinDelta"":0.010014,""relativeFluxFactor"":1.4,""spectralNoveltyRatio"":3.772081,""spectralNoveltyMinBins"":20,""cooldownFrames"":3,""confirmedRmsFactor"":1.740258,""confirmedRmsMinDelta"":0.005887,""confirmedFluxFactor"":2.142387,""confirmedMinFlux"":0.003,""confirmedMinBandRatio"":0.01932,""confirmedSpectralNoveltyMinBins"":22,""cooldownOverrideFactor"":2.71927,""cooldownOverrideMinFlux"":0.021014,""cooldownOverrideMinBandRatio"":0.09,""analyzeIntervalMs"":33}"
686,r010-0074-d09b2116,10,-206,2,5,8,3,0,135,"{""relativeReattackFactor"":3.521241,""relativeReattackMinDelta"":0.004803,""relativeFluxFactor"":1.537008,""spectralNoveltyRatio"":4.117253,""spectralNoveltyMinBins"":27,""cooldownFrames"":3,""confirmedRmsFactor"":1.51673,""confirmedRmsMinDelta"":0.007065,""confirmedFluxFactor"":2.188757,""confirmedMinFlux"":0.004481,""confirmedMinBandRatio"":0.014266,""confirmedSpectralNoveltyMinBins"":12,""cooldownOverrideFactor"":2.213887,""cooldownOverrideMinFlux"":0.028027,""cooldownOverrideMinBandRatio"":0.076164,""analyzeIntervalMs"":40}"
687,r014-0062-ea29cbf5,14,-206,2,5,8,3,0,135,"{""relativeReattackFactor"":3.490108,""relativeReattackMinDelta"":0.004592,""relativeFluxFactor"":1.56497,""spectralNoveltyRatio"":3.951989,""spectralNoveltyMinBins"":28,""cooldownFrames"":3,""confirmedRmsFactor"":1.520985,""confirmedRmsMinDelta"":0.006901,""confirmedFluxFactor"":2.189992,""confirmedMinFlux"":0.004989,""confirmedMinBandRatio"":0.016704,""confirmedSpectralNoveltyMinBins"":10,""cooldownOverrideFactor"":2.30967,""cooldownOverrideMinFlux"":0.02751,""cooldownOverrideMinBandRatio"":0.076205,""analyzeIntervalMs"":40}"
688,r015-0017-7f2739cf,15,-206,2,5,8,3,0,135,"{""relativeReattackFactor"":3.549825,""relativeReattackMinDelta"":0.005407,""relativeFluxFactor"":1.549768,""spectralNoveltyRatio"":4.120029,""spectralNoveltyMinBins"":27,""cooldownFrames"":3,""confirmedRmsFactor"":1.531777,""confirmedRmsMinDelta"":0.007388,""confirmedFluxFactor"":2.276271,""confirmedMinFlux"":0.004971,""confirmedMinBandRatio"":0.016754,""confirmedSpectralNoveltyMinBins"":9,""cooldownOverrideFactor"":2.427474,""cooldownOverrideMinFlux"":0.027105,""cooldownOverrideMinBandRatio"":0.07381,""analyzeIntervalMs"":40}"
689,r015-0057-bb100b5b,15,-206,2,5,8,3,0,135,"{""relativeReattackFactor"":3.617968,""relativeReattackMinDelta"":0.004942,""relativeFluxFactor"":1.542789,""spectralNoveltyRatio"":4.096728,""spectralNoveltyMinBins"":28,""cooldownFrames"":3,""confirmedRmsFactor"":1.588192,""confirmedRmsMinDelta"":0.007182,""confirmedFluxFactor"":2.201372,""confirmedMinFlux"":0.005197,""confirmedMinBandRatio"":0.017166,""confirmedSpectralNoveltyMinBins"":10,""cooldownOverrideFactor"":2.399988,""cooldownOverrideMinFlux"":0.028419,""cooldownOverrideMinBandRatio"":0.073398,""analyzeIntervalMs"":40}"
690,r007-0053-e3286083,7,-206,3,6,12,4,0,138,"{""relativeReattackFactor"":3.021402,""relativeReattackMinDelta"":0.005467,""relativeFluxFactor"":1.4,""spectralNoveltyRatio"":4.073386,""spectralNoveltyMinBins"":32,""cooldownFrames"":3,""confirmedRmsFactor"":1.6603,""confirmedRmsMinDelta"":0.007451,""confirmedFluxFactor"":2.182454,""confirmedMinFlux"":0.003,""confirmedMinBandRatio"":0.013682,""confirmedSpectralNoveltyMinBins"":13,""cooldownOverrideFactor"":1.854047,""cooldownOverrideMinFlux"":0.029163,""cooldownOverrideMinBandRatio"":0.09,""analyzeIntervalMs"":42}"
691,r007-0051-327f3e44,7,-207,2,5,9,3,0,137,"{""relativeReattackFactor"":3.162957,""relativeReattackMinDelta"":0.005489,""relativeFluxFactor"":1.577035,""spectralNoveltyRatio"":3.891129,""spectralNoveltyMinBins"":26,""cooldownFrames"":3,""confirmedRmsFactor"":1.77537,""confirmedRmsMinDelta"":0.008387,""confirmedFluxFactor"":2.170072,""confirmedMinFlux"":0.004312,""confirmedMinBandRatio"":0.015459,""confirmedSpectralNoveltyMinBins"":9,""cooldownOverrideFactor"":1.935222,""cooldownOverrideMinFlux"":0.02816,""cooldownOverrideMinBandRatio"":0.079684,""analyzeIntervalMs"":40}"
692,r008-0001-d7a5feed,8,-207,2,5,9,3,0,136,"{""relativeReattackFactor"":3.282656,""relativeReattackMinDelta"":0.005522,""relativeFluxFactor"":1.550437,""spectralNoveltyRatio"":3.951932,""spectralNoveltyMinBins"":26,""cooldownFrames"":3,""confirmedRmsFactor"":1.532175,""confirmedRmsMinDelta"":0.007805,""confirmedFluxFactor"":2.149605,""confirmedMinFlux"":0.004311,""confirmedMinBandRatio"":0.01215,""confirmedSpectralNoveltyMinBins"":11,""cooldownOverrideFactor"":2.042415,""cooldownOverrideMinFlux"":0.028901,""cooldownOverrideMinBandRatio"":0.077086,""analyzeIntervalMs"":40}"
693,r009-0002-edc31002,9,-207,2,5,9,3,0,136,"{""relativeReattackFactor"":3.303096,""relativeReattackMinDelta"":0.005153,""relativeFluxFactor"":1.533296,""spectralNoveltyRatio"":4.111089,""spectralNoveltyMinBins"":25,""cooldownFrames"":3,""confirmedRmsFactor"":1.527503,""confirmedRmsMinDelta"":0.007941,""confirmedFluxFactor"":2.120631,""confirmedMinFlux"":0.003777,""confirmedMinBandRatio"":0.013691,""confirmedSpectralNoveltyMinBins"":11,""cooldownOverrideFactor"":2.096002,""cooldownOverrideMinFlux"":0.02834,""cooldownOverrideMinBandRatio"":0.081328,""analyzeIntervalMs"":40}"
694,r011-0072-11d8ba9b,11,-207,2,5,9,3,0,136,"{""relativeReattackFactor"":3.440035,""relativeReattackMinDelta"":0.004503,""relativeFluxFactor"":1.523113,""spectralNoveltyRatio"":4.191424,""spectralNoveltyMinBins"":25,""cooldownFrames"":3,""confirmedRmsFactor"":1.492292,""confirmedRmsMinDelta"":0.006828,""confirmedFluxFactor"":2.19767,""confirmedMinFlux"":0.005387,""confirmedMinBandRatio"":0.017679,""confirmedSpectralNoveltyMinBins"":10,""cooldownOverrideFactor"":2.452234,""cooldownOverrideMinFlux"":0.027969,""cooldownOverrideMinBandRatio"":0.074989,""analyzeIntervalMs"":40}"
695,r012-0004-b55e9e18,12,-207,2,5,9,3,0,136,"{""relativeReattackFactor"":3.557196,""relativeReattackMinDelta"":0.004884,""relativeFluxFactor"":1.543278,""spectralNoveltyRatio"":4.221543,""spectralNoveltyMinBins"":25,""cooldownFrames"":3,""confirmedRmsFactor"":1.581003,""confirmedRmsMinDelta"":0.007728,""confirmedFluxFactor"":2.161527,""confirmedMinFlux"":0.004471,""confirmedMinBandRatio"":0.013244,""confirmedSpectralNoveltyMinBins"":12,""cooldownOverrideFactor"":2.256118,""cooldownOverrideMinFlux"":0.029246,""cooldownOverrideMinBandRatio"":0.078603,""analyzeIntervalMs"":40}"
696,r012-0039-0d9af608,12,-207,2,5,9,3,0,136,"{""relativeReattackFactor"":3.500821,""relativeReattackMinDelta"":0.005698,""relativeFluxFactor"":1.537518,""spectralNoveltyRatio"":4.162363,""spectralNoveltyMinBins"":26,""cooldownFrames"":3,""confirmedRmsFactor"":1.555146,""confirmedRmsMinDelta"":0.008359,""confirmedFluxFactor"":2.162113,""confirmedMinFlux"":0.004288,""confirmedMinBandRatio"":0.013676,""confirmedSpectralNoveltyMinBins"":14,""cooldownOverrideFactor"":2.351239,""cooldownOverrideMinFlux"":0.029019,""cooldownOverrideMinBandRatio"":0.081222,""analyzeIntervalMs"":40}"
697,r013-0029-52093739,13,-207,2,5,9,3,0,136,"{""relativeReattackFactor"":3.517637,""relativeReattackMinDelta"":0.00473,""relativeFluxFactor"":1.532525,""spectralNoveltyRatio"":4.154639,""spectralNoveltyMinBins"":25,""cooldownFrames"":3,""confirmedRmsFactor"":1.60809,""confirmedRmsMinDelta"":0.008232,""confirmedFluxFactor"":2.107569,""confirmedMinFlux"":0.005305,""confirmedMinBandRatio"":0.012404,""confirmedSpectralNoveltyMinBins"":13,""cooldownOverrideFactor"":2.115887,""cooldownOverrideMinFlux"":0.028173,""cooldownOverrideMinBandRatio"":0.077811,""analyzeIntervalMs"":40}"
698,r015-0058-0c434a57,15,-207,2,5,9,3,0,136,"{""relativeReattackFactor"":3.448575,""relativeReattackMinDelta"":0.006048,""relativeFluxFactor"":1.533221,""spectralNoveltyRatio"":4.011978,""spectralNoveltyMinBins"":25,""cooldownFrames"":3,""confirmedRmsFactor"":1.558781,""confirmedRmsMinDelta"":0.00798,""confirmedFluxFactor"":2.078585,""confirmedMinFlux"":0.003307,""confirmedMinBandRatio"":0.012558,""confirmedSpectralNoveltyMinBins"":13,""cooldownOverrideFactor"":2.000771,""cooldownOverrideMinFlux"":0.03,""cooldownOverrideMinBandRatio"":0.081942,""analyzeIntervalMs"":40}"
699,r002-0051-ff48fd62,2,-209,2,2,31,1,3,163,"{""relativeReattackFactor"":2.288537,""relativeReattackMinDelta"":0.021353,""relativeFluxFactor"":1.4,""spectralNoveltyRatio"":1.568946,""spectralNoveltyMinBins"":26,""cooldownFrames"":4,""confirmedRmsFactor"":1.591505,""confirmedRmsMinDelta"":0.004635,""confirmedFluxFactor"":1.725386,""confirmedMinFlux"":0.007748,""confirmedMinBandRatio"":0.0411,""confirmedSpectralNoveltyMinBins"":28,""cooldownOverrideFactor"":5,""cooldownOverrideMinFlux"":0.014165,""cooldownOverrideMinBandRatio"":0.089934,""analyzeIntervalMs"":35}"
700,r018-0068-691f1c44,18,-209,1,4,14,2,1,142,"{""relativeReattackFactor"":3.657514,""relativeReattackMinDelta"":0.008132,""relativeFluxFactor"":1.4,""spectralNoveltyRatio"":3.544045,""spectralNoveltyMinBins"":26,""cooldownFrames"":3,""confirmedRmsFactor"":1.463749,""confirmedRmsMinDelta"":0.008462,""confirmedFluxFactor"":2.116486,""confirmedMinFlux"":0.003,""confirmedMinBandRatio"":0.014161,""confirmedSpectralNoveltyMinBins"":8,""cooldownOverrideFactor"":2.787307,""cooldownOverrideMinFlux"":0.026834,""cooldownOverrideMinBandRatio"":0.064579,""analyzeIntervalMs"":42}"
701,r016-0047-f67633cb,16,-210,1,4,11,2,0,138,"{""relativeReattackFactor"":4,""relativeReattackMinDelta"":0.004,""relativeFluxFactor"":1.4,""spectralNoveltyRatio"":4.733555,""spectralNoveltyMinBins"":27,""cooldownFrames"":3,""confirmedRmsFactor"":1.325558,""confirmedRmsMinDelta"":0.007294,""confirmedFluxFactor"":2.390688,""confirmedMinFlux"":0.004123,""confirmedMinBandRatio"":0.019761,""confirmedSpectralNoveltyMinBins"":7,""cooldownOverrideFactor"":1.8,""cooldownOverrideMinFlux"":0.03,""cooldownOverrideMinBandRatio"":0.07349,""analyzeIntervalMs"":45}"
702,r010-0031-7c49d2d2,10,-210,2,5,10,3,0,137,"{""relativeReattackFactor"":3.415738,""relativeReattackMinDelta"":0.004,""relativeFluxFactor"":1.526822,""spectralNoveltyRatio"":4.124941,""spectralNoveltyMinBins"":24,""cooldownFrames"":3,""confirmedRmsFactor"":1.497796,""confirmedRmsMinDelta"":0.007836,""confirmedFluxFactor"":2.116033,""confirmedMinFlux"":0.004557,""confirmedMinBandRatio"":0.014991,""confirmedSpectralNoveltyMinBins"":10,""cooldownOverrideFactor"":2.290288,""cooldownOverrideMinFlux"":0.029189,""cooldownOverrideMinBandRatio"":0.077075,""analyzeIntervalMs"":40}"
703,r007-0021-8ff1fd9d,7,-211,2,5,11,3,0,138,"{""relativeReattackFactor"":3.195902,""relativeReattackMinDelta"":0.004781,""relativeFluxFactor"":1.617995,""spectralNoveltyRatio"":3.629096,""spectralNoveltyMinBins"":21,""cooldownFrames"":3,""confirmedRmsFactor"":1.767205,""confirmedRmsMinDelta"":0.008634,""confirmedFluxFactor"":2.059315,""confirmedMinFlux"":0.003,""confirmedMinBandRatio"":0.01361,""confirmedSpectralNoveltyMinBins"":12,""cooldownOverrideFactor"":1.8,""cooldownOverrideMinFlux"":0.026355,""cooldownOverrideMinBandRatio"":0.085957,""analyzeIntervalMs"":40}"
704,r008-0032-50e822c1,8,-212,2,5,10,3,0,138,"{""relativeReattackFactor"":2.952502,""relativeReattackMinDelta"":0.005985,""relativeFluxFactor"":1.548759,""spectralNoveltyRatio"":3.954543,""spectralNoveltyMinBins"":27,""cooldownFrames"":3,""confirmedRmsFactor"":1.670456,""confirmedRmsMinDelta"":0.007831,""confirmedFluxFactor"":2.077067,""confirmedMinFlux"":0.003,""confirmedMinBandRatio"":0.0104,""confirmedSpectralNoveltyMinBins"":9,""cooldownOverrideFactor"":1.873324,""cooldownOverrideMinFlux"":0.029988,""cooldownOverrideMinBandRatio"":0.082191,""analyzeIntervalMs"":40}"
705,r009-0068-26be40ca,9,-212,2,5,10,3,0,138,"{""relativeReattackFactor"":2.98761,""relativeReattackMinDelta"":0.004465,""relativeFluxFactor"":1.560278,""spectralNoveltyRatio"":3.730556,""spectralNoveltyMinBins"":29,""cooldownFrames"":3,""confirmedRmsFactor"":1.639038,""confirmedRmsMinDelta"":0.007863,""confirmedFluxFactor"":2.061568,""confirmedMinFlux"":0.00363,""confirmedMinBandRatio"":0.010366,""confirmedSpectralNoveltyMinBins"":9,""cooldownOverrideFactor"":1.891965,""cooldownOverrideMinFlux"":0.03,""cooldownOverrideMinBandRatio"":0.087877,""analyzeIntervalMs"":40}"
706,r018-0071-a9bbbd9a,18,-212,3,6,7,4,0,130,"{""relativeReattackFactor"":3.919686,""relativeReattackMinDelta"":0.005475,""relativeFluxFactor"":1.4,""spectralNoveltyRatio"":5.137939,""spectralNoveltyMinBins"":29,""cooldownFrames"":4,""confirmedRmsFactor"":1.493934,""confirmedRmsMinDelta"":0.005967,""confirmedFluxFactor"":1.918524,""confirmedMinFlux"":0.003,""confirmedMinBandRatio"":0.030388,""confirmedSpectralNoveltyMinBins"":12,""cooldownOverrideFactor"":3.303989,""cooldownOverrideMinFlux"":0.025484,""cooldownOverrideMinBandRatio"":0.076471,""analyzeIntervalMs"":43}"
707,r018-0069-bab3909e,18,-213,2,3,19,2,1,148,"{""relativeReattackFactor"":3.583949,""relativeReattackMinDelta"":0.006227,""relativeFluxFactor"":1.4,""spectralNoveltyRatio"":3.236158,""spectralNoveltyMinBins"":21,""cooldownFrames"":3,""confirmedRmsFactor"":1.63975,""confirmedRmsMinDelta"":0.008878,""confirmedFluxFactor"":2.157157,""confirmedMinFlux"":0.003977,""confirmedMinBandRatio"":0.018101,""confirmedSpectralNoveltyMinBins"":11,""cooldownOverrideFactor"":2.003962,""cooldownOverrideMinFlux"":0.03,""cooldownOverrideMinBandRatio"":0.069163,""analyzeIntervalMs"":37}"
708,r008-0035-3a8ccd22,8,-213,2,5,11,3,0,139,"{""relativeReattackFactor"":3.056375,""relativeReattackMinDelta"":0.005766,""relativeFluxFactor"":1.557655,""spectralNoveltyRatio"":4.188385,""spectralNoveltyMinBins"":26,""cooldownFrames"":3,""confirmedRmsFactor"":1.727067,""confirmedRmsMinDelta"":0.007756,""confirmedFluxFactor"":2.272409,""confirmedMinFlux"":0.003833,""confirmedMinBandRatio"":0.010663,""confirmedSpectralNoveltyMinBins"":9,""cooldownOverrideFactor"":1.951828,""cooldownOverrideMinFlux"":0.03,""cooldownOverrideMinBandRatio"":0.084001,""analyzeIntervalMs"":40}"
709,r009-0035-6c0826cb,9,-213,2,5,11,3,0,139,"{""relativeReattackFactor"":3.087331,""relativeReattackMinDelta"":0.005421,""relativeFluxFactor"":1.546163,""spectralNoveltyRatio"":4.354211,""spectralNoveltyMinBins"":26,""cooldownFrames"":3,""confirmedRmsFactor"":1.692469,""confirmedRmsMinDelta"":0.008531,""confirmedFluxFactor"":2.135207,""confirmedMinFlux"":0.004238,""confirmedMinBandRatio"":0.013993,""confirmedSpectralNoveltyMinBins"":9,""cooldownOverrideFactor"":1.8,""cooldownOverrideMinFlux"":0.028766,""cooldownOverrideMinBandRatio"":0.086839,""analyzeIntervalMs"":40}"
710,r017-0024-4704e5d1,17,-214,2,3,23,2,0,155,"{""relativeReattackFactor"":2.664735,""relativeReattackMinDelta"":0.004,""relativeFluxFactor"":1.4,""spectralNoveltyRatio"":3.058872,""spectralNoveltyMinBins"":15,""cooldownFrames"":3,""confirmedRmsFactor"":1.646928,""confirmedRmsMinDelta"":0.01036,""confirmedFluxFactor"":2.4,""confirmedMinFlux"":0.007863,""confirmedMinBandRatio"":0.021101,""confirmedSpectralNoveltyMinBins"":13,""cooldownOverrideFactor"":1.8,""cooldownOverrideMinFlux"":0.020504,""cooldownOverrideMinBandRatio"":0.060546,""analyzeIntervalMs"":49}"
711,r005-0059-1d8fc869,5,-214,2,3,19,2,1,152,"{""relativeReattackFactor"":2.890027,""relativeReattackMinDelta"":0.004,""relativeFluxFactor"":1.69037,""spectralNoveltyRatio"":3.422641,""spectralNoveltyMinBins"":21,""cooldownFrames"":3,""confirmedRmsFactor"":1.636333,""confirmedRmsMinDelta"":0.009516,""confirmedFluxFactor"":2.040977,""confirmedMinFlux"":0.005745,""confirmedMinBandRatio"":0.017754,""confirmedSpectralNoveltyMinBins"":10,""cooldownOverrideFactor"":1.940307,""cooldownOverrideMinFlux"":0.028673,""cooldownOverrideMinBandRatio"":0.09,""analyzeIntervalMs"":41}"
712,r018-0067-684163ad,18,-214,2,5,11,3,0,138,"{""relativeReattackFactor"":3.317916,""relativeReattackMinDelta"":0.004,""relativeFluxFactor"":1.526458,""spectralNoveltyRatio"":4.448758,""spectralNoveltyMinBins"":22,""cooldownFrames"":3,""confirmedRmsFactor"":1.681954,""confirmedRmsMinDelta"":0.009603,""confirmedFluxFactor"":2.281376,""confirmedMinFlux"":0.003619,""confirmedMinBandRatio"":0.017011,""confirmedSpectralNoveltyMinBins"":13,""cooldownOverrideFactor"":2.270272,""cooldownOverrideMinFlux"":0.026753,""cooldownOverrideMinBandRatio"":0.069362,""analyzeIntervalMs"":40}"
713,r008-0037-5a48c72a,8,-214,2,5,12,3,0,140,"{""relativeReattackFactor"":3.029357,""relativeReattackMinDelta"":0.004466,""relativeFluxFactor"":1.557546,""spectralNoveltyRatio"":3.734013,""spectralNoveltyMinBins"":26,""cooldownFrames"":3,""confirmedRmsFactor"":1.63958,""confirmedRmsMinDelta"":0.006982,""confirmedFluxFactor"":2.127946,""confirmedMinFlux"":0.003796,""confirmedMinBandRatio"":0.007695,""confirmedSpectralNoveltyMinBins"":10,""cooldownOverrideFactor"":1.8,""cooldownOverrideMinFlux"":0.028894,""cooldownOverrideMinBandRatio"":0.087053,""analyzeIntervalMs"":40}"
714,r006-0077-8f819669,6,-215,2,5,12,3,0,139,"{""relativeReattackFactor"":3.284864,""relativeReattackMinDelta"":0.005337,""relativeFluxFactor"":1.583778,""spectralNoveltyRatio"":3.811167,""spectralNoveltyMinBins"":20,""cooldownFrames"":3,""confirmedRmsFactor"":1.690113,""confirmedRmsMinDelta"":0.008178,""confirmedFluxFactor"":2.221063,""confirmedMinFlux"":0.004981,""confirmedMinBandRatio"":0.017292,""confirmedSpectralNoveltyMinBins"":10,""cooldownOverrideFactor"":1.8,""cooldownOverrideMinFlux"":0.02561,""cooldownOverrideMinBandRatio"":0.089734,""analyzeIntervalMs"":40}"
715,r003-0075-ede341d1,3,-215,3,4,11,3,1,139,"{""relativeReattackFactor"":2.974927,""relativeReattackMinDelta"":0.015571,""relativeFluxFactor"":1.755455,""spectralNoveltyRatio"":2.383555,""spectralNoveltyMinBins"":16,""cooldownFrames"":4,""confirmedRmsFactor"":1.530037,""confirmedRmsMinDelta"":0.003781,""confirmedFluxFactor"":1.66714,""confirmedMinFlux"":0.013611,""confirmedMinBandRatio"":0.027575,""confirmedSpectralNoveltyMinBins"":25,""cooldownOverrideFactor"":4.962634,""cooldownOverrideMinFlux"":0.009797,""cooldownOverrideMinBandRatio"":0.084895,""analyzeIntervalMs"":42}"
716,r006-0071-11cf9b5f,6,-216,2,5,12,3,0,140,"{""relativeReattackFactor"":3.071405,""relativeReattackMinDelta"":0.004172,""relativeFluxFactor"":1.594901,""spectralNoveltyRatio"":4.288897,""spectralNoveltyMinBins"":22,""cooldownFrames"":3,""confirmedRmsFactor"":1.736574,""confirmedRmsMinDelta"":0.007597,""confirmedFluxFactor"":2.252404,""confirmedMinFlux"":0.004005,""confirmedMinBandRatio"":0.012775,""confirmedSpectralNoveltyMinBins"":9,""cooldownOverrideFactor"":1.814406,""cooldownOverrideMinFlux"":0.026869,""cooldownOverrideMinBandRatio"":0.082051,""analyzeIntervalMs"":40}"
717,r005-0030-18582a2a,5,-217,2,3,26,2,0,159,"{""relativeReattackFactor"":2.544854,""relativeReattackMinDelta"":0.005755,""relativeFluxFactor"":1.502322,""spectralNoveltyRatio"":4.367575,""spectralNoveltyMinBins"":11,""cooldownFrames"":3,""confirmedRmsFactor"":1.788727,""confirmedRmsMinDelta"":0.007364,""confirmedFluxFactor"":1.831544,""confirmedMinFlux"":0.006693,""confirmedMinBandRatio"":0.00951,""confirmedSpectralNoveltyMinBins"":4,""cooldownOverrideFactor"":1.8,""cooldownOverrideMinFlux"":0.022484,""cooldownOverrideMinBandRatio"":0.075959,""analyzeIntervalMs"":40}"
718,r008-0064-33baaae5,8,-218,2,5,14,3,0,142,"{""relativeReattackFactor"":3.071896,""relativeReattackMinDelta"":0.005634,""relativeFluxFactor"":1.573359,""spectralNoveltyRatio"":3.943746,""spectralNoveltyMinBins"":23,""cooldownFrames"":3,""confirmedRmsFactor"":1.841713,""confirmedRmsMinDelta"":0.00814,""confirmedFluxFactor"":2.11544,""confirmedMinFlux"":0.003563,""confirmedMinBandRatio"":0.015734,""confirmedSpectralNoveltyMinBins"":10,""cooldownOverrideFactor"":1.8,""cooldownOverrideMinFlux"":0.026204,""cooldownOverrideMinBandRatio"":0.084682,""analyzeIntervalMs"":40}"
719,r004-0032-46ea829c,4,-218,3,6,8,4,0,131,"{""relativeReattackFactor"":3.598892,""relativeReattackMinDelta"":0.012551,""relativeFluxFactor"":1.685232,""spectralNoveltyRatio"":2.224402,""spectralNoveltyMinBins"":36,""cooldownFrames"":4,""confirmedRmsFactor"":1.157259,""confirmedRmsMinDelta"":0.002,""confirmedFluxFactor"":1.307014,""confirmedMinFlux"":0.018791,""confirmedMinBandRatio"":0.047115,""confirmedSpectralNoveltyMinBins"":23,""cooldownOverrideFactor"":3.788861,""cooldownOverrideMinFlux"":0.01147,""cooldownOverrideMinBandRatio"":0.070423,""analyzeIntervalMs"":43}"
720,r009-0009-cd23aab7,9,-219,1,4,17,2,1,145,"{""relativeReattackFactor"":3.300039,""relativeReattackMinDelta"":0.006212,""relativeFluxFactor"":1.4,""spectralNoveltyRatio"":3.743688,""spectralNoveltyMinBins"":22,""cooldownFrames"":3,""confirmedRmsFactor"":1.512245,""confirmedRmsMinDelta"":0.008264,""confirmedFluxFactor"":2.067029,""confirmedMinFlux"":0.003172,""confirmedMinBandRatio"":0.013342,""confirmedSpectralNoveltyMinBins"":11,""cooldownOverrideFactor"":2.16649,""cooldownOverrideMinFlux"":0.028564,""cooldownOverrideMinBandRatio"":0.085029,""analyzeIntervalMs"":42}"
721,r004-0078-27b262dd,4,-221,2,2,25,1,1,159,"{""relativeReattackFactor"":2.565433,""relativeReattackMinDelta"":0.006407,""relativeFluxFactor"":1.419952,""spectralNoveltyRatio"":5.174471,""spectralNoveltyMinBins"":11,""cooldownFrames"":3,""confirmedRmsFactor"":1.960462,""confirmedRmsMinDelta"":0.007788,""confirmedFluxFactor"":1.857306,""confirmedMinFlux"":0.006985,""confirmedMinBandRatio"":0.006,""confirmedSpectralNoveltyMinBins"":2,""cooldownOverrideFactor"":1.869942,""cooldownOverrideMinFlux"":0.019818,""cooldownOverrideMinBandRatio"":0.084661,""analyzeIntervalMs"":40}"
722,r005-0077-314b4685,5,-221,1,4,18,2,1,147,"{""relativeReattackFactor"":3.143412,""relativeReattackMinDelta"":0.005348,""relativeFluxFactor"":1.43633,""spectralNoveltyRatio"":3.582098,""spectralNoveltyMinBins"":22,""cooldownFrames"":3,""confirmedRmsFactor"":1.733451,""confirmedRmsMinDelta"":0.00972,""confirmedFluxFactor"":2.026427,""confirmedMinFlux"":0.005339,""confirmedMinBandRatio"":0.015577,""confirmedSpectralNoveltyMinBins"":9,""cooldownOverrideFactor"":1.976631,""cooldownOverrideMinFlux"":0.023968,""cooldownOverrideMinBandRatio"":0.09,""analyzeIntervalMs"":42}"
723,r006-0063-fff895aa,6,-221,2,5,14,3,0,142,"{""relativeReattackFactor"":3.074816,""relativeReattackMinDelta"":0.00525,""relativeFluxFactor"":1.590738,""spectralNoveltyRatio"":4.122898,""spectralNoveltyMinBins"":19,""cooldownFrames"":3,""confirmedRmsFactor"":1.520851,""confirmedRmsMinDelta"":0.007402,""confirmedFluxFactor"":2.099138,""confirmedMinFlux"":0.003,""confirmedMinBandRatio"":0.011844,""confirmedSpectralNoveltyMinBins"":12,""cooldownOverrideFactor"":2.023723,""cooldownOverrideMinFlux"":0.029944,""cooldownOverrideMinBandRatio"":0.080658,""analyzeIntervalMs"":40}"
724,r003-0062-01b1a266,3,-222,3,6,5,4,0,129,"{""relativeReattackFactor"":3.965788,""relativeReattackMinDelta"":0.011286,""relativeFluxFactor"":1.4,""spectralNoveltyRatio"":3.202916,""spectralNoveltyMinBins"":31,""cooldownFrames"":4,""confirmedRmsFactor"":1.60804,""confirmedRmsMinDelta"":0.002,""confirmedFluxFactor"":1.987284,""confirmedMinFlux"":0.015337,""confirmedMinBandRatio"":0.025008,""confirmedSpectralNoveltyMinBins"":32,""cooldownOverrideFactor"":3.636446,""cooldownOverrideMinFlux"":0.00759,""cooldownOverrideMinBandRatio"":0.063655,""analyzeIntervalMs"":49}"
725,r004-0007-93977198,4,-222,4,7,6,5,0,128,"{""relativeReattackFactor"":3.868048,""relativeReattackMinDelta"":0.013371,""relativeFluxFactor"":1.4,""spectralNoveltyRatio"":2.381651,""spectralNoveltyMinBins"":41,""cooldownFrames"":4,""confirmedRmsFactor"":1.15,""confirmedRmsMinDelta"":0.002798,""confirmedFluxFactor"":1.36001,""confirmedMinFlux"":0.019312,""confirmedMinBandRatio"":0.040697,""confirmedSpectralNoveltyMinBins"":23,""cooldownOverrideFactor"":4.064185,""cooldownOverrideMinFlux"":0.015208,""cooldownOverrideMinBandRatio"":0.08259,""analyzeIntervalMs"":45}"
726,r005-0053-fd2ff725,5,-222,4,7,6,5,0,128,"{""relativeReattackFactor"":3.945584,""relativeReattackMinDelta"":0.015674,""relativeFluxFactor"":1.403652,""spectralNoveltyRatio"":3.042451,""spectralNoveltyMinBins"":39,""cooldownFrames"":4,""confirmedRmsFactor"":1.15,""confirmedRmsMinDelta"":0.002698,""confirmedFluxFactor"":1.415072,""confirmedMinFlux"":0.016716,""confirmedMinBandRatio"":0.041946,""confirmedSpectralNoveltyMinBins"":22,""cooldownOverrideFactor"":4.132577,""cooldownOverrideMinFlux"":0.011944,""cooldownOverrideMinBandRatio"":0.076658,""analyzeIntervalMs"":45}"
727,r006-0007-cb980801,6,-225,1,4,19,2,1,148,"{""relativeReattackFactor"":3.14137,""relativeReattackMinDelta"":0.004641,""relativeFluxFactor"":1.4,""spectralNoveltyRatio"":3.614206,""spectralNoveltyMinBins"":22,""cooldownFrames"":3,""confirmedRmsFactor"":1.731985,""confirmedRmsMinDelta"":0.008528,""confirmedFluxFactor"":2.238062,""confirmedMinFlux"":0.005202,""confirmedMinBandRatio"":0.016825,""confirmedSpectralNoveltyMinBins"":9,""cooldownOverrideFactor"":1.834226,""cooldownOverrideMinFlux"":0.028443,""cooldownOverrideMinBandRatio"":0.083403,""analyzeIntervalMs"":42}"
728,r006-0044-708734a4,6,-225,1,4,19,2,1,148,"{""relativeReattackFactor"":3.14176,""relativeReattackMinDelta"":0.004284,""relativeFluxFactor"":1.4,""spectralNoveltyRatio"":3.057094,""spectralNoveltyMinBins"":23,""cooldownFrames"":3,""confirmedRmsFactor"":1.64545,""confirmedRmsMinDelta"":0.008741,""confirmedFluxFactor"":1.97843,""confirmedMinFlux"":0.004902,""confirmedMinBandRatio"":0.019273,""confirmedSpectralNoveltyMinBins"":7,""cooldownOverrideFactor"":2.116491,""cooldownOverrideMinFlux"":0.026341,""cooldownOverrideMinBandRatio"":0.087443,""analyzeIntervalMs"":42}"
729,r006-0069-a62a5596,6,-225,1,4,19,2,1,147,"{""relativeReattackFactor"":3.153155,""relativeReattackMinDelta"":0.004703,""relativeFluxFactor"":1.4,""spectralNoveltyRatio"":3.305364,""spectralNoveltyMinBins"":21,""cooldownFrames"":3,""confirmedRmsFactor"":1.67954,""confirmedRmsMinDelta"":0.009093,""confirmedFluxFactor"":1.981446,""confirmedMinFlux"":0.005476,""confirmedMinBandRatio"":0.022083,""confirmedSpectralNoveltyMinBins"":9,""cooldownOverrideFactor"":2.178673,""cooldownOverrideMinFlux"":0.025525,""cooldownOverrideMinBandRatio"":0.09,""analyzeIntervalMs"":42}"
730,r007-0029-3e73754a,7,-225,1,4,19,2,1,148,"{""relativeReattackFactor"":3.122453,""relativeReattackMinDelta"":0.004,""relativeFluxFactor"":1.4,""spectralNoveltyRatio"":3.70602,""spectralNoveltyMinBins"":23,""cooldownFrames"":3,""confirmedRmsFactor"":1.692932,""confirmedRmsMinDelta"":0.008567,""confirmedFluxFactor"":2.185484,""confirmedMinFlux"":0.004342,""confirmedMinBandRatio"":0.016465,""confirmedSpectralNoveltyMinBins"":10,""cooldownOverrideFactor"":1.904343,""cooldownOverrideMinFlux"":0.02755,""cooldownOverrideMinBandRatio"":0.082592,""analyzeIntervalMs"":42}"
731,r007-0041-1fe91764,7,-225,1,4,19,2,1,148,"{""relativeReattackFactor"":3.049449,""relativeReattackMinDelta"":0.005909,""relativeFluxFactor"":1.4,""spectralNoveltyRatio"":3.738526,""spectralNoveltyMinBins"":24,""cooldownFrames"":3,""confirmedRmsFactor"":1.814162,""confirmedRmsMinDelta"":0.008901,""confirmedFluxFactor"":2.082165,""confirmedMinFlux"":0.004014,""confirmedMinBandRatio"":0.013877,""confirmedSpectralNoveltyMinBins"":11,""cooldownOverrideFactor"":1.8,""cooldownOverrideMinFlux"":0.025702,""cooldownOverrideMinBandRatio"":0.086494,""analyzeIntervalMs"":42}"
732,r007-0044-3da34a74,7,-225,1,4,19,2,1,148,"{""relativeReattackFactor"":3.048415,""relativeReattackMinDelta"":0.004432,""relativeFluxFactor"":1.4,""spectralNoveltyRatio"":3.859133,""spectralNoveltyMinBins"":20,""cooldownFrames"":3,""confirmedRmsFactor"":1.670906,""confirmedRmsMinDelta"":0.008308,""confirmedFluxFactor"":2.217807,""confirmedMinFlux"":0.005065,""confirmedMinBandRatio"":0.017919,""confirmedSpectralNoveltyMinBins"":8,""cooldownOverrideFactor"":1.9629,""cooldownOverrideMinFlux"":0.025879,""cooldownOverrideMinBandRatio"":0.08244,""analyzeIntervalMs"":42}"
733,r007-0055-a846e3e6,7,-225,1,4,19,2,1,147,"{""relativeReattackFactor"":3.153198,""relativeReattackMinDelta"":0.005654,""relativeFluxFactor"":1.4,""spectralNoveltyRatio"":3.808407,""spectralNoveltyMinBins"":21,""cooldownFrames"":3,""confirmedRmsFactor"":1.564117,""confirmedRmsMinDelta"":0.008221,""confirmedFluxFactor"":2.100047,""confirmedMinFlux"":0.003488,""confirmedMinBandRatio"":0.014495,""confirmedSpectralNoveltyMinBins"":11,""cooldownOverrideFactor"":2.216728,""cooldownOverrideMinFlux"":0.029072,""cooldownOverrideMinBandRatio"":0.081723,""analyzeIntervalMs"":42}"
734,r008-0009-46e456e5,8,-225,1,4,19,2,1,148,"{""relativeReattackFactor"":2.995845,""relativeReattackMinDelta"":0.006307,""relativeFluxFactor"":1.4,""spectralNoveltyRatio"":3.730231,""spectralNoveltyMinBins"":23,""cooldownFrames"":3,""confirmedRmsFactor"":1.774144,""confirmedRmsMinDelta"":0.008955,""confirmedFluxFactor"":2.089506,""confirmedMinFlux"":0.003468,""confirmedMinBandRatio"":0.013709,""confirmedSpectralNoveltyMinBins"":12,""cooldownOverrideFactor"":1.806856,""cooldownOverrideMinFlux"":0.027185,""cooldownOverrideMinBandRatio"":0.08337,""analyzeIntervalMs"":42}"
735,r008-0044-9c6fd70c,8,-225,1,4,19,2,1,148,"{""relativeReattackFactor"":3.01379,""relativeReattackMinDelta"":0.004832,""relativeFluxFactor"":1.4,""spectralNoveltyRatio"":3.708057,""spectralNoveltyMinBins"":23,""cooldownFrames"":3,""confirmedRmsFactor"":1.757242,""confirmedRmsMinDelta"":0.008933,""confirmedFluxFactor"":2.194214,""confirmedMinFlux"":0.003201,""confirmedMinBandRatio"":0.014885,""confirmedSpectralNoveltyMinBins"":10,""cooldownOverrideFactor"":1.8,""cooldownOverrideMinFlux"":0.025894,""cooldownOverrideMinBandRatio"":0.081497,""analyzeIntervalMs"":42}"
736,r004-0074-949a281b,4,-227,2,3,23,2,1,153,"{""relativeReattackFactor"":2.707875,""relativeReattackMinDelta"":0.016191,""relativeFluxFactor"":1.566428,""spectralNoveltyRatio"":2.437927,""spectralNoveltyMinBins"":21,""cooldownFrames"":4,""confirmedRmsFactor"":1.233438,""confirmedRmsMinDelta"":0.004005,""confirmedFluxFactor"":1.958111,""confirmedMinFlux"":0.013892,""confirmedMinBandRatio"":0.021123,""confirmedSpectralNoveltyMinBins"":20,""cooldownOverrideFactor"":3.878737,""cooldownOverrideMinFlux"":0.010894,""cooldownOverrideMinBandRatio"":0.09,""analyzeIntervalMs"":38}"
737,r007-0076-ec29f495,7,-229,1,4,20,2,1,149,"{""relativeReattackFactor"":2.935732,""relativeReattackMinDelta"":0.004687,""relativeFluxFactor"":1.4,""spectralNoveltyRatio"":3.715341,""spectralNoveltyMinBins"":24,""cooldownFrames"":3,""confirmedRmsFactor"":1.75645,""confirmedRmsMinDelta"":0.008268,""confirmedFluxFactor"":2.166926,""confirmedMinFlux"":0.003,""confirmedMinBandRatio"":0.013109,""confirmedSpectralNoveltyMinBins"":12,""cooldownOverrideFactor"":1.8,""cooldownOverrideMinFlux"":0.026702,""cooldownOverrideMinBandRatio"":0.079919,""analyzeIntervalMs"":42}"
738,r004-0053-5de8f569,4,-229,2,3,24,2,1,158,"{""relativeReattackFactor"":2.386966,""relativeReattackMinDelta"":0.004844,""relativeFluxFactor"":1.704827,""spectralNoveltyRatio"":4.811303,""spectralNoveltyMinBins"":17,""cooldownFrames"":3,""confirmedRmsFactor"":1.926675,""confirmedRmsMinDelta"":0.007768,""confirmedFluxFactor"":1.913572,""confirmedMinFlux"":0.004195,""confirmedMinBandRatio"":0.006,""confirmedSpectralNoveltyMinBins"":5,""cooldownOverrideFactor"":2.046517,""cooldownOverrideMinFlux"":0.02042,""cooldownOverrideMinBandRatio"":0.089295,""analyzeIntervalMs"":41}"
739,r016-0017-6f07da5a,16,-229,2,5,12,3,0,138,"{""relativeReattackFactor"":4,""relativeReattackMinDelta"":0.010961,""relativeFluxFactor"":1.4,""spectralNoveltyRatio"":3.095957,""spectralNoveltyMinBins"":34,""cooldownFrames"":2,""confirmedRmsFactor"":1.799514,""confirmedRmsMinDelta"":0.005422,""confirmedFluxFactor"":2.4,""confirmedMinFlux"":0.003,""confirmedMinBandRatio"":0.009168,""confirmedSpectralNoveltyMinBins"":15,""cooldownOverrideFactor"":1.800798,""cooldownOverrideMinFlux"":0.029953,""cooldownOverrideMinBandRatio"":0.072444,""analyzeIntervalMs"":45}"
740,r016-0037-2e96b12f,16,-229,3,6,8,4,0,132,"{""relativeReattackFactor"":4,""relativeReattackMinDelta"":0.011834,""relativeFluxFactor"":1.4,""spectralNoveltyRatio"":3.425391,""spectralNoveltyMinBins"":35,""cooldownFrames"":3,""confirmedRmsFactor"":1.52106,""confirmedRmsMinDelta"":0.006807,""confirmedFluxFactor"":1.980595,""confirmedMinFlux"":0.003458,""confirmedMinBandRatio"":0.016965,""confirmedSpectralNoveltyMinBins"":7,""cooldownOverrideFactor"":1.8,""cooldownOverrideMinFlux"":0.03,""cooldownOverrideMinBandRatio"":0.089189,""analyzeIntervalMs"":49}"
741,r004-0025-03271217,4,-230,3,7,4,4,0,125,"{""relativeReattackFactor"":3.631262,""relativeReattackMinDelta"":0.013181,""relativeFluxFactor"":1.576123,""spectralNoveltyRatio"":3.41684,""spectralNoveltyMinBins"":33,""cooldownFrames"":4,""confirmedRmsFactor"":1.665772,""confirmedRmsMinDelta"":0.002,""confirmedFluxFactor"":1.755381,""confirmedMinFlux"":0.01825,""confirmedMinBandRatio"":0.023397,""confirmedSpectralNoveltyMinBins"":25,""cooldownOverrideFactor"":4.104288,""cooldownOverrideMinFlux"":0.005714,""cooldownOverrideMinBandRatio"":0.064848,""analyzeIntervalMs"":46}"
742,r018-0023-39bcf81c,18,-231,2,3,23,2,1,153,"{""relativeReattackFactor"":3.353377,""relativeReattackMinDelta"":0.004,""relativeFluxFactor"":1.4,""spectralNoveltyRatio"":4.036004,""spectralNoveltyMinBins"":19,""cooldownFrames"":3,""confirmedRmsFactor"":1.468079,""confirmedRmsMinDelta"":0.007902,""confirmedFluxFactor"":2.235352,""confirmedMinFlux"":0.007349,""confirmedMinBandRatio"":0.021857,""confirmedSpectralNoveltyMinBins"":11,""cooldownOverrideFactor"":2.499869,""cooldownOverrideMinFlux"":0.03,""cooldownOverrideMinBandRatio"":0.068779,""analyzeIntervalMs"":39}"
743,r008-0041-e8c969db,8,-233,2,5,13,3,1,140,"{""relativeReattackFactor"":3.273647,""relativeReattackMinDelta"":0.006424,""relativeFluxFactor"":1.577928,""spectralNoveltyRatio"":4.258796,""spectralNoveltyMinBins"":26,""cooldownFrames"":3,""confirmedRmsFactor"":1.562508,""confirmedRmsMinDelta"":0.007557,""confirmedFluxFactor"":2.09942,""confirmedMinFlux"":0.003454,""confirmedMinBandRatio"":0.012034,""confirmedSpectralNoveltyMinBins"":11,""cooldownOverrideFactor"":2.091458,""cooldownOverrideMinFlux"":0.029005,""cooldownOverrideMinBandRatio"":0.080916,""analyzeIntervalMs"":42}"
744,r009-0007-1dbf2181,9,-233,2,5,13,3,1,140,"{""relativeReattackFactor"":3.398307,""relativeReattackMinDelta"":0.005507,""relativeFluxFactor"":1.54732,""spectralNoveltyRatio"":4.207697,""spectralNoveltyMinBins"":25,""cooldownFrames"":3,""confirmedRmsFactor"":1.564902,""confirmedRmsMinDelta"":0.007998,""confirmedFluxFactor"":2.143336,""confirmedMinFlux"":0.00344,""confirmedMinBandRatio"":0.01352,""confirmedSpectralNoveltyMinBins"":12,""cooldownOverrideFactor"":2.287086,""cooldownOverrideMinFlux"":0.02817,""cooldownOverrideMinBandRatio"":0.07649,""analyzeIntervalMs"":42}"
745,r009-0041-1d5f3230,9,-233,2,5,13,3,1,140,"{""relativeReattackFactor"":3.440935,""relativeReattackMinDelta"":0.004306,""relativeFluxFactor"":1.469766,""spectralNoveltyRatio"":4.374418,""spectralNoveltyMinBins"":25,""cooldownFrames"":3,""confirmedRmsFactor"":1.483134,""confirmedRmsMinDelta"":0.007815,""confirmedFluxFactor"":2.107396,""confirmedMinFlux"":0.004957,""confirmedMinBandRatio"":0.01257,""confirmedSpectralNoveltyMinBins"":10,""cooldownOverrideFactor"":2.400489,""cooldownOverrideMinFlux"":0.029813,""cooldownOverrideMinBandRatio"":0.076859,""analyzeIntervalMs"":42}"
746,r010-0003-1f9b8c8e,10,-233,2,5,13,3,1,140,"{""relativeReattackFactor"":3.40692,""relativeReattackMinDelta"":0.005978,""relativeFluxFactor"":1.503435,""spectralNoveltyRatio"":4.245134,""spectralNoveltyMinBins"":26,""cooldownFrames"":3,""confirmedRmsFactor"":1.515567,""confirmedRmsMinDelta"":0.008123,""confirmedFluxFactor"":2.060871,""confirmedMinFlux"":0.004357,""confirmedMinBandRatio"":0.01382,""confirmedSpectralNoveltyMinBins"":12,""cooldownOverrideFactor"":2.256189,""cooldownOverrideMinFlux"":0.029515,""cooldownOverrideMinBandRatio"":0.078268,""analyzeIntervalMs"":42}"
747,r011-0058-c05f4d84,11,-233,2,5,13,3,1,140,"{""relativeReattackFactor"":3.410127,""relativeReattackMinDelta"":0.004573,""relativeFluxFactor"":1.498159,""spectralNoveltyRatio"":4.150506,""spectralNoveltyMinBins"":26,""cooldownFrames"":3,""confirmedRmsFactor"":1.482274,""confirmedRmsMinDelta"":0.007791,""confirmedFluxFactor"":2.11985,""confirmedMinFlux"":0.003863,""confirmedMinBandRatio"":0.015703,""confirmedSpectralNoveltyMinBins"":11,""cooldownOverrideFactor"":2.344351,""cooldownOverrideMinFlux"":0.029829,""cooldownOverrideMinBandRatio"":0.077969,""analyzeIntervalMs"":42}"
748,r012-0042-7ce59e60,12,-233,2,5,13,3,1,140,"{""relativeReattackFactor"":3.63268,""relativeReattackMinDelta"":0.004,""relativeFluxFactor"":1.489828,""spectralNoveltyRatio"":4.272768,""spectralNoveltyMinBins"":25,""cooldownFrames"":3,""confirmedRmsFactor"":1.519896,""confirmedRmsMinDelta"":0.007169,""confirmedFluxFactor"":2.271259,""confirmedMinFlux"":0.004676,""confirmedMinBandRatio"":0.016393,""confirmedSpectralNoveltyMinBins"":9,""cooldownOverrideFactor"":2.455158,""cooldownOverrideMinFlux"":0.028856,""cooldownOverrideMinBandRatio"":0.075023,""analyzeIntervalMs"":42}"
749,r013-0036-8778e5fa,13,-233,2,5,13,3,1,140,"{""relativeReattackFactor"":3.5852,""relativeReattackMinDelta"":0.005052,""relativeFluxFactor"":1.542806,""spectralNoveltyRatio"":4.146258,""spectralNoveltyMinBins"":26,""cooldownFrames"":3,""confirmedRmsFactor"":1.602189,""confirmedRmsMinDelta"":0.007879,""confirmedFluxFactor"":2.187733,""confirmedMinFlux"":0.0045,""confirmedMinBandRatio"":0.014096,""confirmedSpectralNoveltyMinBins"":13,""cooldownOverrideFactor"":2.094336,""cooldownOverrideMinFlux"":0.027806,""cooldownOverrideMinBandRatio"":0.077871,""analyzeIntervalMs"":42}"
750,r014-0061-5ddb2335,14,-233,2,5,13,3,1,140,"{""relativeReattackFactor"":3.497161,""relativeReattackMinDelta"":0.004399,""relativeFluxFactor"":1.506897,""spectralNoveltyRatio"":4.166119,""spectralNoveltyMinBins"":26,""cooldownFrames"":3,""confirmedRmsFactor"":1.577075,""confirmedRmsMinDelta"":0.007837,""confirmedFluxFactor"":2.144946,""confirmedMinFlux"":0.004127,""confirmedMinBandRatio"":0.013507,""confirmedSpectralNoveltyMinBins"":13,""cooldownOverrideFactor"":2.113662,""cooldownOverrideMinFlux"":0.0285,""cooldownOverrideMinBandRatio"":0.078558,""analyzeIntervalMs"":42}"
751,r014-0074-c34dc7fb,14,-233,2,5,13,3,1,140,"{""relativeReattackFactor"":3.633309,""relativeReattackMinDelta"":0.005381,""relativeFluxFactor"":1.473169,""spectralNoveltyRatio"":4.182785,""spectralNoveltyMinBins"":26,""cooldownFrames"":3,""confirmedRmsFactor"":1.596597,""confirmedRmsMinDelta"":0.008207,""confirmedFluxFactor"":2.111365,""confirmedMinFlux"":0.004957,""confirmedMinBandRatio"":0.01337,""confirmedSpectralNoveltyMinBins"":12,""cooldownOverrideFactor"":2.278682,""cooldownOverrideMinFlux"":0.028666,""cooldownOverrideMinBandRatio"":0.080151,""analyzeIntervalMs"":42}"
752,r002-0011-ce6959e0,2,-234,1,4,18,2,0,146,"{""relativeReattackFactor"":2.683789,""relativeReattackMinDelta"":0.014984,""relativeFluxFactor"":1.824942,""spectralNoveltyRatio"":1.5,""spectralNoveltyMinBins"":28,""cooldownFrames"":4,""confirmedRmsFactor"":1.198861,""confirmedRmsMinDelta"":0.006115,""confirmedFluxFactor"":1.248613,""confirmedMinFlux"":0.007923,""confirmedMinBandRatio"":0.017238,""confirmedSpectralNoveltyMinBins"":31,""cooldownOverrideFactor"":4.787253,""cooldownOverrideMinFlux"":0.013677,""cooldownOverrideMinBandRatio"":0.064157,""analyzeIntervalMs"":37}"
753,r004-0077-db547983,4,-234,4,7,5,5,0,126,"{""relativeReattackFactor"":3.921058,""relativeReattackMinDelta"":0.014251,""relativeFluxFactor"":1.511218,""spectralNoveltyRatio"":2.230041,""spectralNoveltyMinBins"":43,""cooldownFrames"":4,""confirmedRmsFactor"":1.257339,""confirmedRmsMinDelta"":0.003074,""confirmedFluxFactor"":1.181294,""confirmedMinFlux"":0.02,""confirmedMinBandRatio"":0.047143,""confirmedSpectralNoveltyMinBins"":21,""cooldownOverrideFactor"":4.384214,""cooldownOverrideMinFlux"":0.013147,""cooldownOverrideMinBandRatio"":0.080474,""analyzeIntervalMs"":47}"
754,r005-0013-a9e60eee,5,-234,4,7,5,5,0,125,"{""relativeReattackFactor"":3.720378,""relativeReattackMinDelta"":0.01432,""relativeFluxFactor"":1.418975,""spectralNoveltyRatio"":2.623555,""spectralNoveltyMinBins"":43,""cooldownFrames"":4,""confirmedRmsFactor"":1.15,""confirmedRmsMinDelta"":0.002702,""confirmedFluxFactor"":1.270066,""confirmedMinFlux"":0.018124,""confirmedMinBandRatio"":0.044814,""confirmedSpectralNoveltyMinBins"":22,""cooldownOverrideFactor"":4.255105,""cooldownOverrideMinFlux"":0.013494,""cooldownOverrideMinBandRatio"":0.076433,""analyzeIntervalMs"":47}"
755,r005-0058-065ea5c8,5,-234,4,7,5,5,0,125,"{""relativeReattackFactor"":3.765846,""relativeReattackMinDelta"":0.015292,""relativeFluxFactor"":1.587834,""spectralNoveltyRatio"":2.389406,""spectralNoveltyMinBins"":44,""cooldownFrames"":4,""confirmedRmsFactor"":1.15,""confirmedRmsMinDelta"":0.002,""confirmedFluxFactor"":1.251975,""confirmedMinFlux"":0.018069,""confirmedMinBandRatio"":0.041403,""confirmedSpectralNoveltyMinBins"":24,""cooldownOverrideFactor"":3.995377,""cooldownOverrideMinFlux"":0.011841,""cooldownOverrideMinBandRatio"":0.071714,""analyzeIntervalMs"":47}"
756,r005-0068-43864ef5,5,-234,4,7,5,5,0,128,"{""relativeReattackFactor"":3.994791,""relativeReattackMinDelta"":0.016028,""relativeFluxFactor"":1.4,""spectralNoveltyRatio"":2.70606,""spectralNoveltyMinBins"":38,""cooldownFrames"":4,""confirmedRmsFactor"":1.15,""confirmedRmsMinDelta"":0.002,""confirmedFluxFactor"":1.462486,""confirmedMinFlux"":0.01839,""confirmedMinBandRatio"":0.042262,""confirmedSpectralNoveltyMinBins"":22,""cooldownOverrideFactor"":3.906596,""cooldownOverrideMinFlux"":0.012102,""cooldownOverrideMinBandRatio"":0.072516,""analyzeIntervalMs"":47}"
757,r005-0078-349cd176,5,-234,4,7,5,5,0,125,"{""relativeReattackFactor"":3.982642,""relativeReattackMinDelta"":0.014703,""relativeFluxFactor"":1.4,""spectralNoveltyRatio"":2.738742,""spectralNoveltyMinBins"":42,""cooldownFrames"":4,""confirmedRmsFactor"":1.15,""confirmedRmsMinDelta"":0.002,""confirmedFluxFactor"":1.223096,""confirmedMinFlux"":0.016733,""confirmedMinBandRatio"":0.042528,""confirmedSpectralNoveltyMinBins"":23,""cooldownOverrideFactor"":4.299364,""cooldownOverrideMinFlux"":0.013697,""cooldownOverrideMinBandRatio"":0.076855,""analyzeIntervalMs"":47}"
758,r017-0048-1e1b2e10,17,-235,1,3,26,1,3,155,"{""relativeReattackFactor"":2.702911,""relativeReattackMinDelta"":0.004,""relativeFluxFactor"":1.4,""spectralNoveltyRatio"":2.564309,""spectralNoveltyMinBins"":29,""cooldownFrames"":3,""confirmedRmsFactor"":1.353865,""confirmedRmsMinDelta"":0.00806,""confirmedFluxFactor"":2.134271,""confirmedMinFlux"":0.005005,""confirmedMinBandRatio"":0.006,""confirmedSpectralNoveltyMinBins"":12,""cooldownOverrideFactor"":1.912882,""cooldownOverrideMinFlux"":0.022781,""cooldownOverrideMinBandRatio"":0.09,""analyzeIntervalMs"":35}"
759,r017-0034-f37b8041,17,-235,2,3,19,2,2,151,"{""relativeReattackFactor"":2.871764,""relativeReattackMinDelta"":0.004,""relativeFluxFactor"":1.576731,""spectralNoveltyRatio"":3.158059,""spectralNoveltyMinBins"":11,""cooldownFrames"":3,""confirmedRmsFactor"":1.227756,""confirmedRmsMinDelta"":0.005105,""confirmedFluxFactor"":2.034451,""confirmedMinFlux"":0.003,""confirmedMinBandRatio"":0.006,""confirmedSpectralNoveltyMinBins"":10,""cooldownOverrideFactor"":1.8,""cooldownOverrideMinFlux"":0.026849,""cooldownOverrideMinBandRatio"":0.061445,""analyzeIntervalMs"":42}"
760,r003-0027-b49dc714,3,-235,3,6,3,4,0,127,"{""relativeReattackFactor"":3.873627,""relativeReattackMinDelta"":0.016898,""relativeFluxFactor"":1.4,""spectralNoveltyRatio"":4.148544,""spectralNoveltyMinBins"":34,""cooldownFrames"":4,""confirmedRmsFactor"":1.830849,""confirmedRmsMinDelta"":0.002088,""confirmedFluxFactor"":1.60547,""confirmedMinFlux"":0.019879,""confirmedMinBandRatio"":0.025548,""confirmedSpectralNoveltyMinBins"":28,""cooldownOverrideFactor"":4.38055,""cooldownOverrideMinFlux"":0.008168,""cooldownOverrideMinBandRatio"":0.071726,""analyzeIntervalMs"":50}"
761,r016-0023-3296ff07,16,-236,2,1,26,0,2,160,"{""relativeReattackFactor"":3.163655,""relativeReattackMinDelta"":0.006239,""relativeFluxFactor"":1.4,""spectralNoveltyRatio"":2.948337,""spectralNoveltyMinBins"":9,""cooldownFrames"":3,""confirmedRmsFactor"":1.295592,""confirmedRmsMinDelta"":0.007669,""confirmedFluxFactor"":2.295007,""confirmedMinFlux"":0.003,""confirmedMinBandRatio"":0.006,""confirmedSpectralNoveltyMinBins"":10,""cooldownOverrideFactor"":1.8,""cooldownOverrideMinFlux"":0.03,""cooldownOverrideMinBandRatio"":0.062225,""analyzeIntervalMs"":40}"
762,r014-0007-fc06bf6b,14,-237,2,5,14,3,1,141,"{""relativeReattackFactor"":3.651209,""relativeReattackMinDelta"":0.004672,""relativeFluxFactor"":1.444592,""spectralNoveltyRatio"":3.98716,""spectralNoveltyMinBins"":26,""cooldownFrames"":3,""confirmedRmsFactor"":1.538229,""confirmedRmsMinDelta"":0.007194,""confirmedFluxFactor"":2.263122,""confirmedMinFlux"":0.0053,""confirmedMinBandRatio"":0.015171,""confirmedSpectralNoveltyMinBins"":9,""cooldownOverrideFactor"":2.510412,""cooldownOverrideMinFlux"":0.029075,""cooldownOverrideMinBandRatio"":0.073801,""analyzeIntervalMs"":42}"
763,r017-0001-799b4018,17,-238,2,3,19,2,2,148,"{""relativeReattackFactor"":3.511361,""relativeReattackMinDelta"":0.011832,""relativeFluxFactor"":1.4,""spectralNoveltyRatio"":3.6816,""spectralNoveltyMinBins"":10,""cooldownFrames"":3,""confirmedRmsFactor"":1.392068,""confirmedRmsMinDelta"":0.004697,""confirmedFluxFactor"":1.740373,""confirmedMinFlux"":0.004019,""confirmedMinBandRatio"":0.006,""confirmedSpectralNoveltyMinBins"":5,""cooldownOverrideFactor"":1.8,""cooldownOverrideMinFlux"":0.03,""cooldownOverrideMinBandRatio"":0.09,""analyzeIntervalMs"":44}"
764,r009-0064-cfadf270,9,-238,2,5,9,3,0,136,"{""relativeReattackFactor"":3.285406,""relativeReattackMinDelta"":0.006691,""relativeFluxFactor"":1.496586,""spectralNoveltyRatio"":4.041128,""spectralNoveltyMinBins"":25,""cooldownFrames"":3,""confirmedRmsFactor"":1.558868,""confirmedRmsMinDelta"":0.008264,""confirmedFluxFactor"":2.106442,""confirmedMinFlux"":0.003355,""confirmedMinBandRatio"":0.015124,""confirmedSpectralNoveltyMinBins"":11,""cooldownOverrideFactor"":2.132904,""cooldownOverrideMinFlux"":0.028412,""cooldownOverrideMinBandRatio"":0.084774,""analyzeIntervalMs"":40}"
765,r013-0043-8e604388,13,-238,2,5,9,3,0,136,"{""relativeReattackFactor"":3.556506,""relativeReattackMinDelta"":0.007019,""relativeFluxFactor"":1.465925,""spectralNoveltyRatio"":4.02538,""spectralNoveltyMinBins"":25,""cooldownFrames"":3,""confirmedRmsFactor"":1.536048,""confirmedRmsMinDelta"":0.007779,""confirmedFluxFactor"":2.106954,""confirmedMinFlux"":0.004056,""confirmedMinBandRatio"":0.012885,""confirmedSpectralNoveltyMinBins"":12,""cooldownOverrideFactor"":2.163281,""cooldownOverrideMinFlux"":0.028831,""cooldownOverrideMinBandRatio"":0.081261,""analyzeIntervalMs"":40}"
766,r015-0003-dff41134,15,-238,2,5,9,3,0,136,"{""relativeReattackFactor"":3.471648,""relativeReattackMinDelta"":0.006729,""relativeFluxFactor"":1.468791,""spectralNoveltyRatio"":4.168852,""spectralNoveltyMinBins"":26,""cooldownFrames"":3,""confirmedRmsFactor"":1.554895,""confirmedRmsMinDelta"":0.007377,""confirmedFluxFactor"":2.13718,""confirmedMinFlux"":0.003549,""confirmedMinBandRatio"":0.013469,""confirmedSpectralNoveltyMinBins"":14,""cooldownOverrideFactor"":2.050346,""cooldownOverrideMinFlux"":0.029445,""cooldownOverrideMinBandRatio"":0.07951,""analyzeIntervalMs"":40}"
767,r004-0037-8e68d334,4,-238,4,7,7,5,0,130,"{""relativeReattackFactor"":4,""relativeReattackMinDelta"":0.015919,""relativeFluxFactor"":1.4,""spectralNoveltyRatio"":2.445877,""spectralNoveltyMinBins"":36,""cooldownFrames"":4,""confirmedRmsFactor"":1.223656,""confirmedRmsMinDelta"":0.002,""confirmedFluxFactor"":1.422558,""confirmedMinFlux"":0.016785,""confirmedMinBandRatio"":0.044829,""confirmedSpectralNoveltyMinBins"":21,""cooldownOverrideFactor"":4.006516,""cooldownOverrideMinFlux"":0.011838,""cooldownOverrideMinBandRatio"":0.075809,""analyzeIntervalMs"":47}"
768,r004-0075-62fd7a06,4,-238,4,7,7,5,0,132,"{""relativeReattackFactor"":4,""relativeReattackMinDelta"":0.015539,""relativeFluxFactor"":1.4,""spectralNoveltyRatio"":3.486739,""spectralNoveltyMinBins"":30,""cooldownFrames"":4,""confirmedRmsFactor"":1.706017,""confirmedRmsMinDelta"":0.002347,""confirmedFluxFactor"":1.623391,""confirmedMinFlux"":0.016713,""confirmedMinBandRatio"":0.023766,""confirmedSpectralNoveltyMinBins"":30,""cooldownOverrideFactor"":4.132867,""cooldownOverrideMinFlux"":0.004,""cooldownOverrideMinBandRatio"":0.062687,""analyzeIntervalMs"":47}"
769,r017-0014-6444ba82,17,-238,4,7,7,5,0,131,"{""relativeReattackFactor"":4,""relativeReattackMinDelta"":0.008779,""relativeFluxFactor"":1.4,""spectralNoveltyRatio"":3.156401,""spectralNoveltyMinBins"":32,""cooldownFrames"":4,""confirmedRmsFactor"":1.43397,""confirmedRmsMinDelta"":0.009978,""confirmedFluxFactor"":1.734418,""confirmedMinFlux"":0.005691,""confirmedMinBandRatio"":0.006,""confirmedSpectralNoveltyMinBins"":5,""cooldownOverrideFactor"":2.131965,""cooldownOverrideMinFlux"":0.03,""cooldownOverrideMinBandRatio"":0.077671,""analyzeIntervalMs"":47}"
770,r004-0068-6daf0cca,4,-239,1,4,19,2,0,149,"{""relativeReattackFactor"":2.55404,""relativeReattackMinDelta"":0.004,""relativeFluxFactor"":1.609925,""spectralNoveltyRatio"":4.9484,""spectralNoveltyMinBins"":18,""cooldownFrames"":3,""confirmedRmsFactor"":1.898194,""confirmedRmsMinDelta"":0.006089,""confirmedFluxFactor"":1.633415,""confirmedMinFlux"":0.004514,""confirmedMinBandRatio"":0.013115,""confirmedSpectralNoveltyMinBins"":8,""cooldownOverrideFactor"":2.011489,""cooldownOverrideMinFlux"":0.019987,""cooldownOverrideMinBandRatio"":0.08416,""analyzeIntervalMs"":40}"
771,r002-0038-b4bc0bbe,2,-240,1,6,9,3,0,131,"{""relativeReattackFactor"":3.588621,""relativeReattackMinDelta"":0.011127,""relativeFluxFactor"":1.430101,""spectralNoveltyRatio"":5.722756,""spectralNoveltyMinBins"":27,""cooldownFrames"":3,""confirmedRmsFactor"":1.678638,""confirmedRmsMinDelta"":0.002699,""confirmedFluxFactor"":1.451698,""confirmedMinFlux"":0.017025,""confirmedMinBandRatio"":0.037843,""confirmedSpectralNoveltyMinBins"":32,""cooldownOverrideFactor"":4.37671,""cooldownOverrideMinFlux"":0.004,""cooldownOverrideMinBandRatio"":0.024968,""analyzeIntervalMs"":28}"
772,r005-0026-625389e6,5,-242,1,4,15,2,1,143,"{""relativeReattackFactor"":3.181039,""relativeReattackMinDelta"":0.005163,""relativeFluxFactor"":1.470791,""spectralNoveltyRatio"":3.988861,""spectralNoveltyMinBins"":19,""cooldownFrames"":3,""confirmedRmsFactor"":1.591258,""confirmedRmsMinDelta"":0.009177,""confirmedFluxFactor"":2.264308,""confirmedMinFlux"":0.005191,""confirmedMinBandRatio"":0.01676,""confirmedSpectralNoveltyMinBins"":10,""cooldownOverrideFactor"":1.8,""cooldownOverrideMinFlux"":0.028049,""cooldownOverrideMinBandRatio"":0.081038,""analyzeIntervalMs"":42}"
773,r007-0050-aa355168,7,-242,1,4,15,2,1,143,"{""relativeReattackFactor"":3.23324,""relativeReattackMinDelta"":0.004995,""relativeFluxFactor"":1.469711,""spectralNoveltyRatio"":4.103778,""spectralNoveltyMinBins"":19,""cooldownFrames"":3,""confirmedRmsFactor"":1.589041,""confirmedRmsMinDelta"":0.007722,""confirmedFluxFactor"":2.092568,""confirmedMinFlux"":0.003305,""confirmedMinBandRatio"":0.014978,""confirmedSpectralNoveltyMinBins"":13,""cooldownOverrideFactor"":1.969437,""cooldownOverrideMinFlux"":0.028989,""cooldownOverrideMinBandRatio"":0.080908,""analyzeIntervalMs"":42}"
774,r003-0020-e7e4a036,3,-243,2,5,13,3,0,140,"{""relativeReattackFactor"":3.259774,""relativeReattackMinDelta"":0.016537,""relativeFluxFactor"":1.852737,""spectralNoveltyRatio"":2.086789,""spectralNoveltyMinBins"":21,""cooldownFrames"":4,""confirmedRmsFactor"":1.227382,""confirmedRmsMinDelta"":0.004479,""confirmedFluxFactor"":1.776045,""confirmedMinFlux"":0.011031,""confirmedMinBandRatio"":0.039388,""confirmedSpectralNoveltyMinBins"":19,""cooldownOverrideFactor"":4.338198,""cooldownOverrideMinFlux"":0.004,""cooldownOverrideMinBandRatio"":0.09,""analyzeIntervalMs"":37}"
775,r002-0013-867c2737,2,-246,2,1,33,0,5,166,"{""relativeReattackFactor"":3.258349,""relativeReattackMinDelta"":0.019481,""relativeFluxFactor"":1.4,""spectralNoveltyRatio"":3.085277,""spectralNoveltyMinBins"":18,""cooldownFrames"":4,""confirmedRmsFactor"":1.65856,""confirmedRmsMinDelta"":0.002289,""confirmedFluxFactor"":1.697055,""confirmedMinFlux"":0.018295,""confirmedMinBandRatio"":0.046402,""confirmedSpectralNoveltyMinBins"":32,""cooldownOverrideFactor"":3.123422,""cooldownOverrideMinFlux"":0.004396,""cooldownOverrideMinBandRatio"":0.037064,""analyzeIntervalMs"":31}"
776,r004-0039-d28d354b,4,-246,1,4,16,2,1,145,"{""relativeReattackFactor"":2.469311,""relativeReattackMinDelta"":0.013911,""relativeFluxFactor"":1.480442,""spectralNoveltyRatio"":2.524882,""spectralNoveltyMinBins"":27,""cooldownFrames"":4,""confirmedRmsFactor"":1.300297,""confirmedRmsMinDelta"":0.003004,""confirmedFluxFactor"":1.736179,""confirmedMinFlux"":0.011264,""confirmedMinBandRatio"":0.022804,""confirmedSpectralNoveltyMinBins"":19,""cooldownOverrideFactor"":3.755003,""cooldownOverrideMinFlux"":0.011364,""cooldownOverrideMinBandRatio"":0.085056,""analyzeIntervalMs"":42}"
777,r005-0005-d8680690,5,-246,2,3,22,2,2,153,"{""relativeReattackFactor"":2.770572,""relativeReattackMinDelta"":0.004211,""relativeFluxFactor"":1.4,""spectralNoveltyRatio"":4.631763,""spectralNoveltyMinBins"":13,""cooldownFrames"":3,""confirmedRmsFactor"":1.863449,""confirmedRmsMinDelta"":0.006615,""confirmedFluxFactor"":1.701914,""confirmedMinFlux"":0.005147,""confirmedMinBandRatio"":0.008983,""confirmedSpectralNoveltyMinBins"":6,""cooldownOverrideFactor"":1.8437,""cooldownOverrideMinFlux"":0.019584,""cooldownOverrideMinBandRatio"":0.085202,""analyzeIntervalMs"":42}"
778,r004-0030-27ebeb72,4,-247,2,5,7,3,0,132,"{""relativeReattackFactor"":3.644783,""relativeReattackMinDelta"":0.016611,""relativeFluxFactor"":1.607828,""spectralNoveltyRatio"":3.6444,""spectralNoveltyMinBins"":29,""cooldownFrames"":4,""confirmedRmsFactor"":1.797022,""confirmedRmsMinDelta"":0.002982,""confirmedFluxFactor"":1.842088,""confirmedMinFlux"":0.017204,""confirmedMinBandRatio"":0.025386,""confirmedSpectralNoveltyMinBins"":27,""cooldownOverrideFactor"":4.203602,""cooldownOverrideMinFlux"":0.004211,""cooldownOverrideMinBandRatio"":0.073056,""analyzeIntervalMs"":45}"
779,r009-0054-5992c16f,9,-247,2,5,13,3,0,140,"{""relativeReattackFactor"":3.234389,""relativeReattackMinDelta"":0.006182,""relativeFluxFactor"":1.51877,""spectralNoveltyRatio"":3.697624,""spectralNoveltyMinBins"":24,""cooldownFrames"":3,""confirmedRmsFactor"":1.515762,""confirmedRmsMinDelta"":0.008115,""confirmedFluxFactor"":2.074982,""confirmedMinFlux"":0.004083,""confirmedMinBandRatio"":0.01265,""confirmedSpectralNoveltyMinBins"":11,""cooldownOverrideFactor"":1.980763,""cooldownOverrideMinFlux"":0.028479,""cooldownOverrideMinBandRatio"":0.08866,""analyzeIntervalMs"":40}"
780,r010-0043-97a53aad,10,-247,2,5,13,3,0,140,"{""relativeReattackFactor"":3.458077,""relativeReattackMinDelta"":0.006148,""relativeFluxFactor"":1.503806,""spectralNoveltyRatio"":4.031285,""spectralNoveltyMinBins"":22,""cooldownFrames"":3,""confirmedRmsFactor"":1.541771,""confirmedRmsMinDelta"":0.007913,""confirmedFluxFactor"":2.120801,""confirmedMinFlux"":0.004422,""confirmedMinBandRatio"":0.015111,""confirmedSpectralNoveltyMinBins"":13,""cooldownOverrideFactor"":2.235428,""cooldownOverrideMinFlux"":0.028865,""cooldownOverrideMinBandRatio"":0.080382,""analyzeIntervalMs"":40}"
781,r006-0005-5141a7a9,6,-249,1,4,17,2,1,145,"{""relativeReattackFactor"":3.245141,""relativeReattackMinDelta"":0.005044,""relativeFluxFactor"":1.462434,""spectralNoveltyRatio"":3.423607,""spectralNoveltyMinBins"":19,""cooldownFrames"":3,""confirmedRmsFactor"":1.574978,""confirmedRmsMinDelta"":0.008524,""confirmedFluxFactor"":2.163601,""confirmedMinFlux"":0.006412,""confirmedMinBandRatio"":0.011261,""confirmedSpectralNoveltyMinBins"":9,""cooldownOverrideFactor"":1.926471,""cooldownOverrideMinFlux"":0.024739,""cooldownOverrideMinBandRatio"":0.087781,""analyzeIntervalMs"":42}"
782,r016-0077-2e08d660,16,-250,1,4,22,2,0,149,"{""relativeReattackFactor"":2.876938,""relativeReattackMinDelta"":0.010557,""relativeFluxFactor"":1.4,""spectralNoveltyRatio"":3.152776,""spectralNoveltyMinBins"":33,""cooldownFrames"":3,""confirmedRmsFactor"":1.557475,""confirmedRmsMinDelta"":0.010542,""confirmedFluxFactor"":2.079223,""confirmedMinFlux"":0.003,""confirmedMinBandRatio"":0.02404,""confirmedSpectralNoveltyMinBins"":12,""cooldownOverrideFactor"":1.8,""cooldownOverrideMinFlux"":0.019165,""cooldownOverrideMinBandRatio"":0.069813,""analyzeIntervalMs"":43}"
783,r003-0003-e662f3ce,3,-250,1,4,17,2,1,145,"{""relativeReattackFactor"":3.271356,""relativeReattackMinDelta"":0.006798,""relativeFluxFactor"":1.4,""spectralNoveltyRatio"":4.569197,""spectralNoveltyMinBins"":16,""cooldownFrames"":3,""confirmedRmsFactor"":1.663685,""confirmedRmsMinDelta"":0.009174,""confirmedFluxFactor"":1.747779,""confirmedMinFlux"":0.007679,""confirmedMinBandRatio"":0.011975,""confirmedSpectralNoveltyMinBins"":2,""cooldownOverrideFactor"":1.8,""cooldownOverrideMinFlux"":0.018702,""cooldownOverrideMinBandRatio"":0.087706,""analyzeIntervalMs"":42}"
784,r018-0034-793f947f,18,-250,1,4,17,2,1,145,"{""relativeReattackFactor"":3.482069,""relativeReattackMinDelta"":0.004,""relativeFluxFactor"":1.4,""spectralNoveltyRatio"":4.352262,""spectralNoveltyMinBins"":17,""cooldownFrames"":3,""confirmedRmsFactor"":1.418692,""confirmedRmsMinDelta"":0.008524,""confirmedFluxFactor"":2.135156,""confirmedMinFlux"":0.006002,""confirmedMinBandRatio"":0.009723,""confirmedSpectralNoveltyMinBins"":9,""cooldownOverrideFactor"":1.8,""cooldownOverrideMinFlux"":0.028041,""cooldownOverrideMinBandRatio"":0.088691,""analyzeIntervalMs"":42}"
785,r018-0016-f69eb5d6,18,-250,2,5,8,3,0,134,"{""relativeReattackFactor"":3.331699,""relativeReattackMinDelta"":0.004,""relativeFluxFactor"":1.673889,""spectralNoveltyRatio"":5.33573,""spectralNoveltyMinBins"":28,""cooldownFrames"":4,""confirmedRmsFactor"":1.826472,""confirmedRmsMinDelta"":0.005074,""confirmedFluxFactor"":1.879143,""confirmedMinFlux"":0.003,""confirmedMinBandRatio"":0.02029,""confirmedSpectralNoveltyMinBins"":18,""cooldownOverrideFactor"":3.357348,""cooldownOverrideMinFlux"":0.023401,""cooldownOverrideMinBandRatio"":0.062187,""analyzeIntervalMs"":45}"
786,r016-0053-d0359fb7,16,-251,1,5,15,3,0,142,"{""relativeReattackFactor"":2.888064,""relativeReattackMinDelta"":0.010322,""relativeFluxFactor"":1.4,""spectralNoveltyRatio"":2.720245,""spectralNoveltyMinBins"":32,""cooldownFrames"":3,""confirmedRmsFactor"":1.744842,""confirmedRmsMinDelta"":0.010003,""confirmedFluxFactor"":2.348444,""confirmedMinFlux"":0.006297,""confirmedMinBandRatio"":0.008848,""confirmedSpectralNoveltyMinBins"":18,""cooldownOverrideFactor"":1.8,""cooldownOverrideMinFlux"":0.022356,""cooldownOverrideMinBandRatio"":0.078839,""analyzeIntervalMs"":42}"
787,r007-0011-e3aa6b78,7,-252,2,5,14,3,0,143,"{""relativeReattackFactor"":2.945144,""relativeReattackMinDelta"":0.006649,""relativeFluxFactor"":1.494564,""spectralNoveltyRatio"":3.89847,""spectralNoveltyMinBins"":24,""cooldownFrames"":3,""confirmedRmsFactor"":1.778652,""confirmedRmsMinDelta"":0.008609,""confirmedFluxFactor"":2.139791,""confirmedMinFlux"":0.003,""confirmedMinBandRatio"":0.014683,""confirmedSpectralNoveltyMinBins"":11,""cooldownOverrideFactor"":1.855833,""cooldownOverrideMinFlux"":0.026059,""cooldownOverrideMinBandRatio"":0.079103,""analyzeIntervalMs"":40}"
788,r018-0048-78030493,18,-252,2,6,14,4,0,140,"{""relativeReattackFactor"":3.797415,""relativeReattackMinDelta"":0.004,""relativeFluxFactor"":1.766559,""spectralNoveltyRatio"":3.549167,""spectralNoveltyMinBins"":20,""cooldownFrames"":3,""confirmedRmsFactor"":1.478733,""confirmedRmsMinDelta"":0.005856,""confirmedFluxFactor"":2.4,""confirmedMinFlux"":0.003,""confirmedMinBandRatio"":0.009477,""confirmedSpectralNoveltyMinBins"":7,""cooldownOverrideFactor"":2.107526,""cooldownOverrideMinFlux"":0.024445,""cooldownOverrideMinBandRatio"":0.071888,""analyzeIntervalMs"":44}"
789,r002-0073-b16e6225,2,-253,1,4,18,2,1,146,"{""relativeReattackFactor"":3.167048,""relativeReattackMinDelta"":0.010951,""relativeFluxFactor"":1.4,""spectralNoveltyRatio"":4.67295,""spectralNoveltyMinBins"":16,""cooldownFrames"":3,""confirmedRmsFactor"":1.586684,""confirmedRmsMinDelta"":0.002,""confirmedFluxFactor"":1.269219,""confirmedMinFlux"":0.02,""confirmedMinBandRatio"":0.047092,""confirmedSpectralNoveltyMinBins"":22,""cooldownOverrideFactor"":4.010032,""cooldownOverrideMinFlux"":0.004,""cooldownOverrideMinBandRatio"":0.028992,""analyzeIntervalMs"":42}"
790,r004-0079-eb89c419,4,-253,2,3,24,2,2,153,"{""relativeReattackFactor"":2.585774,""relativeReattackMinDelta"":0.01582,""relativeFluxFactor"":1.4,""spectralNoveltyRatio"":2.186783,""spectralNoveltyMinBins"":30,""cooldownFrames"":4,""confirmedRmsFactor"":1.28002,""confirmedRmsMinDelta"":0.00294,""confirmedFluxFactor"":1.78105,""confirmedMinFlux"":0.012627,""confirmedMinBandRatio"":0.023625,""confirmedSpectralNoveltyMinBins"":21,""cooldownOverrideFactor"":4.413964,""cooldownOverrideMinFlux"":0.007282,""cooldownOverrideMinBandRatio"":0.077424,""analyzeIntervalMs"":38}"
791,r018-0009-c5a17ce3,18,-253,3,7,7,5,0,129,"{""relativeReattackFactor"":3.928055,""relativeReattackMinDelta"":0.009409,""relativeFluxFactor"":1.4,""spectralNoveltyRatio"":4.406711,""spectralNoveltyMinBins"":32,""cooldownFrames"":3,""confirmedRmsFactor"":1.378279,""confirmedRmsMinDelta"":0.008952,""confirmedFluxFactor"":2.200218,""confirmedMinFlux"":0.005014,""confirmedMinBandRatio"":0.018741,""confirmedSpectralNoveltyMinBins"":9,""cooldownOverrideFactor"":2.535847,""cooldownOverrideMinFlux"":0.03,""cooldownOverrideMinBandRatio"":0.068686,""analyzeIntervalMs"":42}"
792,r003-0077-62597600,3,-254,3,6,5,4,0,129,"{""relativeReattackFactor"":4,""relativeReattackMinDelta"":0.011114,""relativeFluxFactor"":1.638657,""spectralNoveltyRatio"":2.950936,""spectralNoveltyMinBins"":30,""cooldownFrames"":4,""confirmedRmsFactor"":1.861939,""confirmedRmsMinDelta"":0.002,""confirmedFluxFactor"":1.818879,""confirmedMinFlux"":0.017101,""confirmedMinBandRatio"":0.0321,""confirmedSpectralNoveltyMinBins"":27,""cooldownOverrideFactor"":4.573884,""cooldownOverrideMinFlux"":0.007428,""cooldownOverrideMinBandRatio"":0.071104,""analyzeIntervalMs"":46}"
793,r006-0051-280ea2ba,6,-254,3,6,8,4,0,134,"{""relativeReattackFactor"":3.141148,""relativeReattackMinDelta"":0.006172,""relativeFluxFactor"":1.439953,""spectralNoveltyRatio"":4.425894,""spectralNoveltyMinBins"":30,""cooldownFrames"":3,""confirmedRmsFactor"":1.712119,""confirmedRmsMinDelta"":0.008668,""confirmedFluxFactor"":2.177396,""confirmedMinFlux"":0.003742,""confirmedMinBandRatio"":0.010024,""confirmedSpectralNoveltyMinBins"":11,""cooldownOverrideFactor"":1.97278,""cooldownOverrideMinFlux"":0.02835,""cooldownOverrideMinBandRatio"":0.08123,""analyzeIntervalMs"":40}"
794,r018-0051-0e4dd941,18,-258,2,5,11,3,1,138,"{""relativeReattackFactor"":3.396127,""relativeReattackMinDelta"":0.004504,""relativeFluxFactor"":1.678433,""spectralNoveltyRatio"":4.62582,""spectralNoveltyMinBins"":15,""cooldownFrames"":4,""confirmedRmsFactor"":1.543509,""confirmedRmsMinDelta"":0.005958,""confirmedFluxFactor"":1.54857,""confirmedMinFlux"":0.004803,""confirmedMinBandRatio"":0.021571,""confirmedSpectralNoveltyMinBins"":12,""cooldownOverrideFactor"":2.940975,""cooldownOverrideMinFlux"":0.024336,""cooldownOverrideMinBandRatio"":0.064512,""analyzeIntervalMs"":42}"
795,r003-0067-b5cf5a81,3,-258,4,4,14,3,1,141,"{""relativeReattackFactor"":3.895312,""relativeReattackMinDelta"":0.017832,""relativeFluxFactor"":1.4,""spectralNoveltyRatio"":4.180051,""spectralNoveltyMinBins"":17,""cooldownFrames"":4,""confirmedRmsFactor"":1.615784,""confirmedRmsMinDelta"":0.002,""confirmedFluxFactor"":1.69201,""confirmedMinFlux"":0.02,""confirmedMinBandRatio"":0.020939,""confirmedSpectralNoveltyMinBins"":27,""cooldownOverrideFactor"":3.803907,""cooldownOverrideMinFlux"":0.004,""cooldownOverrideMinBandRatio"":0.07773,""analyzeIntervalMs"":48}"
796,r018-0022-e4949336,18,-259,1,5,16,3,0,143,"{""relativeReattackFactor"":3.873412,""relativeReattackMinDelta"":0.004,""relativeFluxFactor"":1.428781,""spectralNoveltyRatio"":4.162414,""spectralNoveltyMinBins"":18,""cooldownFrames"":3,""confirmedRmsFactor"":1.700386,""confirmedRmsMinDelta"":0.007478,""confirmedFluxFactor"":2.304538,""confirmedMinFlux"":0.005802,""confirmedMinBandRatio"":0.007512,""confirmedSpectralNoveltyMinBins"":11,""cooldownOverrideFactor"":2.02381,""cooldownOverrideMinFlux"":0.024853,""cooldownOverrideMinBandRatio"":0.09,""analyzeIntervalMs"":44}"
797,r017-0050-b0a457ec,17,-260,1,4,20,2,1,149,"{""relativeReattackFactor"":2.853399,""relativeReattackMinDelta"":0.004,""relativeFluxFactor"":1.4,""spectralNoveltyRatio"":4.415049,""spectralNoveltyMinBins"":19,""cooldownFrames"":3,""confirmedRmsFactor"":1.865679,""confirmedRmsMinDelta"":0.005045,""confirmedFluxFactor"":1.877239,""confirmedMinFlux"":0.003,""confirmedMinBandRatio"":0.006,""confirmedSpectralNoveltyMinBins"":22,""cooldownOverrideFactor"":2.488602,""cooldownOverrideMinFlux"":0.03,""cooldownOverrideMinBandRatio"":0.076954,""analyzeIntervalMs"":42}"
798,r004-0064-f3848da0,4,-260,2,3,26,2,2,155,"{""relativeReattackFactor"":2.464901,""relativeReattackMinDelta"":0.013128,""relativeFluxFactor"":1.4,""spectralNoveltyRatio"":2.56962,""spectralNoveltyMinBins"":24,""cooldownFrames"":4,""confirmedRmsFactor"":1.385517,""confirmedRmsMinDelta"":0.004024,""confirmedFluxFactor"":1.830284,""confirmedMinFlux"":0.012642,""confirmedMinBandRatio"":0.022267,""confirmedSpectralNoveltyMinBins"":22,""cooldownOverrideFactor"":4.088799,""cooldownOverrideMinFlux"":0.010886,""cooldownOverrideMinBandRatio"":0.09,""analyzeIntervalMs"":38}"
799,r018-0043-26b13215,18,-262,3,7,10,5,0,134,"{""relativeReattackFactor"":3.319652,""relativeReattackMinDelta"":0.005027,""relativeFluxFactor"":1.402923,""spectralNoveltyRatio"":4.624352,""spectralNoveltyMinBins"":33,""cooldownFrames"":3,""confirmedRmsFactor"":1.539756,""confirmedRmsMinDelta"":0.005507,""confirmedFluxFactor"":2.4,""confirmedMinFlux"":0.00579,""confirmedMinBandRatio"":0.02028,""confirmedSpectralNoveltyMinBins"":4,""cooldownOverrideFactor"":2.796393,""cooldownOverrideMinFlux"":0.028319,""cooldownOverrideMinBandRatio"":0.083995,""analyzeIntervalMs"":42}"
800,r003-0061-2655f2d5,3,-262,4,8,4,6,0,124,"{""relativeReattackFactor"":4,""relativeReattackMinDelta"":0.012613,""relativeFluxFactor"":1.4,""spectralNoveltyRatio"":2.224995,""spectralNoveltyMinBins"":43,""cooldownFrames"":4,""confirmedRmsFactor"":1.15,""confirmedRmsMinDelta"":0.002834,""confirmedFluxFactor"":1.357902,""confirmedMinFlux"":0.019351,""confirmedMinBandRatio"":0.048831,""confirmedSpectralNoveltyMinBins"":20,""cooldownOverrideFactor"":4.196791,""cooldownOverrideMinFlux"":0.010052,""cooldownOverrideMinBandRatio"":0.072741,""analyzeIntervalMs"":43}"
801,r016-0072-b7355859,16,-263,2,6,9,4,0,134,"{""relativeReattackFactor"":4,""relativeReattackMinDelta"":0.004,""relativeFluxFactor"":1.4,""spectralNoveltyRatio"":2.98498,""spectralNoveltyMinBins"":35,""cooldownFrames"":3,""confirmedRmsFactor"":1.697064,""confirmedRmsMinDelta"":0.007167,""confirmedFluxFactor"":1.818166,""confirmedMinFlux"":0.010223,""confirmedMinBandRatio"":0.006,""confirmedSpectralNoveltyMinBins"":11,""cooldownOverrideFactor"":3.203248,""cooldownOverrideMinFlux"":0.023746,""cooldownOverrideMinBandRatio"":0.09,""analyzeIntervalMs"":45}"
802,r003-0076-f486c631,3,-263,4,8,3,6,0,122,"{""relativeReattackFactor"":3.993806,""relativeReattackMinDelta"":0.016766,""relativeFluxFactor"":1.638508,""spectralNoveltyRatio"":2.321703,""spectralNoveltyMinBins"":40,""cooldownFrames"":4,""confirmedRmsFactor"":1.15,""confirmedRmsMinDelta"":0.003464,""confirmedFluxFactor"":1.413555,""confirmedMinFlux"":0.017913,""confirmedMinBandRatio"":0.037918,""confirmedSpectralNoveltyMinBins"":28,""cooldownOverrideFactor"":4.178785,""cooldownOverrideMinFlux"":0.013503,""cooldownOverrideMinBandRatio"":0.07504,""analyzeIntervalMs"":43}"
803,r018-0053-da5d9120,18,-264,2,3,27,2,2,156,"{""relativeReattackFactor"":3.891448,""relativeReattackMinDelta"":0.008012,""relativeFluxFactor"":1.4,""spectralNoveltyRatio"":3.805219,""spectralNoveltyMinBins"":20,""cooldownFrames"":3,""confirmedRmsFactor"":1.424979,""confirmedRmsMinDelta"":0.008073,""confirmedFluxFactor"":2.167559,""confirmedMinFlux"":0.003806,""confirmedMinBandRatio"":0.021325,""confirmedSpectralNoveltyMinBins"":4,""cooldownOverrideFactor"":2.523968,""cooldownOverrideMinFlux"":0.027394,""cooldownOverrideMinBandRatio"":0.082095,""analyzeIntervalMs"":38}"
804,r003-0065-577121d6,3,-264,2,3,20,2,3,149,"{""relativeReattackFactor"":2.648671,""relativeReattackMinDelta"":0.015185,""relativeFluxFactor"":1.4,""spectralNoveltyRatio"":2.397935,""spectralNoveltyMinBins"":17,""cooldownFrames"":4,""confirmedRmsFactor"":1.393502,""confirmedRmsMinDelta"":0.00558,""confirmedFluxFactor"":1.731328,""confirmedMinFlux"":0.013178,""confirmedMinBandRatio"":0.039636,""confirmedSpectralNoveltyMinBins"":21,""cooldownOverrideFactor"":4.950147,""cooldownOverrideMinFlux"":0.005247,""cooldownOverrideMinBandRatio"":0.083587,""analyzeIntervalMs"":44}"
805,r005-0021-33c9e870,5,-267,1,4,21,2,1,149,"{""relativeReattackFactor"":3.281083,""relativeReattackMinDelta"":0.004,""relativeFluxFactor"":1.4,""spectralNoveltyRatio"":3.894568,""spectralNoveltyMinBins"":22,""cooldownFrames"":3,""confirmedRmsFactor"":1.730627,""confirmedRmsMinDelta"":0.007549,""confirmedFluxFactor"":2.071941,""confirmedMinFlux"":0.003169,""confirmedMinBandRatio"":0.014753,""confirmedSpectralNoveltyMinBins"":11,""cooldownOverrideFactor"":1.8,""cooldownOverrideMinFlux"":0.027987,""cooldownOverrideMinBandRatio"":0.084482,""analyzeIntervalMs"":39}"
806,r011-0005-e014a5d1,11,-268,2,6,11,4,0,136,"{""relativeReattackFactor"":3.434535,""relativeReattackMinDelta"":0.005604,""relativeFluxFactor"":1.4,""spectralNoveltyRatio"":4.266844,""spectralNoveltyMinBins"":29,""cooldownFrames"":3,""confirmedRmsFactor"":1.499736,""confirmedRmsMinDelta"":0.007187,""confirmedFluxFactor"":2.091916,""confirmedMinFlux"":0.003174,""confirmedMinBandRatio"":0.018897,""confirmedSpectralNoveltyMinBins"":13,""cooldownOverrideFactor"":2.280657,""cooldownOverrideMinFlux"":0.027352,""cooldownOverrideMinBandRatio"":0.078983,""analyzeIntervalMs"":42}"
807,r013-0046-b17d452a,13,-268,2,6,11,4,0,136,"{""relativeReattackFactor"":3.537698,""relativeReattackMinDelta"":0.004437,""relativeFluxFactor"":1.4,""spectralNoveltyRatio"":4.327597,""spectralNoveltyMinBins"":29,""cooldownFrames"":3,""confirmedRmsFactor"":1.598925,""confirmedRmsMinDelta"":0.007982,""confirmedFluxFactor"":2.176329,""confirmedMinFlux"":0.004397,""confirmedMinBandRatio"":0.012164,""confirmedSpectralNoveltyMinBins"":12,""cooldownOverrideFactor"":2.325149,""cooldownOverrideMinFlux"":0.028859,""cooldownOverrideMinBandRatio"":0.07821,""analyzeIntervalMs"":42}"
808,r013-0076-7cd2d241,13,-268,2,6,11,4,0,136,"{""relativeReattackFactor"":3.516536,""relativeReattackMinDelta"":0.005664,""relativeFluxFactor"":1.4,""spectralNoveltyRatio"":4.222194,""spectralNoveltyMinBins"":29,""cooldownFrames"":3,""confirmedRmsFactor"":1.636637,""confirmedRmsMinDelta"":0.008227,""confirmedFluxFactor"":2.109638,""confirmedMinFlux"":0.003592,""confirmedMinBandRatio"":0.011221,""confirmedSpectralNoveltyMinBins"":11,""cooldownOverrideFactor"":2.303182,""cooldownOverrideMinFlux"":0.028781,""cooldownOverrideMinBandRatio"":0.0799,""analyzeIntervalMs"":42}"
809,r014-0004-6dfd1405,14,-268,2,6,11,4,0,136,"{""relativeReattackFactor"":3.52278,""relativeReattackMinDelta"":0.005368,""relativeFluxFactor"":1.4,""spectralNoveltyRatio"":4.222451,""spectralNoveltyMinBins"":29,""cooldownFrames"":3,""confirmedRmsFactor"":1.550685,""confirmedRmsMinDelta"":0.008155,""confirmedFluxFactor"":2.120768,""confirmedMinFlux"":0.005401,""confirmedMinBandRatio"":0.010994,""confirmedSpectralNoveltyMinBins"":13,""cooldownOverrideFactor"":2.207258,""cooldownOverrideMinFlux"":0.029473,""cooldownOverrideMinBandRatio"":0.07786,""analyzeIntervalMs"":42}"
810,r018-0032-c4bfa311,18,-269,2,4,13,3,0,141,"{""relativeReattackFactor"":3.278106,""relativeReattackMinDelta"":0.004,""relativeFluxFactor"":1.662874,""spectralNoveltyRatio"":4.636063,""spectralNoveltyMinBins"":26,""cooldownFrames"":3,""confirmedRmsFactor"":1.438049,""confirmedRmsMinDelta"":0.008905,""confirmedFluxFactor"":2.177446,""confirmedMinFlux"":0.006245,""confirmedMinBandRatio"":0.011028,""confirmedSpectralNoveltyMinBins"":13,""cooldownOverrideFactor"":1.988701,""cooldownOverrideMinFlux"":0.025111,""cooldownOverrideMinBandRatio"":0.079119,""analyzeIntervalMs"":45}"
811,r010-0001-09b05c15,10,-269,2,6,12,4,0,137,"{""relativeReattackFactor"":3.315225,""relativeReattackMinDelta"":0.005131,""relativeFluxFactor"":1.505305,""spectralNoveltyRatio"":4.289679,""spectralNoveltyMinBins"":28,""cooldownFrames"":3,""confirmedRmsFactor"":1.500379,""confirmedRmsMinDelta"":0.007492,""confirmedFluxFactor"":2.057019,""confirmedMinFlux"":0.00494,""confirmedMinBandRatio"":0.013715,""confirmedSpectralNoveltyMinBins"":11,""cooldownOverrideFactor"":2.206887,""cooldownOverrideMinFlux"":0.028505,""cooldownOverrideMinBandRatio"":0.079432,""analyzeIntervalMs"":42}"
812,r011-0064-d17be0f9,11,-269,2,6,12,4,0,138,"{""relativeReattackFactor"":3.380798,""relativeReattackMinDelta"":0.005756,""relativeFluxFactor"":1.445431,""spectralNoveltyRatio"":4.206874,""spectralNoveltyMinBins"":28,""cooldownFrames"":3,""confirmedRmsFactor"":1.584575,""confirmedRmsMinDelta"":0.008028,""confirmedFluxFactor"":2.045676,""confirmedMinFlux"":0.003831,""confirmedMinBandRatio"":0.013071,""confirmedSpectralNoveltyMinBins"":14,""cooldownOverrideFactor"":1.994653,""cooldownOverrideMinFlux"":0.028314,""cooldownOverrideMinBandRatio"":0.079653,""analyzeIntervalMs"":42}"
813,r012-0017-d7efd4fa,12,-269,2,6,12,4,0,138,"{""relativeReattackFactor"":3.6146,""relativeReattackMinDelta"":0.00499,""relativeFluxFactor"":1.4,""spectralNoveltyRatio"":4.198035,""spectralNoveltyMinBins"":28,""cooldownFrames"":3,""confirmedRmsFactor"":1.571519,""confirmedRmsMinDelta"":0.007318,""confirmedFluxFactor"":2.213781,""confirmedMinFlux"":0.00529,""confirmedMinBandRatio"":0.017124,""confirmedSpectralNoveltyMinBins"":9,""cooldownOverrideFactor"":2.29194,""cooldownOverrideMinFlux"":0.027409,""cooldownOverrideMinBandRatio"":0.076123,""analyzeIntervalMs"":42}"
814,r012-0019-0d528921,12,-269,2,6,12,4,0,138,"{""relativeReattackFactor"":3.5809,""relativeReattackMinDelta"":0.004341,""relativeFluxFactor"":1.489761,""spectralNoveltyRatio"":3.981046,""spectralNoveltyMinBins"":28,""cooldownFrames"":3,""confirmedRmsFactor"":1.534505,""confirmedRmsMinDelta"":0.008351,""confirmedFluxFactor"":2.163107,""confirmedMinFlux"":0.004742,""confirmedMinBandRatio"":0.011624,""confirmedSpectralNoveltyMinBins"":14,""cooldownOverrideFactor"":2.253028,""cooldownOverrideMinFlux"":0.029542,""cooldownOverrideMinBandRatio"":0.079471,""analyzeIntervalMs"":42}"
815,r012-0028-c6a008bc,12,-269,2,6,12,4,0,137,"{""relativeReattackFactor"":3.493407,""relativeReattackMinDelta"":0.007023,""relativeFluxFactor"":1.506782,""spectralNoveltyRatio"":4.117982,""spectralNoveltyMinBins"":28,""cooldownFrames"":3,""confirmedRmsFactor"":1.552395,""confirmedRmsMinDelta"":0.007481,""confirmedFluxFactor"":2.148116,""confirmedMinFlux"":0.003938,""confirmedMinBandRatio"":0.01218,""confirmedSpectralNoveltyMinBins"":13,""cooldownOverrideFactor"":1.983958,""cooldownOverrideMinFlux"":0.028994,""cooldownOverrideMinBandRatio"":0.081617,""analyzeIntervalMs"":42}"
816,r012-0029-ba493189,12,-269,2,6,12,4,0,138,"{""relativeReattackFactor"":3.636844,""relativeReattackMinDelta"":0.0054,""relativeFluxFactor"":1.4,""spectralNoveltyRatio"":4.118742,""spectralNoveltyMinBins"":28,""cooldownFrames"":3,""confirmedRmsFactor"":1.592831,""confirmedRmsMinDelta"":0.008236,""confirmedFluxFactor"":2.169556,""confirmedMinFlux"":0.004229,""confirmedMinBandRatio"":0.012512,""confirmedSpectralNoveltyMinBins"":13,""cooldownOverrideFactor"":2.224423,""cooldownOverrideMinFlux"":0.029576,""cooldownOverrideMinBandRatio"":0.080083,""analyzeIntervalMs"":42}"
817,r013-0007-0d887ee5,13,-269,2,6,12,4,0,138,"{""relativeReattackFactor"":3.641544,""relativeReattackMinDelta"":0.004565,""relativeFluxFactor"":1.421165,""spectralNoveltyRatio"":4.183205,""spectralNoveltyMinBins"":28,""cooldownFrames"":3,""confirmedRmsFactor"":1.535647,""confirmedRmsMinDelta"":0.006964,""confirmedFluxFactor"":2.282613,""confirmedMinFlux"":0.005366,""confirmedMinBandRatio"":0.015519,""confirmedSpectralNoveltyMinBins"":10,""cooldownOverrideFactor"":2.374391,""cooldownOverrideMinFlux"":0.028793,""cooldownOverrideMinBandRatio"":0.072221,""analyzeIntervalMs"":42}"
818,r013-0014-8b4674d2,13,-269,2,6,12,4,0,137,"{""relativeReattackFactor"":3.500833,""relativeReattackMinDelta"":0.0054,""relativeFluxFactor"":1.479773,""spectralNoveltyRatio"":4.036458,""spectralNoveltyMinBins"":28,""cooldownFrames"":3,""confirmedRmsFactor"":1.605661,""confirmedRmsMinDelta"":0.007681,""confirmedFluxFactor"":2.085564,""confirmedMinFlux"":0.004589,""confirmedMinBandRatio"":0.012186,""confirmedSpectralNoveltyMinBins"":13,""cooldownOverrideFactor"":2.235289,""cooldownOverrideMinFlux"":0.02853,""cooldownOverrideMinBandRatio"":0.08204,""analyzeIntervalMs"":42}"
819,r013-0015-eda6f337,13,-269,2,6,12,4,0,137,"{""relativeReattackFactor"":3.462311,""relativeReattackMinDelta"":0.005285,""relativeFluxFactor"":1.427212,""spectralNoveltyRatio"":4.080149,""spectralNoveltyMinBins"":29,""cooldownFrames"":3,""confirmedRmsFactor"":1.660331,""confirmedRmsMinDelta"":0.007365,""confirmedFluxFactor"":2.130158,""confirmedMinFlux"":0.003783,""confirmedMinBandRatio"":0.014699,""confirmedSpectralNoveltyMinBins"":11,""cooldownOverrideFactor"":2.233985,""cooldownOverrideMinFlux"":0.029678,""cooldownOverrideMinBandRatio"":0.080807,""analyzeIntervalMs"":42}"
820,r013-0031-1a3e80b3,13,-269,2,6,12,4,0,137,"{""relativeReattackFactor"":3.502426,""relativeReattackMinDelta"":0.004834,""relativeFluxFactor"":1.4,""spectralNoveltyRatio"":3.98064,""spectralNoveltyMinBins"":29,""cooldownFrames"":3,""confirmedRmsFactor"":1.660335,""confirmedRmsMinDelta"":0.007923,""confirmedFluxFactor"":2.146566,""confirmedMinFlux"":0.003247,""confirmedMinBandRatio"":0.012723,""confirmedSpectralNoveltyMinBins"":12,""cooldownOverrideFactor"":2.265322,""cooldownOverrideMinFlux"":0.029609,""cooldownOverrideMinBandRatio"":0.076926,""analyzeIntervalMs"":42}"
821,r013-0055-341d6409,13,-269,2,6,12,4,0,137,"{""relativeReattackFactor"":3.472672,""relativeReattackMinDelta"":0.004,""relativeFluxFactor"":1.4,""spectralNoveltyRatio"":4.102729,""spectralNoveltyMinBins"":29,""cooldownFrames"":3,""confirmedRmsFactor"":1.658808,""confirmedRmsMinDelta"":0.007374,""confirmedFluxFactor"":2.042165,""confirmedMinFlux"":0.004676,""confirmedMinBandRatio"":0.012998,""confirmedSpectralNoveltyMinBins"":13,""cooldownOverrideFactor"":2.170697,""cooldownOverrideMinFlux"":0.029178,""cooldownOverrideMinBandRatio"":0.078634,""analyzeIntervalMs"":42}"
822,r013-0056-75fb07e3,13,-269,2,6,12,4,0,138,"{""relativeReattackFactor"":3.436199,""relativeReattackMinDelta"":0.004834,""relativeFluxFactor"":1.428156,""spectralNoveltyRatio"":4.156909,""spectralNoveltyMinBins"":28,""cooldownFrames"":3,""confirmedRmsFactor"":1.57652,""confirmedRmsMinDelta"":0.007726,""confirmedFluxFactor"":2.127224,""confirmedMinFlux"":0.003373,""confirmedMinBandRatio"":0.013109,""confirmedSpectralNoveltyMinBins"":12,""cooldownOverrideFactor"":2.163682,""cooldownOverrideMinFlux"":0.028482,""cooldownOverrideMinBandRatio"":0.07733,""analyzeIntervalMs"":42}"
823,r014-0006-048a677f,14,-269,2,6,12,4,0,137,"{""relativeReattackFactor"":3.5427,""relativeReattackMinDelta"":0.005337,""relativeFluxFactor"":1.4,""spectralNoveltyRatio"":4.178246,""spectralNoveltyMinBins"":29,""cooldownFrames"":3,""confirmedRmsFactor"":1.649864,""confirmedRmsMinDelta"":0.007707,""confirmedFluxFactor"":2.138706,""confirmedMinFlux"":0.004402,""confirmedMinBandRatio"":0.013216,""confirmedSpectralNoveltyMinBins"":13,""cooldownOverrideFactor"":2.11449,""cooldownOverrideMinFlux"":0.029496,""cooldownOverrideMinBandRatio"":0.078437,""analyzeIntervalMs"":42}"
824,r014-0009-97789feb,14,-269,2,6,12,4,0,137,"{""relativeReattackFactor"":3.502766,""relativeReattackMinDelta"":0.005636,""relativeFluxFactor"":1.4,""spectralNoveltyRatio"":4.074485,""spectralNoveltyMinBins"":29,""cooldownFrames"":3,""confirmedRmsFactor"":1.580195,""confirmedRmsMinDelta"":0.00824,""confirmedFluxFactor"":2.078041,""confirmedMinFlux"":0.00435,""confirmedMinBandRatio"":0.013874,""confirmedSpectralNoveltyMinBins"":14,""cooldownOverrideFactor"":2.257428,""cooldownOverrideMinFlux"":0.028459,""cooldownOverrideMinBandRatio"":0.080417,""analyzeIntervalMs"":42}"
825,r014-0016-a0662248,14,-269,2,6,12,4,0,137,"{""relativeReattackFactor"":3.481367,""relativeReattackMinDelta"":0.005127,""relativeFluxFactor"":1.401377,""spectralNoveltyRatio"":4.117303,""spectralNoveltyMinBins"":29,""cooldownFrames"":3,""confirmedRmsFactor"":1.592919,""confirmedRmsMinDelta"":0.008136,""confirmedFluxFactor"":2.14123,""confirmedMinFlux"":0.003347,""confirmedMinBandRatio"":0.014268,""confirmedSpectralNoveltyMinBins"":12,""cooldownOverrideFactor"":2.19403,""cooldownOverrideMinFlux"":0.028044,""cooldownOverrideMinBandRatio"":0.077767,""analyzeIntervalMs"":42}"
826,r014-0021-4e0469e3,14,-269,2,6,12,4,0,137,"{""relativeReattackFactor"":3.618603,""relativeReattackMinDelta"":0.005222,""relativeFluxFactor"":1.4,""spectralNoveltyRatio"":3.982595,""spectralNoveltyMinBins"":29,""cooldownFrames"":3,""confirmedRmsFactor"":1.650687,""confirmedRmsMinDelta"":0.007806,""confirmedFluxFactor"":2.106242,""confirmedMinFlux"":0.003454,""confirmedMinBandRatio"":0.011931,""confirmedSpectralNoveltyMinBins"":11,""cooldownOverrideFactor"":2.257072,""cooldownOverrideMinFlux"":0.029222,""cooldownOverrideMinBandRatio"":0.078589,""analyzeIntervalMs"":42}"
827,r014-0055-a3838b00,14,-269,2,6,12,4,0,138,"{""relativeReattackFactor"":3.534302,""relativeReattackMinDelta"":0.004,""relativeFluxFactor"":1.538656,""spectralNoveltyRatio"":4.033175,""spectralNoveltyMinBins"":28,""cooldownFrames"":3,""confirmedRmsFactor"":1.608366,""confirmedRmsMinDelta"":0.007495,""confirmedFluxFactor"":2.057326,""confirmedMinFlux"":0.00424,""confirmedMinBandRatio"":0.014679,""confirmedSpectralNoveltyMinBins"":11,""cooldownOverrideFactor"":2.204042,""cooldownOverrideMinFlux"":0.03,""cooldownOverrideMinBandRatio"":0.08118,""analyzeIntervalMs"":42}"
828,r014-0066-66d42c7c,14,-269,2,6,12,4,0,138,"{""relativeReattackFactor"":3.508389,""relativeReattackMinDelta"":0.005238,""relativeFluxFactor"":1.4,""spectralNoveltyRatio"":4.190669,""spectralNoveltyMinBins"":28,""cooldownFrames"":3,""confirmedRmsFactor"":1.600335,""confirmedRmsMinDelta"":0.007828,""confirmedFluxFactor"":2.150821,""confirmedMinFlux"":0.004489,""confirmedMinBandRatio"":0.01369,""confirmedSpectralNoveltyMinBins"":13,""cooldownOverrideFactor"":2.135277,""cooldownOverrideMinFlux"":0.02908,""cooldownOverrideMinBandRatio"":0.07727,""analyzeIntervalMs"":42}"
829,r015-0024-9b61cd29,15,-269,2,6,12,4,0,138,"{""relativeReattackFactor"":3.602435,""relativeReattackMinDelta"":0.00492,""relativeFluxFactor"":1.4,""spectralNoveltyRatio"":4.200488,""spectralNoveltyMinBins"":28,""cooldownFrames"":3,""confirmedRmsFactor"":1.607743,""confirmedRmsMinDelta"":0.008354,""confirmedFluxFactor"":2.147236,""confirmedMinFlux"":0.005181,""confirmedMinBandRatio"":0.013732,""confirmedSpectralNoveltyMinBins"":12,""cooldownOverrideFactor"":2.167391,""cooldownOverrideMinFlux"":0.028576,""cooldownOverrideMinBandRatio"":0.079207,""analyzeIntervalMs"":42}"
830,r015-0050-318cc6b0,15,-269,2,6,12,4,0,138,"{""relativeReattackFactor"":3.421647,""relativeReattackMinDelta"":0.004,""relativeFluxFactor"":1.4,""spectralNoveltyRatio"":4.069023,""spectralNoveltyMinBins"":28,""cooldownFrames"":3,""confirmedRmsFactor"":1.59154,""confirmedRmsMinDelta"":0.007597,""confirmedFluxFactor"":2.070912,""confirmedMinFlux"":0.004725,""confirmedMinBandRatio"":0.013289,""confirmedSpectralNoveltyMinBins"":11,""cooldownOverrideFactor"":2.268057,""cooldownOverrideMinFlux"":0.03,""cooldownOverrideMinBandRatio"":0.078275,""analyzeIntervalMs"":42}"
831,r016-0011-a825a2e8,16,-273,2,4,16,3,0,145,"{""relativeReattackFactor"":3.904155,""relativeReattackMinDelta"":0.004,""relativeFluxFactor"":1.4,""spectralNoveltyRatio"":4.176784,""spectralNoveltyMinBins"":13,""cooldownFrames"":3,""confirmedRmsFactor"":1.592565,""confirmedRmsMinDelta"":0.006499,""confirmedFluxFactor"":2.104027,""confirmedMinFlux"":0.004156,""confirmedMinBandRatio"":0.01409,""confirmedSpectralNoveltyMinBins"":2,""cooldownOverrideFactor"":2.449309,""cooldownOverrideMinFlux"":0.03,""cooldownOverrideMinBandRatio"":0.066727,""analyzeIntervalMs"":47}"
832,r003-0016-f57c9a33,3,-273,3,7,7,5,0,129,"{""relativeReattackFactor"":3.435397,""relativeReattackMinDelta"":0.011103,""relativeFluxFactor"":1.4,""spectralNoveltyRatio"":2.715444,""spectralNoveltyMinBins"":39,""cooldownFrames"":4,""confirmedRmsFactor"":1.331682,""confirmedRmsMinDelta"":0.002,""confirmedFluxFactor"":1.37943,""confirmedMinFlux"":0.016647,""confirmedMinBandRatio"":0.049052,""confirmedSpectralNoveltyMinBins"":22,""cooldownOverrideFactor"":3.571613,""cooldownOverrideMinFlux"":0.014176,""cooldownOverrideMinBandRatio"":0.068961,""analyzeIntervalMs"":45}"
833,r005-0048-5425e9b3,5,-273,3,7,7,5,0,129,"{""relativeReattackFactor"":3.803363,""relativeReattackMinDelta"":0.013673,""relativeFluxFactor"":1.4,""spectralNoveltyRatio"":2.752737,""spectralNoveltyMinBins"":38,""cooldownFrames"":4,""confirmedRmsFactor"":1.207159,""confirmedRmsMinDelta"":0.002,""confirmedFluxFactor"":1.378757,""confirmedMinFlux"":0.017196,""confirmedMinBandRatio"":0.040425,""confirmedSpectralNoveltyMinBins"":22,""cooldownOverrideFactor"":3.911728,""cooldownOverrideMinFlux"":0.0148,""cooldownOverrideMinBandRatio"":0.073386,""analyzeIntervalMs"":45}"
834,r007-0037-46946367,7,-274,2,6,13,4,0,139,"{""relativeReattackFactor"":2.956144,""relativeReattackMinDelta"":0.006188,""relativeFluxFactor"":1.4,""spectralNoveltyRatio"":4.254699,""spectralNoveltyMinBins"":29,""cooldownFrames"":3,""confirmedRmsFactor"":1.77379,""confirmedRmsMinDelta"":0.008032,""confirmedFluxFactor"":2.210785,""confirmedMinFlux"":0.004544,""confirmedMinBandRatio"":0.01445,""confirmedSpectralNoveltyMinBins"":9,""cooldownOverrideFactor"":1.8,""cooldownOverrideMinFlux"":0.029528,""cooldownOverrideMinBandRatio"":0.084808,""analyzeIntervalMs"":42}"
835,r009-0070-0c3d45cd,9,-274,2,6,13,4,0,139,"{""relativeReattackFactor"":3.005478,""relativeReattackMinDelta"":0.00555,""relativeFluxFactor"":1.4,""spectralNoveltyRatio"":4.21774,""spectralNoveltyMinBins"":29,""cooldownFrames"":3,""confirmedRmsFactor"":1.701959,""confirmedRmsMinDelta"":0.008825,""confirmedFluxFactor"":2.160368,""confirmedMinFlux"":0.003277,""confirmedMinBandRatio"":0.011428,""confirmedSpectralNoveltyMinBins"":10,""cooldownOverrideFactor"":1.80273,""cooldownOverrideMinFlux"":0.029362,""cooldownOverrideMinBandRatio"":0.082195,""analyzeIntervalMs"":42}"
836,r006-0036-2e316d28,6,-275,2,6,14,4,0,140,"{""relativeReattackFactor"":3.053591,""relativeReattackMinDelta"":0.004474,""relativeFluxFactor"":1.4,""spectralNoveltyRatio"":4.073783,""spectralNoveltyMinBins"":29,""cooldownFrames"":3,""confirmedRmsFactor"":1.801827,""confirmedRmsMinDelta"":0.008082,""confirmedFluxFactor"":2.214234,""confirmedMinFlux"":0.003,""confirmedMinBandRatio"":0.011256,""confirmedSpectralNoveltyMinBins"":9,""cooldownOverrideFactor"":1.948809,""cooldownOverrideMinFlux"":0.027318,""cooldownOverrideMinBandRatio"":0.079244,""analyzeIntervalMs"":42}"
837,r008-0077-d54a787f,8,-275,2,6,14,4,0,140,"{""relativeReattackFactor"":3.01007,""relativeReattackMinDelta"":0.00435,""relativeFluxFactor"":1.586479,""spectralNoveltyRatio"":3.571625,""spectralNoveltyMinBins"":30,""cooldownFrames"":3,""confirmedRmsFactor"":1.683308,""confirmedRmsMinDelta"":0.007738,""confirmedFluxFactor"":2.146322,""confirmedMinFlux"":0.00307,""confirmedMinBandRatio"":0.011101,""confirmedSpectralNoveltyMinBins"":9,""cooldownOverrideFactor"":1.964149,""cooldownOverrideMinFlux"":0.03,""cooldownOverrideMinBandRatio"":0.086474,""analyzeIntervalMs"":42}"
838,r009-0073-3d15f8e3,9,-275,2,6,14,4,0,139,"{""relativeReattackFactor"":3.157024,""relativeReattackMinDelta"":0.006009,""relativeFluxFactor"":1.431575,""spectralNoveltyRatio"":3.916782,""spectralNoveltyMinBins"":30,""cooldownFrames"":3,""confirmedRmsFactor"":1.70827,""confirmedRmsMinDelta"":0.007703,""confirmedFluxFactor"":2.058427,""confirmedMinFlux"":0.003,""confirmedMinBandRatio"":0.009352,""confirmedSpectralNoveltyMinBins"":11,""cooldownOverrideFactor"":1.8,""cooldownOverrideMinFlux"":0.029901,""cooldownOverrideMinBandRatio"":0.083797,""analyzeIntervalMs"":42}"
839,r017-0037-5f6a8ff7,17,-277,2,3,24,2,3,154,"{""relativeReattackFactor"":2.681442,""relativeReattackMinDelta"":0.009989,""relativeFluxFactor"":1.4,""spectralNoveltyRatio"":2.870828,""spectralNoveltyMinBins"":16,""cooldownFrames"":3,""confirmedRmsFactor"":1.273717,""confirmedRmsMinDelta"":0.009346,""confirmedFluxFactor"":2.07521,""confirmedMinFlux"":0.010391,""confirmedMinBandRatio"":0.007099,""confirmedSpectralNoveltyMinBins"":10,""cooldownOverrideFactor"":2.850898,""cooldownOverrideMinFlux"":0.027405,""cooldownOverrideMinBandRatio"":0.067693,""analyzeIntervalMs"":47}"
840,r018-0001-2c523a66,18,-278,1,5,12,3,0,137,"{""relativeReattackFactor"":3.384317,""relativeReattackMinDelta"":0.005013,""relativeFluxFactor"":1.4,""spectralNoveltyRatio"":4.380675,""spectralNoveltyMinBins"":30,""cooldownFrames"":4,""confirmedRmsFactor"":1.553849,""confirmedRmsMinDelta"":0.006808,""confirmedFluxFactor"":1.848997,""confirmedMinFlux"":0.003,""confirmedMinBandRatio"":0.024976,""confirmedSpectralNoveltyMinBins"":13,""cooldownOverrideFactor"":2.714733,""cooldownOverrideMinFlux"":0.029233,""cooldownOverrideMinBandRatio"":0.061054,""analyzeIntervalMs"":43}"
841,r003-0056-fce2a14c,3,-278,3,8,5,5,0,124,"{""relativeReattackFactor"":4,""relativeReattackMinDelta"":0.013573,""relativeFluxFactor"":1.4,""spectralNoveltyRatio"":3.135384,""spectralNoveltyMinBins"":40,""cooldownFrames"":4,""confirmedRmsFactor"":1.322461,""confirmedRmsMinDelta"":0.002,""confirmedFluxFactor"":1.336874,""confirmedMinFlux"":0.017514,""confirmedMinBandRatio"":0.043655,""confirmedSpectralNoveltyMinBins"":20,""cooldownOverrideFactor"":4.556086,""cooldownOverrideMinFlux"":0.009727,""cooldownOverrideMinBandRatio"":0.070055,""analyzeIntervalMs"":47}"
842,r004-0012-c748d132,4,-278,3,8,5,5,0,124,"{""relativeReattackFactor"":4,""relativeReattackMinDelta"":0.016564,""relativeFluxFactor"":1.4,""spectralNoveltyRatio"":2.670256,""spectralNoveltyMinBins"":45,""cooldownFrames"":4,""confirmedRmsFactor"":1.203836,""confirmedRmsMinDelta"":0.002982,""confirmedFluxFactor"":1.251498,""confirmedMinFlux"":0.01631,""confirmedMinBandRatio"":0.044671,""confirmedSpectralNoveltyMinBins"":22,""cooldownOverrideFactor"":4.129586,""cooldownOverrideMinFlux"":0.011561,""cooldownOverrideMinBandRatio"":0.071111,""analyzeIntervalMs"":47}"
843,r004-0047-c5d363ab,4,-278,3,8,5,5,0,124,"{""relativeReattackFactor"":3.64139,""relativeReattackMinDelta"":0.015833,""relativeFluxFactor"":1.43704,""spectralNoveltyRatio"":3.161763,""spectralNoveltyMinBins"":39,""cooldownFrames"":4,""confirmedRmsFactor"":1.270329,""confirmedRmsMinDelta"":0.002,""confirmedFluxFactor"":1.333438,""confirmedMinFlux"":0.019629,""confirmedMinBandRatio"":0.045372,""confirmedSpectralNoveltyMinBins"":26,""cooldownOverrideFactor"":3.965176,""cooldownOverrideMinFlux"":0.015325,""cooldownOverrideMinBandRatio"":0.079619,""analyzeIntervalMs"":47}"
844,r018-0077-4149f133,18,-280,3,7,10,5,0,132,"{""relativeReattackFactor"":3.940697,""relativeReattackMinDelta"":0.007022,""relativeFluxFactor"":1.641506,""spectralNoveltyRatio"":4.206808,""spectralNoveltyMinBins"":30,""cooldownFrames"":3,""confirmedRmsFactor"":1.551977,""confirmedRmsMinDelta"":0.008434,""confirmedFluxFactor"":2.352404,""confirmedMinFlux"":0.005985,""confirmedMinBandRatio"":0.006,""confirmedSpectralNoveltyMinBins"":10,""cooldownOverrideFactor"":2.275831,""cooldownOverrideMinFlux"":0.03,""cooldownOverrideMinBandRatio"":0.083823,""analyzeIntervalMs"":37}"
845,r016-0058-3f24417e,16,-282,2,4,16,3,0,145,"{""relativeReattackFactor"":4,""relativeReattackMinDelta"":0.009367,""relativeFluxFactor"":1.440333,""spectralNoveltyRatio"":5.168165,""spectralNoveltyMinBins"":11,""cooldownFrames"":3,""confirmedRmsFactor"":1.500902,""confirmedRmsMinDelta"":0.010748,""confirmedFluxFactor"":1.765709,""confirmedMinFlux"":0.006914,""confirmedMinBandRatio"":0.006,""confirmedSpectralNoveltyMinBins"":21,""cooldownOverrideFactor"":2.261008,""cooldownOverrideMinFlux"":0.020868,""cooldownOverrideMinBandRatio"":0.078532,""analyzeIntervalMs"":49}"
846,r007-0030-374ac477,7,-283,1,5,13,3,0,141,"{""relativeReattackFactor"":3.161525,""relativeReattackMinDelta"":0.004661,""relativeFluxFactor"":1.606318,""spectralNoveltyRatio"":3.800349,""spectralNoveltyMinBins"":19,""cooldownFrames"":3,""confirmedRmsFactor"":1.615714,""confirmedRmsMinDelta"":0.0079,""confirmedFluxFactor"":2.009273,""confirmedMinFlux"":0.003,""confirmedMinBandRatio"":0.014261,""confirmedSpectralNoveltyMinBins"":11,""cooldownOverrideFactor"":2.195275,""cooldownOverrideMinFlux"":0.029073,""cooldownOverrideMinBandRatio"":0.080755,""analyzeIntervalMs"":40}"
847,r007-0064-13dbfc52,7,-283,1,5,13,3,0,140,"{""relativeReattackFactor"":3.165702,""relativeReattackMinDelta"":0.005109,""relativeFluxFactor"":1.600663,""spectralNoveltyRatio"":3.8347,""spectralNoveltyMinBins"":19,""cooldownFrames"":3,""confirmedRmsFactor"":1.688756,""confirmedRmsMinDelta"":0.008256,""confirmedFluxFactor"":2.226173,""confirmedMinFlux"":0.005215,""confirmedMinBandRatio"":0.015593,""confirmedSpectralNoveltyMinBins"":8,""cooldownOverrideFactor"":1.894047,""cooldownOverrideMinFlux"":0.026868,""cooldownOverrideMinBandRatio"":0.086131,""analyzeIntervalMs"":40}"
848,r017-0053-a38c410d,17,-283,2,4,17,3,0,146,"{""relativeReattackFactor"":3.521206,""relativeReattackMinDelta"":0.004,""relativeFluxFactor"":1.676784,""spectralNoveltyRatio"":3.664426,""spectralNoveltyMinBins"":15,""cooldownFrames"":3,""confirmedRmsFactor"":1.866505,""confirmedRmsMinDelta"":0.005933,""confirmedFluxFactor"":1.939087,""confirmedMinFlux"":0.006238,""confirmedMinBandRatio"":0.006,""confirmedSpectralNoveltyMinBins"":10,""cooldownOverrideFactor"":2.04413,""cooldownOverrideMinFlux"":0.024796,""cooldownOverrideMinBandRatio"":0.09,""analyzeIntervalMs"":40}"
849,r007-0034-415889ac,7,-284,1,5,14,3,0,141,"{""relativeReattackFactor"":3.26766,""relativeReattackMinDelta"":0.00449,""relativeFluxFactor"":1.569234,""spectralNoveltyRatio"":3.866224,""spectralNoveltyMinBins"":19,""cooldownFrames"":3,""confirmedRmsFactor"":1.682364,""confirmedRmsMinDelta"":0.008242,""confirmedFluxFactor"":2.095195,""confirmedMinFlux"":0.004042,""confirmedMinBandRatio"":0.015922,""confirmedSpectralNoveltyMinBins"":11,""cooldownOverrideFactor"":1.989083,""cooldownOverrideMinFlux"":0.028443,""cooldownOverrideMinBandRatio"":0.087368,""analyzeIntervalMs"":40}"
850,r004-0022-c61ff750,4,-284,3,7,5,5,0,128,"{""relativeReattackFactor"":3.620944,""relativeReattackMinDelta"":0.012255,""relativeFluxFactor"":1.4,""spectralNoveltyRatio"":2.843854,""spectralNoveltyMinBins"":37,""cooldownFrames"":4,""confirmedRmsFactor"":1.22245,""confirmedRmsMinDelta"":0.002,""confirmedFluxFactor"":1.361082,""confirmedMinFlux"":0.019191,""confirmedMinBandRatio"":0.045002,""confirmedSpectralNoveltyMinBins"":24,""cooldownOverrideFactor"":3.808874,""cooldownOverrideMinFlux"":0.013076,""cooldownOverrideMinBandRatio"":0.079348,""analyzeIntervalMs"":49}"
851,r005-0023-dd003d0e,5,-284,4,8,6,6,0,126,"{""relativeReattackFactor"":3.757627,""relativeReattackMinDelta"":0.013807,""relativeFluxFactor"":1.4,""spectralNoveltyRatio"":2.711981,""spectralNoveltyMinBins"":43,""cooldownFrames"":4,""confirmedRmsFactor"":1.2299,""confirmedRmsMinDelta"":0.002846,""confirmedFluxFactor"":1.304369,""confirmedMinFlux"":0.017139,""confirmedMinBandRatio"":0.039412,""confirmedSpectralNoveltyMinBins"":25,""cooldownOverrideFactor"":4.383292,""cooldownOverrideMinFlux"":0.0112,""cooldownOverrideMinBandRatio"":0.078112,""analyzeIntervalMs"":45}"
852,r007-0042-88a12ded,7,-285,1,5,14,3,0,143,"{""relativeReattackFactor"":2.837517,""relativeReattackMinDelta"":0.005989,""relativeFluxFactor"":1.59893,""spectralNoveltyRatio"":4.195154,""spectralNoveltyMinBins"":24,""cooldownFrames"":3,""confirmedRmsFactor"":1.781934,""confirmedRmsMinDelta"":0.00776,""confirmedFluxFactor"":2.141921,""confirmedMinFlux"":0.003,""confirmedMinBandRatio"":0.0137,""confirmedSpectralNoveltyMinBins"":8,""cooldownOverrideFactor"":1.8,""cooldownOverrideMinFlux"":0.029503,""cooldownOverrideMinBandRatio"":0.083219,""analyzeIntervalMs"":40}"
853,r017-0058-42377fab,17,-285,2,4,19,3,0,151,"{""relativeReattackFactor"":3.139782,""relativeReattackMinDelta"":0.008513,""relativeFluxFactor"":1.679672,""spectralNoveltyRatio"":2.737187,""spectralNoveltyMinBins"":20,""cooldownFrames"":2,""confirmedRmsFactor"":1.495494,""confirmedRmsMinDelta"":0.010018,""confirmedFluxFactor"":1.726412,""confirmedMinFlux"":0.004049,""confirmedMinBandRatio"":0.028573,""confirmedSpectralNoveltyMinBins"":15,""cooldownOverrideFactor"":2.018336,""cooldownOverrideMinFlux"":0.028721,""cooldownOverrideMinBandRatio"":0.05691,""analyzeIntervalMs"":41}"
854,r004-0034-0ba71d2e,4,-286,1,3,25,1,2,155,"{""relativeReattackFactor"":2.71144,""relativeReattackMinDelta"":0.016575,""relativeFluxFactor"":1.4,""spectralNoveltyRatio"":2.503414,""spectralNoveltyMinBins"":24,""cooldownFrames"":4,""confirmedRmsFactor"":1.252506,""confirmedRmsMinDelta"":0.003562,""confirmedFluxFactor"":1.7727,""confirmedMinFlux"":0.012184,""confirmedMinBandRatio"":0.026277,""confirmedSpectralNoveltyMinBins"":22,""cooldownOverrideFactor"":4.053471,""cooldownOverrideMinFlux"":0.010683,""cooldownOverrideMinBandRatio"":0.08353,""analyzeIntervalMs"":43}"
855,r003-0035-b1afc8b3,3,-286,2,4,18,3,0,148,"{""relativeReattackFactor"":2.905956,""relativeReattackMinDelta"":0.012521,""relativeFluxFactor"":1.534227,""spectralNoveltyRatio"":2.765459,""spectralNoveltyMinBins"":15,""cooldownFrames"":4,""confirmedRmsFactor"":1.365069,""confirmedRmsMinDelta"":0.003647,""confirmedFluxFactor"":1.82581,""confirmedMinFlux"":0.011219,""confirmedMinBandRatio"":0.028582,""confirmedSpectralNoveltyMinBins"":20,""cooldownOverrideFactor"":4.771071,""cooldownOverrideMinFlux"":0.004763,""cooldownOverrideMinBandRatio"":0.089062,""analyzeIntervalMs"":40}"
856,r002-0022-ed0ff5d0,2,-286,3,7,8,5,0,131,"{""relativeReattackFactor"":3.537434,""relativeReattackMinDelta"":0.00595,""relativeFluxFactor"":1.4,""spectralNoveltyRatio"":3.388371,""spectralNoveltyMinBins"":38,""cooldownFrames"":3,""confirmedRmsFactor"":1.810058,""confirmedRmsMinDelta"":0.005507,""confirmedFluxFactor"":2.4,""confirmedMinFlux"":0.006046,""confirmedMinBandRatio"":0.026989,""confirmedSpectralNoveltyMinBins"":14,""cooldownOverrideFactor"":2.16443,""cooldownOverrideMinFlux"":0.014014,""cooldownOverrideMinBandRatio"":0.09,""analyzeIntervalMs"":40}"
857,r018-0010-cf2d74ac,18,-286,3,7,8,5,0,129,"{""relativeReattackFactor"":3.992195,""relativeReattackMinDelta"":0.006297,""relativeFluxFactor"":1.4,""spectralNoveltyRatio"":4.077423,""spectralNoveltyMinBins"":35,""cooldownFrames"":3,""confirmedRmsFactor"":1.647633,""confirmedRmsMinDelta"":0.007218,""confirmedFluxFactor"":2.290936,""confirmedMinFlux"":0.007008,""confirmedMinBandRatio"":0.011019,""confirmedSpectralNoveltyMinBins"":14,""cooldownOverrideFactor"":2.46349,""cooldownOverrideMinFlux"":0.029637,""cooldownOverrideMinBandRatio"":0.09,""analyzeIntervalMs"":40}"
858,r009-0005-ea18e7fe,9,-288,3,6,9,4,0,136,"{""relativeReattackFactor"":3.003943,""relativeReattackMinDelta"":0.006228,""relativeFluxFactor"":1.545049,""spectralNoveltyRatio"":4.103534,""spectralNoveltyMinBins"":29,""cooldownFrames"":3,""confirmedRmsFactor"":1.734637,""confirmedRmsMinDelta"":0.008865,""confirmedFluxFactor"":2.154735,""confirmedMinFlux"":0.004486,""confirmedMinBandRatio"":0.013418,""confirmedSpectralNoveltyMinBins"":10,""cooldownOverrideFactor"":1.905469,""cooldownOverrideMinFlux"":0.029811,""cooldownOverrideMinBandRatio"":0.082253,""analyzeIntervalMs"":40}"
859,r004-0003-0ba02925,4,-290,1,5,16,3,0,145,"{""relativeReattackFactor"":2.76831,""relativeReattackMinDelta"":0.004,""relativeFluxFactor"":1.587705,""spectralNoveltyRatio"":5.18937,""spectralNoveltyMinBins"":18,""cooldownFrames"":3,""confirmedRmsFactor"":1.910804,""confirmedRmsMinDelta"":0.006042,""confirmedFluxFactor"":1.909906,""confirmedMinFlux"":0.006308,""confirmedMinBandRatio"":0.006,""confirmedSpectralNoveltyMinBins"":3,""cooldownOverrideFactor"":2.031937,""cooldownOverrideMinFlux"":0.018256,""cooldownOverrideMinBandRatio"":0.073466,""analyzeIntervalMs"":40}"
860,r016-0029-21e58887,16,-292,1,5,15,3,0,142,"{""relativeReattackFactor"":4,""relativeReattackMinDelta"":0.005545,""relativeFluxFactor"":1.425486,""spectralNoveltyRatio"":3.090795,""spectralNoveltyMinBins"":27,""cooldownFrames"":2,""confirmedRmsFactor"":1.913164,""confirmedRmsMinDelta"":0.005527,""confirmedFluxFactor"":2.255164,""confirmedMinFlux"":0.004121,""confirmedMinBandRatio"":0.012003,""confirmedSpectralNoveltyMinBins"":6,""cooldownOverrideFactor"":2.08441,""cooldownOverrideMinFlux"":0.03,""cooldownOverrideMinBandRatio"":0.09,""analyzeIntervalMs"":39}"
861,r017-0062-5459d228,17,-292,2,6,12,4,1,138,"{""relativeReattackFactor"":3.834692,""relativeReattackMinDelta"":0.004,""relativeFluxFactor"":1.4,""spectralNoveltyRatio"":4.454708,""spectralNoveltyMinBins"":27,""cooldownFrames"":3,""confirmedRmsFactor"":1.347967,""confirmedRmsMinDelta"":0.009334,""confirmedFluxFactor"":2.337538,""confirmedMinFlux"":0.009774,""confirmedMinBandRatio"":0.017017,""confirmedSpectralNoveltyMinBins"":2,""cooldownOverrideFactor"":1.8,""cooldownOverrideMinFlux"":0.022542,""cooldownOverrideMinBandRatio"":0.071503,""analyzeIntervalMs"":42}"
862,r018-0058-98a399b5,18,-293,3,7,14,5,0,139,"{""relativeReattackFactor"":3.499467,""relativeReattackMinDelta"":0.007312,""relativeFluxFactor"":1.750431,""spectralNoveltyRatio"":3.391827,""spectralNoveltyMinBins"":28,""cooldownFrames"":3,""confirmedRmsFactor"":1.510203,""confirmedRmsMinDelta"":0.006957,""confirmedFluxFactor"":2.000088,""confirmedMinFlux"":0.007595,""confirmedMinBandRatio"":0.024292,""confirmedSpectralNoveltyMinBins"":6,""cooldownOverrideFactor"":2.928634,""cooldownOverrideMinFlux"":0.026077,""cooldownOverrideMinBandRatio"":0.064476,""analyzeIntervalMs"":37}"
863,r016-0015-5aefa277,16,-294,2,4,21,3,0,149,"{""relativeReattackFactor"":4,""relativeReattackMinDelta"":0.008264,""relativeFluxFactor"":1.881919,""spectralNoveltyRatio"":3.150843,""spectralNoveltyMinBins"":21,""cooldownFrames"":3,""confirmedRmsFactor"":1.640288,""confirmedRmsMinDelta"":0.005834,""confirmedFluxFactor"":1.813026,""confirmedMinFlux"":0.003,""confirmedMinBandRatio"":0.00629,""confirmedSpectralNoveltyMinBins"":18,""cooldownOverrideFactor"":1.89994,""cooldownOverrideMinFlux"":0.03,""cooldownOverrideMinBandRatio"":0.09,""analyzeIntervalMs"":34}"
864,r010-0047-82766dbf,10,-295,2,6,13,4,1,139,"{""relativeReattackFactor"":3.483773,""relativeReattackMinDelta"":0.006423,""relativeFluxFactor"":1.513389,""spectralNoveltyRatio"":4.196956,""spectralNoveltyMinBins"":27,""cooldownFrames"":3,""confirmedRmsFactor"":1.579852,""confirmedRmsMinDelta"":0.007569,""confirmedFluxFactor"":2.083684,""confirmedMinFlux"":0.00399,""confirmedMinBandRatio"":0.012696,""confirmedSpectralNoveltyMinBins"":12,""cooldownOverrideFactor"":2.211087,""cooldownOverrideMinFlux"":0.029444,""cooldownOverrideMinBandRatio"":0.076067,""analyzeIntervalMs"":42}"
865,r012-0038-2b7a3434,12,-295,2,6,13,4,1,139,"{""relativeReattackFactor"":3.445747,""relativeReattackMinDelta"":0.005724,""relativeFluxFactor"":1.470485,""spectralNoveltyRatio"":4.146464,""spectralNoveltyMinBins"":27,""cooldownFrames"":3,""confirmedRmsFactor"":1.581965,""confirmedRmsMinDelta"":0.007848,""confirmedFluxFactor"":2.121547,""confirmedMinFlux"":0.003747,""confirmedMinBandRatio"":0.014211,""confirmedSpectralNoveltyMinBins"":12,""cooldownOverrideFactor"":2.042254,""cooldownOverrideMinFlux"":0.03,""cooldownOverrideMinBandRatio"":0.081266,""analyzeIntervalMs"":42}"
866,r015-0002-57bb0570,15,-295,2,6,13,4,1,139,"{""relativeReattackFactor"":3.513508,""relativeReattackMinDelta"":0.005154,""relativeFluxFactor"":1.535678,""spectralNoveltyRatio"":4.104858,""spectralNoveltyMinBins"":27,""cooldownFrames"":3,""confirmedRmsFactor"":1.591788,""confirmedRmsMinDelta"":0.007496,""confirmedFluxFactor"":2.26202,""confirmedMinFlux"":0.004466,""confirmedMinBandRatio"":0.017683,""confirmedSpectralNoveltyMinBins"":9,""cooldownOverrideFactor"":2.479646,""cooldownOverrideMinFlux"":0.027833,""cooldownOverrideMinBandRatio"":0.075551,""analyzeIntervalMs"":42}"
867,r003-0079-2912e9e7,3,-297,1,6,19,4,0,145,"{""relativeReattackFactor"":4,""relativeReattackMinDelta"":0.020982,""relativeFluxFactor"":1.4,""spectralNoveltyRatio"":3.703693,""spectralNoveltyMinBins"":31,""cooldownFrames"":3,""confirmedRmsFactor"":1.575768,""confirmedRmsMinDelta"":0.006641,""confirmedFluxFactor"":1.232604,""confirmedMinFlux"":0.017383,""confirmedMinBandRatio"":0.039753,""confirmedSpectralNoveltyMinBins"":23,""cooldownOverrideFactor"":2.61577,""cooldownOverrideMinFlux"":0.004,""cooldownOverrideMinBandRatio"":0.035829,""analyzeIntervalMs"":31}"
868,r008-0071-af31d3cb,8,-298,2,6,14,4,1,140,"{""relativeReattackFactor"":3.257505,""relativeReattackMinDelta"":0.005965,""relativeFluxFactor"":1.533974,""spectralNoveltyRatio"":4.182713,""spectralNoveltyMinBins"":27,""cooldownFrames"":3,""confirmedRmsFactor"":1.571636,""confirmedRmsMinDelta"":0.007588,""confirmedFluxFactor"":2.145842,""confirmedMinFlux"":0.004139,""confirmedMinBandRatio"":0.012295,""confirmedSpectralNoveltyMinBins"":11,""cooldownOverrideFactor"":2.124439,""cooldownOverrideMinFlux"":0.028468,""cooldownOverrideMinBandRatio"":0.075814,""analyzeIntervalMs"":42}"
869,r008-0031-f11ebc24,8,-300,2,6,9,4,0,135,"{""relativeReattackFactor"":3.442082,""relativeReattackMinDelta"":0.006329,""relativeFluxFactor"":1.575559,""spectralNoveltyRatio"":4.078355,""spectralNoveltyMinBins"":25,""cooldownFrames"":3,""confirmedRmsFactor"":1.585053,""confirmedRmsMinDelta"":0.007564,""confirmedFluxFactor"":2.110586,""confirmedMinFlux"":0.003926,""confirmedMinBandRatio"":0.015676,""confirmedSpectralNoveltyMinBins"":11,""cooldownOverrideFactor"":2.185583,""cooldownOverrideMinFlux"":0.027708,""cooldownOverrideMinBandRatio"":0.076884,""analyzeIntervalMs"":40}"
870,r003-0025-9d75fa1b,3,-300,2,6,11,4,0,137,"{""relativeReattackFactor"":3.370059,""relativeReattackMinDelta"":0.012345,""relativeFluxFactor"":1.887226,""spectralNoveltyRatio"":2.751757,""spectralNoveltyMinBins"":26,""cooldownFrames"":4,""confirmedRmsFactor"":1.465624,""confirmedRmsMinDelta"":0.003115,""confirmedFluxFactor"":1.606631,""confirmedMinFlux"":0.012259,""confirmedMinBandRatio"":0.035135,""confirmedSpectralNoveltyMinBins"":21,""cooldownOverrideFactor"":5,""cooldownOverrideMinFlux"":0.004,""cooldownOverrideMinBandRatio"":0.075839,""analyzeIntervalMs"":37}"
871,r004-0061-f9f5b807,4,-300,2,6,12,4,0,138,"{""relativeReattackFactor"":3.261938,""relativeReattackMinDelta"":0.004,""relativeFluxFactor"":1.78786,""spectralNoveltyRatio"":3.519381,""spectralNoveltyMinBins"":18,""cooldownFrames"":3,""confirmedRmsFactor"":1.829402,""confirmedRmsMinDelta"":0.008882,""confirmedFluxFactor"":2.042191,""confirmedMinFlux"":0.003,""confirmedMinBandRatio"":0.019966,""confirmedSpectralNoveltyMinBins"":5,""cooldownOverrideFactor"":1.896545,""cooldownOverrideMinFlux"":0.025839,""cooldownOverrideMinBandRatio"":0.085163,""analyzeIntervalMs"":42}"
872,r005-0008-8f6c61cf,5,-300,3,7,6,5,0,128,"{""relativeReattackFactor"":3.761725,""relativeReattackMinDelta"":0.014371,""relativeFluxFactor"":1.4,""spectralNoveltyRatio"":2.344488,""spectralNoveltyMinBins"":41,""cooldownFrames"":4,""confirmedRmsFactor"":1.15,""confirmedRmsMinDelta"":0.002,""confirmedFluxFactor"":1.32623,""confirmedMinFlux"":0.016931,""confirmedMinBandRatio"":0.042782,""confirmedSpectralNoveltyMinBins"":22,""cooldownOverrideFactor"":4.087534,""cooldownOverrideMinFlux"":0.01525,""cooldownOverrideMinBandRatio"":0.074399,""analyzeIntervalMs"":48}"
873,r005-0022-d390bc86,5,-301,2,3,31,2,3,162,"{""relativeReattackFactor"":2.974873,""relativeReattackMinDelta"":0.004785,""relativeFluxFactor"":1.4,""spectralNoveltyRatio"":3.392555,""spectralNoveltyMinBins"":19,""cooldownFrames"":3,""confirmedRmsFactor"":1.693211,""confirmedRmsMinDelta"":0.009917,""confirmedFluxFactor"":2.138049,""confirmedMinFlux"":0.005637,""confirmedMinBandRatio"":0.020435,""confirmedSpectralNoveltyMinBins"":5,""cooldownOverrideFactor"":1.8,""cooldownOverrideMinFlux"":0.024435,""cooldownOverrideMinBandRatio"":0.085577,""analyzeIntervalMs"":38}"
874,r017-0078-c62ba03e,17,-301,2,4,22,3,0,155,"{""relativeReattackFactor"":3.612554,""relativeReattackMinDelta"":0.004,""relativeFluxFactor"":1.88659,""spectralNoveltyRatio"":2.82749,""spectralNoveltyMinBins"":7,""cooldownFrames"":3,""confirmedRmsFactor"":1.663966,""confirmedRmsMinDelta"":0.007934,""confirmedFluxFactor"":2.161431,""confirmedMinFlux"":0.003,""confirmedMinBandRatio"":0.011266,""confirmedSpectralNoveltyMinBins"":13,""cooldownOverrideFactor"":1.8,""cooldownOverrideMinFlux"":0.021028,""cooldownOverrideMinBandRatio"":0.089558,""analyzeIntervalMs"":41}"
875,r008-0011-b13b6f6a,8,-301,1,5,14,3,1,141,"{""relativeReattackFactor"":3.502869,""relativeReattackMinDelta"":0.005884,""relativeFluxFactor"":1.407247,""spectralNoveltyRatio"":4.288874,""spectralNoveltyMinBins"":26,""cooldownFrames"":3,""confirmedRmsFactor"":1.564409,""confirmedRmsMinDelta"":0.008236,""confirmedFluxFactor"":2.099177,""confirmedMinFlux"":0.004569,""confirmedMinBandRatio"":0.015445,""confirmedSpectralNoveltyMinBins"":11,""cooldownOverrideFactor"":2.265088,""cooldownOverrideMinFlux"":0.03,""cooldownOverrideMinBandRatio"":0.080829,""analyzeIntervalMs"":42}"
876,r008-0066-a96ec4b5,8,-301,1,5,14,3,1,141,"{""relativeReattackFactor"":3.490399,""relativeReattackMinDelta"":0.005386,""relativeFluxFactor"":1.447463,""spectralNoveltyRatio"":4.155775,""spectralNoveltyMinBins"":26,""cooldownFrames"":3,""confirmedRmsFactor"":1.529402,""confirmedRmsMinDelta"":0.007931,""confirmedFluxFactor"":2.130547,""confirmedMinFlux"":0.004249,""confirmedMinBandRatio"":0.012177,""confirmedSpectralNoveltyMinBins"":12,""cooldownOverrideFactor"":2.18484,""cooldownOverrideMinFlux"":0.028114,""cooldownOverrideMinBandRatio"":0.076713,""analyzeIntervalMs"":42}"
877,r009-0019-bc5a84fd,9,-301,1,5,14,3,1,141,"{""relativeReattackFactor"":3.304521,""relativeReattackMinDelta"":0.006458,""relativeFluxFactor"":1.549692,""spectralNoveltyRatio"":3.731366,""spectralNoveltyMinBins"":23,""cooldownFrames"":3,""confirmedRmsFactor"":1.497181,""confirmedRmsMinDelta"":0.007881,""confirmedFluxFactor"":2.107202,""confirmedMinFlux"":0.003,""confirmedMinBandRatio"":0.013134,""confirmedSpectralNoveltyMinBins"":11,""cooldownOverrideFactor"":2.214638,""cooldownOverrideMinFlux"":0.0284,""cooldownOverrideMinBandRatio"":0.087509,""analyzeIntervalMs"":42}"
878,r009-0071-30c6ba64,9,-301,1,5,14,3,1,141,"{""relativeReattackFactor"":3.45798,""relativeReattackMinDelta"":0.004836,""relativeFluxFactor"":1.434345,""spectralNoveltyRatio"":4.228251,""spectralNoveltyMinBins"":26,""cooldownFrames"":3,""confirmedRmsFactor"":1.470908,""confirmedRmsMinDelta"":0.007822,""confirmedFluxFactor"":2.041372,""confirmedMinFlux"":0.004983,""confirmedMinBandRatio"":0.014047,""confirmedSpectralNoveltyMinBins"":12,""cooldownOverrideFactor"":2.195193,""cooldownOverrideMinFlux"":0.029976,""cooldownOverrideMinBandRatio"":0.079027,""analyzeIntervalMs"":42}"
879,r010-0021-3cf16931,10,-301,1,5,14,3,1,141,"{""relativeReattackFactor"":3.364374,""relativeReattackMinDelta"":0.004,""relativeFluxFactor"":1.448127,""spectralNoveltyRatio"":4.399581,""spectralNoveltyMinBins"":25,""cooldownFrames"":3,""confirmedRmsFactor"":1.489615,""confirmedRmsMinDelta"":0.008006,""confirmedFluxFactor"":2.128822,""confirmedMinFlux"":0.004265,""confirmedMinBandRatio"":0.013723,""confirmedSpectralNoveltyMinBins"":11,""cooldownOverrideFactor"":2.219164,""cooldownOverrideMinFlux"":0.028699,""cooldownOverrideMinBandRatio"":0.077143,""analyzeIntervalMs"":42}"
880,r010-0076-e6e48350,10,-301,1,5,14,3,1,141,"{""relativeReattackFactor"":3.264295,""relativeReattackMinDelta"":0.005107,""relativeFluxFactor"":1.442403,""spectralNoveltyRatio"":4.251512,""spectralNoveltyMinBins"":25,""cooldownFrames"":3,""confirmedRmsFactor"":1.493769,""confirmedRmsMinDelta"":0.007457,""confirmedFluxFactor"":2.051662,""confirmedMinFlux"":0.005037,""confirmedMinBandRatio"":0.014692,""confirmedSpectralNoveltyMinBins"":12,""cooldownOverrideFactor"":2.211832,""cooldownOverrideMinFlux"":0.029465,""cooldownOverrideMinBandRatio"":0.078769,""analyzeIntervalMs"":42}"
881,r011-0011-cc3488a5,11,-301,1,5,14,3,1,141,"{""relativeReattackFactor"":3.530029,""relativeReattackMinDelta"":0.004,""relativeFluxFactor"":1.503934,""spectralNoveltyRatio"":4.015132,""spectralNoveltyMinBins"":26,""cooldownFrames"":3,""confirmedRmsFactor"":1.638137,""confirmedRmsMinDelta"":0.007686,""confirmedFluxFactor"":2.077338,""confirmedMinFlux"":0.004325,""confirmedMinBandRatio"":0.011943,""confirmedSpectralNoveltyMinBins"":12,""cooldownOverrideFactor"":2.193797,""cooldownOverrideMinFlux"":0.02982,""cooldownOverrideMinBandRatio"":0.0782,""analyzeIntervalMs"":42}"
882,r011-0017-abc71b66,11,-301,1,5,14,3,1,141,"{""relativeReattackFactor"":3.426112,""relativeReattackMinDelta"":0.004739,""relativeFluxFactor"":1.525621,""spectralNoveltyRatio"":4.066958,""spectralNoveltyMinBins"":23,""cooldownFrames"":3,""confirmedRmsFactor"":1.534712,""confirmedRmsMinDelta"":0.007135,""confirmedFluxFactor"":2.197134,""confirmedMinFlux"":0.004951,""confirmedMinBandRatio"":0.016475,""confirmedSpectralNoveltyMinBins"":11,""cooldownOverrideFactor"":2.393429,""cooldownOverrideMinFlux"":0.027898,""cooldownOverrideMinBandRatio"":0.075381,""analyzeIntervalMs"":42}"
883,r011-0018-157c1c6d,11,-301,1,5,14,3,1,141,"{""relativeReattackFactor"":3.414626,""relativeReattackMinDelta"":0.004515,""relativeFluxFactor"":1.4,""spectralNoveltyRatio"":4.353302,""spectralNoveltyMinBins"":26,""cooldownFrames"":3,""confirmedRmsFactor"":1.49593,""confirmedRmsMinDelta"":0.007697,""confirmedFluxFactor"":2.057128,""confirmedMinFlux"":0.004955,""confirmedMinBandRatio"":0.015177,""confirmedSpectralNoveltyMinBins"":10,""cooldownOverrideFactor"":2.276866,""cooldownOverrideMinFlux"":0.0292,""cooldownOverrideMinBandRatio"":0.077347,""analyzeIntervalMs"":42}"
884,r012-0041-a0357d0b,12,-301,1,5,14,3,1,141,"{""relativeReattackFactor"":3.606312,""relativeReattackMinDelta"":0.004229,""relativeFluxFactor"":1.435381,""spectralNoveltyRatio"":4.227682,""spectralNoveltyMinBins"":26,""cooldownFrames"":3,""confirmedRmsFactor"":1.591198,""confirmedRmsMinDelta"":0.008123,""confirmedFluxFactor"":2.179587,""confirmedMinFlux"":0.004513,""confirmedMinBandRatio"":0.014264,""confirmedSpectralNoveltyMinBins"":11,""cooldownOverrideFactor"":2.294297,""cooldownOverrideMinFlux"":0.029584,""cooldownOverrideMinBandRatio"":0.079327,""analyzeIntervalMs"":42}"
885,r012-0074-25573690,12,-301,1,5,14,3,1,141,"{""relativeReattackFactor"":3.487016,""relativeReattackMinDelta"":0.004836,""relativeFluxFactor"":1.523786,""spectralNoveltyRatio"":4.071276,""spectralNoveltyMinBins"":25,""cooldownFrames"":3,""confirmedRmsFactor"":1.574578,""confirmedRmsMinDelta"":0.008349,""confirmedFluxFactor"":2.127849,""confirmedMinFlux"":0.004618,""confirmedMinBandRatio"":0.013543,""confirmedSpectralNoveltyMinBins"":14,""cooldownOverrideFactor"":2.235726,""cooldownOverrideMinFlux"":0.027741,""cooldownOverrideMinBandRatio"":0.077214,""analyzeIntervalMs"":42}"
886,r013-0008-ba2e1fdd,13,-301,1,5,14,3,1,141,"{""relativeReattackFactor"":3.496319,""relativeReattackMinDelta"":0.005858,""relativeFluxFactor"":1.516835,""spectralNoveltyRatio"":3.993148,""spectralNoveltyMinBins"":24,""cooldownFrames"":3,""confirmedRmsFactor"":1.555216,""confirmedRmsMinDelta"":0.007446,""confirmedFluxFactor"":2.115788,""confirmedMinFlux"":0.003139,""confirmedMinBandRatio"":0.013078,""confirmedSpectralNoveltyMinBins"":13,""cooldownOverrideFactor"":2.056135,""cooldownOverrideMinFlux"":0.03,""cooldownOverrideMinBandRatio"":0.081051,""analyzeIntervalMs"":42}"
887,r013-0037-e645ed30,13,-301,1,5,14,3,1,141,"{""relativeReattackFactor"":3.517944,""relativeReattackMinDelta"":0.00446,""relativeFluxFactor"":1.513673,""spectralNoveltyRatio"":3.959611,""spectralNoveltyMinBins"":26,""cooldownFrames"":3,""confirmedRmsFactor"":1.589341,""confirmedRmsMinDelta"":0.007058,""confirmedFluxFactor"":2.276783,""confirmedMinFlux"":0.004895,""confirmedMinBandRatio"":0.018271,""confirmedSpectralNoveltyMinBins"":9,""cooldownOverrideFactor"":2.279122,""cooldownOverrideMinFlux"":0.027452,""cooldownOverrideMinBandRatio"":0.073553,""analyzeIntervalMs"":42}"
888,r014-0008-b0bebd43,14,-301,1,5,14,3,1,141,"{""relativeReattackFactor"":3.472924,""relativeReattackMinDelta"":0.00662,""relativeFluxFactor"":1.431736,""spectralNoveltyRatio"":4.099797,""spectralNoveltyMinBins"":26,""cooldownFrames"":3,""confirmedRmsFactor"":1.579425,""confirmedRmsMinDelta"":0.007314,""confirmedFluxFactor"":2.092299,""confirmedMinFlux"":0.004274,""confirmedMinBandRatio"":0.01297,""confirmedSpectralNoveltyMinBins"":14,""cooldownOverrideFactor"":2.119964,""cooldownOverrideMinFlux"":0.029544,""cooldownOverrideMinBandRatio"":0.080766,""analyzeIntervalMs"":42}"
889,r015-0052-2bd0227c,15,-301,1,5,14,3,1,141,"{""relativeReattackFactor"":3.536878,""relativeReattackMinDelta"":0.005243,""relativeFluxFactor"":1.4,""spectralNoveltyRatio"":4.17724,""spectralNoveltyMinBins"":26,""cooldownFrames"":3,""confirmedRmsFactor"":1.519422,""confirmedRmsMinDelta"":0.006864,""confirmedFluxFactor"":2.243793,""confirmedMinFlux"":0.004757,""confirmedMinBandRatio"":0.016206,""confirmedSpectralNoveltyMinBins"":10,""cooldownOverrideFactor"":2.298341,""cooldownOverrideMinFlux"":0.027152,""cooldownOverrideMinBandRatio"":0.073611,""analyzeIntervalMs"":42}"
890,r015-0065-38b54d53,15,-301,1,5,14,3,1,141,"{""relativeReattackFactor"":3.50585,""relativeReattackMinDelta"":0.004,""relativeFluxFactor"":1.496478,""spectralNoveltyRatio"":4.003645,""spectralNoveltyMinBins"":26,""cooldownFrames"":3,""confirmedRmsFactor"":1.626563,""confirmedRmsMinDelta"":0.007542,""confirmedFluxFactor"":2.110652,""confirmedMinFlux"":0.003849,""confirmedMinBandRatio"":0.01213,""confirmedSpectralNoveltyMinBins"":13,""cooldownOverrideFactor"":2.08698,""cooldownOverrideMinFlux"":0.029296,""cooldownOverrideMinBandRatio"":0.080098,""analyzeIntervalMs"":42}"
891,r008-0070-1c61775c,8,-301,2,6,15,4,1,142,"{""relativeReattackFactor"":3.059343,""relativeReattackMinDelta"":0.006166,""relativeFluxFactor"":1.530699,""spectralNoveltyRatio"":4.276216,""spectralNoveltyMinBins"":27,""cooldownFrames"":3,""confirmedRmsFactor"":1.718279,""confirmedRmsMinDelta"":0.008276,""confirmedFluxFactor"":2.172955,""confirmedMinFlux"":0.003,""confirmedMinBandRatio"":0.012696,""confirmedSpectralNoveltyMinBins"":10,""cooldownOverrideFactor"":1.8,""cooldownOverrideMinFlux"":0.029834,""cooldownOverrideMinBandRatio"":0.084713,""analyzeIntervalMs"":42}"
892,r004-0066-96f9e57f,4,-302,2,4,18,3,1,147,"{""relativeReattackFactor"":2.738358,""relativeReattackMinDelta"":0.004,""relativeFluxFactor"":1.614943,""spectralNoveltyRatio"":3.621613,""spectralNoveltyMinBins"":18,""cooldownFrames"":3,""confirmedRmsFactor"":1.661074,""confirmedRmsMinDelta"":0.009813,""confirmedFluxFactor"":2.218858,""confirmedMinFlux"":0.003584,""confirmedMinBandRatio"":0.015601,""confirmedSpectralNoveltyMinBins"":6,""cooldownOverrideFactor"":2.088183,""cooldownOverrideMinFlux"":0.026319,""cooldownOverrideMinBandRatio"":0.09,""analyzeIntervalMs"":42}"
893,r003-0066-b7ef43dd,3,-303,3,7,6,5,0,129,"{""relativeReattackFactor"":4,""relativeReattackMinDelta"":0.014129,""relativeFluxFactor"":1.619169,""spectralNoveltyRatio"":3.353749,""spectralNoveltyMinBins"":35,""cooldownFrames"":4,""confirmedRmsFactor"":1.275531,""confirmedRmsMinDelta"":0.00348,""confirmedFluxFactor"":1.156831,""confirmedMinFlux"":0.017353,""confirmedMinBandRatio"":0.046535,""confirmedSpectralNoveltyMinBins"":27,""cooldownOverrideFactor"":4.174124,""cooldownOverrideMinFlux"":0.013897,""cooldownOverrideMinBandRatio"":0.073689,""analyzeIntervalMs"":48}"
894,r004-0062-f9467ae0,4,-303,3,7,6,5,0,129,"{""relativeReattackFactor"":3.891634,""relativeReattackMinDelta"":0.013484,""relativeFluxFactor"":1.598583,""spectralNoveltyRatio"":2.875976,""spectralNoveltyMinBins"":40,""cooldownFrames"":4,""confirmedRmsFactor"":1.179158,""confirmedRmsMinDelta"":0.002,""confirmedFluxFactor"":1.305072,""confirmedMinFlux"":0.016645,""confirmedMinBandRatio"":0.046579,""confirmedSpectralNoveltyMinBins"":25,""cooldownOverrideFactor"":4.027783,""cooldownOverrideMinFlux"":0.015041,""cooldownOverrideMinBandRatio"":0.080973,""analyzeIntervalMs"":48}"
895,r005-0037-7d381752,5,-304,2,3,32,2,3,163,"{""relativeReattackFactor"":2.858601,""relativeReattackMinDelta"":0.004,""relativeFluxFactor"":1.4,""spectralNoveltyRatio"":3.437171,""spectralNoveltyMinBins"":18,""cooldownFrames"":3,""confirmedRmsFactor"":1.697213,""confirmedRmsMinDelta"":0.008662,""confirmedFluxFactor"":2.006233,""confirmedMinFlux"":0.003405,""confirmedMinBandRatio"":0.014688,""confirmedSpectralNoveltyMinBins"":10,""cooldownOverrideFactor"":1.909518,""cooldownOverrideMinFlux"":0.025369,""cooldownOverrideMinBandRatio"":0.09,""analyzeIntervalMs"":38}"
896,r006-0028-7764c30f,6,-304,1,5,15,3,1,142,"{""relativeReattackFactor"":3.192325,""relativeReattackMinDelta"":0.004319,""relativeFluxFactor"":1.5087,""spectralNoveltyRatio"":3.918625,""spectralNoveltyMinBins"":25,""cooldownFrames"":3,""confirmedRmsFactor"":1.564043,""confirmedRmsMinDelta"":0.007751,""confirmedFluxFactor"":2.091362,""confirmedMinFlux"":0.003,""confirmedMinBandRatio"":0.016013,""confirmedSpectralNoveltyMinBins"":12,""cooldownOverrideFactor"":1.939827,""cooldownOverrideMinFlux"":0.02819,""cooldownOverrideMinBandRatio"":0.086361,""analyzeIntervalMs"":42}"
897,r007-0075-e9e0ee78,7,-304,1,5,15,3,1,142,"{""relativeReattackFactor"":3.248191,""relativeReattackMinDelta"":0.004118,""relativeFluxFactor"":1.487622,""spectralNoveltyRatio"":4.147475,""spectralNoveltyMinBins"":22,""cooldownFrames"":3,""confirmedRmsFactor"":1.615662,""confirmedRmsMinDelta"":0.008089,""confirmedFluxFactor"":2.065061,""confirmedMinFlux"":0.003,""confirmedMinBandRatio"":0.016017,""confirmedSpectralNoveltyMinBins"":11,""cooldownOverrideFactor"":1.931297,""cooldownOverrideMinFlux"":0.029887,""cooldownOverrideMinBandRatio"":0.08384,""analyzeIntervalMs"":42}"
898,r011-0077-044049ad,11,-304,1,5,15,3,1,142,"{""relativeReattackFactor"":3.474776,""relativeReattackMinDelta"":0.004,""relativeFluxFactor"":1.466542,""spectralNoveltyRatio"":3.962099,""spectralNoveltyMinBins"":22,""cooldownFrames"":3,""confirmedRmsFactor"":1.548663,""confirmedRmsMinDelta"":0.007005,""confirmedFluxFactor"":2.17587,""confirmedMinFlux"":0.004498,""confirmedMinBandRatio"":0.016321,""confirmedSpectralNoveltyMinBins"":10,""cooldownOverrideFactor"":2.247546,""cooldownOverrideMinFlux"":0.028727,""cooldownOverrideMinBandRatio"":0.075466,""analyzeIntervalMs"":42}"
899,r004-0052-c45c20a4,4,-304,3,7,7,5,0,130,"{""relativeReattackFactor"":3.766822,""relativeReattackMinDelta"":0.014357,""relativeFluxFactor"":1.491667,""spectralNoveltyRatio"":3.01655,""spectralNoveltyMinBins"":38,""cooldownFrames"":4,""confirmedRmsFactor"":1.15,""confirmedRmsMinDelta"":0.002091,""confirmedFluxFactor"":1.349966,""confirmedMinFlux"":0.016181,""confirmedMinBandRatio"":0.041406,""confirmedSpectralNoveltyMinBins"":26,""cooldownOverrideFactor"":4.132799,""cooldownOverrideMinFlux"":0.012538,""cooldownOverrideMinBandRatio"":0.071853,""analyzeIntervalMs"":48}"
900,r010-0004-fe9dfc48,10,-305,1,5,15,3,1,142,"{""relativeReattackFactor"":3.320836,""relativeReattackMinDelta"":0.004085,""relativeFluxFactor"":1.4,""spectralNoveltyRatio"":4.243779,""spectralNoveltyMinBins"":25,""cooldownFrames"":3,""confirmedRmsFactor"":1.482628,""confirmedRmsMinDelta"":0.006967,""confirmedFluxFactor"":2.145155,""confirmedMinFlux"":0.004686,""confirmedMinBandRatio"":0.015905,""confirmedSpectralNoveltyMinBins"":11,""cooldownOverrideFactor"":2.34251,""cooldownOverrideMinFlux"":0.029952,""cooldownOverrideMinBandRatio"":0.078927,""analyzeIntervalMs"":42}"
901,r010-0044-82608275,10,-305,1,5,15,3,1,142,"{""relativeReattackFactor"":3.335688,""relativeReattackMinDelta"":0.004,""relativeFluxFactor"":1.4,""spectralNoveltyRatio"":4.182834,""spectralNoveltyMinBins"":25,""cooldownFrames"":3,""confirmedRmsFactor"":1.527988,""confirmedRmsMinDelta"":0.007043,""confirmedFluxFactor"":2.128557,""confirmedMinFlux"":0.004285,""confirmedMinBandRatio"":0.013935,""confirmedSpectralNoveltyMinBins"":10,""cooldownOverrideFactor"":2.240694,""cooldownOverrideMinFlux"":0.029235,""cooldownOverrideMinBandRatio"":0.076233,""analyzeIntervalMs"":42}"
902,r012-0015-230347a7,12,-305,1,5,15,3,1,142,"{""relativeReattackFactor"":3.622016,""relativeReattackMinDelta"":0.004665,""relativeFluxFactor"":1.441644,""spectralNoveltyRatio"":4.026788,""spectralNoveltyMinBins"":25,""cooldownFrames"":3,""confirmedRmsFactor"":1.573711,""confirmedRmsMinDelta"":0.007697,""confirmedFluxFactor"":2.127026,""confirmedMinFlux"":0.004518,""confirmedMinBandRatio"":0.013734,""confirmedSpectralNoveltyMinBins"":13,""cooldownOverrideFactor"":2.025667,""cooldownOverrideMinFlux"":0.028675,""cooldownOverrideMinBandRatio"":0.080476,""analyzeIntervalMs"":42}"
903,r012-0031-62681d9b,12,-305,1,5,15,3,1,142,"{""relativeReattackFactor"":3.436201,""relativeReattackMinDelta"":0.005136,""relativeFluxFactor"":1.4,""spectralNoveltyRatio"":4.150063,""spectralNoveltyMinBins"":26,""cooldownFrames"":3,""confirmedRmsFactor"":1.618102,""confirmedRmsMinDelta"":0.007825,""confirmedFluxFactor"":2.209989,""confirmedMinFlux"":0.004271,""confirmedMinBandRatio"":0.012373,""confirmedSpectralNoveltyMinBins"":13,""cooldownOverrideFactor"":2.163845,""cooldownOverrideMinFlux"":0.029565,""cooldownOverrideMinBandRatio"":0.078742,""analyzeIntervalMs"":42}"
904,r013-0012-0b4b947d,13,-305,1,5,15,3,1,142,"{""relativeReattackFactor"":3.545035,""relativeReattackMinDelta"":0.004282,""relativeFluxFactor"":1.4,""spectralNoveltyRatio"":4.194148,""spectralNoveltyMinBins"":25,""cooldownFrames"":3,""confirmedRmsFactor"":1.584643,""confirmedRmsMinDelta"":0.007482,""confirmedFluxFactor"":2.295371,""confirmedMinFlux"":0.005564,""confirmedMinBandRatio"":0.016095,""confirmedSpectralNoveltyMinBins"":9,""cooldownOverrideFactor"":2.331261,""cooldownOverrideMinFlux"":0.027617,""cooldownOverrideMinBandRatio"":0.074496,""analyzeIntervalMs"":42}"
905,r013-0044-689e360f,13,-305,1,5,15,3,1,142,"{""relativeReattackFactor"":3.568409,""relativeReattackMinDelta"":0.004553,""relativeFluxFactor"":1.4,""spectralNoveltyRatio"":4.109495,""spectralNoveltyMinBins"":26,""cooldownFrames"":3,""confirmedRmsFactor"":1.540096,""confirmedRmsMinDelta"":0.007677,""confirmedFluxFactor"":2.092044,""confirmedMinFlux"":0.004449,""confirmedMinBandRatio"":0.013349,""confirmedSpectralNoveltyMinBins"":13,""cooldownOverrideFactor"":2.339466,""cooldownOverrideMinFlux"":0.027904,""cooldownOverrideMinBandRatio"":0.077086,""analyzeIntervalMs"":42}"
906,r013-0070-eca370d7,13,-305,1,5,15,3,1,142,"{""relativeReattackFactor"":3.581462,""relativeReattackMinDelta"":0.004291,""relativeFluxFactor"":1.424828,""spectralNoveltyRatio"":3.805365,""spectralNoveltyMinBins"":26,""cooldownFrames"":3,""confirmedRmsFactor"":1.60252,""confirmedRmsMinDelta"":0.007276,""confirmedFluxFactor"":2.083844,""confirmedMinFlux"":0.00453,""confirmedMinBandRatio"":0.012533,""confirmedSpectralNoveltyMinBins"":13,""cooldownOverrideFactor"":2.170859,""cooldownOverrideMinFlux"":0.03,""cooldownOverrideMinBandRatio"":0.077248,""analyzeIntervalMs"":42}"
907,r014-0020-8f75291d,14,-305,1,5,15,3,1,142,"{""relativeReattackFactor"":3.610933,""relativeReattackMinDelta"":0.0053,""relativeFluxFactor"":1.437886,""spectralNoveltyRatio"":4.037195,""spectralNoveltyMinBins"":25,""cooldownFrames"":3,""confirmedRmsFactor"":1.604249,""confirmedRmsMinDelta"":0.007489,""confirmedFluxFactor"":2.124075,""confirmedMinFlux"":0.00405,""confirmedMinBandRatio"":0.013078,""confirmedSpectralNoveltyMinBins"":13,""cooldownOverrideFactor"":2.238691,""cooldownOverrideMinFlux"":0.029823,""cooldownOverrideMinBandRatio"":0.079176,""analyzeIntervalMs"":42}"
908,r014-0028-7d463eb8,14,-305,1,5,15,3,1,142,"{""relativeReattackFactor"":3.598155,""relativeReattackMinDelta"":0.006121,""relativeFluxFactor"":1.424767,""spectralNoveltyRatio"":3.977543,""spectralNoveltyMinBins"":26,""cooldownFrames"":3,""confirmedRmsFactor"":1.554165,""confirmedRmsMinDelta"":0.007488,""confirmedFluxFactor"":2.180383,""confirmedMinFlux"":0.00382,""confirmedMinBandRatio"":0.014971,""confirmedSpectralNoveltyMinBins"":12,""cooldownOverrideFactor"":2.074354,""cooldownOverrideMinFlux"":0.029891,""cooldownOverrideMinBandRatio"":0.078466,""analyzeIntervalMs"":42}"
909,r015-0027-e616b3e3,15,-305,1,5,15,3,1,142,"{""relativeReattackFactor"":3.587239,""relativeReattackMinDelta"":0.004861,""relativeFluxFactor"":1.4,""spectralNoveltyRatio"":4.149184,""spectralNoveltyMinBins"":26,""cooldownFrames"":3,""confirmedRmsFactor"":1.588597,""confirmedRmsMinDelta"":0.007481,""confirmedFluxFactor"":2.22598,""confirmedMinFlux"":0.005079,""confirmedMinBandRatio"":0.015343,""confirmedSpectralNoveltyMinBins"":9,""cooldownOverrideFactor"":2.432148,""cooldownOverrideMinFlux"":0.028955,""cooldownOverrideMinBandRatio"":0.075271,""analyzeIntervalMs"":42}"
910,r015-0054-4c8049a6,15,-305,1,5,15,3,1,142,"{""relativeReattackFactor"":3.632105,""relativeReattackMinDelta"":0.004874,""relativeFluxFactor"":1.464481,""spectralNoveltyRatio"":3.95234,""spectralNoveltyMinBins"":25,""cooldownFrames"":3,""confirmedRmsFactor"":1.599,""confirmedRmsMinDelta"":0.008315,""confirmedFluxFactor"":2.172333,""confirmedMinFlux"":0.004471,""confirmedMinBandRatio"":0.01101,""confirmedSpectralNoveltyMinBins"":13,""cooldownOverrideFactor"":2.2345,""cooldownOverrideMinFlux"":0.027798,""cooldownOverrideMinBandRatio"":0.079335,""analyzeIntervalMs"":42}"
911,r015-0062-c2716696,15,-305,1,5,15,3,1,142,"{""relativeReattackFactor"":3.672244,""relativeReattackMinDelta"":0.004094,""relativeFluxFactor"":1.4,""spectralNoveltyRatio"":3.980452,""spectralNoveltyMinBins"":26,""cooldownFrames"":3,""confirmedRmsFactor"":1.585489,""confirmedRmsMinDelta"":0.007633,""confirmedFluxFactor"":2.213083,""confirmedMinFlux"":0.00547,""confirmedMinBandRatio"":0.01515,""confirmedSpectralNoveltyMinBins"":10,""cooldownOverrideFactor"":2.263767,""cooldownOverrideMinFlux"":0.028947,""cooldownOverrideMinBandRatio"":0.073589,""analyzeIntervalMs"":42}"
912,r018-0020-cbbf7635,18,-305,1,5,15,3,1,142,"{""relativeReattackFactor"":3.847941,""relativeReattackMinDelta"":0.004,""relativeFluxFactor"":1.4,""spectralNoveltyRatio"":4.430755,""spectralNoveltyMinBins"":24,""cooldownFrames"":3,""confirmedRmsFactor"":1.613529,""confirmedRmsMinDelta"":0.006419,""confirmedFluxFactor"":2.368603,""confirmedMinFlux"":0.006071,""confirmedMinBandRatio"":0.012507,""confirmedSpectralNoveltyMinBins"":16,""cooldownOverrideFactor"":2.289128,""cooldownOverrideMinFlux"":0.03,""cooldownOverrideMinBandRatio"":0.079146,""analyzeIntervalMs"":42}"
913,r004-0048-ffe54c99,4,-306,2,4,19,3,1,150,"{""relativeReattackFactor"":2.744982,""relativeReattackMinDelta"":0.004,""relativeFluxFactor"":1.73413,""spectralNoveltyRatio"":5.154057,""spectralNoveltyMinBins"":18,""cooldownFrames"":3,""confirmedRmsFactor"":1.957272,""confirmedRmsMinDelta"":0.006166,""confirmedFluxFactor"":1.692958,""confirmedMinFlux"":0.0038,""confirmedMinBandRatio"":0.006519,""confirmedSpectralNoveltyMinBins"":2,""cooldownOverrideFactor"":1.931851,""cooldownOverrideMinFlux"":0.022144,""cooldownOverrideMinBandRatio"":0.084889,""analyzeIntervalMs"":41}"
914,r008-0080-efb270d3,8,-306,2,6,11,4,0,138,"{""relativeReattackFactor"":3.125662,""relativeReattackMinDelta"":0.006158,""relativeFluxFactor"":1.531407,""spectralNoveltyRatio"":4.259422,""spectralNoveltyMinBins"":25,""cooldownFrames"":3,""confirmedRmsFactor"":1.743928,""confirmedRmsMinDelta"":0.008412,""confirmedFluxFactor"":2.254936,""confirmedMinFlux"":0.003069,""confirmedMinBandRatio"":0.010216,""confirmedSpectralNoveltyMinBins"":9,""cooldownOverrideFactor"":1.992917,""cooldownOverrideMinFlux"":0.03,""cooldownOverrideMinBandRatio"":0.083497,""analyzeIntervalMs"":40}"
915,r018-0047-9b46b4d9,18,-306,2,7,11,5,0,135,"{""relativeReattackFactor"":3.804523,""relativeReattackMinDelta"":0.006063,""relativeFluxFactor"":1.660768,""spectralNoveltyRatio"":4.596948,""spectralNoveltyMinBins"":21,""cooldownFrames"":3,""confirmedRmsFactor"":1.455276,""confirmedRmsMinDelta"":0.00928,""confirmedFluxFactor"":2.215579,""confirmedMinFlux"":0.003,""confirmedMinBandRatio"":0.006,""confirmedSpectralNoveltyMinBins"":10,""cooldownOverrideFactor"":2.621584,""cooldownOverrideMinFlux"":0.02782,""cooldownOverrideMinBandRatio"":0.070288,""analyzeIntervalMs"":44}"
916,r006-0048-7f79d177,6,-307,1,5,16,3,1,144,"{""relativeReattackFactor"":3.132432,""relativeReattackMinDelta"":0.006534,""relativeFluxFactor"":1.492307,""spectralNoveltyRatio"":4.1113,""spectralNoveltyMinBins"":22,""cooldownFrames"":3,""confirmedRmsFactor"":1.61013,""confirmedRmsMinDelta"":0.007619,""confirmedFluxFactor"":2.152503,""confirmedMinFlux"":0.003,""confirmedMinBandRatio"":0.012196,""confirmedSpectralNoveltyMinBins"":12,""cooldownOverrideFactor"":2.11883,""cooldownOverrideMinFlux"":0.028267,""cooldownOverrideMinBandRatio"":0.083508,""analyzeIntervalMs"":42}"
917,r006-0059-43fa0c1b,6,-307,1,5,16,3,1,144,"{""relativeReattackFactor"":2.997657,""relativeReattackMinDelta"":0.006398,""relativeFluxFactor"":1.470887,""spectralNoveltyRatio"":3.63771,""spectralNoveltyMinBins"":24,""cooldownFrames"":3,""confirmedRmsFactor"":1.662743,""confirmedRmsMinDelta"":0.008349,""confirmedFluxFactor"":2.083043,""confirmedMinFlux"":0.005791,""confirmedMinBandRatio"":0.016402,""confirmedSpectralNoveltyMinBins"":6,""cooldownOverrideFactor"":1.895554,""cooldownOverrideMinFlux"":0.026524,""cooldownOverrideMinBandRatio"":0.09,""analyzeIntervalMs"":42}"
918,r008-0027-9dc849fe,8,-307,1,5,16,3,1,144,"{""relativeReattackFactor"":3.040109,""relativeReattackMinDelta"":0.006033,""relativeFluxFactor"":1.515379,""spectralNoveltyRatio"":3.712618,""spectralNoveltyMinBins"":26,""cooldownFrames"":3,""confirmedRmsFactor"":1.669269,""confirmedRmsMinDelta"":0.00756,""confirmedFluxFactor"":2.147193,""confirmedMinFlux"":0.003,""confirmedMinBandRatio"":0.010204,""confirmedSpectralNoveltyMinBins"":9,""cooldownOverrideFactor"":1.963156,""cooldownOverrideMinFlux"":0.029846,""cooldownOverrideMinBandRatio"":0.085665,""analyzeIntervalMs"":42}"
919,r009-0078-09793b5c,9,-307,1,5,16,3,1,144,"{""relativeReattackFactor"":3.147981,""relativeReattackMinDelta"":0.005956,""relativeFluxFactor"":1.497525,""spectralNoveltyRatio"":3.919537,""spectralNoveltyMinBins"":26,""cooldownFrames"":3,""confirmedRmsFactor"":1.690508,""confirmedRmsMinDelta"":0.00729,""confirmedFluxFactor"":2.105981,""confirmedMinFlux"":0.003206,""confirmedMinBandRatio"":0.010779,""confirmedSpectralNoveltyMinBins"":10,""cooldownOverrideFactor"":1.960505,""cooldownOverrideMinFlux"":0.03,""cooldownOverrideMinBandRatio"":0.083088,""analyzeIntervalMs"":42}"
920,r003-0069-3f49efa9,3,-307,2,6,11,4,1,136,"{""relativeReattackFactor"":4,""relativeReattackMinDelta"":0.016746,""relativeFluxFactor"":1.4,""spectralNoveltyRatio"":3.225856,""spectralNoveltyMinBins"":32,""cooldownFrames"":3,""confirmedRmsFactor"":1.61527,""confirmedRmsMinDelta"":0.006575,""confirmedFluxFactor"":1.526105,""confirmedMinFlux"":0.017772,""confirmedMinBandRatio"":0.042359,""confirmedSpectralNoveltyMinBins"":28,""cooldownOverrideFactor"":3.036464,""cooldownOverrideMinFlux"":0.004,""cooldownOverrideMinBandRatio"":0.044987,""analyzeIntervalMs"":27}"
921,r005-0003-39a45bbe,5,-307,3,7,8,5,0,130,"{""relativeReattackFactor"":3.634877,""relativeReattackMinDelta"":0.013798,""relativeFluxFactor"":1.4,""spectralNoveltyRatio"":2.419641,""spectralNoveltyMinBins"":42,""cooldownFrames"":4,""confirmedRmsFactor"":1.15,""confirmedRmsMinDelta"":0.002064,""confirmedFluxFactor"":1.234665,""confirmedMinFlux"":0.019429,""confirmedMinBandRatio"":0.041953,""confirmedSpectralNoveltyMinBins"":26,""cooldownOverrideFactor"":4.02676,""cooldownOverrideMinFlux"":0.015266,""cooldownOverrideMinBandRatio"":0.07849,""analyzeIntervalMs"":48}"
922,r011-0001-556bf566,11,-308,1,5,16,3,1,143,"{""relativeReattackFactor"":3.474821,""relativeReattackMinDelta"":0.004,""relativeFluxFactor"":1.451881,""spectralNoveltyRatio"":3.959404,""spectralNoveltyMinBins"":23,""cooldownFrames"":3,""confirmedRmsFactor"":1.641975,""confirmedRmsMinDelta"":0.008237,""confirmedFluxFactor"":2.138544,""confirmedMinFlux"":0.004738,""confirmedMinBandRatio"":0.013995,""confirmedSpectralNoveltyMinBins"":12,""cooldownOverrideFactor"":2.051862,""cooldownOverrideMinFlux"":0.028849,""cooldownOverrideMinBandRatio"":0.079059,""analyzeIntervalMs"":42}"
923,r018-0007-974b5db7,18,-308,1,5,16,3,1,143,"{""relativeReattackFactor"":3.306298,""relativeReattackMinDelta"":0.006032,""relativeFluxFactor"":1.4,""spectralNoveltyRatio"":4.871026,""spectralNoveltyMinBins"":22,""cooldownFrames"":3,""confirmedRmsFactor"":1.527997,""confirmedRmsMinDelta"":0.009027,""confirmedFluxFactor"":1.963444,""confirmedMinFlux"":0.003,""confirmedMinBandRatio"":0.019206,""confirmedSpectralNoveltyMinBins"":16,""cooldownOverrideFactor"":2.508827,""cooldownOverrideMinFlux"":0.03,""cooldownOverrideMinBandRatio"":0.076732,""analyzeIntervalMs"":42}"
924,r018-0012-0a8c3c4d,18,-308,1,5,16,3,1,143,"{""relativeReattackFactor"":3.247826,""relativeReattackMinDelta"":0.004,""relativeFluxFactor"":1.435557,""spectralNoveltyRatio"":3.400963,""spectralNoveltyMinBins"":27,""cooldownFrames"":3,""confirmedRmsFactor"":1.670046,""confirmedRmsMinDelta"":0.006217,""confirmedFluxFactor"":2.002086,""confirmedMinFlux"":0.003,""confirmedMinBandRatio"":0.01834,""confirmedSpectralNoveltyMinBins"":11,""cooldownOverrideFactor"":2.040734,""cooldownOverrideMinFlux"":0.024321,""cooldownOverrideMinBandRatio"":0.069277,""analyzeIntervalMs"":42}"
925,r006-0058-0426fce0,6,-308,2,6,12,4,0,138,"{""relativeReattackFactor"":3.362234,""relativeReattackMinDelta"":0.006294,""relativeFluxFactor"":1.599466,""spectralNoveltyRatio"":4.111466,""spectralNoveltyMinBins"":19,""cooldownFrames"":3,""confirmedRmsFactor"":1.545588,""confirmedRmsMinDelta"":0.007961,""confirmedFluxFactor"":2.095093,""confirmedMinFlux"":0.003432,""confirmedMinBandRatio"":0.016809,""confirmedSpectralNoveltyMinBins"":12,""cooldownOverrideFactor"":2.196567,""cooldownOverrideMinFlux"":0.03,""cooldownOverrideMinBandRatio"":0.079209,""analyzeIntervalMs"":40}"
926,r018-0049-2f06ece9,18,-309,1,5,12,3,0,139,"{""relativeReattackFactor"":3.780806,""relativeReattackMinDelta"":0.007468,""relativeFluxFactor"":1.686698,""spectralNoveltyRatio"":4.024742,""spectralNoveltyMinBins"":25,""cooldownFrames"":3,""confirmedRmsFactor"":1.54888,""confirmedRmsMinDelta"":0.00642,""confirmedFluxFactor"":2.229718,""confirmedMinFlux"":0.004485,""confirmedMinBandRatio"":0.013731,""confirmedSpectralNoveltyMinBins"":16,""cooldownOverrideFactor"":2.179117,""cooldownOverrideMinFlux"":0.025384,""cooldownOverrideMinBandRatio"":0.075952,""analyzeIntervalMs"":45}"
927,r018-0008-116401f3,18,-309,1,5,23,3,0,149,"{""relativeReattackFactor"":3.254528,""relativeReattackMinDelta"":0.007392,""relativeFluxFactor"":1.4,""spectralNoveltyRatio"":4.35524,""spectralNoveltyMinBins"":27,""cooldownFrames"":3,""confirmedRmsFactor"":1.62468,""confirmedRmsMinDelta"":0.00832,""confirmedFluxFactor"":2.077382,""confirmedMinFlux"":0.005547,""confirmedMinBandRatio"":0.020922,""confirmedSpectralNoveltyMinBins"":7,""cooldownOverrideFactor"":2.524449,""cooldownOverrideMinFlux"":0.023941,""cooldownOverrideMinBandRatio"":0.062126,""analyzeIntervalMs"":43}"
928,r007-0004-a4d5a671,7,-309,1,5,16,3,1,143,"{""relativeReattackFactor"":3.301931,""relativeReattackMinDelta"":0.005427,""relativeFluxFactor"":1.4,""spectralNoveltyRatio"":3.721253,""spectralNoveltyMinBins"":25,""cooldownFrames"":3,""confirmedRmsFactor"":1.620395,""confirmedRmsMinDelta"":0.008508,""confirmedFluxFactor"":2.156236,""confirmedMinFlux"":0.004563,""confirmedMinBandRatio"":0.014667,""confirmedSpectralNoveltyMinBins"":10,""cooldownOverrideFactor"":1.8,""cooldownOverrideMinFlux"":0.026124,""cooldownOverrideMinBandRatio"":0.084079,""analyzeIntervalMs"":42}"
929,r009-0026-9aee10e7,9,-309,1,5,16,3,1,143,"{""relativeReattackFactor"":3.296565,""relativeReattackMinDelta"":0.005337,""relativeFluxFactor"":1.4,""spectralNoveltyRatio"":4.173468,""spectralNoveltyMinBins"":25,""cooldownFrames"":3,""confirmedRmsFactor"":1.482533,""confirmedRmsMinDelta"":0.007603,""confirmedFluxFactor"":2.116713,""confirmedMinFlux"":0.004839,""confirmedMinBandRatio"":0.01382,""confirmedSpectralNoveltyMinBins"":11,""cooldownOverrideFactor"":2.427765,""cooldownOverrideMinFlux"":0.029397,""cooldownOverrideMinBandRatio"":0.076972,""analyzeIntervalMs"":42}"
930,r009-0079-3b8aeef6,9,-309,1,5,16,3,1,143,"{""relativeReattackFactor"":3.329011,""relativeReattackMinDelta"":0.005268,""relativeFluxFactor"":1.4,""spectralNoveltyRatio"":3.747055,""spectralNoveltyMinBins"":26,""cooldownFrames"":3,""confirmedRmsFactor"":1.537621,""confirmedRmsMinDelta"":0.008228,""confirmedFluxFactor"":2.047545,""confirmedMinFlux"":0.003549,""confirmedMinBandRatio"":0.01236,""confirmedSpectralNoveltyMinBins"":11,""cooldownOverrideFactor"":2.142143,""cooldownOverrideMinFlux"":0.027936,""cooldownOverrideMinBandRatio"":0.085579,""analyzeIntervalMs"":42}"
931,r010-0023-d550051c,10,-309,1,5,16,3,1,143,"{""relativeReattackFactor"":3.395226,""relativeReattackMinDelta"":0.004829,""relativeFluxFactor"":1.4,""spectralNoveltyRatio"":3.953338,""spectralNoveltyMinBins"":26,""cooldownFrames"":3,""confirmedRmsFactor"":1.527964,""confirmedRmsMinDelta"":0.007989,""confirmedFluxFactor"":2.14017,""confirmedMinFlux"":0.003635,""confirmedMinBandRatio"":0.015091,""confirmedSpectralNoveltyMinBins"":13,""cooldownOverrideFactor"":2.063351,""cooldownOverrideMinFlux"":0.02968,""cooldownOverrideMinBandRatio"":0.08102,""analyzeIntervalMs"":42}"
932,r010-0059-c1d2e396,10,-309,1,5,16,3,1,143,"{""relativeReattackFactor"":3.51778,""relativeReattackMinDelta"":0.004658,""relativeFluxFactor"":1.4,""spectralNoveltyRatio"":4.104158,""spectralNoveltyMinBins"":25,""cooldownFrames"":3,""confirmedRmsFactor"":1.46848,""confirmedRmsMinDelta"":0.007596,""confirmedFluxFactor"":2.105768,""confirmedMinFlux"":0.00485,""confirmedMinBandRatio"":0.016197,""confirmedSpectralNoveltyMinBins"":11,""cooldownOverrideFactor"":2.427498,""cooldownOverrideMinFlux"":0.029135,""cooldownOverrideMinBandRatio"":0.076751,""analyzeIntervalMs"":42}"
933,r011-0002-714a31ec,11,-309,1,5,16,3,1,143,"{""relativeReattackFactor"":3.505953,""relativeReattackMinDelta"":0.004,""relativeFluxFactor"":1.4,""spectralNoveltyRatio"":4.156043,""spectralNoveltyMinBins"":25,""cooldownFrames"":3,""confirmedRmsFactor"":1.504408,""confirmedRmsMinDelta"":0.006932,""confirmedFluxFactor"":2.172073,""confirmedMinFlux"":0.005143,""confirmedMinBandRatio"":0.016142,""confirmedSpectralNoveltyMinBins"":9,""cooldownOverrideFactor"":2.303932,""cooldownOverrideMinFlux"":0.027798,""cooldownOverrideMinBandRatio"":0.074916,""analyzeIntervalMs"":42}"
934,r011-0026-d6b5602d,11,-309,1,5,16,3,1,143,"{""relativeReattackFactor"":3.534187,""relativeReattackMinDelta"":0.004,""relativeFluxFactor"":1.4,""spectralNoveltyRatio"":4.136037,""spectralNoveltyMinBins"":25,""cooldownFrames"":3,""confirmedRmsFactor"":1.626312,""confirmedRmsMinDelta"":0.007886,""confirmedFluxFactor"":2.12617,""confirmedMinFlux"":0.004353,""confirmedMinBandRatio"":0.014119,""confirmedSpectralNoveltyMinBins"":13,""cooldownOverrideFactor"":2.076808,""cooldownOverrideMinFlux"":0.028324,""cooldownOverrideMinBandRatio"":0.077117,""analyzeIntervalMs"":42}"
935,r012-0025-160b3aa4,12,-309,1,5,16,3,1,143,"{""relativeReattackFactor"":3.509242,""relativeReattackMinDelta"":0.004,""relativeFluxFactor"":1.4,""spectralNoveltyRatio"":4.035489,""spectralNoveltyMinBins"":26,""cooldownFrames"":3,""confirmedRmsFactor"":1.568955,""confirmedRmsMinDelta"":0.007731,""confirmedFluxFactor"":2.128226,""confirmedMinFlux"":0.003949,""confirmedMinBandRatio"":0.013587,""confirmedSpectralNoveltyMinBins"":12,""cooldownOverrideFactor"":2.037979,""cooldownOverrideMinFlux"":0.028679,""cooldownOverrideMinBandRatio"":0.076831,""analyzeIntervalMs"":42}"
936,r012-0034-54410a06,12,-309,1,5,16,3,1,143,"{""relativeReattackFactor"":3.530324,""relativeReattackMinDelta"":0.00508,""relativeFluxFactor"":1.4,""spectralNoveltyRatio"":4.04289,""spectralNoveltyMinBins"":26,""cooldownFrames"":3,""confirmedRmsFactor"":1.571049,""confirmedRmsMinDelta"":0.008124,""confirmedFluxFactor"":2.144123,""confirmedMinFlux"":0.005371,""confirmedMinBandRatio"":0.011323,""confirmedSpectralNoveltyMinBins"":12,""cooldownOverrideFactor"":2.277968,""cooldownOverrideMinFlux"":0.028024,""cooldownOverrideMinBandRatio"":0.081275,""analyzeIntervalMs"":42}"
937,r012-0061-c110b2c3,12,-309,1,5,16,3,1,143,"{""relativeReattackFactor"":3.531088,""relativeReattackMinDelta"":0.004653,""relativeFluxFactor"":1.409617,""spectralNoveltyRatio"":4.089006,""spectralNoveltyMinBins"":25,""cooldownFrames"":3,""confirmedRmsFactor"":1.620025,""confirmedRmsMinDelta"":0.007582,""confirmedFluxFactor"":2.115914,""confirmedMinFlux"":0.003319,""confirmedMinBandRatio"":0.013698,""confirmedSpectralNoveltyMinBins"":12,""cooldownOverrideFactor"":2.185503,""cooldownOverrideMinFlux"":0.02962,""cooldownOverrideMinBandRatio"":0.081959,""analyzeIntervalMs"":42}"
938,r012-0069-66892fa1,12,-309,1,5,16,3,1,143,"{""relativeReattackFactor"":3.541852,""relativeReattackMinDelta"":0.005549,""relativeFluxFactor"":1.4,""spectralNoveltyRatio"":4.034259,""spectralNoveltyMinBins"":25,""cooldownFrames"":3,""confirmedRmsFactor"":1.589364,""confirmedRmsMinDelta"":0.007682,""confirmedFluxFactor"":2.155521,""confirmedMinFlux"":0.004954,""confirmedMinBandRatio"":0.013043,""confirmedSpectralNoveltyMinBins"":13,""cooldownOverrideFactor"":2.193235,""cooldownOverrideMinFlux"":0.02815,""cooldownOverrideMinBandRatio"":0.078544,""analyzeIntervalMs"":42}"
939,r012-0071-857ebe8b,12,-309,1,5,16,3,1,143,"{""relativeReattackFactor"":3.52875,""relativeReattackMinDelta"":0.004952,""relativeFluxFactor"":1.4,""spectralNoveltyRatio"":3.999803,""spectralNoveltyMinBins"":26,""cooldownFrames"":3,""confirmedRmsFactor"":1.612329,""confirmedRmsMinDelta"":0.008127,""confirmedFluxFactor"":2.110141,""confirmedMinFlux"":0.003709,""confirmedMinBandRatio"":0.012459,""confirmedSpectralNoveltyMinBins"":11,""cooldownOverrideFactor"":2.215464,""cooldownOverrideMinFlux"":0.028271,""cooldownOverrideMinBandRatio"":0.081117,""analyzeIntervalMs"":42}"
940,r012-0078-2e71a570,12,-309,1,5,16,3,1,143,"{""relativeReattackFactor"":3.507297,""relativeReattackMinDelta"":0.006808,""relativeFluxFactor"":1.4,""spectralNoveltyRatio"":3.95063,""spectralNoveltyMinBins"":25,""cooldownFrames"":3,""confirmedRmsFactor"":1.555992,""confirmedRmsMinDelta"":0.007664,""confirmedFluxFactor"":2.105621,""confirmedMinFlux"":0.004013,""confirmedMinBandRatio"":0.012911,""confirmedSpectralNoveltyMinBins"":14,""cooldownOverrideFactor"":2.096409,""cooldownOverrideMinFlux"":0.03,""cooldownOverrideMinBandRatio"":0.081917,""analyzeIntervalMs"":42}"
941,r013-0005-980d0745,13,-309,1,5,16,3,1,143,"{""relativeReattackFactor"":3.530032,""relativeReattackMinDelta"":0.004443,""relativeFluxFactor"":1.4,""spectralNoveltyRatio"":4.079754,""spectralNoveltyMinBins"":26,""cooldownFrames"":3,""confirmedRmsFactor"":1.583075,""confirmedRmsMinDelta"":0.007587,""confirmedFluxFactor"":2.08718,""confirmedMinFlux"":0.0049,""confirmedMinBandRatio"":0.01247,""confirmedSpectralNoveltyMinBins"":11,""cooldownOverrideFactor"":2.161719,""cooldownOverrideMinFlux"":0.029258,""cooldownOverrideMinBandRatio"":0.078292,""analyzeIntervalMs"":42}"
942,r013-0013-5479ab99,13,-309,1,5,16,3,1,143,"{""relativeReattackFactor"":3.45677,""relativeReattackMinDelta"":0.006874,""relativeFluxFactor"":1.4,""spectralNoveltyRatio"":4.046991,""spectralNoveltyMinBins"":25,""cooldownFrames"":3,""confirmedRmsFactor"":1.581945,""confirmedRmsMinDelta"":0.007516,""confirmedFluxFactor"":2.174532,""confirmedMinFlux"":0.004072,""confirmedMinBandRatio"":0.014248,""confirmedSpectralNoveltyMinBins"":14,""cooldownOverrideFactor"":2.091878,""cooldownOverrideMinFlux"":0.03,""cooldownOverrideMinBandRatio"":0.079452,""analyzeIntervalMs"":42}"
943,r013-0021-2240925c,13,-309,1,5,16,3,1,143,"{""relativeReattackFactor"":3.59281,""relativeReattackMinDelta"":0.004408,""relativeFluxFactor"":1.4,""spectralNoveltyRatio"":4.083199,""spectralNoveltyMinBins"":25,""cooldownFrames"":3,""confirmedRmsFactor"":1.655225,""confirmedRmsMinDelta"":0.008028,""confirmedFluxFactor"":2.141191,""confirmedMinFlux"":0.003719,""confirmedMinBandRatio"":0.013049,""confirmedSpectralNoveltyMinBins"":12,""cooldownOverrideFactor"":2.346464,""cooldownOverrideMinFlux"":0.028726,""cooldownOverrideMinBandRatio"":0.080475,""analyzeIntervalMs"":42}"
944,r013-0059-0fb618f4,13,-309,1,5,16,3,1,143,"{""relativeReattackFactor"":3.570267,""relativeReattackMinDelta"":0.004326,""relativeFluxFactor"":1.4,""spectralNoveltyRatio"":4.012492,""spectralNoveltyMinBins"":26,""cooldownFrames"":3,""confirmedRmsFactor"":1.532638,""confirmedRmsMinDelta"":0.007785,""confirmedFluxFactor"":2.121076,""confirmedMinFlux"":0.005089,""confirmedMinBandRatio"":0.012458,""confirmedSpectralNoveltyMinBins"":14,""cooldownOverrideFactor"":2.137161,""cooldownOverrideMinFlux"":0.029687,""cooldownOverrideMinBandRatio"":0.079203,""analyzeIntervalMs"":42}"
945,r014-0075-651c8590,14,-309,1,5,16,3,1,143,"{""relativeReattackFactor"":3.614766,""relativeReattackMinDelta"":0.005099,""relativeFluxFactor"":1.4,""spectralNoveltyRatio"":3.934576,""spectralNoveltyMinBins"":26,""cooldownFrames"":3,""confirmedRmsFactor"":1.588685,""confirmedRmsMinDelta"":0.00763,""confirmedFluxFactor"":2.029176,""confirmedMinFlux"":0.003742,""confirmedMinBandRatio"":0.011972,""confirmedSpectralNoveltyMinBins"":13,""cooldownOverrideFactor"":2.120441,""cooldownOverrideMinFlux"":0.02964,""cooldownOverrideMinBandRatio"":0.078544,""analyzeIntervalMs"":42}"
946,r015-0020-b56fedff,15,-309,1,5,16,3,1,143,"{""relativeReattackFactor"":3.424646,""relativeReattackMinDelta"":0.0042,""relativeFluxFactor"":1.404454,""spectralNoveltyRatio"":3.913138,""spectralNoveltyMinBins"":25,""cooldownFrames"":3,""confirmedRmsFactor"":1.592198,""confirmedRmsMinDelta"":0.007784,""confirmedFluxFactor"":2.119097,""confirmedMinFlux"":0.004025,""confirmedMinBandRatio"":0.013411,""confirmedSpectralNoveltyMinBins"":11,""cooldownOverrideFactor"":2.093099,""cooldownOverrideMinFlux"":0.03,""cooldownOverrideMinBandRatio"":0.078184,""analyzeIntervalMs"":42}"
947,r015-0023-fe6ba9e3,15,-309,1,5,16,3,1,143,"{""relativeReattackFactor"":3.578025,""relativeReattackMinDelta"":0.005977,""relativeFluxFactor"":1.4,""spectralNoveltyRatio"":4.056057,""spectralNoveltyMinBins"":26,""cooldownFrames"":3,""confirmedRmsFactor"":1.533273,""confirmedRmsMinDelta"":0.007811,""confirmedFluxFactor"":2.071303,""confirmedMinFlux"":0.003537,""confirmedMinBandRatio"":0.015095,""confirmedSpectralNoveltyMinBins"":12,""cooldownOverrideFactor"":2.188246,""cooldownOverrideMinFlux"":0.029002,""cooldownOverrideMinBandRatio"":0.083072,""analyzeIntervalMs"":42}"
948,r016-0005-2dcb5fcc,16,-309,1,5,16,3,1,143,"{""relativeReattackFactor"":3.522123,""relativeReattackMinDelta"":0.011815,""relativeFluxFactor"":1.4,""spectralNoveltyRatio"":4.629601,""spectralNoveltyMinBins"":21,""cooldownFrames"":3,""confirmedRmsFactor"":1.737894,""confirmedRmsMinDelta"":0.007113,""confirmedFluxFactor"":2.14463,""confirmedMinFlux"":0.006241,""confirmedMinBandRatio"":0.014516,""confirmedSpectralNoveltyMinBins"":5,""cooldownOverrideFactor"":1.8,""cooldownOverrideMinFlux"":0.03,""cooldownOverrideMinBandRatio"":0.09,""analyzeIntervalMs"":42}"
949,r007-0077-003a606e,7,-309,2,6,12,4,0,139,"{""relativeReattackFactor"":2.952251,""relativeReattackMinDelta"":0.00609,""relativeFluxFactor"":1.601593,""spectralNoveltyRatio"":3.902355,""spectralNoveltyMinBins"":25,""cooldownFrames"":3,""confirmedRmsFactor"":1.782568,""confirmedRmsMinDelta"":0.008397,""confirmedFluxFactor"":2.261669,""confirmedMinFlux"":0.003012,""confirmedMinBandRatio"":0.014691,""confirmedSpectralNoveltyMinBins"":10,""cooldownOverrideFactor"":1.8,""cooldownOverrideMinFlux"":0.027572,""cooldownOverrideMinBandRatio"":0.083439,""analyzeIntervalMs"":40}"
950,r003-0053-eebdd906,3,-310,1,5,22,3,0,149,"{""relativeReattackFactor"":2.844705,""relativeReattackMinDelta"":0.004,""relativeFluxFactor"":1.829268,""spectralNoveltyRatio"":3.725331,""spectralNoveltyMinBins"":11,""cooldownFrames"":3,""confirmedRmsFactor"":1.759765,""confirmedRmsMinDelta"":0.007625,""confirmedFluxFactor"":2.163086,""confirmedMinFlux"":0.006771,""confirmedMinBandRatio"":0.020346,""confirmedSpectralNoveltyMinBins"":2,""cooldownOverrideFactor"":1.8,""cooldownOverrideMinFlux"":0.024656,""cooldownOverrideMinBandRatio"":0.08508,""analyzeIntervalMs"":44}"
951,r018-0078-59c487f4,18,-310,1,6,13,4,0,138,"{""relativeReattackFactor"":3.281067,""relativeReattackMinDelta"":0.004,""relativeFluxFactor"":1.4,""spectralNoveltyRatio"":4.325385,""spectralNoveltyMinBins"":23,""cooldownFrames"":3,""confirmedRmsFactor"":1.450506,""confirmedRmsMinDelta"":0.008322,""confirmedFluxFactor"":2.119465,""confirmedMinFlux"":0.006767,""confirmedMinBandRatio"":0.009023,""confirmedSpectralNoveltyMinBins"":4,""cooldownOverrideFactor"":2.283493,""cooldownOverrideMinFlux"":0.023847,""cooldownOverrideMinBandRatio"":0.069365,""analyzeIntervalMs"":44}"
952,r005-0017-e2714faf,5,-311,1,5,17,3,1,145,"{""relativeReattackFactor"":2.810109,""relativeReattackMinDelta"":0.004,""relativeFluxFactor"":1.494457,""spectralNoveltyRatio"":3.912461,""spectralNoveltyMinBins"":20,""cooldownFrames"":3,""confirmedRmsFactor"":1.666999,""confirmedRmsMinDelta"":0.008895,""confirmedFluxFactor"":2.106386,""confirmedMinFlux"":0.0049,""confirmedMinBandRatio"":0.015164,""confirmedSpectralNoveltyMinBins"":8,""cooldownOverrideFactor"":1.8,""cooldownOverrideMinFlux"":0.024531,""cooldownOverrideMinBandRatio"":0.09,""analyzeIntervalMs"":42}"
953,r005-0066-0dc106fe,5,-311,1,5,17,3,1,144,"{""relativeReattackFactor"":3.187467,""relativeReattackMinDelta"":0.004,""relativeFluxFactor"":1.42829,""spectralNoveltyRatio"":3.997218,""spectralNoveltyMinBins"":24,""cooldownFrames"":3,""confirmedRmsFactor"":1.68465,""confirmedRmsMinDelta"":0.008461,""confirmedFluxFactor"":2.092465,""confirmedMinFlux"":0.003643,""confirmedMinBandRatio"":0.014036,""confirmedSpectralNoveltyMinBins"":8,""cooldownOverrideFactor"":1.8,""cooldownOverrideMinFlux"":0.026404,""cooldownOverrideMinBandRatio"":0.08958,""analyzeIntervalMs"":42}"
954,r008-0054-3cd3de91,8,-311,1,5,17,3,1,145,"{""relativeReattackFactor"":3.136925,""relativeReattackMinDelta"":0.005984,""relativeFluxFactor"":1.46506,""spectralNoveltyRatio"":3.759966,""spectralNoveltyMinBins"":25,""cooldownFrames"":3,""confirmedRmsFactor"":1.813654,""confirmedRmsMinDelta"":0.008965,""confirmedFluxFactor"":2.183515,""confirmedMinFlux"":0.00368,""confirmedMinBandRatio"":0.012357,""confirmedSpectralNoveltyMinBins"":12,""cooldownOverrideFactor"":1.92211,""cooldownOverrideMinFlux"":0.02706,""cooldownOverrideMinBandRatio"":0.082269,""analyzeIntervalMs"":42}"
955,r008-0065-a9b5a1d7,8,-311,1,5,17,3,1,145,"{""relativeReattackFactor"":2.902129,""relativeReattackMinDelta"":0.00686,""relativeFluxFactor"":1.4,""spectralNoveltyRatio"":4.304449,""spectralNoveltyMinBins"":26,""cooldownFrames"":3,""confirmedRmsFactor"":1.702821,""confirmedRmsMinDelta"":0.008284,""confirmedFluxFactor"":2.288561,""confirmedMinFlux"":0.003942,""confirmedMinBandRatio"":0.01108,""confirmedSpectralNoveltyMinBins"":10,""cooldownOverrideFactor"":1.888487,""cooldownOverrideMinFlux"":0.03,""cooldownOverrideMinBandRatio"":0.085095,""analyzeIntervalMs"":42}"
956,r009-0003-cf3c7215,9,-311,1,5,17,3,1,145,"{""relativeReattackFactor"":3.028923,""relativeReattackMinDelta"":0.005904,""relativeFluxFactor"":1.44776,""spectralNoveltyRatio"":3.950397,""spectralNoveltyMinBins"":26,""cooldownFrames"":3,""confirmedRmsFactor"":1.622562,""confirmedRmsMinDelta"":0.007624,""confirmedFluxFactor"":2.097379,""confirmedMinFlux"":0.003,""confirmedMinBandRatio"":0.010888,""confirmedSpectralNoveltyMinBins"":9,""cooldownOverrideFactor"":1.928023,""cooldownOverrideMinFlux"":0.02944,""cooldownOverrideMinBandRatio"":0.083291,""analyzeIntervalMs"":42}"
957,r009-0008-16c6b972,9,-311,1,5,17,3,1,145,"{""relativeReattackFactor"":2.970584,""relativeReattackMinDelta"":0.005156,""relativeFluxFactor"":1.431668,""spectralNoveltyRatio"":3.88972,""spectralNoveltyMinBins"":26,""cooldownFrames"":3,""confirmedRmsFactor"":1.624545,""confirmedRmsMinDelta"":0.00762,""confirmedFluxFactor"":2.093827,""confirmedMinFlux"":0.003481,""confirmedMinBandRatio"":0.009819,""confirmedSpectralNoveltyMinBins"":10,""cooldownOverrideFactor"":1.82453,""cooldownOverrideMinFlux"":0.03,""cooldownOverrideMinBandRatio"":0.084231,""analyzeIntervalMs"":42}"
958,r003-0021-1df7fcc8,3,-311,3,7,9,5,0,132,"{""relativeReattackFactor"":3.598334,""relativeReattackMinDelta"":0.011317,""relativeFluxFactor"":1.4,""spectralNoveltyRatio"":3.198664,""spectralNoveltyMinBins"":36,""cooldownFrames"":4,""confirmedRmsFactor"":1.287271,""confirmedRmsMinDelta"":0.003534,""confirmedFluxFactor"":1.343557,""confirmedMinFlux"":0.017292,""confirmedMinBandRatio"":0.04424,""confirmedSpectralNoveltyMinBins"":29,""cooldownOverrideFactor"":3.890696,""cooldownOverrideMinFlux"":0.013455,""cooldownOverrideMinBandRatio"":0.081697,""analyzeIntervalMs"":48}"
959,r018-0030-f1ed095e,18,-311,3,7,16,5,2,139,"{""relativeReattackFactor"":3.238423,""relativeReattackMinDelta"":0.004,""relativeFluxFactor"":1.4,""spectralNoveltyRatio"":3.816971,""spectralNoveltyMinBins"":34,""cooldownFrames"":3,""confirmedRmsFactor"":1.520582,""confirmedRmsMinDelta"":0.009316,""confirmedFluxFactor"":2.119256,""confirmedMinFlux"":0.003178,""confirmedMinBandRatio"":0.012034,""confirmedSpectralNoveltyMinBins"":15,""cooldownOverrideFactor"":2.67441,""cooldownOverrideMinFlux"":0.03,""cooldownOverrideMinBandRatio"":0.087873,""analyzeIntervalMs"":37}"
960,r006-0016-e89f66ed,6,-312,1,5,23,3,0,150,"{""relativeReattackFactor"":2.890405,""relativeReattackMinDelta"":0.005554,""relativeFluxFactor"":1.483532,""spectralNoveltyRatio"":4.29277,""spectralNoveltyMinBins"":27,""cooldownFrames"":3,""confirmedRmsFactor"":1.732066,""confirmedRmsMinDelta"":0.008429,""confirmedFluxFactor"":2.26237,""confirmedMinFlux"":0.003584,""confirmedMinBandRatio"":0.014381,""confirmedSpectralNoveltyMinBins"":12,""cooldownOverrideFactor"":1.8,""cooldownOverrideMinFlux"":0.026845,""cooldownOverrideMinBandRatio"":0.084985,""analyzeIntervalMs"":43}"
961,r006-0038-f8252993,6,-312,1,5,17,3,1,144,"{""relativeReattackFactor"":3.410824,""relativeReattackMinDelta"":0.004123,""relativeFluxFactor"":1.4,""spectralNoveltyRatio"":4.165898,""spectralNoveltyMinBins"":22,""cooldownFrames"":3,""confirmedRmsFactor"":1.537635,""confirmedRmsMinDelta"":0.008442,""confirmedFluxFactor"":2.132108,""confirmedMinFlux"":0.003,""confirmedMinBandRatio"":0.016732,""confirmedSpectralNoveltyMinBins"":13,""cooldownOverrideFactor"":2.141073,""cooldownOverrideMinFlux"":0.03,""cooldownOverrideMinBandRatio"":0.081089,""analyzeIntervalMs"":42}"
962,r008-0003-0698b7cc,8,-312,1,5,17,3,1,144,"{""relativeReattackFactor"":3.375051,""relativeReattackMinDelta"":0.006447,""relativeFluxFactor"":1.4,""spectralNoveltyRatio"":3.919149,""spectralNoveltyMinBins"":23,""cooldownFrames"":3,""confirmedRmsFactor"":1.496695,""confirmedRmsMinDelta"":0.008288,""confirmedFluxFactor"":2.165,""confirmedMinFlux"":0.003355,""confirmedMinBandRatio"":0.014692,""confirmedSpectralNoveltyMinBins"":13,""cooldownOverrideFactor"":2.218765,""cooldownOverrideMinFlux"":0.028846,""cooldownOverrideMinBandRatio"":0.087231,""analyzeIntervalMs"":42}"
963,r008-0036-d3a1db40,8,-312,1,5,17,3,1,144,"{""relativeReattackFactor"":3.393898,""relativeReattackMinDelta"":0.004535,""relativeFluxFactor"":1.414025,""spectralNoveltyRatio"":3.954612,""spectralNoveltyMinBins"":24,""cooldownFrames"":3,""confirmedRmsFactor"":1.53475,""confirmedRmsMinDelta"":0.007535,""confirmedFluxFactor"":2.153725,""confirmedMinFlux"":0.004729,""confirmedMinBandRatio"":0.015873,""confirmedSpectralNoveltyMinBins"":12,""cooldownOverrideFactor"":2.118799,""cooldownOverrideMinFlux"":0.029501,""cooldownOverrideMinBandRatio"":0.074992,""analyzeIntervalMs"":42}"
964,r009-0069-089ab62c,9,-312,1,5,17,3,1,144,"{""relativeReattackFactor"":3.203197,""relativeReattackMinDelta"":0.006703,""relativeFluxFactor"":1.4,""spectralNoveltyRatio"":3.790954,""spectralNoveltyMinBins"":25,""cooldownFrames"":3,""confirmedRmsFactor"":1.514719,""confirmedRmsMinDelta"":0.008589,""confirmedFluxFactor"":2.095341,""confirmedMinFlux"":0.003,""confirmedMinBandRatio"":0.013655,""confirmedSpectralNoveltyMinBins"":12,""cooldownOverrideFactor"":2.004358,""cooldownOverrideMinFlux"":0.027623,""cooldownOverrideMinBandRatio"":0.085321,""analyzeIntervalMs"":42}"
965,r010-0012-0343db1f,10,-312,1,5,17,3,1,144,"{""relativeReattackFactor"":3.440372,""relativeReattackMinDelta"":0.00526,""relativeFluxFactor"":1.4,""spectralNoveltyRatio"":4.173822,""spectralNoveltyMinBins"":24,""cooldownFrames"":3,""confirmedRmsFactor"":1.556199,""confirmedRmsMinDelta"":0.008153,""confirmedFluxFactor"":2.131923,""confirmedMinFlux"":0.003439,""confirmedMinBandRatio"":0.015542,""confirmedSpectralNoveltyMinBins"":12,""cooldownOverrideFactor"":2.017841,""cooldownOverrideMinFlux"":0.028443,""cooldownOverrideMinBandRatio"":0.078633,""analyzeIntervalMs"":42}"
966,r010-0034-646c720c,10,-312,1,5,17,3,1,144,"{""relativeReattackFactor"":3.418798,""relativeReattackMinDelta"":0.004,""relativeFluxFactor"":1.4,""spectralNoveltyRatio"":4.201279,""spectralNoveltyMinBins"":24,""cooldownFrames"":3,""confirmedRmsFactor"":1.512616,""confirmedRmsMinDelta"":0.007395,""confirmedFluxFactor"":2.120244,""confirmedMinFlux"":0.003685,""confirmedMinBandRatio"":0.016291,""confirmedSpectralNoveltyMinBins"":10,""cooldownOverrideFactor"":2.245641,""cooldownOverrideMinFlux"":0.029308,""cooldownOverrideMinBandRatio"":0.074522,""analyzeIntervalMs"":42}"
967,r010-0068-59979412,10,-312,1,5,17,3,1,144,"{""relativeReattackFactor"":3.476363,""relativeReattackMinDelta"":0.004741,""relativeFluxFactor"":1.4,""spectralNoveltyRatio"":4.150209,""spectralNoveltyMinBins"":22,""cooldownFrames"":3,""confirmedRmsFactor"":1.549606,""confirmedRmsMinDelta"":0.00769,""confirmedFluxFactor"":2.133899,""confirmedMinFlux"":0.004016,""confirmedMinBandRatio"":0.014296,""confirmedSpectralNoveltyMinBins"":12,""cooldownOverrideFactor"":2.268008,""cooldownOverrideMinFlux"":0.02981,""cooldownOverrideMinBandRatio"":0.08047,""analyzeIntervalMs"":42}"
968,r010-0069-8823cf67,10,-312,1,5,17,3,1,144,"{""relativeReattackFactor"":3.364043,""relativeReattackMinDelta"":0.005072,""relativeFluxFactor"":1.4,""spectralNoveltyRatio"":4.019264,""spectralNoveltyMinBins"":23,""cooldownFrames"":3,""confirmedRmsFactor"":1.490094,""confirmedRmsMinDelta"":0.007468,""confirmedFluxFactor"":2.103458,""confirmedMinFlux"":0.004641,""confirmedMinBandRatio"":0.014764,""confirmedSpectralNoveltyMinBins"":12,""cooldownOverrideFactor"":2.278067,""cooldownOverrideMinFlux"":0.028065,""cooldownOverrideMinBandRatio"":0.077535,""analyzeIntervalMs"":42}"
969,r010-0070-2d81c66f,10,-312,1,5,17,3,1,144,"{""relativeReattackFactor"":3.45167,""relativeReattackMinDelta"":0.005313,""relativeFluxFactor"":1.4,""spectralNoveltyRatio"":4.030191,""spectralNoveltyMinBins"":23,""cooldownFrames"":3,""confirmedRmsFactor"":1.547604,""confirmedRmsMinDelta"":0.007868,""confirmedFluxFactor"":2.185751,""confirmedMinFlux"":0.005129,""confirmedMinBandRatio"":0.012878,""confirmedSpectralNoveltyMinBins"":10,""cooldownOverrideFactor"":1.981747,""cooldownOverrideMinFlux"":0.028726,""cooldownOverrideMinBandRatio"":0.080377,""analyzeIntervalMs"":42}"
970,r010-0080-3e2f8147,10,-312,1,5,17,3,1,144,"{""relativeReattackFactor"":3.409869,""relativeReattackMinDelta"":0.005354,""relativeFluxFactor"":1.4,""spectralNoveltyRatio"":3.888475,""spectralNoveltyMinBins"":23,""cooldownFrames"":3,""confirmedRmsFactor"":1.568441,""confirmedRmsMinDelta"":0.007249,""confirmedFluxFactor"":2.175062,""confirmedMinFlux"":0.005045,""confirmedMinBandRatio"":0.014183,""confirmedSpectralNoveltyMinBins"":12,""cooldownOverrideFactor"":2.071383,""cooldownOverrideMinFlux"":0.028336,""cooldownOverrideMinBandRatio"":0.081387,""analyzeIntervalMs"":42}"
971,r011-0022-79b3f962,11,-312,1,5,17,3,1,144,"{""relativeReattackFactor"":3.550859,""relativeReattackMinDelta"":0.004193,""relativeFluxFactor"":1.401775,""spectralNoveltyRatio"":4.289652,""spectralNoveltyMinBins"":22,""cooldownFrames"":3,""confirmedRmsFactor"":1.490735,""confirmedRmsMinDelta"":0.006755,""confirmedFluxFactor"":2.215283,""confirmedMinFlux"":0.004758,""confirmedMinBandRatio"":0.018622,""confirmedSpectralNoveltyMinBins"":11,""cooldownOverrideFactor"":2.350777,""cooldownOverrideMinFlux"":0.029396,""cooldownOverrideMinBandRatio"":0.077305,""analyzeIntervalMs"":42}"
972,r011-0023-78fe587a,11,-312,1,5,17,3,1,144,"{""relativeReattackFactor"":3.344711,""relativeReattackMinDelta"":0.004,""relativeFluxFactor"":1.4,""spectralNoveltyRatio"":4.251878,""spectralNoveltyMinBins"":24,""cooldownFrames"":3,""confirmedRmsFactor"":1.531447,""confirmedRmsMinDelta"":0.007939,""confirmedFluxFactor"":2.086407,""confirmedMinFlux"":0.004844,""confirmedMinBandRatio"":0.015481,""confirmedSpectralNoveltyMinBins"":11,""cooldownOverrideFactor"":2.400979,""cooldownOverrideMinFlux"":0.028885,""cooldownOverrideMinBandRatio"":0.078077,""analyzeIntervalMs"":42}"
973,r011-0031-c586f5be,11,-312,1,5,17,3,1,144,"{""relativeReattackFactor"":3.459442,""relativeReattackMinDelta"":0.004,""relativeFluxFactor"":1.413713,""spectralNoveltyRatio"":3.857647,""spectralNoveltyMinBins"":24,""cooldownFrames"":3,""confirmedRmsFactor"":1.607597,""confirmedRmsMinDelta"":0.007533,""confirmedFluxFactor"":2.091126,""confirmedMinFlux"":0.004223,""confirmedMinBandRatio"":0.01411,""confirmedSpectralNoveltyMinBins"":11,""cooldownOverrideFactor"":2.099445,""cooldownOverrideMinFlux"":0.028619,""cooldownOverrideMinBandRatio"":0.079377,""analyzeIntervalMs"":42}"
974,r011-0032-a8544da3,11,-312,1,5,17,3,1,144,"{""relativeReattackFactor"":3.557183,""relativeReattackMinDelta"":0.004943,""relativeFluxFactor"":1.4,""spectralNoveltyRatio"":4.213432,""spectralNoveltyMinBins"":23,""cooldownFrames"":3,""confirmedRmsFactor"":1.517123,""confirmedRmsMinDelta"":0.007304,""confirmedFluxFactor"":2.217113,""confirmedMinFlux"":0.004273,""confirmedMinBandRatio"":0.017226,""confirmedSpectralNoveltyMinBins"":10,""cooldownOverrideFactor"":2.317722,""cooldownOverrideMinFlux"":0.029058,""cooldownOverrideMinBandRatio"":0.074477,""analyzeIntervalMs"":42}"
975,r011-0071-87fb163b,11,-312,1,5,17,3,1,144,"{""relativeReattackFactor"":3.462131,""relativeReattackMinDelta"":0.004904,""relativeFluxFactor"":1.4,""spectralNoveltyRatio"":4.106364,""spectralNoveltyMinBins"":23,""cooldownFrames"":3,""confirmedRmsFactor"":1.589717,""confirmedRmsMinDelta"":0.007478,""confirmedFluxFactor"":2.13344,""confirmedMinFlux"":0.003811,""confirmedMinBandRatio"":0.012152,""confirmedSpectralNoveltyMinBins"":12,""cooldownOverrideFactor"":2.244257,""cooldownOverrideMinFlux"":0.029728,""cooldownOverrideMinBandRatio"":0.081503,""analyzeIntervalMs"":42}"
976,r012-0055-2f9d1520,12,-312,1,5,17,3,1,144,"{""relativeReattackFactor"":3.473379,""relativeReattackMinDelta"":0.004044,""relativeFluxFactor"":1.4,""spectralNoveltyRatio"":3.97671,""spectralNoveltyMinBins"":23,""cooldownFrames"":3,""confirmedRmsFactor"":1.644187,""confirmedRmsMinDelta"":0.007866,""confirmedFluxFactor"":2.155735,""confirmedMinFlux"":0.004172,""confirmedMinBandRatio"":0.013665,""confirmedSpectralNoveltyMinBins"":11,""cooldownOverrideFactor"":2.031557,""cooldownOverrideMinFlux"":0.03,""cooldownOverrideMinBandRatio"":0.07954,""analyzeIntervalMs"":42}"
977,r012-0060-6d3eb61d,12,-312,1,5,17,3,1,144,"{""relativeReattackFactor"":3.447716,""relativeReattackMinDelta"":0.004705,""relativeFluxFactor"":1.4,""spectralNoveltyRatio"":4.151892,""spectralNoveltyMinBins"":23,""cooldownFrames"":3,""confirmedRmsFactor"":1.616866,""confirmedRmsMinDelta"":0.007664,""confirmedFluxFactor"":2.164794,""confirmedMinFlux"":0.003595,""confirmedMinBandRatio"":0.014138,""confirmedSpectralNoveltyMinBins"":12,""cooldownOverrideFactor"":2.04714,""cooldownOverrideMinFlux"":0.028895,""cooldownOverrideMinBandRatio"":0.078676,""analyzeIntervalMs"":42}"
978,r012-0068-d62db483,12,-312,1,5,17,3,1,144,"{""relativeReattackFactor"":3.520133,""relativeReattackMinDelta"":0.006223,""relativeFluxFactor"":1.4,""spectralNoveltyRatio"":4.116324,""spectralNoveltyMinBins"":24,""cooldownFrames"":3,""confirmedRmsFactor"":1.543835,""confirmedRmsMinDelta"":0.007395,""confirmedFluxFactor"":2.093304,""confirmedMinFlux"":0.003097,""confirmedMinBandRatio"":0.012275,""confirmedSpectralNoveltyMinBins"":13,""cooldownOverrideFactor"":2.035019,""cooldownOverrideMinFlux"":0.029702,""cooldownOverrideMinBandRatio"":0.081867,""analyzeIntervalMs"":42}"
979,r015-0067-88995034,15,-312,1,5,17,3,1,144,"{""relativeReattackFactor"":3.52769,""relativeReattackMinDelta"":0.00422,""relativeFluxFactor"":1.4,""spectralNoveltyRatio"":4.05932,""spectralNoveltyMinBins"":24,""cooldownFrames"":3,""confirmedRmsFactor"":1.523439,""confirmedRmsMinDelta"":0.007254,""confirmedFluxFactor"":2.283561,""confirmedMinFlux"":0.004715,""confirmedMinBandRatio"":0.017125,""confirmedSpectralNoveltyMinBins"":10,""cooldownOverrideFactor"":2.320203,""cooldownOverrideMinFlux"":0.027647,""cooldownOverrideMinBandRatio"":0.071182,""analyzeIntervalMs"":42}"
980,r015-0072-75c93d8e,15,-312,1,5,17,3,1,144,"{""relativeReattackFactor"":3.576147,""relativeReattackMinDelta"":0.004268,""relativeFluxFactor"":1.4,""spectralNoveltyRatio"":4.216502,""spectralNoveltyMinBins"":24,""cooldownFrames"":3,""confirmedRmsFactor"":1.590781,""confirmedRmsMinDelta"":0.007129,""confirmedFluxFactor"":2.261843,""confirmedMinFlux"":0.004581,""confirmedMinBandRatio"":0.017729,""confirmedSpectralNoveltyMinBins"":10,""cooldownOverrideFactor"":2.410133,""cooldownOverrideMinFlux"":0.027231,""cooldownOverrideMinBandRatio"":0.074756,""analyzeIntervalMs"":42}"
981,r018-0027-005ab6d5,18,-312,1,5,17,3,1,144,"{""relativeReattackFactor"":3.641518,""relativeReattackMinDelta"":0.005914,""relativeFluxFactor"":1.4,""spectralNoveltyRatio"":3.970375,""spectralNoveltyMinBins"":21,""cooldownFrames"":3,""confirmedRmsFactor"":1.677575,""confirmedRmsMinDelta"":0.008945,""confirmedFluxFactor"":2.278603,""confirmedMinFlux"":0.006804,""confirmedMinBandRatio"":0.017905,""confirmedSpectralNoveltyMinBins"":13,""cooldownOverrideFactor"":2.220507,""cooldownOverrideMinFlux"":0.028352,""cooldownOverrideMinBandRatio"":0.088166,""analyzeIntervalMs"":42}"
982,r002-0008-8b0cf2d5,2,-314,2,3,28,2,4,158,"{""relativeReattackFactor"":2.930042,""relativeReattackMinDelta"":0.012004,""relativeFluxFactor"":1.4,""spectralNoveltyRatio"":3.70071,""spectralNoveltyMinBins"":26,""cooldownFrames"":3,""confirmedRmsFactor"":1.576658,""confirmedRmsMinDelta"":0.007735,""confirmedFluxFactor"":1.516152,""confirmedMinFlux"":0.015625,""confirmedMinBandRatio"":0.038652,""confirmedSpectralNoveltyMinBins"":32,""cooldownOverrideFactor"":4.856955,""cooldownOverrideMinFlux"":0.007191,""cooldownOverrideMinBandRatio"":0.02,""analyzeIntervalMs"":34}"
983,r007-0059-80de163f,7,-314,1,5,18,3,1,146,"{""relativeReattackFactor"":3.041811,""relativeReattackMinDelta"":0.004,""relativeFluxFactor"":1.431729,""spectralNoveltyRatio"":3.947847,""spectralNoveltyMinBins"":20,""cooldownFrames"":3,""confirmedRmsFactor"":1.635873,""confirmedRmsMinDelta"":0.008813,""confirmedFluxFactor"":2.216072,""confirmedMinFlux"":0.004191,""confirmedMinBandRatio"":0.018156,""confirmedSpectralNoveltyMinBins"":11,""cooldownOverrideFactor"":1.948968,""cooldownOverrideMinFlux"":0.025898,""cooldownOverrideMinBandRatio"":0.082869,""analyzeIntervalMs"":42}"
984,r018-0003-d19b4507,18,-314,1,6,14,4,0,139,"{""relativeReattackFactor"":3.624074,""relativeReattackMinDelta"":0.005638,""relativeFluxFactor"":1.4,""spectralNoveltyRatio"":3.609889,""spectralNoveltyMinBins"":23,""cooldownFrames"":3,""confirmedRmsFactor"":1.528142,""confirmedRmsMinDelta"":0.008496,""confirmedFluxFactor"":2.253926,""confirmedMinFlux"":0.004361,""confirmedMinBandRatio"":0.022902,""confirmedSpectralNoveltyMinBins"":7,""cooldownOverrideFactor"":1.926465,""cooldownOverrideMinFlux"":0.02403,""cooldownOverrideMinBandRatio"":0.084893,""analyzeIntervalMs"":44}"
985,r016-0006-7161914a,16,-314,2,6,16,4,2,141,"{""relativeReattackFactor"":3.56784,""relativeReattackMinDelta"":0.004,""relativeFluxFactor"":1.4,""spectralNoveltyRatio"":4.491469,""spectralNoveltyMinBins"":28,""cooldownFrames"":3,""confirmedRmsFactor"":1.638636,""confirmedRmsMinDelta"":0.008744,""confirmedFluxFactor"":2.08943,""confirmedMinFlux"":0.005586,""confirmedMinBandRatio"":0.006,""confirmedSpectralNoveltyMinBins"":12,""cooldownOverrideFactor"":3.208091,""cooldownOverrideMinFlux"":0.022859,""cooldownOverrideMinBandRatio"":0.062925,""analyzeIntervalMs"":37}"
986,r004-0057-9efabaad,4,-314,4,8,5,6,0,124,"{""relativeReattackFactor"":3.876751,""relativeReattackMinDelta"":0.012196,""relativeFluxFactor"":1.609645,""spectralNoveltyRatio"":2.178129,""spectralNoveltyMinBins"":44,""cooldownFrames"":4,""confirmedRmsFactor"":1.239668,""confirmedRmsMinDelta"":0.002,""confirmedFluxFactor"":1.444397,""confirmedMinFlux"":0.017784,""confirmedMinBandRatio"":0.046107,""confirmedSpectralNoveltyMinBins"":21,""cooldownOverrideFactor"":4.285535,""cooldownOverrideMinFlux"":0.013807,""cooldownOverrideMinBandRatio"":0.068942,""analyzeIntervalMs"":45}"
987,r005-0051-74f9c55f,5,-315,1,5,18,3,1,146,"{""relativeReattackFactor"":3.035889,""relativeReattackMinDelta"":0.005235,""relativeFluxFactor"":1.4,""spectralNoveltyRatio"":3.812179,""spectralNoveltyMinBins"":25,""cooldownFrames"":3,""confirmedRmsFactor"":1.681474,""confirmedRmsMinDelta"":0.008739,""confirmedFluxFactor"":2.075404,""confirmedMinFlux"":0.004728,""confirmedMinBandRatio"":0.018333,""confirmedSpectralNoveltyMinBins"":11,""cooldownOverrideFactor"":1.992489,""cooldownOverrideMinFlux"":0.02527,""cooldownOverrideMinBandRatio"":0.088704,""analyzeIntervalMs"":42}"
988,r006-0033-910b5a86,6,-315,1,5,18,3,1,145,"{""relativeReattackFactor"":3.194226,""relativeReattackMinDelta"":0.004096,""relativeFluxFactor"":1.4,""spectralNoveltyRatio"":4.14174,""spectralNoveltyMinBins"":20,""cooldownFrames"":3,""confirmedRmsFactor"":1.617758,""confirmedRmsMinDelta"":0.007522,""confirmedFluxFactor"":2.132062,""confirmedMinFlux"":0.004243,""confirmedMinBandRatio"":0.012809,""confirmedSpectralNoveltyMinBins"":13,""cooldownOverrideFactor"":2.105918,""cooldownOverrideMinFlux"":0.03,""cooldownOverrideMinBandRatio"":0.078782,""analyzeIntervalMs"":42}"
989,r006-0047-bb5c38b0,6,-315,1,5,18,3,1,146,"{""relativeReattackFactor"":3.028714,""relativeReattackMinDelta"":0.005781,""relativeFluxFactor"":1.4,""spectralNoveltyRatio"":3.807434,""spectralNoveltyMinBins"":26,""cooldownFrames"":3,""confirmedRmsFactor"":1.724854,""confirmedRmsMinDelta"":0.008355,""confirmedFluxFactor"":2.252203,""confirmedMinFlux"":0.004302,""confirmedMinBandRatio"":0.017163,""confirmedSpectralNoveltyMinBins"":8,""cooldownOverrideFactor"":1.88435,""cooldownOverrideMinFlux"":0.028979,""cooldownOverrideMinBandRatio"":0.088776,""analyzeIntervalMs"":42}"
990,r007-0069-8c7bb99a,7,-315,1,5,18,3,1,146,"{""relativeReattackFactor"":3.048129,""relativeReattackMinDelta"":0.005581,""relativeFluxFactor"":1.4,""spectralNoveltyRatio"":3.998055,""spectralNoveltyMinBins"":25,""cooldownFrames"":3,""confirmedRmsFactor"":1.725271,""confirmedRmsMinDelta"":0.008293,""confirmedFluxFactor"":2.214194,""confirmedMinFlux"":0.004397,""confirmedMinBandRatio"":0.017228,""confirmedSpectralNoveltyMinBins"":9,""cooldownOverrideFactor"":1.916451,""cooldownOverrideMinFlux"":0.02836,""cooldownOverrideMinBandRatio"":0.087454,""analyzeIntervalMs"":42}"
991,r008-0019-fb238429,8,-315,1,5,18,3,1,146,"{""relativeReattackFactor"":3.141094,""relativeReattackMinDelta"":0.005778,""relativeFluxFactor"":1.4,""spectralNoveltyRatio"":3.993041,""spectralNoveltyMinBins"":26,""cooldownFrames"":3,""confirmedRmsFactor"":1.75737,""confirmedRmsMinDelta"":0.008877,""confirmedFluxFactor"":2.176688,""confirmedMinFlux"":0.003071,""confirmedMinBandRatio"":0.014014,""confirmedSpectralNoveltyMinBins"":10,""cooldownOverrideFactor"":1.8,""cooldownOverrideMinFlux"":0.027821,""cooldownOverrideMinBandRatio"":0.083122,""analyzeIntervalMs"":42}"
992,r009-0044-ab8003da,9,-315,1,5,18,3,1,145,"{""relativeReattackFactor"":3.2275,""relativeReattackMinDelta"":0.0058,""relativeFluxFactor"":1.406516,""spectralNoveltyRatio"":3.918562,""spectralNoveltyMinBins"":22,""cooldownFrames"":3,""confirmedRmsFactor"":1.509774,""confirmedRmsMinDelta"":0.008438,""confirmedFluxFactor"":2.051775,""confirmedMinFlux"":0.003541,""confirmedMinBandRatio"":0.012098,""confirmedSpectralNoveltyMinBins"":11,""cooldownOverrideFactor"":1.976849,""cooldownOverrideMinFlux"":0.028103,""cooldownOverrideMinBandRatio"":0.082994,""analyzeIntervalMs"":42}"
993,r016-0044-cee3d745,16,-315,2,4,22,3,1,150,"{""relativeReattackFactor"":3.776534,""relativeReattackMinDelta"":0.004737,""relativeFluxFactor"":1.822274,""spectralNoveltyRatio"":2.961158,""spectralNoveltyMinBins"":19,""cooldownFrames"":3,""confirmedRmsFactor"":1.579851,""confirmedRmsMinDelta"":0.005992,""confirmedFluxFactor"":2.4,""confirmedMinFlux"":0.003,""confirmedMinBandRatio"":0.023328,""confirmedSpectralNoveltyMinBins"":16,""cooldownOverrideFactor"":1.8,""cooldownOverrideMinFlux"":0.028641,""cooldownOverrideMinBandRatio"":0.074074,""analyzeIntervalMs"":38}"
994,r016-0066-3e558140,16,-316,1,5,14,3,0,141,"{""relativeReattackFactor"":2.904008,""relativeReattackMinDelta"":0.006762,""relativeFluxFactor"":1.4,""spectralNoveltyRatio"":3.114428,""spectralNoveltyMinBins"":34,""cooldownFrames"":3,""confirmedRmsFactor"":1.352073,""confirmedRmsMinDelta"":0.005935,""confirmedFluxFactor"":2.4,""confirmedMinFlux"":0.00475,""confirmedMinBandRatio"":0.016435,""confirmedSpectralNoveltyMinBins"":9,""cooldownOverrideFactor"":3.013189,""cooldownOverrideMinFlux"":0.026391,""cooldownOverrideMinBandRatio"":0.06947,""analyzeIntervalMs"":49}"
995,r017-0018-9162a57d,17,-316,2,4,22,3,1,150,"{""relativeReattackFactor"":3.172833,""relativeReattackMinDelta"":0.004,""relativeFluxFactor"":1.571146,""spectralNoveltyRatio"":3.957974,""spectralNoveltyMinBins"":20,""cooldownFrames"":4,""confirmedRmsFactor"":1.525371,""confirmedRmsMinDelta"":0.006227,""confirmedFluxFactor"":1.802176,""confirmedMinFlux"":0.004242,""confirmedMinBandRatio"":0.014398,""confirmedSpectralNoveltyMinBins"":13,""cooldownOverrideFactor"":1.8,""cooldownOverrideMinFlux"":0.03,""cooldownOverrideMinBandRatio"":0.09,""analyzeIntervalMs"":38}"
996,r005-0061-61d9a53b,5,-318,1,5,19,3,1,147,"{""relativeReattackFactor"":2.990238,""relativeReattackMinDelta"":0.004,""relativeFluxFactor"":1.4,""spectralNoveltyRatio"":4.171672,""spectralNoveltyMinBins"":20,""cooldownFrames"":3,""confirmedRmsFactor"":1.724721,""confirmedRmsMinDelta"":0.008045,""confirmedFluxFactor"":2.186416,""confirmedMinFlux"":0.003,""confirmedMinBandRatio"":0.013143,""confirmedSpectralNoveltyMinBins"":6,""cooldownOverrideFactor"":2.080665,""cooldownOverrideMinFlux"":0.026143,""cooldownOverrideMinBandRatio"":0.09,""analyzeIntervalMs"":42}"
997,r006-0002-69310d55,6,-318,1,5,19,3,1,147,"{""relativeReattackFactor"":3.128202,""relativeReattackMinDelta"":0.004005,""relativeFluxFactor"":1.4,""spectralNoveltyRatio"":4.054831,""spectralNoveltyMinBins"":23,""cooldownFrames"":3,""confirmedRmsFactor"":1.624434,""confirmedRmsMinDelta"":0.00787,""confirmedFluxFactor"":2.134461,""confirmedMinFlux"":0.005016,""confirmedMinBandRatio"":0.017802,""confirmedSpectralNoveltyMinBins"":9,""cooldownOverrideFactor"":1.96085,""cooldownOverrideMinFlux"":0.028856,""cooldownOverrideMinBandRatio"":0.087357,""analyzeIntervalMs"":42}"
998,r007-0052-d4a28b00,7,-318,1,5,19,3,1,147,"{""relativeReattackFactor"":3.060074,""relativeReattackMinDelta"":0.004762,""relativeFluxFactor"":1.4,""spectralNoveltyRatio"":4.181939,""spectralNoveltyMinBins"":23,""cooldownFrames"":3,""confirmedRmsFactor"":1.754382,""confirmedRmsMinDelta"":0.008188,""confirmedFluxFactor"":2.171417,""confirmedMinFlux"":0.003938,""confirmedMinBandRatio"":0.015072,""confirmedSpectralNoveltyMinBins"":11,""cooldownOverrideFactor"":1.8,""cooldownOverrideMinFlux"":0.02945,""cooldownOverrideMinBandRatio"":0.081223,""analyzeIntervalMs"":42}"
999,r007-0071-0dfa9bcc,7,-318,1,5,19,3,1,147,"{""relativeReattackFactor"":3.115424,""relativeReattackMinDelta"":0.005031,""relativeFluxFactor"":1.4,""spectralNoveltyRatio"":3.746626,""spectralNoveltyMinBins"":24,""cooldownFrames"":3,""confirmedRmsFactor"":1.826304,""confirmedRmsMinDelta"":0.00898,""confirmedFluxFactor"":2.209987,""confirmedMinFlux"":0.00369,""confirmedMinBandRatio"":0.012655,""confirmedSpectralNoveltyMinBins"":12,""cooldownOverrideFactor"":1.8,""cooldownOverrideMinFlux"":0.026403,""cooldownOverrideMinBandRatio"":0.0843,""analyzeIntervalMs"":42}"
1000,r008-0015-65119b4b,8,-318,1,5,19,3,1,147,"{""relativeReattackFactor"":2.984314,""relativeReattackMinDelta"":0.006209,""relativeFluxFactor"":1.4,""spectralNoveltyRatio"":4.225651,""spectralNoveltyMinBins"":24,""cooldownFrames"":3,""confirmedRmsFactor"":1.733039,""confirmedRmsMinDelta"":0.008022,""confirmedFluxFactor"":2.221131,""confirmedMinFlux"":0.003413,""confirmedMinBandRatio"":0.010366,""confirmedSpectralNoveltyMinBins"":10,""cooldownOverrideFactor"":1.8,""cooldownOverrideMinFlux"":0.03,""cooldownOverrideMinBandRatio"":0.083726,""analyzeIntervalMs"":42}"
1001,r008-0030-dadd1da3,8,-318,1,5,19,3,1,147,"{""relativeReattackFactor"":3.064126,""relativeReattackMinDelta"":0.005469,""relativeFluxFactor"":1.4,""spectralNoveltyRatio"":4.30087,""spectralNoveltyMinBins"":24,""cooldownFrames"":3,""confirmedRmsFactor"":1.706603,""confirmedRmsMinDelta"":0.008333,""confirmedFluxFactor"":2.211682,""confirmedMinFlux"":0.003933,""confirmedMinBandRatio"":0.00933,""confirmedSpectralNoveltyMinBins"":8,""cooldownOverrideFactor"":1.877124,""cooldownOverrideMinFlux"":0.029335,""cooldownOverrideMinBandRatio"":0.086297,""analyzeIntervalMs"":42}"
1002,r008-0039-fd1d5bf7,8,-318,1,5,19,3,1,147,"{""relativeReattackFactor"":3.031878,""relativeReattackMinDelta"":0.004766,""relativeFluxFactor"":1.4,""spectralNoveltyRatio"":4.055861,""spectralNoveltyMinBins"":23,""cooldownFrames"":3,""confirmedRmsFactor"":1.762468,""confirmedRmsMinDelta"":0.008454,""confirmedFluxFactor"":2.165442,""confirmedMinFlux"":0.003,""confirmedMinBandRatio"":0.013499,""confirmedSpectralNoveltyMinBins"":11,""cooldownOverrideFactor"":1.854344,""cooldownOverrideMinFlux"":0.027648,""cooldownOverrideMinBandRatio"":0.079268,""analyzeIntervalMs"":42}"
1003,r008-0079-13cae592,8,-318,1,5,19,3,1,147,"{""relativeReattackFactor"":3.003851,""relativeReattackMinDelta"":0.005871,""relativeFluxFactor"":1.4,""spectralNoveltyRatio"":4.04114,""spectralNoveltyMinBins"":22,""cooldownFrames"":3,""confirmedRmsFactor"":1.827391,""confirmedRmsMinDelta"":0.008302,""confirmedFluxFactor"":2.120342,""confirmedMinFlux"":0.003755,""confirmedMinBandRatio"":0.01588,""confirmedSpectralNoveltyMinBins"":12,""cooldownOverrideFactor"":1.974825,""cooldownOverrideMinFlux"":0.027682,""cooldownOverrideMinBandRatio"":0.079386,""analyzeIntervalMs"":42}"
1004,r007-0022-3b18a394,7,-319,1,5,19,3,1,147,"{""relativeReattackFactor"":2.829155,""relativeReattackMinDelta"":0.005321,""relativeFluxFactor"":1.4,""spectralNoveltyRatio"":4.158283,""spectralNoveltyMinBins"":25,""cooldownFrames"":3,""confirmedRmsFactor"":1.785215,""confirmedRmsMinDelta"":0.008103,""confirmedFluxFactor"":2.132807,""confirmedMinFlux"":0.004275,""confirmedMinBandRatio"":0.010555,""confirmedSpectralNoveltyMinBins"":12,""cooldownOverrideFactor"":1.884289,""cooldownOverrideMinFlux"":0.028406,""cooldownOverrideMinBandRatio"":0.082307,""analyzeIntervalMs"":42}"
1005,r016-0070-2468e0ca,16,-320,2,3,30,2,4,160,"{""relativeReattackFactor"":3.126975,""relativeReattackMinDelta"":0.004,""relativeFluxFactor"":1.4,""spectralNoveltyRatio"":4.799343,""spectralNoveltyMinBins"":17,""cooldownFrames"":3,""confirmedRmsFactor"":1.792218,""confirmedRmsMinDelta"":0.004664,""confirmedFluxFactor"":2.230513,""confirmedMinFlux"":0.004985,""confirmedMinBandRatio"":0.020108,""confirmedSpectralNoveltyMinBins"":2,""cooldownOverrideFactor"":1.8,""cooldownOverrideMinFlux"":0.03,""cooldownOverrideMinBandRatio"":0.056391,""analyzeIntervalMs"":34}"
1006,r003-0070-3755ddbe,3,-321,2,4,17,3,2,147,"{""relativeReattackFactor"":2.534803,""relativeReattackMinDelta"":0.014585,""relativeFluxFactor"":1.639825,""spectralNoveltyRatio"":1.662436,""spectralNoveltyMinBins"":20,""cooldownFrames"":4,""confirmedRmsFactor"":1.394018,""confirmedRmsMinDelta"":0.004059,""confirmedFluxFactor"":1.82659,""confirmedMinFlux"":0.013844,""confirmedMinBandRatio"":0.025813,""confirmedSpectralNoveltyMinBins"":27,""cooldownOverrideFactor"":4.800289,""cooldownOverrideMinFlux"":0.004791,""cooldownOverrideMinBandRatio"":0.09,""analyzeIntervalMs"":42}"
1007,r016-0003-2a08352d,16,-322,1,4,24,2,3,152,"{""relativeReattackFactor"":3.697301,""relativeReattackMinDelta"":0.005245,""relativeFluxFactor"":1.4,""spectralNoveltyRatio"":4.322948,""spectralNoveltyMinBins"":23,""cooldownFrames"":3,""confirmedRmsFactor"":1.344803,""confirmedRmsMinDelta"":0.008433,""confirmedFluxFactor"":2.4,""confirmedMinFlux"":0.006399,""confirmedMinBandRatio"":0.010699,""confirmedSpectralNoveltyMinBins"":8,""cooldownOverrideFactor"":3.21819,""cooldownOverrideMinFlux"":0.023122,""cooldownOverrideMinBandRatio"":0.074387,""analyzeIntervalMs"":34}"
1008,r003-0033-162b887c,3,-323,2,6,12,4,1,138,"{""relativeReattackFactor"":3.341918,""relativeReattackMinDelta"":0.009317,""relativeFluxFactor"":1.786302,""spectralNoveltyRatio"":4.938171,""spectralNoveltyMinBins"":13,""cooldownFrames"":3,""confirmedRmsFactor"":1.575231,""confirmedRmsMinDelta"":0.008867,""confirmedFluxFactor"":2.001257,""confirmedMinFlux"":0.005416,""confirmedMinBandRatio"":0.00737,""confirmedSpectralNoveltyMinBins"":6,""cooldownOverrideFactor"":2.300366,""cooldownOverrideMinFlux"":0.018178,""cooldownOverrideMinBandRatio"":0.078357,""analyzeIntervalMs"":42}"
1009,r004-0080-f3de7748,4,-323,2,7,7,5,0,131,"{""relativeReattackFactor"":3.81959,""relativeReattackMinDelta"":0.013899,""relativeFluxFactor"":1.738703,""spectralNoveltyRatio"":3.895939,""spectralNoveltyMinBins"":22,""cooldownFrames"":4,""confirmedRmsFactor"":1.611776,""confirmedRmsMinDelta"":0.002887,""confirmedFluxFactor"":1.919783,""confirmedMinFlux"":0.01703,""confirmedMinBandRatio"":0.022466,""confirmedSpectralNoveltyMinBins"":27,""cooldownOverrideFactor"":4.301427,""cooldownOverrideMinFlux"":0.004,""cooldownOverrideMinBandRatio"":0.063958,""analyzeIntervalMs"":44}"
1010,r017-0009-d430c1e7,17,-326,4,9,6,7,0,123,"{""relativeReattackFactor"":4,""relativeReattackMinDelta"":0.004,""relativeFluxFactor"":1.4,""spectralNoveltyRatio"":5.239284,""spectralNoveltyMinBins"":44,""cooldownFrames"":3,""confirmedRmsFactor"":1.397165,""confirmedRmsMinDelta"":0.010836,""confirmedFluxFactor"":2.4,""confirmedMinFlux"":0.003138,""confirmedMinBandRatio"":0.017603,""confirmedSpectralNoveltyMinBins"":21,""cooldownOverrideFactor"":3.140228,""cooldownOverrideMinFlux"":0.03,""cooldownOverrideMinBandRatio"":0.083126,""analyzeIntervalMs"":42}"
1011,r005-0043-01735a1e,5,-327,4,8,5,6,0,124,"{""relativeReattackFactor"":3.895269,""relativeReattackMinDelta"":0.013765,""relativeFluxFactor"":1.702629,""spectralNoveltyRatio"":2.796468,""spectralNoveltyMinBins"":43,""cooldownFrames"":4,""confirmedRmsFactor"":1.15,""confirmedRmsMinDelta"":0.002,""confirmedFluxFactor"":1.306915,""confirmedMinFlux"":0.018849,""confirmedMinBandRatio"":0.039523,""confirmedSpectralNoveltyMinBins"":22,""cooldownOverrideFactor"":4.078575,""cooldownOverrideMinFlux"":0.013346,""cooldownOverrideMinBandRatio"":0.080693,""analyzeIntervalMs"":47}"
1012,r016-0009-61c80089,16,-327,3,8,11,6,0,133,"{""relativeReattackFactor"":2.986483,""relativeReattackMinDelta"":0.007977,""relativeFluxFactor"":1.58638,""spectralNoveltyRatio"":2.641509,""spectralNoveltyMinBins"":45,""cooldownFrames"":3,""confirmedRmsFactor"":1.542499,""confirmedRmsMinDelta"":0.010318,""confirmedFluxFactor"":1.946853,""confirmedMinFlux"":0.003347,""confirmedMinBandRatio"":0.006,""confirmedSpectralNoveltyMinBins"":15,""cooldownOverrideFactor"":3.264309,""cooldownOverrideMinFlux"":0.03,""cooldownOverrideMinBandRatio"":0.09,""analyzeIntervalMs"":42}"
1013,r018-0042-f5adba2b,18,-328,1,5,22,3,1,148,"{""relativeReattackFactor"":3.525462,""relativeReattackMinDelta"":0.008239,""relativeFluxFactor"":1.4,""spectralNoveltyRatio"":3.469308,""spectralNoveltyMinBins"":27,""cooldownFrames"":3,""confirmedRmsFactor"":1.544122,""confirmedRmsMinDelta"":0.007343,""confirmedFluxFactor"":2.055632,""confirmedMinFlux"":0.003,""confirmedMinBandRatio"":0.006,""confirmedSpectralNoveltyMinBins"":13,""cooldownOverrideFactor"":1.8664,""cooldownOverrideMinFlux"":0.03,""cooldownOverrideMinBandRatio"":0.087907,""analyzeIntervalMs"":38}"
1014,r005-0036-4b33d347,5,-329,1,4,25,2,1,153,"{""relativeReattackFactor"":3.216634,""relativeReattackMinDelta"":0.00512,""relativeFluxFactor"":1.4,""spectralNoveltyRatio"":3.654013,""spectralNoveltyMinBins"":22,""cooldownFrames"":3,""confirmedRmsFactor"":1.76364,""confirmedRmsMinDelta"":0.007783,""confirmedFluxFactor"":2.102762,""confirmedMinFlux"":0.003847,""confirmedMinBandRatio"":0.015511,""confirmedSpectralNoveltyMinBins"":10,""cooldownOverrideFactor"":1.8,""cooldownOverrideMinFlux"":0.027753,""cooldownOverrideMinBandRatio"":0.082019,""analyzeIntervalMs"":43}"
1015,r006-0013-e31c7a2b,6,-329,1,4,25,2,1,153,"{""relativeReattackFactor"":3.367441,""relativeReattackMinDelta"":0.005415,""relativeFluxFactor"":1.4,""spectralNoveltyRatio"":3.701208,""spectralNoveltyMinBins"":22,""cooldownFrames"":3,""confirmedRmsFactor"":1.646477,""confirmedRmsMinDelta"":0.007983,""confirmedFluxFactor"":2.027517,""confirmedMinFlux"":0.003848,""confirmedMinBandRatio"":0.012367,""confirmedSpectralNoveltyMinBins"":9,""cooldownOverrideFactor"":1.984577,""cooldownOverrideMinFlux"":0.027927,""cooldownOverrideMinBandRatio"":0.086041,""analyzeIntervalMs"":43}"
1016,r006-0062-933c9ca8,6,-329,1,4,25,2,1,153,"{""relativeReattackFactor"":3.243366,""relativeReattackMinDelta"":0.00562,""relativeFluxFactor"":1.4,""spectralNoveltyRatio"":3.933606,""spectralNoveltyMinBins"":21,""cooldownFrames"":3,""confirmedRmsFactor"":1.60673,""confirmedRmsMinDelta"":0.007937,""confirmedFluxFactor"":2.195173,""confirmedMinFlux"":0.003333,""confirmedMinBandRatio"":0.019169,""confirmedSpectralNoveltyMinBins"":7,""cooldownOverrideFactor"":1.8,""cooldownOverrideMinFlux"":0.027788,""cooldownOverrideMinBandRatio"":0.089198,""analyzeIntervalMs"":43}"
1017,r006-0073-03103a52,6,-329,1,4,25,2,1,153,"{""relativeReattackFactor"":3.393613,""relativeReattackMinDelta"":0.005654,""relativeFluxFactor"":1.4,""spectralNoveltyRatio"":4.150228,""spectralNoveltyMinBins"":23,""cooldownFrames"":3,""confirmedRmsFactor"":1.649918,""confirmedRmsMinDelta"":0.007755,""confirmedFluxFactor"":2.075578,""confirmedMinFlux"":0.004196,""confirmedMinBandRatio"":0.015235,""confirmedSpectralNoveltyMinBins"":12,""cooldownOverrideFactor"":2.08132,""cooldownOverrideMinFlux"":0.03,""cooldownOverrideMinBandRatio"":0.07759,""analyzeIntervalMs"":43}"
1018,r016-0036-fc75c43f,16,-329,1,4,27,2,3,156,"{""relativeReattackFactor"":3.132862,""relativeReattackMinDelta"":0.004,""relativeFluxFactor"":1.4,""spectralNoveltyRatio"":4.126476,""spectralNoveltyMinBins"":21,""cooldownFrames"":3,""confirmedRmsFactor"":1.892432,""confirmedRmsMinDelta"":0.011044,""confirmedFluxFactor"":1.995111,""confirmedMinFlux"":0.008981,""confirmedMinBandRatio"":0.006,""confirmedSpectralNoveltyMinBins"":7,""cooldownOverrideFactor"":2.854187,""cooldownOverrideMinFlux"":0.03,""cooldownOverrideMinBandRatio"":0.09,""analyzeIntervalMs"":38}"
1019,r018-0056-0ad19fa4,18,-330,1,5,18,3,0,145,"{""relativeReattackFactor"":3.600041,""relativeReattackMinDelta"":0.005741,""relativeFluxFactor"":1.4,""spectralNoveltyRatio"":5.737903,""spectralNoveltyMinBins"":15,""cooldownFrames"":4,""confirmedRmsFactor"":1.683614,""confirmedRmsMinDelta"":0.004388,""confirmedFluxFactor"":1.817996,""confirmedMinFlux"":0.003974,""confirmedMinBandRatio"":0.024547,""confirmedSpectralNoveltyMinBins"":12,""cooldownOverrideFactor"":3.248574,""cooldownOverrideMinFlux"":0.025555,""cooldownOverrideMinBandRatio"":0.077941,""analyzeIntervalMs"":39}"
1020,r002-0042-88614f4e,2,-331,1,5,17,3,0,142,"{""relativeReattackFactor"":3.60472,""relativeReattackMinDelta"":0.004998,""relativeFluxFactor"":1.4,""spectralNoveltyRatio"":4.392983,""spectralNoveltyMinBins"":31,""cooldownFrames"":2,""confirmedRmsFactor"":2.013238,""confirmedRmsMinDelta"":0.006259,""confirmedFluxFactor"":1.947654,""confirmedMinFlux"":0.00473,""confirmedMinBandRatio"":0.034489,""confirmedSpectralNoveltyMinBins"":7,""cooldownOverrideFactor"":2.741424,""cooldownOverrideMinFlux"":0.023223,""cooldownOverrideMinBandRatio"":0.073697,""analyzeIntervalMs"":50}"
1021,r006-0055-d828e6ee,6,-332,1,4,25,2,1,153,"{""relativeReattackFactor"":3.233261,""relativeReattackMinDelta"":0.005422,""relativeFluxFactor"":1.479795,""spectralNoveltyRatio"":3.500958,""spectralNoveltyMinBins"":18,""cooldownFrames"":3,""confirmedRmsFactor"":1.630046,""confirmedRmsMinDelta"":0.007917,""confirmedFluxFactor"":2.071695,""confirmedMinFlux"":0.005912,""confirmedMinBandRatio"":0.011034,""confirmedSpectralNoveltyMinBins"":6,""cooldownOverrideFactor"":1.819124,""cooldownOverrideMinFlux"":0.024837,""cooldownOverrideMinBandRatio"":0.086037,""analyzeIntervalMs"":43}"
1022,r017-0028-847b7ee7,17,-332,1,5,14,3,1,142,"{""relativeReattackFactor"":3.815478,""relativeReattackMinDelta"":0.012086,""relativeFluxFactor"":1.4,""spectralNoveltyRatio"":4.977736,""spectralNoveltyMinBins"":18,""cooldownFrames"":3,""confirmedRmsFactor"":1.730302,""confirmedRmsMinDelta"":0.005614,""confirmedFluxFactor"":2.172993,""confirmedMinFlux"":0.003,""confirmedMinBandRatio"":0.017292,""confirmedSpectralNoveltyMinBins"":8,""cooldownOverrideFactor"":1.8,""cooldownOverrideMinFlux"":0.0282,""cooldownOverrideMinBandRatio"":0.057474,""analyzeIntervalMs"":47}"
1023,r005-0071-8ddf7f9c,5,-335,1,5,23,3,1,149,"{""relativeReattackFactor"":2.969338,""relativeReattackMinDelta"":0.005488,""relativeFluxFactor"":1.4,""spectralNoveltyRatio"":3.555988,""spectralNoveltyMinBins"":25,""cooldownFrames"":3,""confirmedRmsFactor"":1.722811,""confirmedRmsMinDelta"":0.008138,""confirmedFluxFactor"":2.2031,""confirmedMinFlux"":0.005255,""confirmedMinBandRatio"":0.020217,""confirmedSpectralNoveltyMinBins"":8,""cooldownOverrideFactor"":2.05038,""cooldownOverrideMinFlux"":0.028281,""cooldownOverrideMinBandRatio"":0.084072,""analyzeIntervalMs"":39}"
1024,r016-0060-6175a21e,16,-335,2,7,13,5,0,138,"{""relativeReattackFactor"":4,""relativeReattackMinDelta"":0.007013,""relativeFluxFactor"":1.4,""spectralNoveltyRatio"":4.611213,""spectralNoveltyMinBins"":25,""cooldownFrames"":3,""confirmedRmsFactor"":1.501836,""confirmedRmsMinDelta"":0.004306,""confirmedFluxFactor"":1.790295,""confirmedMinFlux"":0.003,""confirmedMinBandRatio"":0.016827,""confirmedSpectralNoveltyMinBins"":13,""cooldownOverrideFactor"":3.029218,""cooldownOverrideMinFlux"":0.029266,""cooldownOverrideMinBandRatio"":0.070103,""analyzeIntervalMs"":37}"
1025,r017-0019-ca5c731b,17,-336,3,8,8,6,0,130,"{""relativeReattackFactor"":4,""relativeReattackMinDelta"":0.004,""relativeFluxFactor"":1.4,""spectralNoveltyRatio"":2.584575,""spectralNoveltyMinBins"":45,""cooldownFrames"":3,""confirmedRmsFactor"":1.683242,""confirmedRmsMinDelta"":0.005592,""confirmedFluxFactor"":2.4,""confirmedMinFlux"":0.005973,""confirmedMinBandRatio"":0.017733,""confirmedSpectralNoveltyMinBins"":15,""cooldownOverrideFactor"":1.8,""cooldownOverrideMinFlux"":0.03,""cooldownOverrideMinBandRatio"":0.09,""analyzeIntervalMs"":45}"
1026,r002-0040-1c60c945,2,-337,2,4,22,3,2,149,"{""relativeReattackFactor"":2.59282,""relativeReattackMinDelta"":0.009905,""relativeFluxFactor"":1.515481,""spectralNoveltyRatio"":3.902448,""spectralNoveltyMinBins"":20,""cooldownFrames"":4,""confirmedRmsFactor"":1.942595,""confirmedRmsMinDelta"":0.006455,""confirmedFluxFactor"":1.760672,""confirmedMinFlux"":0.00411,""confirmedMinBandRatio"":0.048366,""confirmedSpectralNoveltyMinBins"":20,""cooldownOverrideFactor"":4.745354,""cooldownOverrideMinFlux"":0.017621,""cooldownOverrideMinBandRatio"":0.053505,""analyzeIntervalMs"":29}"
1027,r012-0013-b8086519,12,-337,1,6,13,4,0,139,"{""relativeReattackFactor"":3.448102,""relativeReattackMinDelta"":0.006642,""relativeFluxFactor"":1.45681,""spectralNoveltyRatio"":3.966085,""spectralNoveltyMinBins"":28,""cooldownFrames"":3,""confirmedRmsFactor"":1.589277,""confirmedRmsMinDelta"":0.007537,""confirmedFluxFactor"":2.13149,""confirmedMinFlux"":0.004244,""confirmedMinBandRatio"":0.012613,""confirmedSpectralNoveltyMinBins"":14,""cooldownOverrideFactor"":2.032677,""cooldownOverrideMinFlux"":0.029413,""cooldownOverrideMinBandRatio"":0.078851,""analyzeIntervalMs"":42}"
1028,r013-0071-7f9e01fb,13,-337,1,6,13,4,0,139,"{""relativeReattackFactor"":3.42548,""relativeReattackMinDelta"":0.005209,""relativeFluxFactor"":1.4,""spectralNoveltyRatio"":4.008614,""spectralNoveltyMinBins"":28,""cooldownFrames"":3,""confirmedRmsFactor"":1.64292,""confirmedRmsMinDelta"":0.007918,""confirmedFluxFactor"":2.178477,""confirmedMinFlux"":0.004097,""confirmedMinBandRatio"":0.013705,""confirmedSpectralNoveltyMinBins"":11,""cooldownOverrideFactor"":2.297687,""cooldownOverrideMinFlux"":0.028708,""cooldownOverrideMinBandRatio"":0.079919,""analyzeIntervalMs"":42}"
1029,r014-0058-638148dc,14,-337,1,6,13,4,0,139,"{""relativeReattackFactor"":3.520892,""relativeReattackMinDelta"":0.005889,""relativeFluxFactor"":1.4,""spectralNoveltyRatio"":3.976899,""spectralNoveltyMinBins"":28,""cooldownFrames"":3,""confirmedRmsFactor"":1.516331,""confirmedRmsMinDelta"":0.0075,""confirmedFluxFactor"":2.088141,""confirmedMinFlux"":0.004149,""confirmedMinBandRatio"":0.015247,""confirmedSpectralNoveltyMinBins"":12,""cooldownOverrideFactor"":2.168851,""cooldownOverrideMinFlux"":0.03,""cooldownOverrideMinBandRatio"":0.079783,""analyzeIntervalMs"":42}"
1030,r015-0039-9c591087,15,-337,1,6,13,4,0,139,"{""relativeReattackFactor"":3.53598,""relativeReattackMinDelta"":0.00483,""relativeFluxFactor"":1.475505,""spectralNoveltyRatio"":3.920739,""spectralNoveltyMinBins"":28,""cooldownFrames"":3,""confirmedRmsFactor"":1.577603,""confirmedRmsMinDelta"":0.008295,""confirmedFluxFactor"":2.138456,""confirmedMinFlux"":0.004336,""confirmedMinBandRatio"":0.011209,""confirmedSpectralNoveltyMinBins"":12,""cooldownOverrideFactor"":2.346258,""cooldownOverrideMinFlux"":0.029127,""cooldownOverrideMinBandRatio"":0.080564,""analyzeIntervalMs"":42}"
1031,r015-0056-01151ca4,15,-337,1,6,13,4,0,139,"{""relativeReattackFactor"":3.588823,""relativeReattackMinDelta"":0.005554,""relativeFluxFactor"":1.4,""spectralNoveltyRatio"":3.97784,""spectralNoveltyMinBins"":28,""cooldownFrames"":3,""confirmedRmsFactor"":1.581805,""confirmedRmsMinDelta"":0.00793,""confirmedFluxFactor"":2.134615,""confirmedMinFlux"":0.004064,""confirmedMinBandRatio"":0.011962,""confirmedSpectralNoveltyMinBins"":11,""cooldownOverrideFactor"":2.093497,""cooldownOverrideMinFlux"":0.028622,""cooldownOverrideMinBandRatio"":0.081924,""analyzeIntervalMs"":42}"
1032,r017-0002-3543d1c4,17,-337,2,6,13,4,1,135,"{""relativeReattackFactor"":3.338327,""relativeReattackMinDelta"":0.004,""relativeFluxFactor"":1.4,""spectralNoveltyRatio"":3.449889,""spectralNoveltyMinBins"":32,""cooldownFrames"":4,""confirmedRmsFactor"":1.255623,""confirmedRmsMinDelta"":0.007803,""confirmedFluxFactor"":1.779224,""confirmedMinFlux"":0.00737,""confirmedMinBandRatio"":0.012637,""confirmedSpectralNoveltyMinBins"":2,""cooldownOverrideFactor"":1.8,""cooldownOverrideMinFlux"":0.03,""cooldownOverrideMinBandRatio"":0.086865,""analyzeIntervalMs"":32}"
1033,r005-0014-c4201cd1,5,-338,2,3,25,2,2,154,"{""relativeReattackFactor"":3.238034,""relativeReattackMinDelta"":0.004,""relativeFluxFactor"":1.4,""spectralNoveltyRatio"":3.435243,""spectralNoveltyMinBins"":21,""cooldownFrames"":3,""confirmedRmsFactor"":1.603512,""confirmedRmsMinDelta"":0.008451,""confirmedFluxFactor"":1.995064,""confirmedMinFlux"":0.004455,""confirmedMinBandRatio"":0.021047,""confirmedSpectralNoveltyMinBins"":8,""cooldownOverrideFactor"":2.041097,""cooldownOverrideMinFlux"":0.026409,""cooldownOverrideMinBandRatio"":0.09,""analyzeIntervalMs"":39}"
1034,r005-0032-b9cc93dc,5,-338,2,3,25,2,2,154,"{""relativeReattackFactor"":3.063096,""relativeReattackMinDelta"":0.004,""relativeFluxFactor"":1.4,""spectralNoveltyRatio"":3.491983,""spectralNoveltyMinBins"":21,""cooldownFrames"":3,""confirmedRmsFactor"":1.727221,""confirmedRmsMinDelta"":0.009003,""confirmedFluxFactor"":2.031359,""confirmedMinFlux"":0.004261,""confirmedMinBandRatio"":0.015925,""confirmedSpectralNoveltyMinBins"":6,""cooldownOverrideFactor"":1.8,""cooldownOverrideMinFlux"":0.026421,""cooldownOverrideMinBandRatio"":0.086849,""analyzeIntervalMs"":39}"
1035,r006-0050-4167b2d3,6,-338,1,5,16,3,1,144,"{""relativeReattackFactor"":3.110912,""relativeReattackMinDelta"":0.00402,""relativeFluxFactor"":1.60392,""spectralNoveltyRatio"":3.381658,""spectralNoveltyMinBins"":20,""cooldownFrames"":3,""confirmedRmsFactor"":1.631152,""confirmedRmsMinDelta"":0.008324,""confirmedFluxFactor"":2.054016,""confirmedMinFlux"":0.005116,""confirmedMinBandRatio"":0.01643,""confirmedSpectralNoveltyMinBins"":6,""cooldownOverrideFactor"":1.891953,""cooldownOverrideMinFlux"":0.027861,""cooldownOverrideMinBandRatio"":0.089253,""analyzeIntervalMs"":42}"
1036,r002-0064-381b4fa1,2,-339,4,6,13,5,0,135,"{""relativeReattackFactor"":4,""relativeReattackMinDelta"":0.015889,""relativeFluxFactor"":2.565376,""spectralNoveltyRatio"":5.989059,""spectralNoveltyMinBins"":19,""cooldownFrames"":4,""confirmedRmsFactor"":1.778481,""confirmedRmsMinDelta"":0.011563,""confirmedFluxFactor"":1.438832,""confirmedMinFlux"":0.006372,""confirmedMinBandRatio"":0.030622,""confirmedSpectralNoveltyMinBins"":8,""cooldownOverrideFactor"":4.099702,""cooldownOverrideMinFlux"":0.018474,""cooldownOverrideMinBandRatio"":0.057759,""analyzeIntervalMs"":32}"
1037,r005-0057-975dc185,5,-342,2,3,26,2,2,156,"{""relativeReattackFactor"":3.179921,""relativeReattackMinDelta"":0.004708,""relativeFluxFactor"":1.4,""spectralNoveltyRatio"":3.731551,""spectralNoveltyMinBins"":20,""cooldownFrames"":3,""confirmedRmsFactor"":1.76678,""confirmedRmsMinDelta"":0.009656,""confirmedFluxFactor"":2.078909,""confirmedMinFlux"":0.003263,""confirmedMinBandRatio"":0.020892,""confirmedSpectralNoveltyMinBins"":6,""cooldownOverrideFactor"":1.8,""cooldownOverrideMinFlux"":0.022985,""cooldownOverrideMinBandRatio"":0.084634,""analyzeIntervalMs"":39}"
1038,r003-0030-20f1b489,3,-343,1,6,14,4,0,140,"{""relativeReattackFactor"":3.240787,""relativeReattackMinDelta"":0.013011,""relativeFluxFactor"":1.4,""spectralNoveltyRatio"":2.377792,""spectralNoveltyMinBins"":24,""cooldownFrames"":4,""confirmedRmsFactor"":1.386267,""confirmedRmsMinDelta"":0.004425,""confirmedFluxFactor"":1.854931,""confirmedMinFlux"":0.013909,""confirmedMinBandRatio"":0.030105,""confirmedSpectralNoveltyMinBins"":24,""cooldownOverrideFactor"":4.560635,""cooldownOverrideMinFlux"":0.011425,""cooldownOverrideMinBandRatio"":0.079819,""analyzeIntervalMs"":44}"
1039,r007-0063-599b0162,7,-343,1,6,15,4,0,141,"{""relativeReattackFactor"":2.901849,""relativeReattackMinDelta"":0.005508,""relativeFluxFactor"":1.4,""spectralNoveltyRatio"":3.862798,""spectralNoveltyMinBins"":30,""cooldownFrames"":3,""confirmedRmsFactor"":1.656496,""confirmedRmsMinDelta"":0.00776,""confirmedFluxFactor"":2.10835,""confirmedMinFlux"":0.003,""confirmedMinBandRatio"":0.013007,""confirmedSpectralNoveltyMinBins"":12,""cooldownOverrideFactor"":1.8,""cooldownOverrideMinFlux"":0.03,""cooldownOverrideMinBandRatio"":0.089876,""analyzeIntervalMs"":42}"
1040,r002-0061-90f54dd7,2,-344,1,5,19,3,2,146,"{""relativeReattackFactor"":2.650898,""relativeReattackMinDelta"":0.018225,""relativeFluxFactor"":1.4,""spectralNoveltyRatio"":1.5,""spectralNoveltyMinBins"":27,""cooldownFrames"":4,""confirmedRmsFactor"":1.482994,""confirmedRmsMinDelta"":0.002581,""confirmedFluxFactor"":2.100896,""confirmedMinFlux"":0.01502,""confirmedMinBandRatio"":0.025185,""confirmedSpectralNoveltyMinBins"":16,""cooldownOverrideFactor"":4.28225,""cooldownOverrideMinFlux"":0.008883,""cooldownOverrideMinBandRatio"":0.074201,""analyzeIntervalMs"":44}"
1041,r015-0035-5a04e03d,15,-345,1,6,15,4,0,141,"{""relativeReattackFactor"":3.514061,""relativeReattackMinDelta"":0.004843,""relativeFluxFactor"":1.4,""spectralNoveltyRatio"":3.85101,""spectralNoveltyMinBins"":28,""cooldownFrames"":3,""confirmedRmsFactor"":1.584654,""confirmedRmsMinDelta"":0.007817,""confirmedFluxFactor"":2.09957,""confirmedMinFlux"":0.004354,""confirmedMinBandRatio"":0.011594,""confirmedSpectralNoveltyMinBins"":12,""cooldownOverrideFactor"":2.229422,""cooldownOverrideMinFlux"":0.03,""cooldownOverrideMinBandRatio"":0.082489,""analyzeIntervalMs"":42}"
1042,r018-0072-83aac96f,18,-345,1,6,15,4,0,141,"{""relativeReattackFactor"":3.639638,""relativeReattackMinDelta"":0.004,""relativeFluxFactor"":1.4,""spectralNoveltyRatio"":3.773872,""spectralNoveltyMinBins"":28,""cooldownFrames"":3,""confirmedRmsFactor"":1.443074,""confirmedRmsMinDelta"":0.007571,""confirmedFluxFactor"":2.194611,""confirmedMinFlux"":0.003749,""confirmedMinBandRatio"":0.012853,""confirmedSpectralNoveltyMinBins"":10,""cooldownOverrideFactor"":2.24391,""cooldownOverrideMinFlux"":0.03,""cooldownOverrideMinBandRatio"":0.069047,""analyzeIntervalMs"":42}"
1043,r004-0046-cb679b04,4,-346,1,5,18,3,1,146,"{""relativeReattackFactor"":2.758931,""relativeReattackMinDelta"":0.004,""relativeFluxFactor"":1.594728,""spectralNoveltyRatio"":3.486388,""spectralNoveltyMinBins"":19,""cooldownFrames"":3,""confirmedRmsFactor"":1.832915,""confirmedRmsMinDelta"":0.010463,""confirmedFluxFactor"":2.105291,""confirmedMinFlux"":0.005107,""confirmedMinBandRatio"":0.021253,""confirmedSpectralNoveltyMinBins"":7,""cooldownOverrideFactor"":1.8,""cooldownOverrideMinFlux"":0.024088,""cooldownOverrideMinBandRatio"":0.09,""analyzeIntervalMs"":42}"
1044,r006-0041-42bee593,6,-346,1,6,15,4,0,141,"{""relativeReattackFactor"":2.796917,""relativeReattackMinDelta"":0.004144,""relativeFluxFactor"":1.4,""spectralNoveltyRatio"":4.307742,""spectralNoveltyMinBins"":29,""cooldownFrames"":3,""confirmedRmsFactor"":1.698547,""confirmedRmsMinDelta"":0.008307,""confirmedFluxFactor"":2.202011,""confirmedMinFlux"":0.003017,""confirmedMinBandRatio"":0.015532,""confirmedSpectralNoveltyMinBins"":8,""cooldownOverrideFactor"":1.810565,""cooldownOverrideMinFlux"":0.029655,""cooldownOverrideMinBandRatio"":0.081859,""analyzeIntervalMs"":42}"
1045,r007-0033-0beedde2,7,-347,1,6,16,4,0,143,"{""relativeReattackFactor"":2.982782,""relativeReattackMinDelta"":0.004668,""relativeFluxFactor"":1.4,""spectralNoveltyRatio"":3.818268,""spectralNoveltyMinBins"":29,""cooldownFrames"":3,""confirmedRmsFactor"":1.761283,""confirmedRmsMinDelta"":0.007405,""confirmedFluxFactor"":2.050657,""confirmedMinFlux"":0.003589,""confirmedMinBandRatio"":0.009649,""confirmedSpectralNoveltyMinBins"":11,""cooldownOverrideFactor"":1.966226,""cooldownOverrideMinFlux"":0.029801,""cooldownOverrideMinBandRatio"":0.09,""analyzeIntervalMs"":42}"
1046,r008-0007-1c35ad20,8,-347,1,6,16,4,0,142,"{""relativeReattackFactor"":3.159433,""relativeReattackMinDelta"":0.00562,""relativeFluxFactor"":1.407376,""spectralNoveltyRatio"":3.704245,""spectralNoveltyMinBins"":29,""cooldownFrames"":3,""confirmedRmsFactor"":1.638916,""confirmedRmsMinDelta"":0.006965,""confirmedFluxFactor"":2.1559,""confirmedMinFlux"":0.003,""confirmedMinBandRatio"":0.010734,""confirmedSpectralNoveltyMinBins"":11,""cooldownOverrideFactor"":1.971955,""cooldownOverrideMinFlux"":0.03,""cooldownOverrideMinBandRatio"":0.08837,""analyzeIntervalMs"":42}"
1047,r018-0070-07a75dd4,18,-349,1,6,16,4,0,140,"{""relativeReattackFactor"":3.96694,""relativeReattackMinDelta"":0.005798,""relativeFluxFactor"":1.4,""spectralNoveltyRatio"":3.433453,""spectralNoveltyMinBins"":32,""cooldownFrames"":3,""confirmedRmsFactor"":1.480888,""confirmedRmsMinDelta"":0.009099,""confirmedFluxFactor"":1.923447,""confirmedMinFlux"":0.007738,""confirmedMinBandRatio"":0.014032,""confirmedSpectralNoveltyMinBins"":14,""cooldownOverrideFactor"":2.134057,""cooldownOverrideMinFlux"":0.029665,""cooldownOverrideMinBandRatio"":0.06746,""analyzeIntervalMs"":38}"
1048,r003-0008-d6cfbf73,3,-350,2,4,19,3,3,150,"{""relativeReattackFactor"":2.983979,""relativeReattackMinDelta"":0.004,""relativeFluxFactor"":1.623229,""spectralNoveltyRatio"":3.883563,""spectralNoveltyMinBins"":6,""cooldownFrames"":3,""confirmedRmsFactor"":1.543171,""confirmedRmsMinDelta"":0.006191,""confirmedFluxFactor"":1.988147,""confirmedMinFlux"":0.0059,""confirmedMinBandRatio"":0.01661,""confirmedSpectralNoveltyMinBins"":3,""cooldownOverrideFactor"":2.22174,""cooldownOverrideMinFlux"":0.022419,""cooldownOverrideMinBandRatio"":0.080714,""analyzeIntervalMs"":42}"
1049,r017-0079-0b98b4e4,17,-350,1,6,17,4,0,144,"{""relativeReattackFactor"":3.020127,""relativeReattackMinDelta"":0.004,""relativeFluxFactor"":1.4,""spectralNoveltyRatio"":4.778909,""spectralNoveltyMinBins"":24,""cooldownFrames"":3,""confirmedRmsFactor"":1.603236,""confirmedRmsMinDelta"":0.005888,""confirmedFluxFactor"":1.747217,""confirmedMinFlux"":0.003,""confirmedMinBandRatio"":0.019283,""confirmedSpectralNoveltyMinBins"":18,""cooldownOverrideFactor"":2.142032,""cooldownOverrideMinFlux"":0.02314,""cooldownOverrideMinBandRatio"":0.09,""analyzeIntervalMs"":42}"
1050,r008-0012-546843c3,8,-351,1,6,17,4,0,144,"{""relativeReattackFactor"":3.128075,""relativeReattackMinDelta"":0.0059,""relativeFluxFactor"":1.4,""spectralNoveltyRatio"":3.74602,""spectralNoveltyMinBins"":28,""cooldownFrames"":3,""confirmedRmsFactor"":1.632813,""confirmedRmsMinDelta"":0.007506,""confirmedFluxFactor"":2.06163,""confirmedMinFlux"":0.003,""confirmedMinBandRatio"":0.007401,""confirmedSpectralNoveltyMinBins"":9,""cooldownOverrideFactor"":1.8,""cooldownOverrideMinFlux"":0.03,""cooldownOverrideMinBandRatio"":0.086645,""analyzeIntervalMs"":42}"
1051,r016-0019-f86272ca,16,-351,1,6,19,4,1,144,"{""relativeReattackFactor"":4,""relativeReattackMinDelta"":0.004,""relativeFluxFactor"":1.4,""spectralNoveltyRatio"":3.275161,""spectralNoveltyMinBins"":32,""cooldownFrames"":3,""confirmedRmsFactor"":1.713541,""confirmedRmsMinDelta"":0.005111,""confirmedFluxFactor"":1.692029,""confirmedMinFlux"":0.003,""confirmedMinBandRatio"":0.006,""confirmedSpectralNoveltyMinBins"":6,""cooldownOverrideFactor"":2.927938,""cooldownOverrideMinFlux"":0.024831,""cooldownOverrideMinBandRatio"":0.09,""analyzeIntervalMs"":34}"
1052,r002-0072-6d133bc5,2,-352,2,3,31,2,3,163,"{""relativeReattackFactor"":3.337242,""relativeReattackMinDelta"":0.010573,""relativeFluxFactor"":1.458537,""spectralNoveltyRatio"":2.537048,""spectralNoveltyMinBins"":18,""cooldownFrames"":2,""confirmedRmsFactor"":2.079878,""confirmedRmsMinDelta"":0.009852,""confirmedFluxFactor"":2.4,""confirmedMinFlux"":0.005869,""confirmedMinBandRatio"":0.020672,""confirmedSpectralNoveltyMinBins"":9,""cooldownOverrideFactor"":1.8,""cooldownOverrideMinFlux"":0.025003,""cooldownOverrideMinBandRatio"":0.066285,""analyzeIntervalMs"":38}"
1053,r016-0048-2a1bc7a4,16,-354,1,6,15,4,0,141,"{""relativeReattackFactor"":2.997655,""relativeReattackMinDelta"":0.004,""relativeFluxFactor"":1.4,""spectralNoveltyRatio"":2.955958,""spectralNoveltyMinBins"":46,""cooldownFrames"":2,""confirmedRmsFactor"":1.783731,""confirmedRmsMinDelta"":0.004864,""confirmedFluxFactor"":2.25194,""confirmedMinFlux"":0.008119,""confirmedMinBandRatio"":0.01335,""confirmedSpectralNoveltyMinBins"":4,""cooldownOverrideFactor"":1.953978,""cooldownOverrideMinFlux"":0.023066,""cooldownOverrideMinBandRatio"":0.06014,""analyzeIntervalMs"":36}"
1054,r007-0048-f233ff66,7,-355,1,6,18,4,0,145,"{""relativeReattackFactor"":2.893377,""relativeReattackMinDelta"":0.004763,""relativeFluxFactor"":1.410416,""spectralNoveltyRatio"":3.753323,""spectralNoveltyMinBins"":28,""cooldownFrames"":3,""confirmedRmsFactor"":1.715134,""confirmedRmsMinDelta"":0.007655,""confirmedFluxFactor"":2.081971,""confirmedMinFlux"":0.003,""confirmedMinBandRatio"":0.010547,""confirmedSpectralNoveltyMinBins"":9,""cooldownOverrideFactor"":1.8,""cooldownOverrideMinFlux"":0.03,""cooldownOverrideMinBandRatio"":0.084559,""analyzeIntervalMs"":42}"
1055,r003-0044-bab0d29e,3,-355,1,7,18,5,0,142,"{""relativeReattackFactor"":4,""relativeReattackMinDelta"":0.016887,""relativeFluxFactor"":1.4,""spectralNoveltyRatio"":4.101023,""spectralNoveltyMinBins"":32,""cooldownFrames"":3,""confirmedRmsFactor"":1.459417,""confirmedRmsMinDelta"":0.008562,""confirmedFluxFactor"":1.566602,""confirmedMinFlux"":0.02,""confirmedMinBandRatio"":0.04436,""confirmedSpectralNoveltyMinBins"":28,""cooldownOverrideFactor"":2.698236,""cooldownOverrideMinFlux"":0.004,""cooldownOverrideMinBandRatio"":0.036693,""analyzeIntervalMs"":31}"
1056,r018-0002-03f9e578,18,-356,2,5,10,4,0,137,"{""relativeReattackFactor"":3.425049,""relativeReattackMinDelta"":0.004,""relativeFluxFactor"":1.828533,""spectralNoveltyRatio"":3.585387,""spectralNoveltyMinBins"":31,""cooldownFrames"":3,""confirmedRmsFactor"":1.732169,""confirmedRmsMinDelta"":0.006999,""confirmedFluxFactor"":2.216597,""confirmedMinFlux"":0.004564,""confirmedMinBandRatio"":0.013541,""confirmedSpectralNoveltyMinBins"":15,""cooldownOverrideFactor"":1.811234,""cooldownOverrideMinFlux"":0.03,""cooldownOverrideMinBandRatio"":0.071936,""analyzeIntervalMs"":41}"
1057,r018-0079-da92977f,18,-358,1,5,24,3,2,151,"{""relativeReattackFactor"":3.283565,""relativeReattackMinDelta"":0.008628,""relativeFluxFactor"":1.4,""spectralNoveltyRatio"":4.700853,""spectralNoveltyMinBins"":23,""cooldownFrames"":3,""confirmedRmsFactor"":1.559449,""confirmedRmsMinDelta"":0.007567,""confirmedFluxFactor"":2.282803,""confirmedMinFlux"":0.006477,""confirmedMinBandRatio"":0.02104,""confirmedSpectralNoveltyMinBins"":15,""cooldownOverrideFactor"":1.8,""cooldownOverrideMinFlux"":0.027567,""cooldownOverrideMinBandRatio"":0.086163,""analyzeIntervalMs"":38}"
1058,r016-0042-cca80914,16,-363,2,5,13,4,0,144,"{""relativeReattackFactor"":4,""relativeReattackMinDelta"":0.008809,""relativeFluxFactor"":1.83015,""spectralNoveltyRatio"":2.63729,""spectralNoveltyMinBins"":21,""cooldownFrames"":2,""confirmedRmsFactor"":1.924888,""confirmedRmsMinDelta"":0.010167,""confirmedFluxFactor"":1.98618,""confirmedMinFlux"":0.003,""confirmedMinBandRatio"":0.013618,""confirmedSpectralNoveltyMinBins"":16,""cooldownOverrideFactor"":2.820718,""cooldownOverrideMinFlux"":0.03,""cooldownOverrideMinBandRatio"":0.076438,""analyzeIntervalMs"":41}"
1059,r008-0063-a1b8341b,8,-363,1,6,14,4,1,140,"{""relativeReattackFactor"":3.305165,""relativeReattackMinDelta"":0.006352,""relativeFluxFactor"":1.532971,""spectralNoveltyRatio"":3.751915,""spectralNoveltyMinBins"":27,""cooldownFrames"":3,""confirmedRmsFactor"":1.481469,""confirmedRmsMinDelta"":0.008125,""confirmedFluxFactor"":2.056118,""confirmedMinFlux"":0.003128,""confirmedMinBandRatio"":0.013652,""confirmedSpectralNoveltyMinBins"":12,""cooldownOverrideFactor"":2.118429,""cooldownOverrideMinFlux"":0.029682,""cooldownOverrideMinBandRatio"":0.087097,""analyzeIntervalMs"":42}"
1060,r010-0016-5cf27013,10,-363,1,6,14,4,1,140,"{""relativeReattackFactor"":3.45177,""relativeReattackMinDelta"":0.004,""relativeFluxFactor"":1.4,""spectralNoveltyRatio"":4.399202,""spectralNoveltyMinBins"":26,""cooldownFrames"":3,""confirmedRmsFactor"":1.49301,""confirmedRmsMinDelta"":0.007869,""confirmedFluxFactor"":2.141724,""confirmedMinFlux"":0.004861,""confirmedMinBandRatio"":0.015164,""confirmedSpectralNoveltyMinBins"":11,""cooldownOverrideFactor"":2.403605,""cooldownOverrideMinFlux"":0.03,""cooldownOverrideMinBandRatio"":0.079607,""analyzeIntervalMs"":42}"
1061,r011-0033-4d2281a2,11,-363,1,6,14,4,1,140,"{""relativeReattackFactor"":3.460774,""relativeReattackMinDelta"":0.004,""relativeFluxFactor"":1.4,""spectralNoveltyRatio"":4.379561,""spectralNoveltyMinBins"":26,""cooldownFrames"":3,""confirmedRmsFactor"":1.477477,""confirmedRmsMinDelta"":0.007657,""confirmedFluxFactor"":2.130213,""confirmedMinFlux"":0.005053,""confirmedMinBandRatio"":0.015918,""confirmedSpectralNoveltyMinBins"":12,""cooldownOverrideFactor"":2.323515,""cooldownOverrideMinFlux"":0.02855,""cooldownOverrideMinBandRatio"":0.078509,""analyzeIntervalMs"":42}"
1062,r011-0055-b387f98e,11,-363,1,6,14,4,1,140,"{""relativeReattackFactor"":3.469899,""relativeReattackMinDelta"":0.004209,""relativeFluxFactor"":1.4,""spectralNoveltyRatio"":4.438212,""spectralNoveltyMinBins"":26,""cooldownFrames"":3,""confirmedRmsFactor"":1.496515,""confirmedRmsMinDelta"":0.007562,""confirmedFluxFactor"":2.048177,""confirmedMinFlux"":0.0035,""confirmedMinBandRatio"":0.015572,""confirmedSpectralNoveltyMinBins"":12,""cooldownOverrideFactor"":2.302972,""cooldownOverrideMinFlux"":0.028445,""cooldownOverrideMinBandRatio"":0.073585,""analyzeIntervalMs"":42}"
1063,r011-0063-a252c359,11,-363,1,6,14,4,1,140,"{""relativeReattackFactor"":3.281782,""relativeReattackMinDelta"":0.004,""relativeFluxFactor"":1.4,""spectralNoveltyRatio"":4.116776,""spectralNoveltyMinBins"":27,""cooldownFrames"":3,""confirmedRmsFactor"":1.513065,""confirmedRmsMinDelta"":0.007893,""confirmedFluxFactor"":2.067713,""confirmedMinFlux"":0.004007,""confirmedMinBandRatio"":0.016139,""confirmedSpectralNoveltyMinBins"":11,""cooldownOverrideFactor"":2.248139,""cooldownOverrideMinFlux"":0.029177,""cooldownOverrideMinBandRatio"":0.078893,""analyzeIntervalMs"":42}"
1064,r011-0079-917f438e,11,-363,1,6,14,4,1,140,"{""relativeReattackFactor"":3.482981,""relativeReattackMinDelta"":0.00598,""relativeFluxFactor"":1.407563,""spectralNoveltyRatio"":4.166851,""spectralNoveltyMinBins"":27,""cooldownFrames"":3,""confirmedRmsFactor"":1.572527,""confirmedRmsMinDelta"":0.007993,""confirmedFluxFactor"":2.144851,""confirmedMinFlux"":0.003898,""confirmedMinBandRatio"":0.013497,""confirmedSpectralNoveltyMinBins"":13,""cooldownOverrideFactor"":2.098015,""cooldownOverrideMinFlux"":0.029365,""cooldownOverrideMinBandRatio"":0.077596,""analyzeIntervalMs"":42}"
1065,r012-0018-a9e2a89a,12,-363,1,6,14,4,1,140,"{""relativeReattackFactor"":3.439795,""relativeReattackMinDelta"":0.006261,""relativeFluxFactor"":1.4,""spectralNoveltyRatio"":4.121617,""spectralNoveltyMinBins"":27,""cooldownFrames"":3,""confirmedRmsFactor"":1.590623,""confirmedRmsMinDelta"":0.007948,""confirmedFluxFactor"":2.176482,""confirmedMinFlux"":0.003991,""confirmedMinBandRatio"":0.013315,""confirmedSpectralNoveltyMinBins"":12,""cooldownOverrideFactor"":2.005175,""cooldownOverrideMinFlux"":0.03,""cooldownOverrideMinBandRatio"":0.081619,""analyzeIntervalMs"":42}"
1066,r013-0002-c2454b35,13,-363,1,6,14,4,1,140,"{""relativeReattackFactor"":3.582141,""relativeReattackMinDelta"":0.004,""relativeFluxFactor"":1.4,""spectralNoveltyRatio"":4.26621,""spectralNoveltyMinBins"":27,""cooldownFrames"":3,""confirmedRmsFactor"":1.58274,""confirmedRmsMinDelta"":0.007008,""confirmedFluxFactor"":2.205087,""confirmedMinFlux"":0.00564,""confirmedMinBandRatio"":0.017073,""confirmedSpectralNoveltyMinBins"":10,""cooldownOverrideFactor"":2.27825,""cooldownOverrideMinFlux"":0.02856,""cooldownOverrideMinBandRatio"":0.074124,""analyzeIntervalMs"":42}"
1067,r013-0006-d1152a51,13,-363,1,6,14,4,1,140,"{""relativeReattackFactor"":3.515176,""relativeReattackMinDelta"":0.005666,""relativeFluxFactor"":1.492274,""spectralNoveltyRatio"":3.992829,""spectralNoveltyMinBins"":27,""cooldownFrames"":3,""confirmedRmsFactor"":1.639111,""confirmedRmsMinDelta"":0.007801,""confirmedFluxFactor"":2.148943,""confirmedMinFlux"":0.003917,""confirmedMinBandRatio"":0.012022,""confirmedSpectralNoveltyMinBins"":11,""cooldownOverrideFactor"":2.110685,""cooldownOverrideMinFlux"":0.028275,""cooldownOverrideMinBandRatio"":0.07722,""analyzeIntervalMs"":42}"
1068,r015-0073-6ba03925,15,-363,1,6,14,4,1,140,"{""relativeReattackFactor"":3.572988,""relativeReattackMinDelta"":0.00694,""relativeFluxFactor"":1.472895,""spectralNoveltyRatio"":3.897204,""spectralNoveltyMinBins"":27,""cooldownFrames"":3,""confirmedRmsFactor"":1.528354,""confirmedRmsMinDelta"":0.007784,""confirmedFluxFactor"":2.103944,""confirmedMinFlux"":0.003157,""confirmedMinBandRatio"":0.014741,""confirmedSpectralNoveltyMinBins"":13,""cooldownOverrideFactor"":2.078547,""cooldownOverrideMinFlux"":0.029402,""cooldownOverrideMinBandRatio"":0.07871,""analyzeIntervalMs"":42}"
1069,r015-0077-ddea15ae,15,-363,1,6,14,4,1,140,"{""relativeReattackFactor"":3.576923,""relativeReattackMinDelta"":0.005456,""relativeFluxFactor"":1.4,""spectralNoveltyRatio"":4.135564,""spectralNoveltyMinBins"":27,""cooldownFrames"":3,""confirmedRmsFactor"":1.535774,""confirmedRmsMinDelta"":0.007022,""confirmedFluxFactor"":2.254624,""confirmedMinFlux"":0.004837,""confirmedMinBandRatio"":0.018092,""confirmedSpectralNoveltyMinBins"":9,""cooldownOverrideFactor"":2.274694,""cooldownOverrideMinFlux"":0.029096,""cooldownOverrideMinBandRatio"":0.074402,""analyzeIntervalMs"":42}"
1070,r018-0045-0517d9d5,18,-364,1,6,21,4,0,145,"{""relativeReattackFactor"":3.776841,""relativeReattackMinDelta"":0.004,""relativeFluxFactor"":1.4,""spectralNoveltyRatio"":4.473,""spectralNoveltyMinBins"":27,""cooldownFrames"":3,""confirmedRmsFactor"":1.439127,""confirmedRmsMinDelta"":0.008579,""confirmedFluxFactor"":2.153483,""confirmedMinFlux"":0.005379,""confirmedMinBandRatio"":0.008115,""confirmedSpectralNoveltyMinBins"":8,""cooldownOverrideFactor"":1.947397,""cooldownOverrideMinFlux"":0.029178,""cooldownOverrideMinBandRatio"":0.071089,""analyzeIntervalMs"":38}"
1071,r003-0009-0f91115a,3,-365,1,5,17,3,2,144,"{""relativeReattackFactor"":3.791847,""relativeReattackMinDelta"":0.019679,""relativeFluxFactor"":1.4,""spectralNoveltyRatio"":3.936158,""spectralNoveltyMinBins"":18,""cooldownFrames"":3,""confirmedRmsFactor"":1.594931,""confirmedRmsMinDelta"":0.006492,""confirmedFluxFactor"":1.337253,""confirmedMinFlux"":0.02,""confirmedMinBandRatio"":0.035457,""confirmedSpectralNoveltyMinBins"":21,""cooldownOverrideFactor"":3.082566,""cooldownOverrideMinFlux"":0.006715,""cooldownOverrideMinBandRatio"":0.025396,""analyzeIntervalMs"":29}"
1072,r005-0063-4467b79b,5,-365,3,8,6,6,0,127,"{""relativeReattackFactor"":3.766402,""relativeReattackMinDelta"":0.014818,""relativeFluxFactor"":1.696727,""spectralNoveltyRatio"":2.285424,""spectralNoveltyMinBins"":40,""cooldownFrames"":4,""confirmedRmsFactor"":1.15,""confirmedRmsMinDelta"":0.002,""confirmedFluxFactor"":1.288563,""confirmedMinFlux"":0.016778,""confirmedMinBandRatio"":0.042155,""confirmedSpectralNoveltyMinBins"":24,""cooldownOverrideFactor"":4.191489,""cooldownOverrideMinFlux"":0.011162,""cooldownOverrideMinBandRatio"":0.075389,""analyzeIntervalMs"":45}"
1073,r014-0045-8dd05dd0,14,-367,1,6,15,4,1,141,"{""relativeReattackFactor"":3.43404,""relativeReattackMinDelta"":0.005314,""relativeFluxFactor"":1.4,""spectralNoveltyRatio"":4.09744,""spectralNoveltyMinBins"":27,""cooldownFrames"":3,""confirmedRmsFactor"":1.605275,""confirmedRmsMinDelta"":0.007664,""confirmedFluxFactor"":2.097686,""confirmedMinFlux"":0.004449,""confirmedMinBandRatio"":0.014482,""confirmedSpectralNoveltyMinBins"":11,""cooldownOverrideFactor"":2.288734,""cooldownOverrideMinFlux"":0.029717,""cooldownOverrideMinBandRatio"":0.082788,""analyzeIntervalMs"":42}"
1074,r015-0063-8428d72e,15,-367,1,6,15,4,1,141,"{""relativeReattackFactor"":3.627945,""relativeReattackMinDelta"":0.007062,""relativeFluxFactor"":1.456496,""spectralNoveltyRatio"":3.917372,""spectralNoveltyMinBins"":27,""cooldownFrames"":3,""confirmedRmsFactor"":1.554406,""confirmedRmsMinDelta"":0.007699,""confirmedFluxFactor"":2.152951,""confirmedMinFlux"":0.004135,""confirmedMinBandRatio"":0.013303,""confirmedSpectralNoveltyMinBins"":14,""cooldownOverrideFactor"":2.146398,""cooldownOverrideMinFlux"":0.03,""cooldownOverrideMinBandRatio"":0.082586,""analyzeIntervalMs"":42}"
1075,r001-0025-70ed9d41,1,-369,1,6,12,4,0,136,"{""relativeReattackFactor"":3.864504,""relativeReattackMinDelta"":0.011592,""relativeFluxFactor"":1.728165,""spectralNoveltyRatio"":4.036585,""spectralNoveltyMinBins"":25,""cooldownFrames"":3,""confirmedRmsFactor"":1.958149,""confirmedRmsMinDelta"":0.008535,""confirmedFluxFactor"":2.187488,""confirmedMinFlux"":0.008724,""confirmedMinBandRatio"":0.020552,""confirmedSpectralNoveltyMinBins"":15,""cooldownOverrideFactor"":1.853826,""cooldownOverrideMinFlux"":0.022162,""cooldownOverrideMinBandRatio"":0.079599,""analyzeIntervalMs"":46}"
1076,r009-0053-b1b6c9ce,9,-369,1,6,16,4,1,143,"{""relativeReattackFactor"":2.976087,""relativeReattackMinDelta"":0.00605,""relativeFluxFactor"":1.495093,""spectralNoveltyRatio"":3.691067,""spectralNoveltyMinBins"":27,""cooldownFrames"":3,""confirmedRmsFactor"":1.677672,""confirmedRmsMinDelta"":0.007865,""confirmedFluxFactor"":2.136529,""confirmedMinFlux"":0.003,""confirmedMinBandRatio"":0.007264,""confirmedSpectralNoveltyMinBins"":11,""cooldownOverrideFactor"":1.816186,""cooldownOverrideMinFlux"":0.029876,""cooldownOverrideMinBandRatio"":0.085962,""analyzeIntervalMs"":42}"
1077,r009-0080-4a2812d6,9,-369,1,6,16,4,1,143,"{""relativeReattackFactor"":3.041961,""relativeReattackMinDelta"":0.004913,""relativeFluxFactor"":1.4,""spectralNoveltyRatio"":4.234952,""spectralNoveltyMinBins"":27,""cooldownFrames"":3,""confirmedRmsFactor"":1.682983,""confirmedRmsMinDelta"":0.00892,""confirmedFluxFactor"":2.123213,""confirmedMinFlux"":0.003938,""confirmedMinBandRatio"":0.012927,""confirmedSpectralNoveltyMinBins"":8,""cooldownOverrideFactor"":1.907985,""cooldownOverrideMinFlux"":0.028835,""cooldownOverrideMinBandRatio"":0.085753,""analyzeIntervalMs"":42}"
1078,r009-0066-aa837ce0,9,-371,1,6,16,4,1,142,"{""relativeReattackFactor"":3.285467,""relativeReattackMinDelta"":0.004,""relativeFluxFactor"":1.4,""spectralNoveltyRatio"":4.068433,""spectralNoveltyMinBins"":27,""cooldownFrames"":3,""confirmedRmsFactor"":1.520512,""confirmedRmsMinDelta"":0.007488,""confirmedFluxFactor"":2.139131,""confirmedMinFlux"":0.004115,""confirmedMinBandRatio"":0.015031,""confirmedSpectralNoveltyMinBins"":10,""cooldownOverrideFactor"":2.231822,""cooldownOverrideMinFlux"":0.029495,""cooldownOverrideMinBandRatio"":0.079907,""analyzeIntervalMs"":42}"
1079,r012-0003-7ee3d5da,12,-371,1,6,16,4,1,142,"{""relativeReattackFactor"":3.584739,""relativeReattackMinDelta"":0.007165,""relativeFluxFactor"":1.4,""spectralNoveltyRatio"":3.909093,""spectralNoveltyMinBins"":27,""cooldownFrames"":3,""confirmedRmsFactor"":1.518239,""confirmedRmsMinDelta"":0.007878,""confirmedFluxFactor"":2.127727,""confirmedMinFlux"":0.003169,""confirmedMinBandRatio"":0.013267,""confirmedSpectralNoveltyMinBins"":12,""cooldownOverrideFactor"":2.140504,""cooldownOverrideMinFlux"":0.029717,""cooldownOverrideMinBandRatio"":0.082626,""analyzeIntervalMs"":42}"
1080,r012-0023-630e6457,12,-371,1,6,16,4,1,142,"{""relativeReattackFactor"":3.605747,""relativeReattackMinDelta"":0.006381,""relativeFluxFactor"":1.4,""spectralNoveltyRatio"":3.958986,""spectralNoveltyMinBins"":27,""cooldownFrames"":3,""confirmedRmsFactor"":1.522172,""confirmedRmsMinDelta"":0.007415,""confirmedFluxFactor"":2.140831,""confirmedMinFlux"":0.003695,""confirmedMinBandRatio"":0.012444,""confirmedSpectralNoveltyMinBins"":13,""cooldownOverrideFactor"":2.16398,""cooldownOverrideMinFlux"":0.03,""cooldownOverrideMinBandRatio"":0.080631,""analyzeIntervalMs"":42}"
1081,r012-0080-59ecf4f1,12,-371,1,6,16,4,1,142,"{""relativeReattackFactor"":3.510716,""relativeReattackMinDelta"":0.004079,""relativeFluxFactor"":1.4,""spectralNoveltyRatio"":4.065318,""spectralNoveltyMinBins"":27,""cooldownFrames"":3,""confirmedRmsFactor"":1.601812,""confirmedRmsMinDelta"":0.008043,""confirmedFluxFactor"":2.101905,""confirmedMinFlux"":0.00445,""confirmedMinBandRatio"":0.012786,""confirmedSpectralNoveltyMinBins"":13,""cooldownOverrideFactor"":2.231998,""cooldownOverrideMinFlux"":0.029966,""cooldownOverrideMinBandRatio"":0.081419,""analyzeIntervalMs"":42}"
1082,r014-0034-661d0d8d,14,-371,1,6,16,4,1,142,"{""relativeReattackFactor"":3.483952,""relativeReattackMinDelta"":0.005638,""relativeFluxFactor"":1.4,""spectralNoveltyRatio"":4.000818,""spectralNoveltyMinBins"":27,""cooldownFrames"":3,""confirmedRmsFactor"":1.541781,""confirmedRmsMinDelta"":0.008187,""confirmedFluxFactor"":2.177488,""confirmedMinFlux"":0.004768,""confirmedMinBandRatio"":0.013935,""confirmedSpectralNoveltyMinBins"":12,""cooldownOverrideFactor"":2.180962,""cooldownOverrideMinFlux"":0.029224,""cooldownOverrideMinBandRatio"":0.078011,""analyzeIntervalMs"":42}"
1083,r014-0079-49d9011d,14,-371,1,6,16,4,1,142,"{""relativeReattackFactor"":3.527914,""relativeReattackMinDelta"":0.004124,""relativeFluxFactor"":1.4,""spectralNoveltyRatio"":3.99103,""spectralNoveltyMinBins"":27,""cooldownFrames"":3,""confirmedRmsFactor"":1.609756,""confirmedRmsMinDelta"":0.008329,""confirmedFluxFactor"":2.125028,""confirmedMinFlux"":0.004436,""confirmedMinBandRatio"":0.014142,""confirmedSpectralNoveltyMinBins"":13,""cooldownOverrideFactor"":2.298367,""cooldownOverrideMinFlux"":0.02831,""cooldownOverrideMinBandRatio"":0.081662,""analyzeIntervalMs"":42}"
1084,r015-0005-e212a76d,15,-371,1,6,16,4,1,142,"{""relativeReattackFactor"":3.572939,""relativeReattackMinDelta"":0.004267,""relativeFluxFactor"":1.4,""spectralNoveltyRatio"":3.847733,""spectralNoveltyMinBins"":27,""cooldownFrames"":3,""confirmedRmsFactor"":1.606512,""confirmedRmsMinDelta"":0.007281,""confirmedFluxFactor"":2.036469,""confirmedMinFlux"":0.003648,""confirmedMinBandRatio"":0.013998,""confirmedSpectralNoveltyMinBins"":13,""cooldownOverrideFactor"":2.136832,""cooldownOverrideMinFlux"":0.029684,""cooldownOverrideMinBandRatio"":0.080192,""analyzeIntervalMs"":42}"
1085,r015-0013-19a5073d,15,-371,1,6,16,4,1,142,"{""relativeReattackFactor"":3.543125,""relativeReattackMinDelta"":0.006243,""relativeFluxFactor"":1.4,""spectralNoveltyRatio"":3.829919,""spectralNoveltyMinBins"":27,""cooldownFrames"":3,""confirmedRmsFactor"":1.578417,""confirmedRmsMinDelta"":0.007285,""confirmedFluxFactor"":2.124236,""confirmedMinFlux"":0.004003,""confirmedMinBandRatio"":0.013936,""confirmedSpectralNoveltyMinBins"":14,""cooldownOverrideFactor"":2.058275,""cooldownOverrideMinFlux"":0.03,""cooldownOverrideMinBandRatio"":0.078267,""analyzeIntervalMs"":42}"
1086,r015-0028-d7d3b3ce,15,-371,1,6,16,4,1,142,"{""relativeReattackFactor"":3.6,""relativeReattackMinDelta"":0.006685,""relativeFluxFactor"":1.4,""spectralNoveltyRatio"":3.966479,""spectralNoveltyMinBins"":27,""cooldownFrames"":3,""confirmedRmsFactor"":1.53745,""confirmedRmsMinDelta"":0.007832,""confirmedFluxFactor"":2.082511,""confirmedMinFlux"":0.003649,""confirmedMinBandRatio"":0.013631,""confirmedSpectralNoveltyMinBins"":14,""cooldownOverrideFactor"":2.156589,""cooldownOverrideMinFlux"":0.029515,""cooldownOverrideMinBandRatio"":0.083265,""analyzeIntervalMs"":42}"
1087,r007-0057-2758d475,7,-373,1,6,17,4,1,144,"{""relativeReattackFactor"":2.878224,""relativeReattackMinDelta"":0.005121,""relativeFluxFactor"":1.4,""spectralNoveltyRatio"":4.261555,""spectralNoveltyMinBins"":27,""cooldownFrames"":3,""confirmedRmsFactor"":1.758375,""confirmedRmsMinDelta"":0.007776,""confirmedFluxFactor"":2.138944,""confirmedMinFlux"":0.003806,""confirmedMinBandRatio"":0.012592,""confirmedSpectralNoveltyMinBins"":10,""cooldownOverrideFactor"":1.816704,""cooldownOverrideMinFlux"":0.027865,""cooldownOverrideMinBandRatio"":0.081531,""analyzeIntervalMs"":42}"
1088,r009-0028-953270f1,9,-373,1,6,17,4,1,144,"{""relativeReattackFactor"":3.028876,""relativeReattackMinDelta"":0.005024,""relativeFluxFactor"":1.462467,""spectralNoveltyRatio"":3.846265,""spectralNoveltyMinBins"":27,""cooldownFrames"":3,""confirmedRmsFactor"":1.643807,""confirmedRmsMinDelta"":0.007108,""confirmedFluxFactor"":2.083991,""confirmedMinFlux"":0.00365,""confirmedMinBandRatio"":0.00926,""confirmedSpectralNoveltyMinBins"":9,""cooldownOverrideFactor"":1.989143,""cooldownOverrideMinFlux"":0.03,""cooldownOverrideMinBandRatio"":0.086351,""analyzeIntervalMs"":42}"
1089,r005-0018-8450d227,5,-376,4,9,5,7,0,123,"{""relativeReattackFactor"":3.897471,""relativeReattackMinDelta"":0.014171,""relativeFluxFactor"":1.505292,""spectralNoveltyRatio"":2.853018,""spectralNoveltyMinBins"":45,""cooldownFrames"":4,""confirmedRmsFactor"":1.209833,""confirmedRmsMinDelta"":0.002842,""confirmedFluxFactor"":1.374139,""confirmedMinFlux"":0.01912,""confirmedMinBandRatio"":0.043778,""confirmedSpectralNoveltyMinBins"":25,""cooldownOverrideFactor"":3.94771,""cooldownOverrideMinFlux"":0.010907,""cooldownOverrideMinBandRatio"":0.078825,""analyzeIntervalMs"":45}"
1090,r005-0056-4cd1f6cc,5,-377,1,6,18,4,1,145,"{""relativeReattackFactor"":3.103431,""relativeReattackMinDelta"":0.004207,""relativeFluxFactor"":1.4,""spectralNoveltyRatio"":3.57397,""spectralNoveltyMinBins"":27,""cooldownFrames"":3,""confirmedRmsFactor"":1.724891,""confirmedRmsMinDelta"":0.008674,""confirmedFluxFactor"":2.074615,""confirmedMinFlux"":0.004824,""confirmedMinBandRatio"":0.01752,""confirmedSpectralNoveltyMinBins"":7,""cooldownOverrideFactor"":1.8,""cooldownOverrideMinFlux"":0.027748,""cooldownOverrideMinBandRatio"":0.085991,""analyzeIntervalMs"":42}"
1091,r008-0029-d240743e,8,-377,1,6,18,4,1,145,"{""relativeReattackFactor"":3.002273,""relativeReattackMinDelta"":0.006022,""relativeFluxFactor"":1.4,""spectralNoveltyRatio"":3.919243,""spectralNoveltyMinBins"":27,""cooldownFrames"":3,""confirmedRmsFactor"":1.768077,""confirmedRmsMinDelta"":0.008808,""confirmedFluxFactor"":2.063769,""confirmedMinFlux"":0.004067,""confirmedMinBandRatio"":0.015597,""confirmedSpectralNoveltyMinBins"":11,""cooldownOverrideFactor"":1.932233,""cooldownOverrideMinFlux"":0.027764,""cooldownOverrideMinBandRatio"":0.079902,""analyzeIntervalMs"":42}"
1092,r008-0074-e383d625,8,-377,1,6,18,4,1,145,"{""relativeReattackFactor"":3.130763,""relativeReattackMinDelta"":0.005195,""relativeFluxFactor"":1.4,""spectralNoveltyRatio"":3.654459,""spectralNoveltyMinBins"":27,""cooldownFrames"":3,""confirmedRmsFactor"":1.769237,""confirmedRmsMinDelta"":0.008146,""confirmedFluxFactor"":2.15175,""confirmedMinFlux"":0.003817,""confirmedMinBandRatio"":0.013304,""confirmedSpectralNoveltyMinBins"":11,""cooldownOverrideFactor"":1.8,""cooldownOverrideMinFlux"":0.026582,""cooldownOverrideMinBandRatio"":0.083661,""analyzeIntervalMs"":42}"
1093,r009-0058-3537bff9,9,-377,1,6,18,4,1,145,"{""relativeReattackFactor"":3.035762,""relativeReattackMinDelta"":0.005134,""relativeFluxFactor"":1.4,""spectralNoveltyRatio"":3.824305,""spectralNoveltyMinBins"":27,""cooldownFrames"":3,""confirmedRmsFactor"":1.661069,""confirmedRmsMinDelta"":0.007436,""confirmedFluxFactor"":2.134137,""confirmedMinFlux"":0.003,""confirmedMinBandRatio"":0.007178,""confirmedSpectralNoveltyMinBins"":11,""cooldownOverrideFactor"":1.966752,""cooldownOverrideMinFlux"":0.03,""cooldownOverrideMinBandRatio"":0.085022,""analyzeIntervalMs"":42}"
1094,r002-0037-426b9914,2,-377,2,7,15,5,0,140,"{""relativeReattackFactor"":4,""relativeReattackMinDelta"":0.009988,""relativeFluxFactor"":1.706504,""spectralNoveltyRatio"":4.054881,""spectralNoveltyMinBins"":14,""cooldownFrames"":2,""confirmedRmsFactor"":2.130781,""confirmedRmsMinDelta"":0.005039,""confirmedFluxFactor"":1.835247,""confirmedMinFlux"":0.008085,""confirmedMinBandRatio"":0.015657,""confirmedSpectralNoveltyMinBins"":18,""cooldownOverrideFactor"":2.650624,""cooldownOverrideMinFlux"":0.025648,""cooldownOverrideMinBandRatio"":0.09,""analyzeIntervalMs"":44}"
1095,r001-0032-a5f1eb84,1,-379,1,6,16,4,0,141,"{""relativeReattackFactor"":3.167596,""relativeReattackMinDelta"":0.018268,""relativeFluxFactor"":1.747915,""spectralNoveltyRatio"":4.474342,""spectralNoveltyMinBins"":26,""cooldownFrames"":3,""confirmedRmsFactor"":1.894061,""confirmedRmsMinDelta"":0.00482,""confirmedFluxFactor"":1.210948,""confirmedMinFlux"":0.016285,""confirmedMinBandRatio"":0.044244,""confirmedSpectralNoveltyMinBins"":30,""cooldownOverrideFactor"":4.04322,""cooldownOverrideMinFlux"":0.006032,""cooldownOverrideMinBandRatio"":0.030656,""analyzeIntervalMs"":35}"
1096,r009-0018-3720befb,9,-381,1,6,19,4,1,146,"{""relativeReattackFactor"":2.936919,""relativeReattackMinDelta"":0.004928,""relativeFluxFactor"":1.4,""spectralNoveltyRatio"":3.613815,""spectralNoveltyMinBins"":27,""cooldownFrames"":3,""confirmedRmsFactor"":1.696162,""confirmedRmsMinDelta"":0.007079,""confirmedFluxFactor"":2.109812,""confirmedMinFlux"":0.003,""confirmedMinBandRatio"":0.010111,""confirmedSpectralNoveltyMinBins"":11,""cooldownOverrideFactor"":1.889124,""cooldownOverrideMinFlux"":0.03,""cooldownOverrideMinBandRatio"":0.083095,""analyzeIntervalMs"":42}"
1097,r016-0034-279c8cf2,16,-382,3,9,8,7,0,127,"{""relativeReattackFactor"":3.607433,""relativeReattackMinDelta"":0.007492,""relativeFluxFactor"":1.4,""spectralNoveltyRatio"":3.67318,""spectralNoveltyMinBins"":46,""cooldownFrames"":3,""confirmedRmsFactor"":1.636172,""confirmedRmsMinDelta"":0.004746,""confirmedFluxFactor"":2.111365,""confirmedMinFlux"":0.003,""confirmedMinBandRatio"":0.02681,""confirmedSpectralNoveltyMinBins"":17,""cooldownOverrideFactor"":1.8,""cooldownOverrideMinFlux"":0.021066,""cooldownOverrideMinBandRatio"":0.088501,""analyzeIntervalMs"":42}"
1098,r018-0059-b0fc438d,18,-385,1,5,23,3,2,150,"{""relativeReattackFactor"":3.633806,""relativeReattackMinDelta"":0.005369,""relativeFluxFactor"":1.510901,""spectralNoveltyRatio"":3.780194,""spectralNoveltyMinBins"":24,""cooldownFrames"":3,""confirmedRmsFactor"":1.69536,""confirmedRmsMinDelta"":0.006017,""confirmedFluxFactor"":1.998096,""confirmedMinFlux"":0.004199,""confirmedMinBandRatio"":0.011335,""confirmedSpectralNoveltyMinBins"":13,""cooldownOverrideFactor"":1.8,""cooldownOverrideMinFlux"":0.028628,""cooldownOverrideMinBandRatio"":0.081905,""analyzeIntervalMs"":38}"
1099,r005-0044-16f66c0f,5,-386,2,5,21,4,0,148,"{""relativeReattackFactor"":3.255343,""relativeReattackMinDelta"":0.004,""relativeFluxFactor"":1.697926,""spectralNoveltyRatio"":3.462268,""spectralNoveltyMinBins"":21,""cooldownFrames"":3,""confirmedRmsFactor"":1.625696,""confirmedRmsMinDelta"":0.007967,""confirmedFluxFactor"":2.126799,""confirmedMinFlux"":0.004157,""confirmedMinBandRatio"":0.019907,""confirmedSpectralNoveltyMinBins"":12,""cooldownOverrideFactor"":1.989143,""cooldownOverrideMinFlux"":0.025604,""cooldownOverrideMinBandRatio"":0.09,""analyzeIntervalMs"":39}"
1100,r003-0063-68d92a03,3,-387,1,6,17,4,0,145,"{""relativeReattackFactor"":2.617665,""relativeReattackMinDelta"":0.007983,""relativeFluxFactor"":1.528156,""spectralNoveltyRatio"":4.675599,""spectralNoveltyMinBins"":18,""cooldownFrames"":3,""confirmedRmsFactor"":1.840688,""confirmedRmsMinDelta"":0.006777,""confirmedFluxFactor"":1.901295,""confirmedMinFlux"":0.004492,""confirmedMinBandRatio"":0.012547,""confirmedSpectralNoveltyMinBins"":2,""cooldownOverrideFactor"":1.8,""cooldownOverrideMinFlux"":0.025929,""cooldownOverrideMinBandRatio"":0.09,""analyzeIntervalMs"":40}"
1101,r017-0046-0b94cd4e,17,-387,2,7,8,5,0,132,"{""relativeReattackFactor"":3.61326,""relativeReattackMinDelta"":0.011794,""relativeFluxFactor"":2.014445,""spectralNoveltyRatio"":4.280094,""spectralNoveltyMinBins"":25,""cooldownFrames"":3,""confirmedRmsFactor"":1.395754,""confirmedRmsMinDelta"":0.006477,""confirmedFluxFactor"":2.004254,""confirmedMinFlux"":0.008878,""confirmedMinBandRatio"":0.014981,""confirmedSpectralNoveltyMinBins"":19,""cooldownOverrideFactor"":3.291059,""cooldownOverrideMinFlux"":0.03,""cooldownOverrideMinBandRatio"":0.069062,""analyzeIntervalMs"":42}"
1102,r002-0017-61ec48db,2,-388,2,8,9,6,0,132,"{""relativeReattackFactor"":3.212818,""relativeReattackMinDelta"":0.004538,""relativeFluxFactor"":1.513069,""spectralNoveltyRatio"":2.76894,""spectralNoveltyMinBins"":30,""cooldownFrames"":3,""confirmedRmsFactor"":2.105796,""confirmedRmsMinDelta"":0.006289,""confirmedFluxFactor"":1.866337,""confirmedMinFlux"":0.010981,""confirmedMinBandRatio"":0.019589,""confirmedSpectralNoveltyMinBins"":6,""cooldownOverrideFactor"":1.8,""cooldownOverrideMinFlux"":0.029066,""cooldownOverrideMinBandRatio"":0.058057,""analyzeIntervalMs"":44}"
1103,r002-0014-8bb14680,2,-389,3,3,24,2,3,154,"{""relativeReattackFactor"":3.159397,""relativeReattackMinDelta"":0.012096,""relativeFluxFactor"":1.4,""spectralNoveltyRatio"":5.178686,""spectralNoveltyMinBins"":12,""cooldownFrames"":4,""confirmedRmsFactor"":1.750663,""confirmedRmsMinDelta"":0.012,""confirmedFluxFactor"":1.554538,""confirmedMinFlux"":0.004249,""confirmedMinBandRatio"":0.048515,""confirmedSpectralNoveltyMinBins"":7,""cooldownOverrideFactor"":3.208367,""cooldownOverrideMinFlux"":0.013186,""cooldownOverrideMinBandRatio"":0.02,""analyzeIntervalMs"":36}"
1104,r018-0024-e13b0dfe,18,-389,2,8,10,6,0,133,"{""relativeReattackFactor"":3.843091,""relativeReattackMinDelta"":0.006994,""relativeFluxFactor"":1.4,""spectralNoveltyRatio"":3.30983,""spectralNoveltyMinBins"":27,""cooldownFrames"":3,""confirmedRmsFactor"":1.453756,""confirmedRmsMinDelta"":0.007411,""confirmedFluxFactor"":2.287502,""confirmedMinFlux"":0.004403,""confirmedMinBandRatio"":0.010427,""confirmedSpectralNoveltyMinBins"":11,""cooldownOverrideFactor"":1.8,""cooldownOverrideMinFlux"":0.03,""cooldownOverrideMinBandRatio"":0.082309,""analyzeIntervalMs"":44}"
1105,r002-0075-82556355,2,-391,2,7,9,5,0,135,"{""relativeReattackFactor"":2.869136,""relativeReattackMinDelta"":0.012857,""relativeFluxFactor"":1.887771,""spectralNoveltyRatio"":4.113692,""spectralNoveltyMinBins"":21,""cooldownFrames"":4,""confirmedRmsFactor"":2.094013,""confirmedRmsMinDelta"":0.004569,""confirmedFluxFactor"":1.3688,""confirmedMinFlux"":0.003,""confirmedMinBandRatio"":0.040425,""confirmedSpectralNoveltyMinBins"":9,""cooldownOverrideFactor"":4.910527,""cooldownOverrideMinFlux"":0.007497,""cooldownOverrideMinBandRatio"":0.073282,""analyzeIntervalMs"":40}"
1106,r018-0021-bc53f072,18,-392,2,8,9,6,0,132,"{""relativeReattackFactor"":3.455592,""relativeReattackMinDelta"":0.005539,""relativeFluxFactor"":1.437882,""spectralNoveltyRatio"":5.844008,""spectralNoveltyMinBins"":20,""cooldownFrames"":4,""confirmedRmsFactor"":1.714918,""confirmedRmsMinDelta"":0.00518,""confirmedFluxFactor"":1.902434,""confirmedMinFlux"":0.00547,""confirmedMinBandRatio"":0.032866,""confirmedSpectralNoveltyMinBins"":11,""cooldownOverrideFactor"":2.98921,""cooldownOverrideMinFlux"":0.029611,""cooldownOverrideMinBandRatio"":0.075701,""analyzeIntervalMs"":44}"
1107,r004-0073-d1664b98,4,-393,2,4,31,3,3,160,"{""relativeReattackFactor"":2.844043,""relativeReattackMinDelta"":0.004584,""relativeFluxFactor"":1.514807,""spectralNoveltyRatio"":4.241026,""spectralNoveltyMinBins"":18,""cooldownFrames"":3,""confirmedRmsFactor"":1.890727,""confirmedRmsMinDelta"":0.00688,""confirmedFluxFactor"":1.695055,""confirmedMinFlux"":0.004636,""confirmedMinBandRatio"":0.011382,""confirmedSpectralNoveltyMinBins"":3,""cooldownOverrideFactor"":2.035665,""cooldownOverrideMinFlux"":0.020985,""cooldownOverrideMinBandRatio"":0.077586,""analyzeIntervalMs"":38}"
1108,r003-0048-c361fc26,3,-394,2,4,31,3,3,160,"{""relativeReattackFactor"":3.167604,""relativeReattackMinDelta"":0.0071,""relativeFluxFactor"":1.767645,""spectralNoveltyRatio"":4.141477,""spectralNoveltyMinBins"":10,""cooldownFrames"":3,""confirmedRmsFactor"":1.577647,""confirmedRmsMinDelta"":0.007182,""confirmedFluxFactor"":1.752833,""confirmedMinFlux"":0.005799,""confirmedMinBandRatio"":0.00816,""confirmedSpectralNoveltyMinBins"":2,""cooldownOverrideFactor"":1.922359,""cooldownOverrideMinFlux"":0.025693,""cooldownOverrideMinBandRatio"":0.09,""analyzeIntervalMs"":38}"
1109,r018-0031-fdfc5e1c,18,-394,1,7,10,5,0,134,"{""relativeReattackFactor"":3.462709,""relativeReattackMinDelta"":0.007473,""relativeFluxFactor"":1.4,""spectralNoveltyRatio"":5.509251,""spectralNoveltyMinBins"":25,""cooldownFrames"":4,""confirmedRmsFactor"":1.600715,""confirmedRmsMinDelta"":0.004257,""confirmedFluxFactor"":1.518051,""confirmedMinFlux"":0.005883,""confirmedMinBandRatio"":0.027444,""confirmedSpectralNoveltyMinBins"":13,""cooldownOverrideFactor"":3.317274,""cooldownOverrideMinFlux"":0.022187,""cooldownOverrideMinBandRatio"":0.059273,""analyzeIntervalMs"":37}"
1110,r018-0011-6764e384,18,-394,2,8,11,6,0,134,"{""relativeReattackFactor"":3.444918,""relativeReattackMinDelta"":0.006273,""relativeFluxFactor"":1.4,""spectralNoveltyRatio"":5.379167,""spectralNoveltyMinBins"":20,""cooldownFrames"":4,""confirmedRmsFactor"":1.719657,""confirmedRmsMinDelta"":0.006213,""confirmedFluxFactor"":1.696388,""confirmedMinFlux"":0.003,""confirmedMinBandRatio"":0.032544,""confirmedSpectralNoveltyMinBins"":18,""cooldownOverrideFactor"":3.316186,""cooldownOverrideMinFlux"":0.028324,""cooldownOverrideMinBandRatio"":0.064051,""analyzeIntervalMs"":44}"
1111,r018-0037-411e6de7,18,-396,2,7,11,5,0,136,"{""relativeReattackFactor"":3.099633,""relativeReattackMinDelta"":0.004266,""relativeFluxFactor"":1.998526,""spectralNoveltyRatio"":3.427395,""spectralNoveltyMinBins"":19,""cooldownFrames"":3,""confirmedRmsFactor"":1.446742,""confirmedRmsMinDelta"":0.006917,""confirmedFluxFactor"":2.343123,""confirmedMinFlux"":0.003,""confirmedMinBandRatio"":0.008549,""confirmedSpectralNoveltyMinBins"":10,""cooldownOverrideFactor"":2.769462,""cooldownOverrideMinFlux"":0.03,""cooldownOverrideMinBandRatio"":0.089722,""analyzeIntervalMs"":42}"
1112,r017-0004-eac98e9f,17,-399,3,9,8,7,0,127,"{""relativeReattackFactor"":4,""relativeReattackMinDelta"":0.007961,""relativeFluxFactor"":1.4,""spectralNoveltyRatio"":4.875725,""spectralNoveltyMinBins"":35,""cooldownFrames"":3,""confirmedRmsFactor"":1.443747,""confirmedRmsMinDelta"":0.008363,""confirmedFluxFactor"":2.265187,""confirmedMinFlux"":0.004487,""confirmedMinBandRatio"":0.019332,""confirmedSpectralNoveltyMinBins"":19,""cooldownOverrideFactor"":2.77723,""cooldownOverrideMinFlux"":0.021541,""cooldownOverrideMinBandRatio"":0.09,""analyzeIntervalMs"":37}"
1113,r005-0046-a21788cf,5,-400,1,6,16,4,1,143,"{""relativeReattackFactor"":3.062884,""relativeReattackMinDelta"":0.004161,""relativeFluxFactor"":1.704623,""spectralNoveltyRatio"":3.820405,""spectralNoveltyMinBins"":21,""cooldownFrames"":3,""confirmedRmsFactor"":1.63009,""confirmedRmsMinDelta"":0.008164,""confirmedFluxFactor"":2.042243,""confirmedMinFlux"":0.005897,""confirmedMinBandRatio"":0.01368,""confirmedSpectralNoveltyMinBins"":10,""cooldownOverrideFactor"":1.8,""cooldownOverrideMinFlux"":0.026426,""cooldownOverrideMinBandRatio"":0.081068,""analyzeIntervalMs"":42}"
1114,r007-0016-ada444ff,7,-400,1,6,16,4,1,143,"{""relativeReattackFactor"":3.078374,""relativeReattackMinDelta"":0.006011,""relativeFluxFactor"":1.60395,""spectralNoveltyRatio"":3.78836,""spectralNoveltyMinBins"":26,""cooldownFrames"":3,""confirmedRmsFactor"":1.738261,""confirmedRmsMinDelta"":0.009156,""confirmedFluxFactor"":2.142013,""confirmedMinFlux"":0.003126,""confirmedMinBandRatio"":0.012445,""confirmedSpectralNoveltyMinBins"":11,""cooldownOverrideFactor"":1.889307,""cooldownOverrideMinFlux"":0.027107,""cooldownOverrideMinBandRatio"":0.081746,""analyzeIntervalMs"":42}"
1115,r008-0024-f30c3283,8,-400,1,6,16,4,1,143,"{""relativeReattackFactor"":3.04391,""relativeReattackMinDelta"":0.006717,""relativeFluxFactor"":1.600283,""spectralNoveltyRatio"":3.641667,""spectralNoveltyMinBins"":26,""cooldownFrames"":3,""confirmedRmsFactor"":1.769753,""confirmedRmsMinDelta"":0.008513,""confirmedFluxFactor"":2.148052,""confirmedMinFlux"":0.003,""confirmedMinBandRatio"":0.014527,""confirmedSpectralNoveltyMinBins"":11,""cooldownOverrideFactor"":1.8,""cooldownOverrideMinFlux"":0.026455,""cooldownOverrideMinBandRatio"":0.081308,""analyzeIntervalMs"":42}"
1116,r017-0027-984e2c72,17,-401,2,8,11,6,0,133,"{""relativeReattackFactor"":3.706935,""relativeReattackMinDelta"":0.011577,""relativeFluxFactor"":1.4,""spectralNoveltyRatio"":5.433892,""spectralNoveltyMinBins"":35,""cooldownFrames"":3,""confirmedRmsFactor"":1.918712,""confirmedRmsMinDelta"":0.005392,""confirmedFluxFactor"":1.826101,""confirmedMinFlux"":0.003,""confirmedMinBandRatio"":0.01851,""confirmedSpectralNoveltyMinBins"":19,""cooldownOverrideFactor"":2.057521,""cooldownOverrideMinFlux"":0.03,""cooldownOverrideMinBandRatio"":0.09,""analyzeIntervalMs"":43}"
1117,r003-0014-816bdf60,3,-404,1,5,21,3,3,148,"{""relativeReattackFactor"":4,""relativeReattackMinDelta"":0.023094,""relativeFluxFactor"":1.4,""spectralNoveltyRatio"":4.611173,""spectralNoveltyMinBins"":21,""cooldownFrames"":3,""confirmedRmsFactor"":1.58782,""confirmedRmsMinDelta"":0.006739,""confirmedFluxFactor"":1.394575,""confirmedMinFlux"":0.019058,""confirmedMinBandRatio"":0.039637,""confirmedSpectralNoveltyMinBins"":28,""cooldownOverrideFactor"":2.837332,""cooldownOverrideMinFlux"":0.004192,""cooldownOverrideMinBandRatio"":0.040873,""analyzeIntervalMs"":34}"
1118,r002-0054-920e4d7c,2,-404,2,7,7,5,0,131,"{""relativeReattackFactor"":3.949764,""relativeReattackMinDelta"":0.013517,""relativeFluxFactor"":2.363208,""spectralNoveltyRatio"":4.778887,""spectralNoveltyMinBins"":23,""cooldownFrames"":4,""confirmedRmsFactor"":1.832307,""confirmedRmsMinDelta"":0.008991,""confirmedFluxFactor"":1.689323,""confirmedMinFlux"":0.005484,""confirmedMinBandRatio"":0.05,""confirmedSpectralNoveltyMinBins"":8,""cooldownOverrideFactor"":3.489296,""cooldownOverrideMinFlux"":0.019775,""cooldownOverrideMinBandRatio"":0.02,""analyzeIntervalMs"":35}"
1119,r003-0006-ec5c1ee7,3,-404,3,9,3,7,0,121,"{""relativeReattackFactor"":3.581961,""relativeReattackMinDelta"":0.015793,""relativeFluxFactor"":1.4,""spectralNoveltyRatio"":2.701237,""spectralNoveltyMinBins"":50,""cooldownFrames"":4,""confirmedRmsFactor"":1.15,""confirmedRmsMinDelta"":0.002,""confirmedFluxFactor"":1.11894,""confirmedMinFlux"":0.02,""confirmedMinBandRatio"":0.035951,""confirmedSpectralNoveltyMinBins"":20,""cooldownOverrideFactor"":3.807529,""cooldownOverrideMinFlux"":0.017378,""cooldownOverrideMinBandRatio"":0.074773,""analyzeIntervalMs"":49}"
1120,r018-0060-5f77e9fc,18,-405,3,9,10,7,0,130,"{""relativeReattackFactor"":3.48115,""relativeReattackMinDelta"":0.005658,""relativeFluxFactor"":1.4,""spectralNoveltyRatio"":4.826781,""spectralNoveltyMinBins"":36,""cooldownFrames"":3,""confirmedRmsFactor"":1.44985,""confirmedRmsMinDelta"":0.006579,""confirmedFluxFactor"":1.936359,""confirmedMinFlux"":0.007459,""confirmedMinBandRatio"":0.007945,""confirmedSpectralNoveltyMinBins"":17,""cooldownOverrideFactor"":1.8,""cooldownOverrideMinFlux"":0.028663,""cooldownOverrideMinBandRatio"":0.070376,""analyzeIntervalMs"":37}"
1121,r003-0073-c4c088df,3,-406,2,3,21,2,2,151,"{""relativeReattackFactor"":3.252324,""relativeReattackMinDelta"":0.009053,""relativeFluxFactor"":1.4,""spectralNoveltyRatio"":3.542619,""spectralNoveltyMinBins"":9,""cooldownFrames"":3,""confirmedRmsFactor"":1.733775,""confirmedRmsMinDelta"":0.008893,""confirmedFluxFactor"":1.759355,""confirmedMinFlux"":0.008575,""confirmedMinBandRatio"":0.020002,""confirmedSpectralNoveltyMinBins"":2,""cooldownOverrideFactor"":1.834231,""cooldownOverrideMinFlux"":0.022524,""cooldownOverrideMinBandRatio"":0.09,""analyzeIntervalMs"":45}"
1122,r017-0072-6224ff5c,17,-406,2,7,13,5,0,137,"{""relativeReattackFactor"":3.688304,""relativeReattackMinDelta"":0.00693,""relativeFluxFactor"":1.671301,""spectralNoveltyRatio"":3.289039,""spectralNoveltyMinBins"":34,""cooldownFrames"":3,""confirmedRmsFactor"":1.219175,""confirmedRmsMinDelta"":0.007501,""confirmedFluxFactor"":1.913687,""confirmedMinFlux"":0.010943,""confirmedMinBandRatio"":0.006448,""confirmedSpectralNoveltyMinBins"":10,""cooldownOverrideFactor"":2.70169,""cooldownOverrideMinFlux"":0.027834,""cooldownOverrideMinBandRatio"":0.079145,""analyzeIntervalMs"":48}"
1123,r017-0006-44fd3bd0,17,-406,3,8,7,6,0,130,"{""relativeReattackFactor"":3.223876,""relativeReattackMinDelta"":0.007816,""relativeFluxFactor"":1.498986,""spectralNoveltyRatio"":3.583178,""spectralNoveltyMinBins"":35,""cooldownFrames"":3,""confirmedRmsFactor"":1.345214,""confirmedRmsMinDelta"":0.00777,""confirmedFluxFactor"":2.4,""confirmedMinFlux"":0.00429,""confirmedMinBandRatio"":0.011301,""confirmedSpectralNoveltyMinBins"":9,""cooldownOverrideFactor"":1.8,""cooldownOverrideMinFlux"":0.02671,""cooldownOverrideMinBandRatio"":0.071741,""analyzeIntervalMs"":40}"
1124,r017-0066-2756e243,17,-407,1,7,15,5,0,138,"{""relativeReattackFactor"":2.86582,""relativeReattackMinDelta"":0.011116,""relativeFluxFactor"":1.4,""spectralNoveltyRatio"":3.871196,""spectralNoveltyMinBins"":30,""cooldownFrames"":4,""confirmedRmsFactor"":1.703286,""confirmedRmsMinDelta"":0.009613,""confirmedFluxFactor"":2.4,""confirmedMinFlux"":0.006955,""confirmedMinBandRatio"":0.021364,""confirmedSpectralNoveltyMinBins"":20,""cooldownOverrideFactor"":3.032515,""cooldownOverrideMinFlux"":0.03,""cooldownOverrideMinBandRatio"":0.055802,""analyzeIntervalMs"":37}"
1125,r018-0080-248e0a76,18,-408,1,7,18,5,1,141,"{""relativeReattackFactor"":3.173916,""relativeReattackMinDelta"":0.004,""relativeFluxFactor"":1.589497,""spectralNoveltyRatio"":4.025324,""spectralNoveltyMinBins"":32,""cooldownFrames"":3,""confirmedRmsFactor"":1.751324,""confirmedRmsMinDelta"":0.007531,""confirmedFluxFactor"":1.948022,""confirmedMinFlux"":0.003,""confirmedMinBandRatio"":0.006,""confirmedSpectralNoveltyMinBins"":13,""cooldownOverrideFactor"":2.359794,""cooldownOverrideMinFlux"":0.026686,""cooldownOverrideMinBandRatio"":0.082215,""analyzeIntervalMs"":37}"
1126,r005-0009-2a7889ca,5,-409,2,3,33,2,4,164,"{""relativeReattackFactor"":3.161694,""relativeReattackMinDelta"":0.004833,""relativeFluxFactor"":1.499444,""spectralNoveltyRatio"":3.683156,""spectralNoveltyMinBins"":15,""cooldownFrames"":3,""confirmedRmsFactor"":1.680287,""confirmedRmsMinDelta"":0.008545,""confirmedFluxFactor"":2.041131,""confirmedMinFlux"":0.005977,""confirmedMinBandRatio"":0.021151,""confirmedSpectralNoveltyMinBins"":8,""cooldownOverrideFactor"":1.8,""cooldownOverrideMinFlux"":0.026538,""cooldownOverrideMinBandRatio"":0.089573,""analyzeIntervalMs"":38}"
1127,r003-0039-9062c314,3,-410,1,5,23,3,3,150,"{""relativeReattackFactor"":4,""relativeReattackMinDelta"":0.02325,""relativeFluxFactor"":1.4,""spectralNoveltyRatio"":4.346747,""spectralNoveltyMinBins"":19,""cooldownFrames"":3,""confirmedRmsFactor"":1.445689,""confirmedRmsMinDelta"":0.007414,""confirmedFluxFactor"":1.218574,""confirmedMinFlux"":0.02,""confirmedMinBandRatio"":0.047045,""confirmedSpectralNoveltyMinBins"":23,""cooldownOverrideFactor"":2.712149,""cooldownOverrideMinFlux"":0.004,""cooldownOverrideMinBandRatio"":0.026651,""analyzeIntervalMs"":34}"
1128,r017-0064-76ca692f,17,-414,1,7,16,5,0,140,"{""relativeReattackFactor"":2.983767,""relativeReattackMinDelta"":0.010903,""relativeFluxFactor"":1.4,""spectralNoveltyRatio"":2.844332,""spectralNoveltyMinBins"":35,""cooldownFrames"":3,""confirmedRmsFactor"":1.643746,""confirmedRmsMinDelta"":0.007941,""confirmedFluxFactor"":2.208041,""confirmedMinFlux"":0.003,""confirmedMinBandRatio"":0.018192,""confirmedSpectralNoveltyMinBins"":16,""cooldownOverrideFactor"":3.288648,""cooldownOverrideMinFlux"":0.03,""cooldownOverrideMinBandRatio"":0.079659,""analyzeIntervalMs"":39}"
1129,r004-0070-e33771af,4,-414,2,8,8,6,0,131,"{""relativeReattackFactor"":4,""relativeReattackMinDelta"":0.011888,""relativeFluxFactor"":1.4,""spectralNoveltyRatio"":3.702664,""spectralNoveltyMinBins"":24,""cooldownFrames"":4,""confirmedRmsFactor"":1.77059,""confirmedRmsMinDelta"":0.002819,""confirmedFluxFactor"":1.766493,""confirmedMinFlux"":0.016344,""confirmedMinBandRatio"":0.023021,""confirmedSpectralNoveltyMinBins"":27,""cooldownOverrideFactor"":4.035369,""cooldownOverrideMinFlux"":0.006753,""cooldownOverrideMinBandRatio"":0.074068,""analyzeIntervalMs"":44}"
1130,r003-0028-850baa31,3,-415,2,3,24,2,2,154,"{""relativeReattackFactor"":3.352671,""relativeReattackMinDelta"":0.007005,""relativeFluxFactor"":1.4,""spectralNoveltyRatio"":3.512154,""spectralNoveltyMinBins"":6,""cooldownFrames"":3,""confirmedRmsFactor"":1.566279,""confirmedRmsMinDelta"":0.008316,""confirmedFluxFactor"":1.898166,""confirmedMinFlux"":0.007894,""confirmedMinBandRatio"":0.008986,""confirmedSpectralNoveltyMinBins"":2,""cooldownOverrideFactor"":2.116643,""cooldownOverrideMinFlux"":0.020008,""cooldownOverrideMinBandRatio"":0.086791,""analyzeIntervalMs"":45}"
1131,r016-0030-af2058c2,16,-417,1,7,17,5,0,141,"{""relativeReattackFactor"":2.951088,""relativeReattackMinDelta"":0.007426,""relativeFluxFactor"":1.4,""spectralNoveltyRatio"":2.707046,""spectralNoveltyMinBins"":36,""cooldownFrames"":3,""confirmedRmsFactor"":1.566735,""confirmedRmsMinDelta"":0.00668,""confirmedFluxFactor"":2.17464,""confirmedMinFlux"":0.003,""confirmedMinBandRatio"":0.006,""confirmedSpectralNoveltyMinBins"":19,""cooldownOverrideFactor"":2.598128,""cooldownOverrideMinFlux"":0.03,""cooldownOverrideMinBandRatio"":0.058765,""analyzeIntervalMs"":39}"
1132,r007-0058-4c745b31,7,-418,2,7,10,5,0,136,"{""relativeReattackFactor"":2.910873,""relativeReattackMinDelta"":0.004014,""relativeFluxFactor"":1.478411,""spectralNoveltyRatio"":3.703211,""spectralNoveltyMinBins"":32,""cooldownFrames"":3,""confirmedRmsFactor"":1.681839,""confirmedRmsMinDelta"":0.007061,""confirmedFluxFactor"":2.103294,""confirmedMinFlux"":0.003,""confirmedMinBandRatio"":0.010645,""confirmedSpectralNoveltyMinBins"":11,""cooldownOverrideFactor"":1.8,""cooldownOverrideMinFlux"":0.03,""cooldownOverrideMinBandRatio"":0.084951,""analyzeIntervalMs"":40}"
1133,r018-0025-f0ba84d4,18,-419,1,7,18,5,0,142,"{""relativeReattackFactor"":3.504274,""relativeReattackMinDelta"":0.004,""relativeFluxFactor"":1.4,""spectralNoveltyRatio"":3.54052,""spectralNoveltyMinBins"":27,""cooldownFrames"":3,""confirmedRmsFactor"":1.647514,""confirmedRmsMinDelta"":0.00958,""confirmedFluxFactor"":2.09903,""confirmedMinFlux"":0.006249,""confirmedMinBandRatio"":0.016611,""confirmedSpectralNoveltyMinBins"":10,""cooldownOverrideFactor"":1.863542,""cooldownOverrideMinFlux"":0.03,""cooldownOverrideMinBandRatio"":0.080241,""analyzeIntervalMs"":39}"
1134,r002-0024-6a439067,2,-420,3,6,18,5,0,144,"{""relativeReattackFactor"":4,""relativeReattackMinDelta"":0.008701,""relativeFluxFactor"":2.927921,""spectralNoveltyRatio"":5.653049,""spectralNoveltyMinBins"":8,""cooldownFrames"":4,""confirmedRmsFactor"":1.869626,""confirmedRmsMinDelta"":0.008202,""confirmedFluxFactor"":2.089231,""confirmedMinFlux"":0.008065,""confirmedMinBandRatio"":0.05,""confirmedSpectralNoveltyMinBins"":7,""cooldownOverrideFactor"":2.611962,""cooldownOverrideMinFlux"":0.021191,""cooldownOverrideMinBandRatio"":0.055036,""analyzeIntervalMs"":32}"
1135,r018-0015-0f58fcde,18,-422,1,7,18,5,0,141,"{""relativeReattackFactor"":3.227093,""relativeReattackMinDelta"":0.004,""relativeFluxFactor"":1.4,""spectralNoveltyRatio"":3.639338,""spectralNoveltyMinBins"":35,""cooldownFrames"":3,""confirmedRmsFactor"":1.675882,""confirmedRmsMinDelta"":0.006652,""confirmedFluxFactor"":2.254541,""confirmedMinFlux"":0.00413,""confirmedMinBandRatio"":0.00924,""confirmedSpectralNoveltyMinBins"":16,""cooldownOverrideFactor"":2.118623,""cooldownOverrideMinFlux"":0.028665,""cooldownOverrideMinBandRatio"":0.082135,""analyzeIntervalMs"":43}"
1136,r016-0049-c7e22e58,16,-423,1,8,11,5,0,132,"{""relativeReattackFactor"":3.052838,""relativeReattackMinDelta"":0.009543,""relativeFluxFactor"":1.4,""spectralNoveltyRatio"":4.169295,""spectralNoveltyMinBins"":38,""cooldownFrames"":3,""confirmedRmsFactor"":1.70209,""confirmedRmsMinDelta"":0.007315,""confirmedFluxFactor"":1.950188,""confirmedMinFlux"":0.0107,""confirmedMinBandRatio"":0.006,""confirmedSpectralNoveltyMinBins"":23,""cooldownOverrideFactor"":2.274417,""cooldownOverrideMinFlux"":0.03,""cooldownOverrideMinBandRatio"":0.057385,""analyzeIntervalMs"":47}"
1137,r006-0061-7aa315b9,6,-424,1,7,19,5,0,143,"{""relativeReattackFactor"":2.974818,""relativeReattackMinDelta"":0.005581,""relativeFluxFactor"":1.40767,""spectralNoveltyRatio"":4.43905,""spectralNoveltyMinBins"":30,""cooldownFrames"":3,""confirmedRmsFactor"":1.710646,""confirmedRmsMinDelta"":0.007693,""confirmedFluxFactor"":2.122268,""confirmedMinFlux"":0.004468,""confirmedMinBandRatio"":0.013238,""confirmedSpectralNoveltyMinBins"":9,""cooldownOverrideFactor"":1.8,""cooldownOverrideMinFlux"":0.03,""cooldownOverrideMinBandRatio"":0.088226,""analyzeIntervalMs"":39}"
1138,r017-0013-408bf944,17,-425,1,7,18,5,0,140,"{""relativeReattackFactor"":3.871263,""relativeReattackMinDelta"":0.00443,""relativeFluxFactor"":1.46032,""spectralNoveltyRatio"":4.265452,""spectralNoveltyMinBins"":33,""cooldownFrames"":2,""confirmedRmsFactor"":1.185776,""confirmedRmsMinDelta"":0.006813,""confirmedFluxFactor"":2.213375,""confirmedMinFlux"":0.007251,""confirmedMinBandRatio"":0.01874,""confirmedSpectralNoveltyMinBins"":18,""cooldownOverrideFactor"":2.862778,""cooldownOverrideMinFlux"":0.03,""cooldownOverrideMinBandRatio"":0.09,""analyzeIntervalMs"":43}"
1139,r003-0040-05ac05c4,3,-426,1,6,16,4,2,142,"{""relativeReattackFactor"":2.749678,""relativeReattackMinDelta"":0.017523,""relativeFluxFactor"":1.724059,""spectralNoveltyRatio"":1.574377,""spectralNoveltyMinBins"":12,""cooldownFrames"":4,""confirmedRmsFactor"":1.393056,""confirmedRmsMinDelta"":0.00653,""confirmedFluxFactor"":1.806303,""confirmedMinFlux"":0.016174,""confirmedMinBandRatio"":0.034205,""confirmedSpectralNoveltyMinBins"":29,""cooldownOverrideFactor"":4.713326,""cooldownOverrideMinFlux"":0.004944,""cooldownOverrideMinBandRatio"":0.073348,""analyzeIntervalMs"":44}"
1140,r003-0029-517757df,3,-427,1,6,17,4,2,141,"{""relativeReattackFactor"":3.837524,""relativeReattackMinDelta"":0.019541,""relativeFluxFactor"":1.4,""spectralNoveltyRatio"":4.419671,""spectralNoveltyMinBins"":24,""cooldownFrames"":3,""confirmedRmsFactor"":1.696452,""confirmedRmsMinDelta"":0.006932,""confirmedFluxFactor"":1.093572,""confirmedMinFlux"":0.02,""confirmedMinBandRatio"":0.044973,""confirmedSpectralNoveltyMinBins"":25,""cooldownOverrideFactor"":2.629162,""cooldownOverrideMinFlux"":0.004,""cooldownOverrideMinBandRatio"":0.027209,""analyzeIntervalMs"":29}"
1141,r003-0026-09cd1d55,3,-428,5,10,3,8,0,121,"{""relativeReattackFactor"":3.993277,""relativeReattackMinDelta"":0.010895,""relativeFluxFactor"":1.929911,""spectralNoveltyRatio"":2.690511,""spectralNoveltyMinBins"":45,""cooldownFrames"":4,""confirmedRmsFactor"":1.15,""confirmedRmsMinDelta"":0.002,""confirmedFluxFactor"":1.538388,""confirmedMinFlux"":0.016206,""confirmedMinBandRatio"":0.040466,""confirmedSpectralNoveltyMinBins"":20,""cooldownOverrideFactor"":3.72149,""cooldownOverrideMinFlux"":0.009085,""cooldownOverrideMinBandRatio"":0.064551,""analyzeIntervalMs"":48}"
1142,r004-0058-78beba6f,4,-429,2,3,29,2,2,162,"{""relativeReattackFactor"":2.661583,""relativeReattackMinDelta"":0.004,""relativeFluxFactor"":1.515675,""spectralNoveltyRatio"":4.995172,""spectralNoveltyMinBins"":7,""cooldownFrames"":3,""confirmedRmsFactor"":1.737497,""confirmedRmsMinDelta"":0.005811,""confirmedFluxFactor"":1.888034,""confirmedMinFlux"":0.004368,""confirmedMinBandRatio"":0.011945,""confirmedSpectralNoveltyMinBins"":3,""cooldownOverrideFactor"":1.8,""cooldownOverrideMinFlux"":0.019924,""cooldownOverrideMinBandRatio"":0.075826,""analyzeIntervalMs"":40}"
1143,r001-0056-01acc5da,1,-429,3,6,19,5,0,149,"{""relativeReattackFactor"":3.704661,""relativeReattackMinDelta"":0.01071,""relativeFluxFactor"":2.40069,""spectralNoveltyRatio"":5.230295,""spectralNoveltyMinBins"":7,""cooldownFrames"":4,""confirmedRmsFactor"":1.517772,""confirmedRmsMinDelta"":0.010252,""confirmedFluxFactor"":1.835032,""confirmedMinFlux"":0.009881,""confirmedMinBandRatio"":0.04425,""confirmedSpectralNoveltyMinBins"":3,""cooldownOverrideFactor"":3.224743,""cooldownOverrideMinFlux"":0.020265,""cooldownOverrideMinBandRatio"":0.033424,""analyzeIntervalMs"":28}"
1144,r001-0037-18d74b3b,1,-429,3,6,20,5,0,147,"{""relativeReattackFactor"":2.755086,""relativeReattackMinDelta"":0.006962,""relativeFluxFactor"":2.64588,""spectralNoveltyRatio"":3.44586,""spectralNoveltyMinBins"":22,""cooldownFrames"":4,""confirmedRmsFactor"":2.036604,""confirmedRmsMinDelta"":0.004112,""confirmedFluxFactor"":1.398656,""confirmedMinFlux"":0.004114,""confirmedMinBandRatio"":0.048324,""confirmedSpectralNoveltyMinBins"":17,""cooldownOverrideFactor"":4.484827,""cooldownOverrideMinFlux"":0.011718,""cooldownOverrideMinBandRatio"":0.05821,""analyzeIntervalMs"":36}"
1145,r002-0050-34eb4224,2,-430,1,6,20,4,0,146,"{""relativeReattackFactor"":3.310645,""relativeReattackMinDelta"":0.004,""relativeFluxFactor"":2.183284,""spectralNoveltyRatio"":2.965468,""spectralNoveltyMinBins"":12,""cooldownFrames"":3,""confirmedRmsFactor"":1.980915,""confirmedRmsMinDelta"":0.004118,""confirmedFluxFactor"":1.705447,""confirmedMinFlux"":0.003,""confirmedMinBandRatio"":0.05,""confirmedSpectralNoveltyMinBins"":20,""cooldownOverrideFactor"":3.647688,""cooldownOverrideMinFlux"":0.020375,""cooldownOverrideMinBandRatio"":0.062907,""analyzeIntervalMs"":35}"
1146,r018-0035-f2d822ed,18,-430,2,8,13,6,0,134,"{""relativeReattackFactor"":4,""relativeReattackMinDelta"":0.006035,""relativeFluxFactor"":1.4,""spectralNoveltyRatio"":4.383051,""spectralNoveltyMinBins"":37,""cooldownFrames"":3,""confirmedRmsFactor"":1.626549,""confirmedRmsMinDelta"":0.006511,""confirmedFluxFactor"":2.315172,""confirmedMinFlux"":0.006836,""confirmedMinBandRatio"":0.017044,""confirmedSpectralNoveltyMinBins"":17,""cooldownOverrideFactor"":2.223138,""cooldownOverrideMinFlux"":0.0262,""cooldownOverrideMinBandRatio"":0.068913,""analyzeIntervalMs"":38}"
1147,r016-0065-4d1d2dab,16,-431,1,4,25,2,2,153,"{""relativeReattackFactor"":4,""relativeReattackMinDelta"":0.004,""relativeFluxFactor"":1.4,""spectralNoveltyRatio"":5.014025,""spectralNoveltyMinBins"":12,""cooldownFrames"":3,""confirmedRmsFactor"":1.931112,""confirmedRmsMinDelta"":0.009137,""confirmedFluxFactor"":1.919173,""confirmedMinFlux"":0.007698,""confirmedMinBandRatio"":0.028075,""confirmedSpectralNoveltyMinBins"":17,""cooldownOverrideFactor"":2.895287,""cooldownOverrideMinFlux"":0.03,""cooldownOverrideMinBandRatio"":0.09,""analyzeIntervalMs"":43}"
1148,r018-0004-4c55146f,18,-431,3,9,9,7,0,129,"{""relativeReattackFactor"":3.938733,""relativeReattackMinDelta"":0.007541,""relativeFluxFactor"":1.893267,""spectralNoveltyRatio"":3.329064,""spectralNoveltyMinBins"":36,""cooldownFrames"":3,""confirmedRmsFactor"":1.694883,""confirmedRmsMinDelta"":0.006099,""confirmedFluxFactor"":2.357614,""confirmedMinFlux"":0.00575,""confirmedMinBandRatio"":0.008468,""confirmedSpectralNoveltyMinBins"":17,""cooldownOverrideFactor"":1.943195,""cooldownOverrideMinFlux"":0.03,""cooldownOverrideMinBandRatio"":0.078977,""analyzeIntervalMs"":37}"
1149,r002-0055-ae157fb6,2,-432,2,7,17,5,0,141,"{""relativeReattackFactor"":3.081247,""relativeReattackMinDelta"":0.011738,""relativeFluxFactor"":2.169424,""spectralNoveltyRatio"":4.887648,""spectralNoveltyMinBins"":20,""cooldownFrames"":4,""confirmedRmsFactor"":1.953901,""confirmedRmsMinDelta"":0.003256,""confirmedFluxFactor"":1.207206,""confirmedMinFlux"":0.006334,""confirmedMinBandRatio"":0.047042,""confirmedSpectralNoveltyMinBins"":17,""cooldownOverrideFactor"":4.339935,""cooldownOverrideMinFlux"":0.014155,""cooldownOverrideMinBandRatio"":0.060241,""analyzeIntervalMs"":33}"
1150,r017-0007-b89b9d25,17,-436,2,8,15,6,0,137,"{""relativeReattackFactor"":3.233052,""relativeReattackMinDelta"":0.005267,""relativeFluxFactor"":1.4,""spectralNoveltyRatio"":5.65243,""spectralNoveltyMinBins"":35,""cooldownFrames"":3,""confirmedRmsFactor"":1.428097,""confirmedRmsMinDelta"":0.007091,""confirmedFluxFactor"":2.356938,""confirmedMinFlux"":0.010197,""confirmedMinBandRatio"":0.029138,""confirmedSpectralNoveltyMinBins"":18,""cooldownOverrideFactor"":2.857367,""cooldownOverrideMinFlux"":0.023301,""cooldownOverrideMinBandRatio"":0.070546,""analyzeIntervalMs"":38}"
1151,r018-0013-ef9905f3,18,-436,2,8,15,6,0,137,"{""relativeReattackFactor"":3.889982,""relativeReattackMinDelta"":0.004882,""relativeFluxFactor"":1.61635,""spectralNoveltyRatio"":3.448438,""spectralNoveltyMinBins"":35,""cooldownFrames"":3,""confirmedRmsFactor"":1.658303,""confirmedRmsMinDelta"":0.007045,""confirmedFluxFactor"":2.225598,""confirmedMinFlux"":0.004141,""confirmedMinBandRatio"":0.018348,""confirmedSpectralNoveltyMinBins"":12,""cooldownOverrideFactor"":2.634324,""cooldownOverrideMinFlux"":0.026187,""cooldownOverrideMinBandRatio"":0.073303,""analyzeIntervalMs"":38}"
1152,r003-0057-39c8fb7c,3,-437,2,7,8,5,0,131,"{""relativeReattackFactor"":3.613131,""relativeReattackMinDelta"":0.013865,""relativeFluxFactor"":1.893319,""spectralNoveltyRatio"":2.928742,""spectralNoveltyMinBins"":30,""cooldownFrames"":4,""confirmedRmsFactor"":1.881373,""confirmedRmsMinDelta"":0.003729,""confirmedFluxFactor"":1.561494,""confirmedMinFlux"":0.016543,""confirmedMinBandRatio"":0.02127,""confirmedSpectralNoveltyMinBins"":30,""cooldownOverrideFactor"":4.105603,""cooldownOverrideMinFlux"":0.008544,""cooldownOverrideMinBandRatio"":0.078817,""analyzeIntervalMs"":45}"
1153,r018-0005-6ce8ea46,18,-438,2,8,14,6,0,137,"{""relativeReattackFactor"":3.798203,""relativeReattackMinDelta"":0.004,""relativeFluxFactor"":1.925241,""spectralNoveltyRatio"":3.805388,""spectralNoveltyMinBins"":17,""cooldownFrames"":3,""confirmedRmsFactor"":1.658703,""confirmedRmsMinDelta"":0.006506,""confirmedFluxFactor"":2.299857,""confirmedMinFlux"":0.006885,""confirmedMinBandRatio"":0.006278,""confirmedSpectralNoveltyMinBins"":9,""cooldownOverrideFactor"":2.71846,""cooldownOverrideMinFlux"":0.026691,""cooldownOverrideMinBandRatio"":0.086237,""analyzeIntervalMs"":44}"
1154,r017-0056-7b2e1f0a,17,-439,1,7,13,5,0,137,"{""relativeReattackFactor"":3.015333,""relativeReattackMinDelta"":0.004,""relativeFluxFactor"":1.510583,""spectralNoveltyRatio"":3.791143,""spectralNoveltyMinBins"":44,""cooldownFrames"":2,""confirmedRmsFactor"":1.378293,""confirmedRmsMinDelta"":0.005727,""confirmedFluxFactor"":1.738129,""confirmedMinFlux"":0.003,""confirmedMinBandRatio"":0.010076,""confirmedSpectralNoveltyMinBins"":9,""cooldownOverrideFactor"":1.8,""cooldownOverrideMinFlux"":0.020306,""cooldownOverrideMinBandRatio"":0.060579,""analyzeIntervalMs"":49}"
1155,r016-0002-7ae557f9,16,-439,2,7,15,5,0,140,"{""relativeReattackFactor"":3.095417,""relativeReattackMinDelta"":0.010976,""relativeFluxFactor"":2.559798,""spectralNoveltyRatio"":2.991446,""spectralNoveltyMinBins"":25,""cooldownFrames"":4,""confirmedRmsFactor"":1.547028,""confirmedRmsMinDelta"":0.005276,""confirmedFluxFactor"":2.4,""confirmedMinFlux"":0.004087,""confirmedMinBandRatio"":0.014129,""confirmedSpectralNoveltyMinBins"":19,""cooldownOverrideFactor"":3.293135,""cooldownOverrideMinFlux"":0.03,""cooldownOverrideMinBandRatio"":0.063637,""analyzeIntervalMs"":38}"
1156,r016-0078-4133757e,16,-440,2,2,33,1,6,163,"{""relativeReattackFactor"":3.788607,""relativeReattackMinDelta"":0.004014,""relativeFluxFactor"":1.4,""spectralNoveltyRatio"":4.316056,""spectralNoveltyMinBins"":15,""cooldownFrames"":4,""confirmedRmsFactor"":1.832772,""confirmedRmsMinDelta"":0.004707,""confirmedFluxFactor"":2.308221,""confirmedMinFlux"":0.007823,""confirmedMinBandRatio"":0.012937,""confirmedSpectralNoveltyMinBins"":8,""cooldownOverrideFactor"":2.481093,""cooldownOverrideMinFlux"":0.027415,""cooldownOverrideMinBandRatio"":0.09,""analyzeIntervalMs"":34}"
1157,r005-0062-2ad7512d,5,-446,2,3,27,2,3,157,"{""relativeReattackFactor"":3.03385,""relativeReattackMinDelta"":0.004,""relativeFluxFactor"":1.4,""spectralNoveltyRatio"":3.203557,""spectralNoveltyMinBins"":20,""cooldownFrames"":3,""confirmedRmsFactor"":1.701066,""confirmedRmsMinDelta"":0.009873,""confirmedFluxFactor"":1.996277,""confirmedMinFlux"":0.004925,""confirmedMinBandRatio"":0.020255,""confirmedSpectralNoveltyMinBins"":7,""cooldownOverrideFactor"":1.8,""cooldownOverrideMinFlux"":0.025387,""cooldownOverrideMinBandRatio"":0.088503,""analyzeIntervalMs"":39}"
1158,r017-0057-ead72f57,17,-446,2,5,25,4,2,156,"{""relativeReattackFactor"":2.875679,""relativeReattackMinDelta"":0.008988,""relativeFluxFactor"":1.912227,""spectralNoveltyRatio"":3.270759,""spectralNoveltyMinBins"":9,""cooldownFrames"":3,""confirmedRmsFactor"":1.547907,""confirmedRmsMinDelta"":0.010676,""confirmedFluxFactor"":2.141215,""confirmedMinFlux"":0.0096,""confirmedMinBandRatio"":0.018607,""confirmedSpectralNoveltyMinBins"":17,""cooldownOverrideFactor"":3.004241,""cooldownOverrideMinFlux"":0.028867,""cooldownOverrideMinBandRatio"":0.0797,""analyzeIntervalMs"":41}"
1159,r018-0039-be5ebdd3,18,-446,2,9,7,7,0,129,"{""relativeReattackFactor"":3.781862,""relativeReattackMinDelta"":0.008448,""relativeFluxFactor"":1.680565,""spectralNoveltyRatio"":4.048738,""spectralNoveltyMinBins"":28,""cooldownFrames"":3,""confirmedRmsFactor"":1.616709,""confirmedRmsMinDelta"":0.005949,""confirmedFluxFactor"":2.191034,""confirmedMinFlux"":0.005857,""confirmedMinBandRatio"":0.010846,""confirmedSpectralNoveltyMinBins"":12,""cooldownOverrideFactor"":2.406139,""cooldownOverrideMinFlux"":0.03,""cooldownOverrideMinBandRatio"":0.079837,""analyzeIntervalMs"":44}"
1160,r001-0010-7a16692e,1,-448,2,5,26,4,2,153,"{""relativeReattackFactor"":3.096987,""relativeReattackMinDelta"":0.014351,""relativeFluxFactor"":1.721014,""spectralNoveltyRatio"":4.140029,""spectralNoveltyMinBins"":24,""cooldownFrames"":2,""confirmedRmsFactor"":1.998564,""confirmedRmsMinDelta"":0.002779,""confirmedFluxFactor"":2.078755,""confirmedMinFlux"":0.00798,""confirmedMinBandRatio"":0.04329,""confirmedSpectralNoveltyMinBins"":5,""cooldownOverrideFactor"":2.503452,""cooldownOverrideMinFlux"":0.009832,""cooldownOverrideMinBandRatio"":0.064666,""analyzeIntervalMs"":34}"
1161,r003-0017-f4ec8e22,3,-449,2,7,11,5,0,135,"{""relativeReattackFactor"":3.763455,""relativeReattackMinDelta"":0.016438,""relativeFluxFactor"":1.973696,""spectralNoveltyRatio"":3.422193,""spectralNoveltyMinBins"":17,""cooldownFrames"":4,""confirmedRmsFactor"":1.603631,""confirmedRmsMinDelta"":0.004184,""confirmedFluxFactor"":1.888505,""confirmedMinFlux"":0.018396,""confirmedMinBandRatio"":0.025666,""confirmedSpectralNoveltyMinBins"":32,""cooldownOverrideFactor"":4.550933,""cooldownOverrideMinFlux"":0.004,""cooldownOverrideMinBandRatio"":0.065651,""analyzeIntervalMs"":45}"
1162,r004-0026-cc91b28b,4,-452,1,3,29,1,3,158,"{""relativeReattackFactor"":3.159321,""relativeReattackMinDelta"":0.004,""relativeFluxFactor"":1.4,""spectralNoveltyRatio"":3.446004,""spectralNoveltyMinBins"":19,""cooldownFrames"":3,""confirmedRmsFactor"":1.740629,""confirmedRmsMinDelta"":0.008357,""confirmedFluxFactor"":2.197664,""confirmedMinFlux"":0.003363,""confirmedMinBandRatio"":0.012117,""confirmedSpectralNoveltyMinBins"":7,""cooldownOverrideFactor"":1.8,""cooldownOverrideMinFlux"":0.02269,""cooldownOverrideMinBandRatio"":0.089609,""analyzeIntervalMs"":43}"
1163,r002-0044-2d7cca45,2,-454,2,7,14,5,1,137,"{""relativeReattackFactor"":4,""relativeReattackMinDelta"":0.014746,""relativeFluxFactor"":2.188685,""spectralNoveltyRatio"":4.532504,""spectralNoveltyMinBins"":19,""cooldownFrames"":4,""confirmedRmsFactor"":1.179089,""confirmedRmsMinDelta"":0.008635,""confirmedFluxFactor"":1.847903,""confirmedMinFlux"":0.004842,""confirmedMinBandRatio"":0.029819,""confirmedSpectralNoveltyMinBins"":8,""cooldownOverrideFactor"":3.277545,""cooldownOverrideMinFlux"":0.011553,""cooldownOverrideMinBandRatio"":0.038158,""analyzeIntervalMs"":29}"
1164,r005-0067-bd9a439c,5,-455,2,4,28,3,4,157,"{""relativeReattackFactor"":2.834837,""relativeReattackMinDelta"":0.004,""relativeFluxFactor"":1.700831,""spectralNoveltyRatio"":3.685684,""spectralNoveltyMinBins"":20,""cooldownFrames"":3,""confirmedRmsFactor"":1.653958,""confirmedRmsMinDelta"":0.00988,""confirmedFluxFactor"":2.033708,""confirmedMinFlux"":0.004103,""confirmedMinBandRatio"":0.015161,""confirmedSpectralNoveltyMinBins"":7,""cooldownOverrideFactor"":1.8,""cooldownOverrideMinFlux"":0.024986,""cooldownOverrideMinBandRatio"":0.08946,""analyzeIntervalMs"":38}"
1165,r003-0022-6fbdf790,3,-455,2,8,10,6,0,134,"{""relativeReattackFactor"":3.745256,""relativeReattackMinDelta"":0.010924,""relativeFluxFactor"":1.875114,""spectralNoveltyRatio"":3.433791,""spectralNoveltyMinBins"":20,""cooldownFrames"":4,""confirmedRmsFactor"":1.838133,""confirmedRmsMinDelta"":0.002,""confirmedFluxFactor"":1.751335,""confirmedMinFlux"":0.016847,""confirmedMinBandRatio"":0.028209,""confirmedSpectralNoveltyMinBins"":24,""cooldownOverrideFactor"":3.93117,""cooldownOverrideMinFlux"":0.004,""cooldownOverrideMinBandRatio"":0.072234,""analyzeIntervalMs"":44}"
1166,r004-0069-1b9055d5,4,-456,2,2,29,1,4,160,"{""relativeReattackFactor"":2.442149,""relativeReattackMinDelta"":0.014692,""relativeFluxFactor"":1.4,""spectralNoveltyRatio"":1.961687,""spectralNoveltyMinBins"":22,""cooldownFrames"":4,""confirmedRmsFactor"":1.347192,""confirmedRmsMinDelta"":0.00489,""confirmedFluxFactor"":1.848208,""confirmedMinFlux"":0.014117,""confirmedMinBandRatio"":0.027279,""confirmedSpectralNoveltyMinBins"":23,""cooldownOverrideFactor"":4.149882,""cooldownOverrideMinFlux"":0.008737,""cooldownOverrideMinBandRatio"":0.085077,""analyzeIntervalMs"":43}"
1167,r004-0017-475a3616,4,-458,3,9,6,7,0,126,"{""relativeReattackFactor"":3.690021,""relativeReattackMinDelta"":0.016517,""relativeFluxFactor"":1.819526,""spectralNoveltyRatio"":2.48028,""spectralNoveltyMinBins"":45,""cooldownFrames"":4,""confirmedRmsFactor"":1.251548,""confirmedRmsMinDelta"":0.003119,""confirmedFluxFactor"":1.197981,""confirmedMinFlux"":0.019378,""confirmedMinBandRatio"":0.046605,""confirmedSpectralNoveltyMinBins"":27,""cooldownOverrideFactor"":3.809357,""cooldownOverrideMinFlux"":0.010464,""cooldownOverrideMinBandRatio"":0.069335,""analyzeIntervalMs"":48}"
1168,r002-0023-1d3361aa,2,-461,2,7,15,5,0,140,"{""relativeReattackFactor"":3.883607,""relativeReattackMinDelta"":0.020898,""relativeFluxFactor"":2.138423,""spectralNoveltyRatio"":3.39742,""spectralNoveltyMinBins"":14,""cooldownFrames"":4,""confirmedRmsFactor"":1.751399,""confirmedRmsMinDelta"":0.006239,""confirmedFluxFactor"":1.679906,""confirmedMinFlux"":0.015422,""confirmedMinBandRatio"":0.048562,""confirmedSpectralNoveltyMinBins"":32,""cooldownOverrideFactor"":4.494877,""cooldownOverrideMinFlux"":0.004965,""cooldownOverrideMinBandRatio"":0.02,""analyzeIntervalMs"":39}"
1169,r018-0046-a6925b42,18,-462,2,8,12,6,0,136,"{""relativeReattackFactor"":3.636246,""relativeReattackMinDelta"":0.006816,""relativeFluxFactor"":1.858116,""spectralNoveltyRatio"":4.567021,""spectralNoveltyMinBins"":13,""cooldownFrames"":4,""confirmedRmsFactor"":1.82878,""confirmedRmsMinDelta"":0.005712,""confirmedFluxFactor"":1.562576,""confirmedMinFlux"":0.003,""confirmedMinBandRatio"":0.03047,""confirmedSpectralNoveltyMinBins"":19,""cooldownOverrideFactor"":2.656963,""cooldownOverrideMinFlux"":0.024544,""cooldownOverrideMinBandRatio"":0.065342,""analyzeIntervalMs"":44}"
1170,r018-0019-d8b84398,18,-465,1,7,16,5,1,140,"{""relativeReattackFactor"":3.27501,""relativeReattackMinDelta"":0.007354,""relativeFluxFactor"":1.4,""spectralNoveltyRatio"":4.293293,""spectralNoveltyMinBins"":21,""cooldownFrames"":3,""confirmedRmsFactor"":1.573721,""confirmedRmsMinDelta"":0.0073,""confirmedFluxFactor"":2.066005,""confirmedMinFlux"":0.004102,""confirmedMinBandRatio"":0.021074,""confirmedSpectralNoveltyMinBins"":11,""cooldownOverrideFactor"":1.8,""cooldownOverrideMinFlux"":0.028309,""cooldownOverrideMinBandRatio"":0.081051,""analyzeIntervalMs"":44}"
1171,r002-0048-81aa3cff,2,-465,3,10,6,8,0,125,"{""relativeReattackFactor"":3.146161,""relativeReattackMinDelta"":0.012288,""relativeFluxFactor"":1.4,""spectralNoveltyRatio"":5.284463,""spectralNoveltyMinBins"":43,""cooldownFrames"":3,""confirmedRmsFactor"":1.908862,""confirmedRmsMinDelta"":0.005095,""confirmedFluxFactor"":1.172961,""confirmedMinFlux"":0.012279,""confirmedMinBandRatio"":0.05,""confirmedSpectralNoveltyMinBins"":27,""cooldownOverrideFactor"":4.042984,""cooldownOverrideMinFlux"":0.013779,""cooldownOverrideMinBandRatio"":0.02,""analyzeIntervalMs"":40}"
1172,r003-0045-b1a73f27,3,-468,1,7,13,5,0,139,"{""relativeReattackFactor"":2.86622,""relativeReattackMinDelta"":0.018748,""relativeFluxFactor"":2.161437,""spectralNoveltyRatio"":2.10253,""spectralNoveltyMinBins"":18,""cooldownFrames"":4,""confirmedRmsFactor"":1.368028,""confirmedRmsMinDelta"":0.00549,""confirmedFluxFactor"":1.710956,""confirmedMinFlux"":0.01444,""confirmedMinBandRatio"":0.027593,""confirmedSpectralNoveltyMinBins"":20,""cooldownOverrideFactor"":4.105014,""cooldownOverrideMinFlux"":0.010619,""cooldownOverrideMinBandRatio"":0.073982,""analyzeIntervalMs"":40}"
1173,r004-0010-5d3d5364,4,-468,3,10,5,8,0,125,"{""relativeReattackFactor"":3.705511,""relativeReattackMinDelta"":0.013667,""relativeFluxFactor"":1.645867,""spectralNoveltyRatio"":3.251715,""spectralNoveltyMinBins"":30,""cooldownFrames"":4,""confirmedRmsFactor"":1.730115,""confirmedRmsMinDelta"":0.00396,""confirmedFluxFactor"":1.690662,""confirmedMinFlux"":0.017169,""confirmedMinBandRatio"":0.021969,""confirmedSpectralNoveltyMinBins"":30,""cooldownOverrideFactor"":4.024443,""cooldownOverrideMinFlux"":0.005002,""cooldownOverrideMinBandRatio"":0.063233,""analyzeIntervalMs"":44}"
1174,r004-0045-635e26da,4,-468,3,10,5,8,0,126,"{""relativeReattackFactor"":3.640755,""relativeReattackMinDelta"":0.012583,""relativeFluxFactor"":1.526297,""spectralNoveltyRatio"":3.474149,""spectralNoveltyMinBins"":28,""cooldownFrames"":4,""confirmedRmsFactor"":1.737842,""confirmedRmsMinDelta"":0.002851,""confirmedFluxFactor"":1.714052,""confirmedMinFlux"":0.017859,""confirmedMinBandRatio"":0.02492,""confirmedSpectralNoveltyMinBins"":28,""cooldownOverrideFactor"":3.730664,""cooldownOverrideMinFlux"":0.004,""cooldownOverrideMinBandRatio"":0.074536,""analyzeIntervalMs"":44}"
1175,r004-0060-f52a6295,4,-469,3,10,6,8,0,127,"{""relativeReattackFactor"":3.686702,""relativeReattackMinDelta"":0.015499,""relativeFluxFactor"":1.4,""spectralNoveltyRatio"":3.20167,""spectralNoveltyMinBins"":28,""cooldownFrames"":4,""confirmedRmsFactor"":1.718972,""confirmedRmsMinDelta"":0.003849,""confirmedFluxFactor"":1.606708,""confirmedMinFlux"":0.019035,""confirmedMinBandRatio"":0.02895,""confirmedSpectralNoveltyMinBins"":31,""cooldownOverrideFactor"":3.674277,""cooldownOverrideMinFlux"":0.004,""cooldownOverrideMinBandRatio"":0.077547,""analyzeIntervalMs"":44}"
1176,r018-0074-11422743,18,-476,1,6,21,4,4,147,"{""relativeReattackFactor"":3.244125,""relativeReattackMinDelta"":0.004,""relativeFluxFactor"":1.4,""spectralNoveltyRatio"":4.623835,""spectralNoveltyMinBins"":22,""cooldownFrames"":3,""confirmedRmsFactor"":1.67781,""confirmedRmsMinDelta"":0.00894,""confirmedFluxFactor"":2.06572,""confirmedMinFlux"":0.003,""confirmedMinBandRatio"":0.019162,""confirmedSpectralNoveltyMinBins"":16,""cooldownOverrideFactor"":1.8,""cooldownOverrideMinFlux"":0.027423,""cooldownOverrideMinBandRatio"":0.069207,""analyzeIntervalMs"":37}"
1177,r018-0040-8998898e,18,-481,1,8,16,6,0,138,"{""relativeReattackFactor"":3.41009,""relativeReattackMinDelta"":0.008348,""relativeFluxFactor"":1.4,""spectralNoveltyRatio"":4.546372,""spectralNoveltyMinBins"":33,""cooldownFrames"":3,""confirmedRmsFactor"":1.548249,""confirmedRmsMinDelta"":0.009219,""confirmedFluxFactor"":2.101996,""confirmedMinFlux"":0.004932,""confirmedMinBandRatio"":0.006599,""confirmedSpectralNoveltyMinBins"":14,""cooldownOverrideFactor"":2.736085,""cooldownOverrideMinFlux"":0.029555,""cooldownOverrideMinBandRatio"":0.075308,""analyzeIntervalMs"":43}"
1178,r017-0012-e5543b85,17,-486,1,8,10,6,0,132,"{""relativeReattackFactor"":3.597879,""relativeReattackMinDelta"":0.004,""relativeFluxFactor"":1.4,""spectralNoveltyRatio"":3.935321,""spectralNoveltyMinBins"":44,""cooldownFrames"":2,""confirmedRmsFactor"":1.513558,""confirmedRmsMinDelta"":0.006729,""confirmedFluxFactor"":2.3095,""confirmedMinFlux"":0.007066,""confirmedMinBandRatio"":0.020461,""confirmedSpectralNoveltyMinBins"":10,""cooldownOverrideFactor"":1.877613,""cooldownOverrideMinFlux"":0.03,""cooldownOverrideMinBandRatio"":0.072875,""analyzeIntervalMs"":45}"
1179,r002-0032-82de5f88,2,-487,2,4,19,3,2,147,"{""relativeReattackFactor"":3.430156,""relativeReattackMinDelta"":0.014917,""relativeFluxFactor"":1.4,""spectralNoveltyRatio"":2.572187,""spectralNoveltyMinBins"":21,""cooldownFrames"":3,""confirmedRmsFactor"":1.929937,""confirmedRmsMinDelta"":0.007884,""confirmedFluxFactor"":2.378473,""confirmedMinFlux"":0.012848,""confirmedMinBandRatio"":0.011622,""confirmedSpectralNoveltyMinBins"":17,""cooldownOverrideFactor"":1.849911,""cooldownOverrideMinFlux"":0.024648,""cooldownOverrideMinBandRatio"":0.066046,""analyzeIntervalMs"":48}"
1180,r001-0050-264ab803,1,-488,2,5,19,3,2,145,"{""relativeReattackFactor"":3.889905,""relativeReattackMinDelta"":0.012197,""relativeFluxFactor"":2.033787,""spectralNoveltyRatio"":5.078128,""spectralNoveltyMinBins"":16,""cooldownFrames"":3,""confirmedRmsFactor"":1.222837,""confirmedRmsMinDelta"":0.00659,""confirmedFluxFactor"":1.709643,""confirmedMinFlux"":0.014931,""confirmedMinBandRatio"":0.007809,""confirmedSpectralNoveltyMinBins"":18,""cooldownOverrideFactor"":3.792751,""cooldownOverrideMinFlux"":0.008206,""cooldownOverrideMinBandRatio"":0.084576,""analyzeIntervalMs"":33}"
1181,r016-0026-b4a50263,16,-489,2,2,31,1,5,163,"{""relativeReattackFactor"":4,""relativeReattackMinDelta"":0.004,""relativeFluxFactor"":1.4,""spectralNoveltyRatio"":3.996411,""spectralNoveltyMinBins"":7,""cooldownFrames"":3,""confirmedRmsFactor"":1.661675,""confirmedRmsMinDelta"":0.008521,""confirmedFluxFactor"":2.166416,""confirmedMinFlux"":0.00877,""confirmedMinBandRatio"":0.006,""confirmedSpectralNoveltyMinBins"":4,""cooldownOverrideFactor"":2.541278,""cooldownOverrideMinFlux"":0.02969,""cooldownOverrideMinBandRatio"":0.078654,""analyzeIntervalMs"":35}"
1182,r004-0063-c4aac750,4,-489,2,4,31,3,5,160,"{""relativeReattackFactor"":2.613082,""relativeReattackMinDelta"":0.005578,""relativeFluxFactor"":1.469906,""spectralNoveltyRatio"":4.610043,""spectralNoveltyMinBins"":19,""cooldownFrames"":3,""confirmedRmsFactor"":1.92409,""confirmedRmsMinDelta"":0.006411,""confirmedFluxFactor"":1.847852,""confirmedMinFlux"":0.00464,""confirmedMinBandRatio"":0.006,""confirmedSpectralNoveltyMinBins"":3,""cooldownOverrideFactor"":2.080424,""cooldownOverrideMinFlux"":0.019327,""cooldownOverrideMinBandRatio"":0.083291,""analyzeIntervalMs"":38}"
1183,r017-0031-35a7c0b1,17,-489,2,9,11,7,0,133,"{""relativeReattackFactor"":4,""relativeReattackMinDelta"":0.007304,""relativeFluxFactor"":1.4,""spectralNoveltyRatio"":5.182596,""spectralNoveltyMinBins"":21,""cooldownFrames"":3,""confirmedRmsFactor"":1.794219,""confirmedRmsMinDelta"":0.007741,""confirmedFluxFactor"":2.4,""confirmedMinFlux"":0.006157,""confirmedMinBandRatio"":0.006,""confirmedSpectralNoveltyMinBins"":5,""cooldownOverrideFactor"":1.8,""cooldownOverrideMinFlux"":0.03,""cooldownOverrideMinBandRatio"":0.059185,""analyzeIntervalMs"":44}"
1184,r002-0058-a3a5469b,2,-490,1,8,12,6,0,134,"{""relativeReattackFactor"":3.429886,""relativeReattackMinDelta"":0.02015,""relativeFluxFactor"":1.4,""spectralNoveltyRatio"":5.105375,""spectralNoveltyMinBins"":32,""cooldownFrames"":2,""confirmedRmsFactor"":1.934231,""confirmedRmsMinDelta"":0.008254,""confirmedFluxFactor"":1.460136,""confirmedMinFlux"":0.015314,""confirmedMinBandRatio"":0.044306,""confirmedSpectralNoveltyMinBins"":27,""cooldownOverrideFactor"":4.851849,""cooldownOverrideMinFlux"":0.012488,""cooldownOverrideMinBandRatio"":0.02,""analyzeIntervalMs"":35}"
1185,r006-0054-109d6cf7,6,-492,1,7,21,5,0,145,"{""relativeReattackFactor"":3.065111,""relativeReattackMinDelta"":0.005067,""relativeFluxFactor"":1.567801,""spectralNoveltyRatio"":3.529811,""spectralNoveltyMinBins"":25,""cooldownFrames"":3,""confirmedRmsFactor"":1.690778,""confirmedRmsMinDelta"":0.009508,""confirmedFluxFactor"":2.093043,""confirmedMinFlux"":0.004614,""confirmedMinBandRatio"":0.018236,""confirmedSpectralNoveltyMinBins"":6,""cooldownOverrideFactor"":1.822011,""cooldownOverrideMinFlux"":0.02478,""cooldownOverrideMinBandRatio"":0.09,""analyzeIntervalMs"":39}"
1186,r006-0019-35681c25,6,-493,1,6,26,4,2,152,"{""relativeReattackFactor"":2.9331,""relativeReattackMinDelta"":0.006879,""relativeFluxFactor"":1.523638,""spectralNoveltyRatio"":3.137373,""spectralNoveltyMinBins"":23,""cooldownFrames"":3,""confirmedRmsFactor"":1.637727,""confirmedRmsMinDelta"":0.008853,""confirmedFluxFactor"":2.076317,""confirmedMinFlux"":0.006423,""confirmedMinBandRatio"":0.020693,""confirmedSpectralNoveltyMinBins"":9,""cooldownOverrideFactor"":2.094867,""cooldownOverrideMinFlux"":0.024163,""cooldownOverrideMinBandRatio"":0.09,""analyzeIntervalMs"":39}"
1187,r002-0002-41c32ff9,2,-494,1,7,11,5,0,134,"{""relativeReattackFactor"":3.843538,""relativeReattackMinDelta"":0.011865,""relativeFluxFactor"":1.638272,""spectralNoveltyRatio"":3.650941,""spectralNoveltyMinBins"":33,""cooldownFrames"":3,""confirmedRmsFactor"":1.801721,""confirmedRmsMinDelta"":0.006838,""confirmedFluxFactor"":2.29592,""confirmedMinFlux"":0.006619,""confirmedMinBandRatio"":0.022066,""confirmedSpectralNoveltyMinBins"":14,""cooldownOverrideFactor"":2.765462,""cooldownOverrideMinFlux"":0.017832,""cooldownOverrideMinBandRatio"":0.073319,""analyzeIntervalMs"":50}"
1188,r016-0007-0c1389c7,16,-495,1,7,22,5,0,147,"{""relativeReattackFactor"":3.573655,""relativeReattackMinDelta"":0.004,""relativeFluxFactor"":2.112082,""spectralNoveltyRatio"":4.616097,""spectralNoveltyMinBins"":23,""cooldownFrames"":3,""confirmedRmsFactor"":1.323929,""confirmedRmsMinDelta"":0.00882,""confirmedFluxFactor"":2.194069,""confirmedMinFlux"":0.003905,""confirmedMinBandRatio"":0.013777,""confirmedSpectralNoveltyMinBins"":15,""cooldownOverrideFactor"":1.8,""cooldownOverrideMinFlux"":0.029099,""cooldownOverrideMinBandRatio"":0.09,""analyzeIntervalMs"":34}"
1189,r016-0021-6140d5bb,16,-497,2,4,22,3,2,150,"{""relativeReattackFactor"":2.617098,""relativeReattackMinDelta"":0.004,""relativeFluxFactor"":1.4,""spectralNoveltyRatio"":5.217014,""spectralNoveltyMinBins"":18,""cooldownFrames"":3,""confirmedRmsFactor"":1.535496,""confirmedRmsMinDelta"":0.00892,""confirmedFluxFactor"":2.318592,""confirmedMinFlux"":0.003,""confirmedMinBandRatio"":0.009561,""confirmedSpectralNoveltyMinBins"":21,""cooldownOverrideFactor"":2.391331,""cooldownOverrideMinFlux"":0.028153,""cooldownOverrideMinBandRatio"":0.09,""analyzeIntervalMs"":48}"
1190,r002-0057-d3cf6c7c,2,-497,4,9,2,7,0,121,"{""relativeReattackFactor"":4,""relativeReattackMinDelta"":0.012327,""relativeFluxFactor"":1.712077,""spectralNoveltyRatio"":2.722351,""spectralNoveltyMinBins"":40,""cooldownFrames"":4,""confirmedRmsFactor"":2.159379,""confirmedRmsMinDelta"":0.009499,""confirmedFluxFactor"":2.37819,""confirmedMinFlux"":0.014302,""confirmedMinBandRatio"":0.012904,""confirmedSpectralNoveltyMinBins"":13,""cooldownOverrideFactor"":1.8,""cooldownOverrideMinFlux"":0.026552,""cooldownOverrideMinBandRatio"":0.064623,""analyzeIntervalMs"":50}"
1191,r018-0066-6c6ce33c,18,-498,1,8,14,6,0,135,"{""relativeReattackFactor"":3.954846,""relativeReattackMinDelta"":0.004,""relativeFluxFactor"":1.4,""spectralNoveltyRatio"":5.724831,""spectralNoveltyMinBins"":28,""cooldownFrames"":4,""confirmedRmsFactor"":1.827871,""confirmedRmsMinDelta"":0.006858,""confirmedFluxFactor"":1.840433,""confirmedMinFlux"":0.005226,""confirmedMinBandRatio"":0.035127,""confirmedSpectralNoveltyMinBins"":19,""cooldownOverrideFactor"":3.643998,""cooldownOverrideMinFlux"":0.029968,""cooldownOverrideMinBandRatio"":0.069124,""analyzeIntervalMs"":38}"
1192,r018-0054-5505c591,18,-499,3,9,7,7,0,129,"{""relativeReattackFactor"":3.479848,""relativeReattackMinDelta"":0.004,""relativeFluxFactor"":1.943081,""spectralNoveltyRatio"":4.452788,""spectralNoveltyMinBins"":31,""cooldownFrames"":3,""confirmedRmsFactor"":1.415317,""confirmedRmsMinDelta"":0.008158,""confirmedFluxFactor"":2.124117,""confirmedMinFlux"":0.003,""confirmedMinBandRatio"":0.020427,""confirmedSpectralNoveltyMinBins"":11,""cooldownOverrideFactor"":2.111776,""cooldownOverrideMinFlux"":0.02582,""cooldownOverrideMinBandRatio"":0.081811,""analyzeIntervalMs"":40}"
1193,r005-0073-749db749,5,-499,3,11,5,9,0,121,"{""relativeReattackFactor"":3.809822,""relativeReattackMinDelta"":0.014624,""relativeFluxFactor"":1.4,""spectralNoveltyRatio"":2.828754,""spectralNoveltyMinBins"":41,""cooldownFrames"":4,""confirmedRmsFactor"":1.15,""confirmedRmsMinDelta"":0.002209,""confirmedFluxFactor"":1.300938,""confirmedMinFlux"":0.016865,""confirmedMinBandRatio"":0.044788,""confirmedSpectralNoveltyMinBins"":24,""cooldownOverrideFactor"":4.146958,""cooldownOverrideMinFlux"":0.014042,""cooldownOverrideMinBandRatio"":0.070541,""analyzeIntervalMs"":44}"
1194,r004-0043-ee24e422,4,-501,2,3,30,2,5,160,"{""relativeReattackFactor"":2.918338,""relativeReattackMinDelta"":0.004292,""relativeFluxFactor"":1.4,""spectralNoveltyRatio"":4.963283,""spectralNoveltyMinBins"":15,""cooldownFrames"":3,""confirmedRmsFactor"":1.738267,""confirmedRmsMinDelta"":0.007396,""confirmedFluxFactor"":1.662459,""confirmedMinFlux"":0.005374,""confirmedMinBandRatio"":0.006996,""confirmedSpectralNoveltyMinBins"":7,""cooldownOverrideFactor"":2.067681,""cooldownOverrideMinFlux"":0.019524,""cooldownOverrideMinBandRatio"":0.085253,""analyzeIntervalMs"":39}"
1195,r017-0036-daedd456,17,-501,3,10,8,8,0,127,"{""relativeReattackFactor"":3.54142,""relativeReattackMinDelta"":0.004,""relativeFluxFactor"":1.4,""spectralNoveltyRatio"":5.08689,""spectralNoveltyMinBins"":45,""cooldownFrames"":3,""confirmedRmsFactor"":1.775128,""confirmedRmsMinDelta"":0.006421,""confirmedFluxFactor"":2.01155,""confirmedMinFlux"":0.004907,""confirmedMinBandRatio"":0.019549,""confirmedSpectralNoveltyMinBins"":13,""cooldownOverrideFactor"":2.689576,""cooldownOverrideMinFlux"":0.025702,""cooldownOverrideMinBandRatio"":0.060187,""analyzeIntervalMs"":43}"
1196,r018-0026-fee8fe4b,18,-504,1,8,15,6,0,138,"{""relativeReattackFactor"":3.301245,""relativeReattackMinDelta"":0.004,""relativeFluxFactor"":1.4,""spectralNoveltyRatio"":4.91386,""spectralNoveltyMinBins"":22,""cooldownFrames"":4,""confirmedRmsFactor"":1.575676,""confirmedRmsMinDelta"":0.006764,""confirmedFluxFactor"":1.554962,""confirmedMinFlux"":0.003,""confirmedMinBandRatio"":0.023375,""confirmedSpectralNoveltyMinBins"":13,""cooldownOverrideFactor"":3.461018,""cooldownOverrideMinFlux"":0.029816,""cooldownOverrideMinBandRatio"":0.063471,""analyzeIntervalMs"":39}"
1197,r016-0010-903f5fda,16,-513,3,2,29,1,5,161,"{""relativeReattackFactor"":4,""relativeReattackMinDelta"":0.004,""relativeFluxFactor"":1.4,""spectralNoveltyRatio"":4.381154,""spectralNoveltyMinBins"":8,""cooldownFrames"":3,""confirmedRmsFactor"":1.891383,""confirmedRmsMinDelta"":0.004034,""confirmedFluxFactor"":1.685558,""confirmedMinFlux"":0.008459,""confirmedMinBandRatio"":0.008585,""confirmedSpectralNoveltyMinBins"":13,""cooldownOverrideFactor"":1.8,""cooldownOverrideMinFlux"":0.021245,""cooldownOverrideMinBandRatio"":0.076216,""analyzeIntervalMs"":36}"
1198,r004-0011-bde4c127,4,-513,2,3,34,2,5,166,"{""relativeReattackFactor"":2.987824,""relativeReattackMinDelta"":0.004313,""relativeFluxFactor"":1.4,""spectralNoveltyRatio"":3.052499,""spectralNoveltyMinBins"":16,""cooldownFrames"":3,""confirmedRmsFactor"":1.666716,""confirmedRmsMinDelta"":0.009443,""confirmedFluxFactor"":2.213758,""confirmedMinFlux"":0.003401,""confirmedMinBandRatio"":0.016686,""confirmedSpectralNoveltyMinBins"":4,""cooldownOverrideFactor"":1.886624,""cooldownOverrideMinFlux"":0.024499,""cooldownOverrideMinBandRatio"":0.09,""analyzeIntervalMs"":38}"
1199,r005-0079-a84846a2,5,-513,2,3,34,2,5,166,"{""relativeReattackFactor"":2.965745,""relativeReattackMinDelta"":0.004,""relativeFluxFactor"":1.4,""spectralNoveltyRatio"":3.708576,""spectralNoveltyMinBins"":15,""cooldownFrames"":3,""confirmedRmsFactor"":1.593329,""confirmedRmsMinDelta"":0.007977,""confirmedFluxFactor"":1.937408,""confirmedMinFlux"":0.006623,""confirmedMinBandRatio"":0.019513,""confirmedSpectralNoveltyMinBins"":11,""cooldownOverrideFactor"":1.903212,""cooldownOverrideMinFlux"":0.026598,""cooldownOverrideMinBandRatio"":0.08654,""analyzeIntervalMs"":38}"
1200,r006-0025-117734b5,6,-516,2,2,31,1,4,161,"{""relativeReattackFactor"":3.356896,""relativeReattackMinDelta"":0.004,""relativeFluxFactor"":1.4,""spectralNoveltyRatio"":3.394517,""spectralNoveltyMinBins"":15,""cooldownFrames"":3,""confirmedRmsFactor"":1.688144,""confirmedRmsMinDelta"":0.008614,""confirmedFluxFactor"":2.187909,""confirmedMinFlux"":0.006165,""confirmedMinBandRatio"":0.014671,""confirmedSpectralNoveltyMinBins"":6,""cooldownOverrideFactor"":1.813549,""cooldownOverrideMinFlux"":0.025136,""cooldownOverrideMinBandRatio"":0.086408,""analyzeIntervalMs"":43}"
1201,r018-0052-6d0ac371,18,-516,1,8,7,6,0,131,"{""relativeReattackFactor"":3.333447,""relativeReattackMinDelta"":0.005759,""relativeFluxFactor"":1.843917,""spectralNoveltyRatio"":4.220274,""spectralNoveltyMinBins"":35,""cooldownFrames"":3,""confirmedRmsFactor"":1.768511,""confirmedRmsMinDelta"":0.007159,""confirmedFluxFactor"":2.383751,""confirmedMinFlux"":0.003,""confirmedMinBandRatio"":0.016582,""confirmedSpectralNoveltyMinBins"":13,""cooldownOverrideFactor"":2.633162,""cooldownOverrideMinFlux"":0.02936,""cooldownOverrideMinBandRatio"":0.089065,""analyzeIntervalMs"":41}"
1202,r016-0022-6ae11a92,16,-517,2,9,8,7,0,130,"{""relativeReattackFactor"":4,""relativeReattackMinDelta"":0.004,""relativeFluxFactor"":2.438548,""spectralNoveltyRatio"":4.121472,""spectralNoveltyMinBins"":17,""cooldownFrames"":3,""confirmedRmsFactor"":1.755649,""confirmedRmsMinDelta"":0.00668,""confirmedFluxFactor"":2.200885,""confirmedMinFlux"":0.009188,""confirmedMinBandRatio"":0.014907,""confirmedSpectralNoveltyMinBins"":9,""cooldownOverrideFactor"":2.07014,""cooldownOverrideMinFlux"":0.03,""cooldownOverrideMinBandRatio"":0.052583,""analyzeIntervalMs"":44}"
1203,r002-0016-c5c04dd9,2,-518,1,7,19,5,0,144,"{""relativeReattackFactor"":3.200781,""relativeReattackMinDelta"":0.008773,""relativeFluxFactor"":2.148534,""spectralNoveltyRatio"":1.5,""spectralNoveltyMinBins"":22,""cooldownFrames"":4,""confirmedRmsFactor"":1.527817,""confirmedRmsMinDelta"":0.004544,""confirmedFluxFactor"":1.50669,""confirmedMinFlux"":0.00869,""confirmedMinBandRatio"":0.03081,""confirmedSpectralNoveltyMinBins"":20,""cooldownOverrideFactor"":5,""cooldownOverrideMinFlux"":0.011323,""cooldownOverrideMinBandRatio"":0.09,""analyzeIntervalMs"":39}"
1204,r003-0012-35a62469,3,-522,2,8,6,6,0,127,"{""relativeReattackFactor"":4,""relativeReattackMinDelta"":0.016102,""relativeFluxFactor"":1.781995,""spectralNoveltyRatio"":4.049648,""spectralNoveltyMinBins"":24,""cooldownFrames"":4,""confirmedRmsFactor"":1.586075,""confirmedRmsMinDelta"":0.002,""confirmedFluxFactor"":1.941263,""confirmedMinFlux"":0.017053,""confirmedMinBandRatio"":0.02289,""confirmedSpectralNoveltyMinBins"":31,""cooldownOverrideFactor"":4.039435,""cooldownOverrideMinFlux"":0.007041,""cooldownOverrideMinBandRatio"":0.064444,""analyzeIntervalMs"":50}"
1205,r003-0034-99a97db6,3,-525,2,8,12,6,1,136,"{""relativeReattackFactor"":4,""relativeReattackMinDelta"":0.018903,""relativeFluxFactor"":1.78449,""spectralNoveltyRatio"":3.214071,""spectralNoveltyMinBins"":28,""cooldownFrames"":3,""confirmedRmsFactor"":1.623768,""confirmedRmsMinDelta"":0.006759,""confirmedFluxFactor"":1.47527,""confirmedMinFlux"":0.02,""confirmedMinBandRatio"":0.035219,""confirmedSpectralNoveltyMinBins"":28,""cooldownOverrideFactor"":3.24562,""cooldownOverrideMinFlux"":0.004,""cooldownOverrideMinBandRatio"":0.041263,""analyzeIntervalMs"":27}"
1206,r003-0015-36107ded,3,-527,1,7,23,5,0,148,"{""relativeReattackFactor"":2.605716,""relativeReattackMinDelta"":0.017375,""relativeFluxFactor"":2.126427,""spectralNoveltyRatio"":2.897575,""spectralNoveltyMinBins"":18,""cooldownFrames"":4,""confirmedRmsFactor"":1.282942,""confirmedRmsMinDelta"":0.005759,""confirmedFluxFactor"":1.708324,""confirmedMinFlux"":0.01164,""confirmedMinBandRatio"":0.035222,""confirmedSpectralNoveltyMinBins"":26,""cooldownOverrideFactor"":4.091834,""cooldownOverrideMinFlux"":0.011278,""cooldownOverrideMinBandRatio"":0.089741,""analyzeIntervalMs"":38}"
1207,r017-0060-5df4e64a,17,-527,2,9,13,7,0,135,"{""relativeReattackFactor"":4,""relativeReattackMinDelta"":0.005158,""relativeFluxFactor"":2.156624,""spectralNoveltyRatio"":3.651251,""spectralNoveltyMinBins"":14,""cooldownFrames"":3,""confirmedRmsFactor"":1.903867,""confirmedRmsMinDelta"":0.004656,""confirmedFluxFactor"":1.92736,""confirmedMinFlux"":0.003,""confirmedMinBandRatio"":0.024962,""confirmedSpectralNoveltyMinBins"":10,""cooldownOverrideFactor"":2.577463,""cooldownOverrideMinFlux"":0.03,""cooldownOverrideMinBandRatio"":0.055522,""analyzeIntervalMs"":44}"
1208,r016-0051-cacdfd22,16,-531,1,7,28,5,2,153,"{""relativeReattackFactor"":2.745623,""relativeReattackMinDelta"":0.006055,""relativeFluxFactor"":1.4,""spectralNoveltyRatio"":4.741228,""spectralNoveltyMinBins"":29,""cooldownFrames"":3,""confirmedRmsFactor"":1.541778,""confirmedRmsMinDelta"":0.004598,""confirmedFluxFactor"":2.016633,""confirmedMinFlux"":0.003,""confirmedMinBandRatio"":0.006,""confirmedSpectralNoveltyMinBins"":14,""cooldownOverrideFactor"":3.253321,""cooldownOverrideMinFlux"":0.027435,""cooldownOverrideMinBandRatio"":0.062186,""analyzeIntervalMs"":34}"
1209,r003-0007-6caa42ea,3,-531,4,10,5,8,0,124,"{""relativeReattackFactor"":3.993167,""relativeReattackMinDelta"":0.013511,""relativeFluxFactor"":1.968134,""spectralNoveltyRatio"":3.922949,""spectralNoveltyMinBins"":33,""cooldownFrames"":4,""confirmedRmsFactor"":1.540185,""confirmedRmsMinDelta"":0.00221,""confirmedFluxFactor"":1.905887,""confirmedMinFlux"":0.018999,""confirmedMinBandRatio"":0.033984,""confirmedSpectralNoveltyMinBins"":23,""cooldownOverrideFactor"":3.615586,""cooldownOverrideMinFlux"":0.008266,""cooldownOverrideMinBandRatio"":0.073799,""analyzeIntervalMs"":45}"
1210,r017-0061-e2e20492,17,-535,3,10,6,8,0,124,"{""relativeReattackFactor"":3.687894,""relativeReattackMinDelta"":0.004,""relativeFluxFactor"":2.273254,""spectralNoveltyRatio"":4.121424,""spectralNoveltyMinBins"":35,""cooldownFrames"":3,""confirmedRmsFactor"":1.641344,""confirmedRmsMinDelta"":0.005329,""confirmedFluxFactor"":1.676578,""confirmedMinFlux"":0.003,""confirmedMinBandRatio"":0.011496,""confirmedSpectralNoveltyMinBins"":8,""cooldownOverrideFactor"":1.8,""cooldownOverrideMinFlux"":0.028863,""cooldownOverrideMinBandRatio"":0.09,""analyzeIntervalMs"":42}"
1211,r017-0015-e8c890bd,17,-536,2,3,31,2,3,161,"{""relativeReattackFactor"":2.764544,""relativeReattackMinDelta"":0.004,""relativeFluxFactor"":1.4,""spectralNoveltyRatio"":5.130745,""spectralNoveltyMinBins"":8,""cooldownFrames"":3,""confirmedRmsFactor"":1.331574,""confirmedRmsMinDelta"":0.009067,""confirmedFluxFactor"":2.056436,""confirmedMinFlux"":0.003755,""confirmedMinBandRatio"":0.014762,""confirmedSpectralNoveltyMinBins"":20,""cooldownOverrideFactor"":1.8,""cooldownOverrideMinFlux"":0.03,""cooldownOverrideMinBandRatio"":0.09,""analyzeIntervalMs"":50}"
1212,r003-0080-5ede0901,3,-541,2,3,25,2,4,155,"{""relativeReattackFactor"":3.322442,""relativeReattackMinDelta"":0.016018,""relativeFluxFactor"":1.4,""spectralNoveltyRatio"":2.904644,""spectralNoveltyMinBins"":13,""cooldownFrames"":4,""confirmedRmsFactor"":1.228066,""confirmedRmsMinDelta"":0.003608,""confirmedFluxFactor"":1.510602,""confirmedMinFlux"":0.01274,""confirmedMinBandRatio"":0.038006,""confirmedSpectralNoveltyMinBins"":23,""cooldownOverrideFactor"":4.425405,""cooldownOverrideMinFlux"":0.004897,""cooldownOverrideMinBandRatio"":0.085018,""analyzeIntervalMs"":39}"
1213,r016-0073-859743ff,16,-546,1,9,19,7,0,143,"{""relativeReattackFactor"":2.970538,""relativeReattackMinDelta"":0.004,""relativeFluxFactor"":1.518527,""spectralNoveltyRatio"":5.524183,""spectralNoveltyMinBins"":24,""cooldownFrames"":2,""confirmedRmsFactor"":1.517005,""confirmedRmsMinDelta"":0.004566,""confirmedFluxFactor"":1.678942,""confirmedMinFlux"":0.003,""confirmedMinBandRatio"":0.02889,""confirmedSpectralNoveltyMinBins"":22,""cooldownOverrideFactor"":2.686036,""cooldownOverrideMinFlux"":0.023909,""cooldownOverrideMinBandRatio"":0.09,""analyzeIntervalMs"":44}"
1214,r016-0068-1bb89c70,16,-547,3,10,5,8,0,125,"{""relativeReattackFactor"":4,""relativeReattackMinDelta"":0.011155,""relativeFluxFactor"":2.36562,""spectralNoveltyRatio"":4.618557,""spectralNoveltyMinBins"":28,""cooldownFrames"":4,""confirmedRmsFactor"":1.689906,""confirmedRmsMinDelta"":0.00791,""confirmedFluxFactor"":2.141563,""confirmedMinFlux"":0.003,""confirmedMinBandRatio"":0.006,""confirmedSpectralNoveltyMinBins"":5,""cooldownOverrideFactor"":2.029293,""cooldownOverrideMinFlux"":0.029454,""cooldownOverrideMinBandRatio"":0.06789,""analyzeIntervalMs"":37}"
1215,r016-0055-95cb3a15,16,-554,1,9,11,7,0,133,"{""relativeReattackFactor"":2.965261,""relativeReattackMinDelta"":0.011225,""relativeFluxFactor"":1.4,""spectralNoveltyRatio"":2.613132,""spectralNoveltyMinBins"":46,""cooldownFrames"":3,""confirmedRmsFactor"":1.723882,""confirmedRmsMinDelta"":0.008037,""confirmedFluxFactor"":2.4,""confirmedMinFlux"":0.00965,""confirmedMinBandRatio"":0.023403,""confirmedSpectralNoveltyMinBins"":11,""cooldownOverrideFactor"":2.821874,""cooldownOverrideMinFlux"":0.03,""cooldownOverrideMinBandRatio"":0.09,""analyzeIntervalMs"":48}"
1216,r016-0079-a4ffc68e,16,-556,1,9,11,7,0,133,"{""relativeReattackFactor"":2.778866,""relativeReattackMinDelta"":0.004,""relativeFluxFactor"":1.437674,""spectralNoveltyRatio"":4.475864,""spectralNoveltyMinBins"":40,""cooldownFrames"":3,""confirmedRmsFactor"":1.660373,""confirmedRmsMinDelta"":0.01066,""confirmedFluxFactor"":1.690647,""confirmedMinFlux"":0.010181,""confirmedMinBandRatio"":0.014649,""confirmedSpectralNoveltyMinBins"":8,""cooldownOverrideFactor"":1.8,""cooldownOverrideMinFlux"":0.03,""cooldownOverrideMinBandRatio"":0.06231,""analyzeIntervalMs"":48}"
1217,r003-0050-42fc42b9,3,-559,1,8,13,6,0,137,"{""relativeReattackFactor"":3.308231,""relativeReattackMinDelta"":0.018861,""relativeFluxFactor"":1.837099,""spectralNoveltyRatio"":2.827103,""spectralNoveltyMinBins"":26,""cooldownFrames"":4,""confirmedRmsFactor"":1.516525,""confirmedRmsMinDelta"":0.003778,""confirmedFluxFactor"":1.906759,""confirmedMinFlux"":0.011367,""confirmedMinBandRatio"":0.030199,""confirmedSpectralNoveltyMinBins"":27,""cooldownOverrideFactor"":4.489833,""cooldownOverrideMinFlux"":0.00626,""cooldownOverrideMinBandRatio"":0.071972,""analyzeIntervalMs"":39}"
1218,r002-0056-615bb6e0,2,-559,2,7,17,6,0,142,"{""relativeReattackFactor"":3.344191,""relativeReattackMinDelta"":0.02104,""relativeFluxFactor"":2.15047,""spectralNoveltyRatio"":2.414853,""spectralNoveltyMinBins"":6,""cooldownFrames"":3,""confirmedRmsFactor"":1.59277,""confirmedRmsMinDelta"":0.00708,""confirmedFluxFactor"":1.724386,""confirmedMinFlux"":0.01378,""confirmedMinBandRatio"":0.02845,""confirmedSpectralNoveltyMinBins"":32,""cooldownOverrideFactor"":4.70073,""cooldownOverrideMinFlux"":0.00992,""cooldownOverrideMinBandRatio"":0.077984,""analyzeIntervalMs"":49}"
1219,r003-0041-8e939dc9,3,-559,4,10,2,8,0,119,"{""relativeReattackFactor"":4,""relativeReattackMinDelta"":0.012031,""relativeFluxFactor"":1.835588,""spectralNoveltyRatio"":2.025729,""spectralNoveltyMinBins"":47,""cooldownFrames"":4,""confirmedRmsFactor"":1.15,""confirmedRmsMinDelta"":0.002264,""confirmedFluxFactor"":1.455877,""confirmedMinFlux"":0.015619,""confirmedMinBandRatio"":0.040618,""confirmedSpectralNoveltyMinBins"":19,""cooldownOverrideFactor"":3.824043,""cooldownOverrideMinFlux"":0.016111,""cooldownOverrideMinBandRatio"":0.077174,""analyzeIntervalMs"":50}"
1220,r002-0036-aecc0074,2,-560,1,5,30,3,3,157,"{""relativeReattackFactor"":2.317659,""relativeReattackMinDelta"":0.020743,""relativeFluxFactor"":1.912098,""spectralNoveltyRatio"":2.796367,""spectralNoveltyMinBins"":36,""cooldownFrames"":4,""confirmedRmsFactor"":1.631596,""confirmedRmsMinDelta"":0.007952,""confirmedFluxFactor"":1.546915,""confirmedMinFlux"":0.01376,""confirmedMinBandRatio"":0.024182,""confirmedSpectralNoveltyMinBins"":20,""cooldownOverrideFactor"":4.732399,""cooldownOverrideMinFlux"":0.016665,""cooldownOverrideMinBandRatio"":0.09,""analyzeIntervalMs"":34}"
1221,r002-0021-7cb1d51d,2,-561,1,7,26,5,1,151,"{""relativeReattackFactor"":2.488204,""relativeReattackMinDelta"":0.018264,""relativeFluxFactor"":2.215021,""spectralNoveltyRatio"":1.5,""spectralNoveltyMinBins"":21,""cooldownFrames"":4,""confirmedRmsFactor"":1.67014,""confirmedRmsMinDelta"":0.00796,""confirmedFluxFactor"":1.606871,""confirmedMinFlux"":0.018186,""confirmedMinBandRatio"":0.03708,""confirmedSpectralNoveltyMinBins"":31,""cooldownOverrideFactor"":5,""cooldownOverrideMinFlux"":0.0099,""cooldownOverrideMinBandRatio"":0.088572,""analyzeIntervalMs"":38}"
1222,r002-0066-a422c2a1,2,-562,3,11,6,9,0,124,"{""relativeReattackFactor"":3.299722,""relativeReattackMinDelta"":0.017558,""relativeFluxFactor"":1.790829,""spectralNoveltyRatio"":2.769538,""spectralNoveltyMinBins"":32,""cooldownFrames"":4,""confirmedRmsFactor"":1.749549,""confirmedRmsMinDelta"":0.002,""confirmedFluxFactor"":1.582448,""confirmedMinFlux"":0.011645,""confirmedMinBandRatio"":0.025103,""confirmedSpectralNoveltyMinBins"":32,""cooldownOverrideFactor"":5,""cooldownOverrideMinFlux"":0.004,""cooldownOverrideMinBandRatio"":0.072525,""analyzeIntervalMs"":44}"
1223,r016-0041-e2d6b093,16,-563,1,9,14,7,0,136,"{""relativeReattackFactor"":2.725288,""relativeReattackMinDelta"":0.005429,""relativeFluxFactor"":2.00536,""spectralNoveltyRatio"":3.072768,""spectralNoveltyMinBins"":40,""cooldownFrames"":3,""confirmedRmsFactor"":1.256497,""confirmedRmsMinDelta"":0.00763,""confirmedFluxFactor"":2.4,""confirmedMinFlux"":0.003,""confirmedMinBandRatio"":0.00948,""confirmedSpectralNoveltyMinBins"":19,""cooldownOverrideFactor"":1.8,""cooldownOverrideMinFlux"":0.02602,""cooldownOverrideMinBandRatio"":0.089584,""analyzeIntervalMs"":35}"
1224,r018-0050-225ab78d,18,-573,2,11,8,9,0,125,"{""relativeReattackFactor"":3.563786,""relativeReattackMinDelta"":0.004,""relativeFluxFactor"":1.550984,""spectralNoveltyRatio"":4.165895,""spectralNoveltyMinBins"":36,""cooldownFrames"":3,""confirmedRmsFactor"":1.458509,""confirmedRmsMinDelta"":0.008617,""confirmedFluxFactor"":2.228553,""confirmedMinFlux"":0.007608,""confirmedMinBandRatio"":0.008114,""confirmedSpectralNoveltyMinBins"":11,""cooldownOverrideFactor"":2.51429,""cooldownOverrideMinFlux"":0.02772,""cooldownOverrideMinBandRatio"":0.069784,""analyzeIntervalMs"":44}"
1225,r017-0055-a4316216,17,-574,4,11,4,9,0,123,"{""relativeReattackFactor"":2.92091,""relativeReattackMinDelta"":0.004,""relativeFluxFactor"":2.565291,""spectralNoveltyRatio"":4.727154,""spectralNoveltyMinBins"":27,""cooldownFrames"":4,""confirmedRmsFactor"":1.916279,""confirmedRmsMinDelta"":0.009879,""confirmedFluxFactor"":2.061275,""confirmedMinFlux"":0.009576,""confirmedMinBandRatio"":0.02092,""confirmedSpectralNoveltyMinBins"":8,""cooldownOverrideFactor"":1.8,""cooldownOverrideMinFlux"":0.03,""cooldownOverrideMinBandRatio"":0.082988,""analyzeIntervalMs"":42}"
1226,r002-0012-d920428d,2,-575,1,4,30,2,3,159,"{""relativeReattackFactor"":3.070444,""relativeReattackMinDelta"":0.014975,""relativeFluxFactor"":1.4,""spectralNoveltyRatio"":4.969815,""spectralNoveltyMinBins"":13,""cooldownFrames"":3,""confirmedRmsFactor"":1.760696,""confirmedRmsMinDelta"":0.005076,""confirmedFluxFactor"":2.233413,""confirmedMinFlux"":0.003,""confirmedMinBandRatio"":0.033183,""confirmedSpectralNoveltyMinBins"":24,""cooldownOverrideFactor"":1.8,""cooldownOverrideMinFlux"":0.017039,""cooldownOverrideMinBandRatio"":0.079195,""analyzeIntervalMs"":43}"
1227,r006-0024-dfaf6357,6,-579,2,3,30,2,5,160,"{""relativeReattackFactor"":2.890475,""relativeReattackMinDelta"":0.005557,""relativeFluxFactor"":1.4,""spectralNoveltyRatio"":3.377248,""spectralNoveltyMinBins"":19,""cooldownFrames"":3,""confirmedRmsFactor"":1.771518,""confirmedRmsMinDelta"":0.009161,""confirmedFluxFactor"":1.997559,""confirmedMinFlux"":0.005081,""confirmedMinBandRatio"":0.017961,""confirmedSpectralNoveltyMinBins"":6,""cooldownOverrideFactor"":2.201885,""cooldownOverrideMinFlux"":0.023251,""cooldownOverrideMinBandRatio"":0.09,""analyzeIntervalMs"":39}"
1228,r017-0059-a9515c8e,17,-585,1,9,10,7,0,132,"{""relativeReattackFactor"":3.902246,""relativeReattackMinDelta"":0.004,""relativeFluxFactor"":2.190275,""spectralNoveltyRatio"":3.550045,""spectralNoveltyMinBins"":32,""cooldownFrames"":3,""confirmedRmsFactor"":1.215573,""confirmedRmsMinDelta"":0.010525,""confirmedFluxFactor"":2.4,""confirmedMinFlux"":0.010692,""confirmedMinBandRatio"":0.023856,""confirmedSpectralNoveltyMinBins"":21,""cooldownOverrideFactor"":2.764414,""cooldownOverrideMinFlux"":0.03,""cooldownOverrideMinBandRatio"":0.065934,""analyzeIntervalMs"":35}"
1229,r017-0049-66593960,17,-586,3,11,9,9,0,127,"{""relativeReattackFactor"":4,""relativeReattackMinDelta"":0.009598,""relativeFluxFactor"":2.029805,""spectralNoveltyRatio"":2.798668,""spectralNoveltyMinBins"":43,""cooldownFrames"":2,""confirmedRmsFactor"":1.723929,""confirmedRmsMinDelta"":0.005533,""confirmedFluxFactor"":2.4,""confirmedMinFlux"":0.006093,""confirmedMinBandRatio"":0.022744,""confirmedSpectralNoveltyMinBins"":5,""cooldownOverrideFactor"":2.690901,""cooldownOverrideMinFlux"":0.03,""cooldownOverrideMinBandRatio"":0.081321,""analyzeIntervalMs"":37}"
1230,r016-0067-b475592c,16,-587,3,4,27,3,5,156,"{""relativeReattackFactor"":4,""relativeReattackMinDelta"":0.005325,""relativeFluxFactor"":2.016197,""spectralNoveltyRatio"":2.599867,""spectralNoveltyMinBins"":19,""cooldownFrames"":3,""confirmedRmsFactor"":1.487386,""confirmedRmsMinDelta"":0.006939,""confirmedFluxFactor"":1.760726,""confirmedMinFlux"":0.003,""confirmedMinBandRatio"":0.023198,""confirmedSpectralNoveltyMinBins"":9,""cooldownOverrideFactor"":2.411998,""cooldownOverrideMinFlux"":0.023576,""cooldownOverrideMinBandRatio"":0.081858,""analyzeIntervalMs"":32}"
1231,r017-0026-17631416,17,-588,1,8,11,6,0,135,"{""relativeReattackFactor"":4,""relativeReattackMinDelta"":0.004,""relativeFluxFactor"":2.346506,""spectralNoveltyRatio"":2.90254,""spectralNoveltyMinBins"":22,""cooldownFrames"":3,""confirmedRmsFactor"":1.761961,""confirmedRmsMinDelta"":0.01105,""confirmedFluxFactor"":1.90236,""confirmedMinFlux"":0.009321,""confirmedMinBandRatio"":0.01214,""confirmedSpectralNoveltyMinBins"":19,""cooldownOverrideFactor"":3.239338,""cooldownOverrideMinFlux"":0.03,""cooldownOverrideMinBandRatio"":0.057879,""analyzeIntervalMs"":45}"
1232,r002-0028-5d13b8b2,2,-590,1,8,16,6,1,139,"{""relativeReattackFactor"":3.030264,""relativeReattackMinDelta"":0.013117,""relativeFluxFactor"":2.468762,""spectralNoveltyRatio"":5.967918,""spectralNoveltyMinBins"":26,""cooldownFrames"":3,""confirmedRmsFactor"":1.734407,""confirmedRmsMinDelta"":0.004642,""confirmedFluxFactor"":1.51532,""confirmedMinFlux"":0.015613,""confirmedMinBandRatio"":0.039917,""confirmedSpectralNoveltyMinBins"":21,""cooldownOverrideFactor"":4.418536,""cooldownOverrideMinFlux"":0.004,""cooldownOverrideMinBandRatio"":0.040513,""analyzeIntervalMs"":30}"
1233,r016-0027-31944976,16,-590,1,9,11,7,0,133,"{""relativeReattackFactor"":4,""relativeReattackMinDelta"":0.009888,""relativeFluxFactor"":1.752443,""spectralNoveltyRatio"":4.069936,""spectralNoveltyMinBins"":30,""cooldownFrames"":3,""confirmedRmsFactor"":1.220409,""confirmedRmsMinDelta"":0.007897,""confirmedFluxFactor"":2.4,""confirmedMinFlux"":0.006311,""confirmedMinBandRatio"":0.006,""confirmedSpectralNoveltyMinBins"":17,""cooldownOverrideFactor"":3.406891,""cooldownOverrideMinFlux"":0.027775,""cooldownOverrideMinBandRatio"":0.087361,""analyzeIntervalMs"":39}"
1234,r002-0030-f7d7db36,2,-591,1,7,22,5,2,147,"{""relativeReattackFactor"":2.153291,""relativeReattackMinDelta"":0.004819,""relativeFluxFactor"":2.3494,""spectralNoveltyRatio"":3.362135,""spectralNoveltyMinBins"":32,""cooldownFrames"":4,""confirmedRmsFactor"":2.067301,""confirmedRmsMinDelta"":0.002,""confirmedFluxFactor"":1,""confirmedMinFlux"":0.004182,""confirmedMinBandRatio"":0.040796,""confirmedSpectralNoveltyMinBins"":9,""cooldownOverrideFactor"":4.273198,""cooldownOverrideMinFlux"":0.007974,""cooldownOverrideMinBandRatio"":0.077424,""analyzeIntervalMs"":37}"
1235,r003-0031-1c18fc07,3,-592,3,12,5,10,0,120,"{""relativeReattackFactor"":3.72425,""relativeReattackMinDelta"":0.016708,""relativeFluxFactor"":1.4,""spectralNoveltyRatio"":3.15716,""spectralNoveltyMinBins"":41,""cooldownFrames"":4,""confirmedRmsFactor"":1.15,""confirmedRmsMinDelta"":0.002,""confirmedFluxFactor"":1.134799,""confirmedMinFlux"":0.02,""confirmedMinBandRatio"":0.049938,""confirmedSpectralNoveltyMinBins"":19,""cooldownOverrideFactor"":4.591465,""cooldownOverrideMinFlux"":0.01228,""cooldownOverrideMinBandRatio"":0.077042,""analyzeIntervalMs"":44}"
1236,r003-0036-bb721dba,3,-592,3,12,5,10,0,121,"{""relativeReattackFactor"":3.727598,""relativeReattackMinDelta"":0.016187,""relativeFluxFactor"":1.482356,""spectralNoveltyRatio"":2.529523,""spectralNoveltyMinBins"":42,""cooldownFrames"":4,""confirmedRmsFactor"":1.15,""confirmedRmsMinDelta"":0.002,""confirmedFluxFactor"":1.203689,""confirmedMinFlux"":0.02,""confirmedMinBandRatio"":0.043686,""confirmedSpectralNoveltyMinBins"":23,""cooldownOverrideFactor"":4.579893,""cooldownOverrideMinFlux"":0.014642,""cooldownOverrideMinBandRatio"":0.07129,""analyzeIntervalMs"":44}"
1237,r004-0015-0abb80a4,4,-592,3,12,5,10,0,122,"{""relativeReattackFactor"":3.591939,""relativeReattackMinDelta"":0.012934,""relativeFluxFactor"":1.629675,""spectralNoveltyRatio"":3.215559,""spectralNoveltyMinBins"":34,""cooldownFrames"":4,""confirmedRmsFactor"":1.736859,""confirmedRmsMinDelta"":0.002905,""confirmedFluxFactor"":1.895461,""confirmedMinFlux"":0.018872,""confirmedMinBandRatio"":0.025885,""confirmedSpectralNoveltyMinBins"":31,""cooldownOverrideFactor"":3.791415,""cooldownOverrideMinFlux"":0.005666,""cooldownOverrideMinBandRatio"":0.076938,""analyzeIntervalMs"":44}"
1238,r004-0042-8312536f,4,-592,3,12,5,10,0,121,"{""relativeReattackFactor"":3.887349,""relativeReattackMinDelta"":0.012233,""relativeFluxFactor"":1.698533,""spectralNoveltyRatio"":3.081489,""spectralNoveltyMinBins"":38,""cooldownFrames"":4,""confirmedRmsFactor"":1.15,""confirmedRmsMinDelta"":0.002,""confirmedFluxFactor"":1.384948,""confirmedMinFlux"":0.016819,""confirmedMinBandRatio"":0.038118,""confirmedSpectralNoveltyMinBins"":21,""cooldownOverrideFactor"":4.378385,""cooldownOverrideMinFlux"":0.012627,""cooldownOverrideMinBandRatio"":0.078966,""analyzeIntervalMs"":44}"
1239,r004-0067-7107eebb,4,-592,3,12,5,10,0,119,"{""relativeReattackFactor"":4,""relativeReattackMinDelta"":0.012538,""relativeFluxFactor"":1.4,""spectralNoveltyRatio"":2.998746,""spectralNoveltyMinBins"":45,""cooldownFrames"":4,""confirmedRmsFactor"":1.232652,""confirmedRmsMinDelta"":0.002054,""confirmedFluxFactor"":1.505112,""confirmedMinFlux"":0.016302,""confirmedMinBandRatio"":0.045823,""confirmedSpectralNoveltyMinBins"":23,""cooldownOverrideFactor"":4.160142,""cooldownOverrideMinFlux"":0.014462,""cooldownOverrideMinBandRatio"":0.08178,""analyzeIntervalMs"":44}"
1240,r005-0033-3c430f2e,5,-592,3,12,5,10,0,120,"{""relativeReattackFactor"":3.994249,""relativeReattackMinDelta"":0.014101,""relativeFluxFactor"":1.442088,""spectralNoveltyRatio"":2.941061,""spectralNoveltyMinBins"":41,""cooldownFrames"":4,""confirmedRmsFactor"":1.231957,""confirmedRmsMinDelta"":0.002,""confirmedFluxFactor"":1.239014,""confirmedMinFlux"":0.019023,""confirmedMinBandRatio"":0.041472,""confirmedSpectralNoveltyMinBins"":24,""cooldownOverrideFactor"":4.122456,""cooldownOverrideMinFlux"":0.013987,""cooldownOverrideMinBandRatio"":0.069976,""analyzeIntervalMs"":44}"
1241,r005-0038-a39c1b0c,5,-592,3,12,5,10,0,120,"{""relativeReattackFactor"":3.901817,""relativeReattackMinDelta"":0.012978,""relativeFluxFactor"":1.501246,""spectralNoveltyRatio"":2.884968,""spectralNoveltyMinBins"":42,""cooldownFrames"":4,""confirmedRmsFactor"":1.216956,""confirmedRmsMinDelta"":0.002533,""confirmedFluxFactor"":1.450975,""confirmedMinFlux"":0.019423,""confirmedMinBandRatio"":0.045,""confirmedSpectralNoveltyMinBins"":25,""cooldownOverrideFactor"":3.977231,""cooldownOverrideMinFlux"":0.011584,""cooldownOverrideMinBandRatio"":0.073763,""analyzeIntervalMs"":44}"
1242,r017-0033-4baa3786,17,-593,1,8,13,6,0,137,"{""relativeReattackFactor"":2.975014,""relativeReattackMinDelta"":0.011707,""relativeFluxFactor"":2.179613,""spectralNoveltyRatio"":3.061971,""spectralNoveltyMinBins"":29,""cooldownFrames"":3,""confirmedRmsFactor"":1.471191,""confirmedRmsMinDelta"":0.004912,""confirmedFluxFactor"":2.4,""confirmedMinFlux"":0.003,""confirmedMinBandRatio"":0.008162,""confirmedSpectralNoveltyMinBins"":16,""cooldownOverrideFactor"":1.80763,""cooldownOverrideMinFlux"":0.029478,""cooldownOverrideMinBandRatio"":0.076619,""analyzeIntervalMs"":49}"
1243,r003-0047-4c9ab97e,3,-593,3,12,6,10,0,123,"{""relativeReattackFactor"":3.970726,""relativeReattackMinDelta"":0.016158,""relativeFluxFactor"":1.4,""spectralNoveltyRatio"":3.866834,""spectralNoveltyMinBins"":30,""cooldownFrames"":4,""confirmedRmsFactor"":1.693012,""confirmedRmsMinDelta"":0.002466,""confirmedFluxFactor"":1.660887,""confirmedMinFlux"":0.017536,""confirmedMinBandRatio"":0.023271,""confirmedSpectralNoveltyMinBins"":28,""cooldownOverrideFactor"":3.775008,""cooldownOverrideMinFlux"":0.004,""cooldownOverrideMinBandRatio"":0.057684,""analyzeIntervalMs"":44}"
1244,r004-0050-d76813b7,4,-593,3,12,6,10,0,122,"{""relativeReattackFactor"":3.719466,""relativeReattackMinDelta"":0.016095,""relativeFluxFactor"":1.4,""spectralNoveltyRatio"":3.756136,""spectralNoveltyMinBins"":31,""cooldownFrames"":4,""confirmedRmsFactor"":1.581284,""confirmedRmsMinDelta"":0.002817,""confirmedFluxFactor"":1.867845,""confirmedMinFlux"":0.019913,""confirmedMinBandRatio"":0.024127,""confirmedSpectralNoveltyMinBins"":31,""cooldownOverrideFactor"":3.746015,""cooldownOverrideMinFlux"":0.004832,""cooldownOverrideMinBandRatio"":0.070779,""analyzeIntervalMs"":44}"
1245,r004-0065-2d88fecf,4,-593,3,12,6,10,0,122,"{""relativeReattackFactor"":3.902458,""relativeReattackMinDelta"":0.012395,""relativeFluxFactor"":1.4,""spectralNoveltyRatio"":3.508445,""spectralNoveltyMinBins"":31,""cooldownFrames"":4,""confirmedRmsFactor"":1.794894,""confirmedRmsMinDelta"":0.002599,""confirmedFluxFactor"":1.607057,""confirmedMinFlux"":0.019043,""confirmedMinBandRatio"":0.02348,""confirmedSpectralNoveltyMinBins"":26,""cooldownOverrideFactor"":4.226714,""cooldownOverrideMinFlux"":0.006065,""cooldownOverrideMinBandRatio"":0.068051,""analyzeIntervalMs"":44}"
1246,r016-0080-389b2828,16,-595,1,8,14,6,0,138,"{""relativeReattackFactor"":4,""relativeReattackMinDelta"":0.011038,""relativeFluxFactor"":2.041428,""spectralNoveltyRatio"":5.336302,""spectralNoveltyMinBins"":8,""cooldownFrames"":3,""confirmedRmsFactor"":1.484798,""confirmedRmsMinDelta"":0.0085,""confirmedFluxFactor"":2.245908,""confirmedMinFlux"":0.003,""confirmedMinBandRatio"":0.006,""confirmedSpectralNoveltyMinBins"":8,""cooldownOverrideFactor"":1.8,""cooldownOverrideMinFlux"":0.03,""cooldownOverrideMinBandRatio"":0.09,""analyzeIntervalMs"":49}"
1247,r016-0064-dcec1a62,16,-595,3,12,6,10,0,123,"{""relativeReattackFactor"":4,""relativeReattackMinDelta"":0.010503,""relativeFluxFactor"":1.4,""spectralNoveltyRatio"":2.652585,""spectralNoveltyMinBins"":39,""cooldownFrames"":3,""confirmedRmsFactor"":1.418466,""confirmedRmsMinDelta"":0.009586,""confirmedFluxFactor"":2.4,""confirmedMinFlux"":0.003586,""confirmedMinBandRatio"":0.027113,""confirmedSpectralNoveltyMinBins"":11,""cooldownOverrideFactor"":3.348307,""cooldownOverrideMinFlux"":0.023058,""cooldownOverrideMinBandRatio"":0.062541,""analyzeIntervalMs"":44}"
1248,r002-0015-c5497cec,2,-596,3,0,36,0,8,173,"{""relativeReattackFactor"":2.537499,""relativeReattackMinDelta"":0.004,""relativeFluxFactor"":1.4,""spectralNoveltyRatio"":2.842297,""spectralNoveltyMinBins"":21,""cooldownFrames"":3,""confirmedRmsFactor"":1.76176,""confirmedRmsMinDelta"":0.007188,""confirmedFluxFactor"":1.544762,""confirmedMinFlux"":0.003,""confirmedMinBandRatio"":0.05,""confirmedSpectralNoveltyMinBins"":27,""cooldownOverrideFactor"":4.085489,""cooldownOverrideMinFlux"":0.01653,""cooldownOverrideMinBandRatio"":0.080378,""analyzeIntervalMs"":30}"
1249,r002-0010-9411ac16,2,-596,1,6,24,4,2,150,"{""relativeReattackFactor"":2.868872,""relativeReattackMinDelta"":0.004634,""relativeFluxFactor"":3.249273,""spectralNoveltyRatio"":2.311695,""spectralNoveltyMinBins"":19,""cooldownFrames"":4,""confirmedRmsFactor"":2.154334,""confirmedRmsMinDelta"":0.003269,""confirmedFluxFactor"":1.604614,""confirmedMinFlux"":0.003,""confirmedMinBandRatio"":0.033846,""confirmedSpectralNoveltyMinBins"":27,""cooldownOverrideFactor"":4.919557,""cooldownOverrideMinFlux"":0.00772,""cooldownOverrideMinBandRatio"":0.063555,""analyzeIntervalMs"":30}"
1250,r016-0050-a342b0e3,16,-601,2,10,10,8,0,131,"{""relativeReattackFactor"":3.2697,""relativeReattackMinDelta"":0.004,""relativeFluxFactor"":1.696902,""spectralNoveltyRatio"":4.912375,""spectralNoveltyMinBins"":45,""cooldownFrames"":3,""confirmedRmsFactor"":1.350436,""confirmedRmsMinDelta"":0.010685,""confirmedFluxFactor"":2.359406,""confirmedMinFlux"":0.005556,""confirmedMinBandRatio"":0.006,""confirmedSpectralNoveltyMinBins"":9,""cooldownOverrideFactor"":2.940931,""cooldownOverrideMinFlux"":0.022127,""cooldownOverrideMinBandRatio"":0.072591,""analyzeIntervalMs"":36}"
1251,r003-0011-832b1a7b,3,-601,5,11,1,9,0,117,"{""relativeReattackFactor"":3.950967,""relativeReattackMinDelta"":0.013839,""relativeFluxFactor"":1.967174,""spectralNoveltyRatio"":2.810597,""spectralNoveltyMinBins"":43,""cooldownFrames"":4,""confirmedRmsFactor"":1.244117,""confirmedRmsMinDelta"":0.002,""confirmedFluxFactor"":1.338237,""confirmedMinFlux"":0.019414,""confirmedMinBandRatio"":0.038142,""confirmedSpectralNoveltyMinBins"":21,""cooldownOverrideFactor"":4.116039,""cooldownOverrideMinFlux"":0.014369,""cooldownOverrideMinBandRatio"":0.07819,""analyzeIntervalMs"":50}"
1252,r016-0038-c3e1f2a8,16,-604,1,8,18,6,0,142,"{""relativeReattackFactor"":4,""relativeReattackMinDelta"":0.006006,""relativeFluxFactor"":2.626728,""spectralNoveltyRatio"":3.370398,""spectralNoveltyMinBins"":29,""cooldownFrames"":3,""confirmedRmsFactor"":1.716534,""confirmedRmsMinDelta"":0.006381,""confirmedFluxFactor"":1.998277,""confirmedMinFlux"":0.003367,""confirmedMinBandRatio"":0.014395,""confirmedSpectralNoveltyMinBins"":10,""cooldownOverrideFactor"":1.902287,""cooldownOverrideMinFlux"":0.03,""cooldownOverrideMinBandRatio"":0.084492,""analyzeIntervalMs"":34}"
1253,r002-0035-dea6b949,2,-604,2,9,12,7,0,132,"{""relativeReattackFactor"":3.267267,""relativeReattackMinDelta"":0.007829,""relativeFluxFactor"":3.451625,""spectralNoveltyRatio"":4.686205,""spectralNoveltyMinBins"":22,""cooldownFrames"":4,""confirmedRmsFactor"":1.805411,""confirmedRmsMinDelta"":0.002,""confirmedFluxFactor"":1,""confirmedMinFlux"":0.005838,""confirmedMinBandRatio"":0.05,""confirmedSpectralNoveltyMinBins"":8,""cooldownOverrideFactor"":4.209086,""cooldownOverrideMinFlux"":0.007339,""cooldownOverrideMinBandRatio"":0.07212,""analyzeIntervalMs"":28}"
1254,r004-0056-f441b361,4,-605,2,3,31,2,6,161,"{""relativeReattackFactor"":2.766739,""relativeReattackMinDelta"":0.004,""relativeFluxFactor"":1.4,""spectralNoveltyRatio"":3.494266,""spectralNoveltyMinBins"":17,""cooldownFrames"":3,""confirmedRmsFactor"":1.675323,""confirmedRmsMinDelta"":0.008599,""confirmedFluxFactor"":2.1748,""confirmedMinFlux"":0.004047,""confirmedMinBandRatio"":0.015486,""confirmedSpectralNoveltyMinBins"":8,""cooldownOverrideFactor"":1.912278,""cooldownOverrideMinFlux"":0.025586,""cooldownOverrideMinBandRatio"":0.084699,""analyzeIntervalMs"":39}"
1255,r005-0052-8156fb5c,5,-605,2,3,31,2,6,161,"{""relativeReattackFactor"":2.834504,""relativeReattackMinDelta"":0.005015,""relativeFluxFactor"":1.4,""spectralNoveltyRatio"":3.195885,""spectralNoveltyMinBins"":17,""cooldownFrames"":3,""confirmedRmsFactor"":1.768471,""confirmedRmsMinDelta"":0.009047,""confirmedFluxFactor"":1.978072,""confirmedMinFlux"":0.004785,""confirmedMinBandRatio"":0.015831,""confirmedSpectralNoveltyMinBins"":9,""cooldownOverrideFactor"":1.8,""cooldownOverrideMinFlux"":0.025577,""cooldownOverrideMinBandRatio"":0.086783,""analyzeIntervalMs"":39}"
1256,r005-0040-223509b2,5,-605,2,4,35,3,6,164,"{""relativeReattackFactor"":2.535871,""relativeReattackMinDelta"":0.00402,""relativeFluxFactor"":1.606141,""spectralNoveltyRatio"":4.309208,""spectralNoveltyMinBins"":14,""cooldownFrames"":3,""confirmedRmsFactor"":1.787991,""confirmedRmsMinDelta"":0.006447,""confirmedFluxFactor"":1.726167,""confirmedMinFlux"":0.005093,""confirmedMinBandRatio"":0.006,""confirmedSpectralNoveltyMinBins"":5,""cooldownOverrideFactor"":2.03153,""cooldownOverrideMinFlux"":0.021299,""cooldownOverrideMinBandRatio"":0.086052,""analyzeIntervalMs"":38}"
1257,r018-0014-11c4f087,18,-605,2,11,9,9,0,128,"{""relativeReattackFactor"":3.295702,""relativeReattackMinDelta"":0.004706,""relativeFluxFactor"":1.813454,""spectralNoveltyRatio"":4.505362,""spectralNoveltyMinBins"":30,""cooldownFrames"":3,""confirmedRmsFactor"":1.689609,""confirmedRmsMinDelta"":0.00667,""confirmedFluxFactor"":2.063818,""confirmedMinFlux"":0.005085,""confirmedMinBandRatio"":0.020101,""confirmedSpectralNoveltyMinBins"":17,""cooldownOverrideFactor"":2.112784,""cooldownOverrideMinFlux"":0.03,""cooldownOverrideMinBandRatio"":0.080007,""analyzeIntervalMs"":44}"
1258,r001-0079-e3148a1b,1,-608,2,5,19,4,3,147,"{""relativeReattackFactor"":3.955412,""relativeReattackMinDelta"":0.005743,""relativeFluxFactor"":2.442357,""spectralNoveltyRatio"":3.033102,""spectralNoveltyMinBins"":21,""cooldownFrames"":2,""confirmedRmsFactor"":2.110586,""confirmedRmsMinDelta"":0.00785,""confirmedFluxFactor"":1.562877,""confirmedMinFlux"":0.010379,""confirmedMinBandRatio"":0.032581,""confirmedSpectralNoveltyMinBins"":30,""cooldownOverrideFactor"":2.227716,""cooldownOverrideMinFlux"":0.009292,""cooldownOverrideMinBandRatio"":0.059123,""analyzeIntervalMs"":27}"
1259,r016-0045-e3edaf79,16,-610,1,11,12,8,0,130,"{""relativeReattackFactor"":3.348419,""relativeReattackMinDelta"":0.010074,""relativeFluxFactor"":1.4,""spectralNoveltyRatio"":3.158773,""spectralNoveltyMinBins"":47,""cooldownFrames"":2,""confirmedRmsFactor"":1.623563,""confirmedRmsMinDelta"":0.005455,""confirmedFluxFactor"":1.99276,""confirmedMinFlux"":0.003368,""confirmedMinBandRatio"":0.022211,""confirmedSpectralNoveltyMinBins"":9,""cooldownOverrideFactor"":2.586436,""cooldownOverrideMinFlux"":0.03,""cooldownOverrideMinBandRatio"":0.079719,""analyzeIntervalMs"":47}"
1260,r017-0029-3556daa7,17,-611,2,7,26,6,1,152,"{""relativeReattackFactor"":2.913725,""relativeReattackMinDelta"":0.006276,""relativeFluxFactor"":2.471743,""spectralNoveltyRatio"":4.536342,""spectralNoveltyMinBins"":21,""cooldownFrames"":3,""confirmedRmsFactor"":1.64744,""confirmedRmsMinDelta"":0.004537,""confirmedFluxFactor"":2.06231,""confirmedMinFlux"":0.004628,""confirmedMinBandRatio"":0.006,""confirmedSpectralNoveltyMinBins"":15,""cooldownOverrideFactor"":1.8,""cooldownOverrideMinFlux"":0.03,""cooldownOverrideMinBandRatio"":0.075923,""analyzeIntervalMs"":34}"
1261,r018-0017-1dd68788,18,-611,1,9,19,7,0,141,"{""relativeReattackFactor"":3.206675,""relativeReattackMinDelta"":0.004823,""relativeFluxFactor"":1.75518,""spectralNoveltyRatio"":4.264777,""spectralNoveltyMinBins"":29,""cooldownFrames"":3,""confirmedRmsFactor"":1.657301,""confirmedRmsMinDelta"":0.006335,""confirmedFluxFactor"":2.124072,""confirmedMinFlux"":0.003542,""confirmedMinBandRatio"":0.019831,""confirmedSpectralNoveltyMinBins"":12,""cooldownOverrideFactor"":2.31548,""cooldownOverrideMinFlux"":0.024621,""cooldownOverrideMinBandRatio"":0.077377,""analyzeIntervalMs"":39}"
1262,r002-0053-2bffd44b,2,-611,2,10,10,8,0,131,"{""relativeReattackFactor"":3.148257,""relativeReattackMinDelta"":0.024684,""relativeFluxFactor"":2.544418,""spectralNoveltyRatio"":2.953412,""spectralNoveltyMinBins"":38,""cooldownFrames"":3,""confirmedRmsFactor"":1.672585,""confirmedRmsMinDelta"":0.006485,""confirmedFluxFactor"":1,""confirmedMinFlux"":0.02,""confirmedMinBandRatio"":0.031363,""confirmedSpectralNoveltyMinBins"":24,""cooldownOverrideFactor"":3.765642,""cooldownOverrideMinFlux"":0.004,""cooldownOverrideMinBandRatio"":0.02,""analyzeIntervalMs"":35}"
1263,r017-0021-5f4d494a,17,-613,1,10,10,8,0,130,"{""relativeReattackFactor"":2.943895,""relativeReattackMinDelta"":0.004,""relativeFluxFactor"":1.4,""spectralNoveltyRatio"":5.382667,""spectralNoveltyMinBins"":42,""cooldownFrames"":3,""confirmedRmsFactor"":1.407015,""confirmedRmsMinDelta"":0.01136,""confirmedFluxFactor"":1.938472,""confirmedMinFlux"":0.003,""confirmedMinBandRatio"":0.006592,""confirmedSpectralNoveltyMinBins"":10,""cooldownOverrideFactor"":1.8,""cooldownOverrideMinFlux"":0.025056,""cooldownOverrideMinBandRatio"":0.09,""analyzeIntervalMs"":35}"
1264,r006-0066-eae71d32,6,-614,1,9,20,7,0,142,"{""relativeReattackFactor"":2.844471,""relativeReattackMinDelta"":0.006081,""relativeFluxFactor"":1.58454,""spectralNoveltyRatio"":3.898029,""spectralNoveltyMinBins"":28,""cooldownFrames"":3,""confirmedRmsFactor"":1.732859,""confirmedRmsMinDelta"":0.007939,""confirmedFluxFactor"":2.199928,""confirmedMinFlux"":0.003131,""confirmedMinBandRatio"":0.010613,""confirmedSpectralNoveltyMinBins"":11,""cooldownOverrideFactor"":1.8,""cooldownOverrideMinFlux"":0.027632,""cooldownOverrideMinBandRatio"":0.080344,""analyzeIntervalMs"":39}"
1265,r002-0033-5d514f3a,2,-615,2,11,12,9,0,133,"{""relativeReattackFactor"":2.738505,""relativeReattackMinDelta"":0.016757,""relativeFluxFactor"":1.4,""spectralNoveltyRatio"":5.127706,""spectralNoveltyMinBins"":45,""cooldownFrames"":3,""confirmedRmsFactor"":1.619754,""confirmedRmsMinDelta"":0.002,""confirmedFluxFactor"":1.449298,""confirmedMinFlux"":0.01991,""confirmedMinBandRatio"":0.043587,""confirmedSpectralNoveltyMinBins"":28,""cooldownOverrideFactor"":3.301472,""cooldownOverrideMinFlux"":0.004,""cooldownOverrideMinBandRatio"":0.02,""analyzeIntervalMs"":37}"
1266,r017-0074-d3769641,17,-616,2,11,14,9,0,132,"{""relativeReattackFactor"":3.10335,""relativeReattackMinDelta"":0.004,""relativeFluxFactor"":1.883409,""spectralNoveltyRatio"":3.992083,""spectralNoveltyMinBins"":44,""cooldownFrames"":3,""confirmedRmsFactor"":1.644107,""confirmedRmsMinDelta"":0.00484,""confirmedFluxFactor"":2.4,""confirmedMinFlux"":0.004706,""confirmedMinBandRatio"":0.018899,""confirmedSpectralNoveltyMinBins"":21,""cooldownOverrideFactor"":3.076757,""cooldownOverrideMinFlux"":0.028598,""cooldownOverrideMinBandRatio"":0.09,""analyzeIntervalMs"":37}"
1267,r017-0042-bda7e3d2,17,-617,3,11,5,9,0,123,"{""relativeReattackFactor"":3.395094,""relativeReattackMinDelta"":0.009176,""relativeFluxFactor"":1.672954,""spectralNoveltyRatio"":4.56153,""spectralNoveltyMinBins"":37,""cooldownFrames"":3,""confirmedRmsFactor"":1.705034,""confirmedRmsMinDelta"":0.006023,""confirmedFluxFactor"":2.388186,""confirmedMinFlux"":0.005232,""confirmedMinBandRatio"":0.031272,""confirmedSpectralNoveltyMinBins"":19,""cooldownOverrideFactor"":2.896146,""cooldownOverrideMinFlux"":0.03,""cooldownOverrideMinBandRatio"":0.072388,""analyzeIntervalMs"":40}"
1268,r017-0003-9e5da72b,17,-618,2,3,28,2,6,158,"{""relativeReattackFactor"":3.024564,""relativeReattackMinDelta"":0.004,""relativeFluxFactor"":1.994353,""spectralNoveltyRatio"":3.8021,""spectralNoveltyMinBins"":7,""cooldownFrames"":3,""confirmedRmsFactor"":1.391715,""confirmedRmsMinDelta"":0.010385,""confirmedFluxFactor"":2.091015,""confirmedMinFlux"":0.003,""confirmedMinBandRatio"":0.027055,""confirmedSpectralNoveltyMinBins"":16,""cooldownOverrideFactor"":2.368298,""cooldownOverrideMinFlux"":0.023015,""cooldownOverrideMinBandRatio"":0.062612,""analyzeIntervalMs"":37}"
1269,r017-0054-39d41dee,17,-619,2,10,11,8,0,135,"{""relativeReattackFactor"":2.793478,""relativeReattackMinDelta"":0.004,""relativeFluxFactor"":2.628507,""spectralNoveltyRatio"":5.292773,""spectralNoveltyMinBins"":27,""cooldownFrames"":2,""confirmedRmsFactor"":1.271501,""confirmedRmsMinDelta"":0.010093,""confirmedFluxFactor"":2.217779,""confirmedMinFlux"":0.003,""confirmedMinBandRatio"":0.007062,""confirmedSpectralNoveltyMinBins"":4,""cooldownOverrideFactor"":2.14954,""cooldownOverrideMinFlux"":0.02994,""cooldownOverrideMinBandRatio"":0.058739,""analyzeIntervalMs"":40}"
1270,r001-0019-13dc1567,1,-620,1,8,22,6,0,147,"{""relativeReattackFactor"":1.97382,""relativeReattackMinDelta"":0.01696,""relativeFluxFactor"":2.654903,""spectralNoveltyRatio"":2.206608,""spectralNoveltyMinBins"":37,""cooldownFrames"":4,""confirmedRmsFactor"":1.411245,""confirmedRmsMinDelta"":0.012,""confirmedFluxFactor"":1.994017,""confirmedMinFlux"":0.005114,""confirmedMinBandRatio"":0.034188,""confirmedSpectralNoveltyMinBins"":26,""cooldownOverrideFactor"":3.083057,""cooldownOverrideMinFlux"":0.007596,""cooldownOverrideMinBandRatio"":0.024093,""analyzeIntervalMs"":37}"
1271,r001-0076-adf6a7d8,1,-620,1,9,12,7,0,134,"{""relativeReattackFactor"":3.189052,""relativeReattackMinDelta"":0.0177,""relativeFluxFactor"":2.155581,""spectralNoveltyRatio"":4.987175,""spectralNoveltyMinBins"":27,""cooldownFrames"":3,""confirmedRmsFactor"":1.893695,""confirmedRmsMinDelta"":0.00912,""confirmedFluxFactor"":1.039228,""confirmedMinFlux"":0.006785,""confirmedMinBandRatio"":0.01531,""confirmedSpectralNoveltyMinBins"":17,""cooldownOverrideFactor"":4.522199,""cooldownOverrideMinFlux"":0.028989,""cooldownOverrideMinBandRatio"":0.040812,""analyzeIntervalMs"":35}"
1272,r017-0041-99e4be4f,17,-621,1,10,12,8,0,132,"{""relativeReattackFactor"":2.895536,""relativeReattackMinDelta"":0.011441,""relativeFluxFactor"":1.4,""spectralNoveltyRatio"":4.714647,""spectralNoveltyMinBins"":38,""cooldownFrames"":4,""confirmedRmsFactor"":1.514198,""confirmedRmsMinDelta"":0.006687,""confirmedFluxFactor"":1.999513,""confirmedMinFlux"":0.005645,""confirmedMinBandRatio"":0.011411,""confirmedSpectralNoveltyMinBins"":13,""cooldownOverrideFactor"":1.8,""cooldownOverrideMinFlux"":0.03,""cooldownOverrideMinBandRatio"":0.075648,""analyzeIntervalMs"":39}"
1273,r001-0003-4ea4be3c,1,-625,1,4,32,2,6,161,"{""relativeReattackFactor"":1.922474,""relativeReattackMinDelta"":0.020856,""relativeFluxFactor"":1.523229,""spectralNoveltyRatio"":4.03914,""spectralNoveltyMinBins"":31,""cooldownFrames"":3,""confirmedRmsFactor"":1.436726,""confirmedRmsMinDelta"":0.002106,""confirmedFluxFactor"":1.199497,""confirmedMinFlux"":0.007293,""confirmedMinBandRatio"":0.020317,""confirmedSpectralNoveltyMinBins"":19,""cooldownOverrideFactor"":2.73702,""cooldownOverrideMinFlux"":0.018848,""cooldownOverrideMinBandRatio"":0.051073,""analyzeIntervalMs"":37}"
1274,r001-0001-ba12f547,1,-626,1,8,23,6,0,147,"{""relativeReattackFactor"":1.879471,""relativeReattackMinDelta"":0.00799,""relativeFluxFactor"":4.317699,""spectralNoveltyRatio"":4.39687,""spectralNoveltyMinBins"":31,""cooldownFrames"":3,""confirmedRmsFactor"":1.702891,""confirmedRmsMinDelta"":0.007486,""confirmedFluxFactor"":1.761607,""confirmedMinFlux"":0.012242,""confirmedMinBandRatio"":0.035064,""confirmedSpectralNoveltyMinBins"":8,""cooldownOverrideFactor"":3.256412,""cooldownOverrideMinFlux"":0.014274,""cooldownOverrideMinBandRatio"":0.034175,""analyzeIntervalMs"":45}"
1275,r017-0039-b2bb465a,17,-630,2,5,25,3,4,151,"{""relativeReattackFactor"":3.014382,""relativeReattackMinDelta"":0.009642,""relativeFluxFactor"":1.989303,""spectralNoveltyRatio"":2.763086,""spectralNoveltyMinBins"":23,""cooldownFrames"":3,""confirmedRmsFactor"":1.287088,""confirmedRmsMinDelta"":0.010474,""confirmedFluxFactor"":1.874246,""confirmedMinFlux"":0.008351,""confirmedMinBandRatio"":0.01802,""confirmedSpectralNoveltyMinBins"":6,""cooldownOverrideFactor"":2.768756,""cooldownOverrideMinFlux"":0.026228,""cooldownOverrideMinBandRatio"":0.083775,""analyzeIntervalMs"":33}"
1276,r002-0025-884672b6,2,-632,2,1,33,0,6,164,"{""relativeReattackFactor"":2.42305,""relativeReattackMinDelta"":0.004,""relativeFluxFactor"":1.528701,""spectralNoveltyRatio"":3.704863,""spectralNoveltyMinBins"":25,""cooldownFrames"":4,""confirmedRmsFactor"":1.797204,""confirmedRmsMinDelta"":0.002,""confirmedFluxFactor"":1.542781,""confirmedMinFlux"":0.003,""confirmedMinBandRatio"":0.043923,""confirmedSpectralNoveltyMinBins"":10,""cooldownOverrideFactor"":4.511211,""cooldownOverrideMinFlux"":0.018313,""cooldownOverrideMinBandRatio"":0.038892,""analyzeIntervalMs"":31}"
1277,r005-0007-018a36d2,5,-632,2,5,27,4,3,154,"{""relativeReattackFactor"":3.148131,""relativeReattackMinDelta"":0.004,""relativeFluxFactor"":1.712631,""spectralNoveltyRatio"":3.190391,""spectralNoveltyMinBins"":14,""cooldownFrames"":3,""confirmedRmsFactor"":1.652736,""confirmedRmsMinDelta"":0.009162,""confirmedFluxFactor"":2.188874,""confirmedMinFlux"":0.004711,""confirmedMinBandRatio"":0.019038,""confirmedSpectralNoveltyMinBins"":5,""cooldownOverrideFactor"":1.81891,""cooldownOverrideMinFlux"":0.026075,""cooldownOverrideMinBandRatio"":0.086494,""analyzeIntervalMs"":39}"
1278,r001-0053-ce349e24,1,-633,2,10,10,8,0,131,"{""relativeReattackFactor"":3.26919,""relativeReattackMinDelta"":0.017628,""relativeFluxFactor"":2.239236,""spectralNoveltyRatio"":5.513901,""spectralNoveltyMinBins"":42,""cooldownFrames"":2,""confirmedRmsFactor"":1.22025,""confirmedRmsMinDelta"":0.002122,""confirmedFluxFactor"":1.801,""confirmedMinFlux"":0.005419,""confirmedMinBandRatio"":0.030348,""confirmedSpectralNoveltyMinBins"":19,""cooldownOverrideFactor"":3.35642,""cooldownOverrideMinFlux"":0.017758,""cooldownOverrideMinBandRatio"":0.06885,""analyzeIntervalMs"":36}"
1279,r017-0076-eb41fa70,17,-636,2,9,13,7,0,137,"{""relativeReattackFactor"":3.996368,""relativeReattackMinDelta"":0.00713,""relativeFluxFactor"":2.140326,""spectralNoveltyRatio"":2.730275,""spectralNoveltyMinBins"":11,""cooldownFrames"":3,""confirmedRmsFactor"":1.426929,""confirmedRmsMinDelta"":0.009368,""confirmedFluxFactor"":2.234084,""confirmedMinFlux"":0.00776,""confirmedMinBandRatio"":0.023115,""confirmedSpectralNoveltyMinBins"":9,""cooldownOverrideFactor"":2.850756,""cooldownOverrideMinFlux"":0.03,""cooldownOverrideMinBandRatio"":0.069063,""analyzeIntervalMs"":47}"
1280,r017-0070-317e4dfd,17,-638,1,9,21,7,1,143,"{""relativeReattackFactor"":3.120867,""relativeReattackMinDelta"":0.008506,""relativeFluxFactor"":1.4,""spectralNoveltyRatio"":4.832083,""spectralNoveltyMinBins"":31,""cooldownFrames"":3,""confirmedRmsFactor"":1.425701,""confirmedRmsMinDelta"":0.0071,""confirmedFluxFactor"":1.744615,""confirmedMinFlux"":0.003,""confirmedMinBandRatio"":0.025455,""confirmedSpectralNoveltyMinBins"":20,""cooldownOverrideFactor"":3.192928,""cooldownOverrideMinFlux"":0.03,""cooldownOverrideMinBandRatio"":0.08519,""analyzeIntervalMs"":34}"
1281,r018-0064-85652a7a,18,-639,1,10,9,8,0,130,"{""relativeReattackFactor"":3.16546,""relativeReattackMinDelta"":0.00899,""relativeFluxFactor"":1.894809,""spectralNoveltyRatio"":3.990477,""spectralNoveltyMinBins"":28,""cooldownFrames"":3,""confirmedRmsFactor"":1.434534,""confirmedRmsMinDelta"":0.006905,""confirmedFluxFactor"":2.360587,""confirmedMinFlux"":0.003,""confirmedMinBandRatio"":0.010902,""confirmedSpectralNoveltyMinBins"":14,""cooldownOverrideFactor"":2.107463,""cooldownOverrideMinFlux"":0.03,""cooldownOverrideMinBandRatio"":0.076358,""analyzeIntervalMs"":44}"
1282,r003-0059-0e6464b4,3,-643,2,8,25,7,2,148,"{""relativeReattackFactor"":4,""relativeReattackMinDelta"":0.019905,""relativeFluxFactor"":1.457493,""spectralNoveltyRatio"":3.673908,""spectralNoveltyMinBins"":26,""cooldownFrames"":3,""confirmedRmsFactor"":1.45006,""confirmedRmsMinDelta"":0.006714,""confirmedFluxFactor"":1.250394,""confirmedMinFlux"":0.02,""confirmedMinBandRatio"":0.039133,""confirmedSpectralNoveltyMinBins"":26,""cooldownOverrideFactor"":3.062499,""cooldownOverrideMinFlux"":0.007139,""cooldownOverrideMinBandRatio"":0.022716,""analyzeIntervalMs"":26}"
1283,r001-0011-b0c1913f,1,-644,2,10,12,8,0,132,"{""relativeReattackFactor"":3.561571,""relativeReattackMinDelta"":0.010028,""relativeFluxFactor"":4.394056,""spectralNoveltyRatio"":5.295592,""spectralNoveltyMinBins"":20,""cooldownFrames"":2,""confirmedRmsFactor"":1.954154,""confirmedRmsMinDelta"":0.009947,""confirmedFluxFactor"":1.971784,""confirmedMinFlux"":0.013569,""confirmedMinBandRatio"":0.02819,""confirmedSpectralNoveltyMinBins"":22,""cooldownOverrideFactor"":2.01752,""cooldownOverrideMinFlux"":0.026557,""cooldownOverrideMinBandRatio"":0.084389,""analyzeIntervalMs"":29}"
1284,r016-0040-45ad0193,16,-649,2,11,13,9,0,133,"{""relativeReattackFactor"":3.365981,""relativeReattackMinDelta"":0.004,""relativeFluxFactor"":2.096474,""spectralNoveltyRatio"":5.331294,""spectralNoveltyMinBins"":20,""cooldownFrames"":3,""confirmedRmsFactor"":1.686556,""confirmedRmsMinDelta"":0.006589,""confirmedFluxFactor"":2.4,""confirmedMinFlux"":0.005889,""confirmedMinBandRatio"":0.028016,""confirmedSpectralNoveltyMinBins"":20,""cooldownOverrideFactor"":1.825372,""cooldownOverrideMinFlux"":0.03,""cooldownOverrideMinBandRatio"":0.07732,""analyzeIntervalMs"":44}"
1285,r001-0060-f6df818b,1,-651,2,8,25,6,2,150,"{""relativeReattackFactor"":1.944586,""relativeReattackMinDelta"":0.022558,""relativeFluxFactor"":1.890146,""spectralNoveltyRatio"":5.190207,""spectralNoveltyMinBins"":27,""cooldownFrames"":4,""confirmedRmsFactor"":2.080119,""confirmedRmsMinDelta"":0.003852,""confirmedFluxFactor"":1.526815,""confirmedMinFlux"":0.009688,""confirmedMinBandRatio"":0.009577,""confirmedSpectralNoveltyMinBins"":12,""cooldownOverrideFactor"":2.030122,""cooldownOverrideMinFlux"":0.008308,""cooldownOverrideMinBandRatio"":0.04441,""analyzeIntervalMs"":43}"
1286,r003-0071-e054a705,3,-654,4,12,4,10,0,119,"{""relativeReattackFactor"":4,""relativeReattackMinDelta"":0.012633,""relativeFluxFactor"":2.001581,""spectralNoveltyRatio"":2.804283,""spectralNoveltyMinBins"":46,""cooldownFrames"":4,""confirmedRmsFactor"":1.15,""confirmedRmsMinDelta"":0.002891,""confirmedFluxFactor"":1.5864,""confirmedMinFlux"":0.018415,""confirmedMinBandRatio"":0.035698,""confirmedSpectralNoveltyMinBins"":19,""cooldownOverrideFactor"":4.264281,""cooldownOverrideMinFlux"":0.013784,""cooldownOverrideMinBandRatio"":0.073099,""analyzeIntervalMs"":45}"
1287,r002-0076-5a672ee9,2,-656,2,1,32,0,6,167,"{""relativeReattackFactor"":2.229862,""relativeReattackMinDelta"":0.020883,""relativeFluxFactor"":1.4,""spectralNoveltyRatio"":3.160657,""spectralNoveltyMinBins"":6,""cooldownFrames"":4,""confirmedRmsFactor"":1.381881,""confirmedRmsMinDelta"":0.00319,""confirmedFluxFactor"":1.369808,""confirmedMinFlux"":0.008555,""confirmedMinBandRatio"":0.021496,""confirmedSpectralNoveltyMinBins"":25,""cooldownOverrideFactor"":4.652922,""cooldownOverrideMinFlux"":0.008596,""cooldownOverrideMinBandRatio"":0.077453,""analyzeIntervalMs"":40}"
1288,r002-0027-26f8dfc2,2,-656,3,11,5,9,0,124,"{""relativeReattackFactor"":3.190438,""relativeReattackMinDelta"":0.016909,""relativeFluxFactor"":2.336311,""spectralNoveltyRatio"":3.82596,""spectralNoveltyMinBins"":34,""cooldownFrames"":4,""confirmedRmsFactor"":1.941167,""confirmedRmsMinDelta"":0.008802,""confirmedFluxFactor"":2.160287,""confirmedMinFlux"":0.009117,""confirmedMinBandRatio"":0.026702,""confirmedSpectralNoveltyMinBins"":10,""cooldownOverrideFactor"":2.124965,""cooldownOverrideMinFlux"":0.022523,""cooldownOverrideMinBandRatio"":0.09,""analyzeIntervalMs"":49}"
1289,r016-0035-3f20fd44,16,-656,3,11,5,9,0,123,"{""relativeReattackFactor"":3.98406,""relativeReattackMinDelta"":0.005582,""relativeFluxFactor"":2.383116,""spectralNoveltyRatio"":3.69497,""spectralNoveltyMinBins"":39,""cooldownFrames"":4,""confirmedRmsFactor"":1.990651,""confirmedRmsMinDelta"":0.004958,""confirmedFluxFactor"":1.890373,""confirmedMinFlux"":0.006223,""confirmedMinBandRatio"":0.006,""confirmedSpectralNoveltyMinBins"":3,""cooldownOverrideFactor"":3.217523,""cooldownOverrideMinFlux"":0.03,""cooldownOverrideMinBandRatio"":0.09,""analyzeIntervalMs"":49}"
1290,r016-0014-565a2d9a,16,-659,3,11,6,9,0,125,"{""relativeReattackFactor"":3.248911,""relativeReattackMinDelta"":0.007678,""relativeFluxFactor"":2.366903,""spectralNoveltyRatio"":2.76897,""spectralNoveltyMinBins"":40,""cooldownFrames"":4,""confirmedRmsFactor"":1.437835,""confirmedRmsMinDelta"":0.007161,""confirmedFluxFactor"":2.209346,""confirmedMinFlux"":0.008797,""confirmedMinBandRatio"":0.006,""confirmedSpectralNoveltyMinBins"":7,""cooldownOverrideFactor"":3.054013,""cooldownOverrideMinFlux"":0.02624,""cooldownOverrideMinBandRatio"":0.089411,""analyzeIntervalMs"":49}"
1291,r001-0044-18a5d156,1,-665,2,10,12,8,0,132,"{""relativeReattackFactor"":2.976106,""relativeReattackMinDelta"":0.007367,""relativeFluxFactor"":3.156569,""spectralNoveltyRatio"":1.587699,""spectralNoveltyMinBins"":48,""cooldownFrames"":4,""confirmedRmsFactor"":1.718355,""confirmedRmsMinDelta"":0.009644,""confirmedFluxFactor"":1.237525,""confirmedMinFlux"":0.007782,""confirmedMinBandRatio"":0.016603,""confirmedSpectralNoveltyMinBins"":8,""cooldownOverrideFactor"":3.70014,""cooldownOverrideMinFlux"":0.005067,""cooldownOverrideMinBandRatio"":0.080558,""analyzeIntervalMs"":36}"
1292,r018-0073-0c9e8336,18,-666,2,12,8,10,0,125,"{""relativeReattackFactor"":3.757655,""relativeReattackMinDelta"":0.004,""relativeFluxFactor"":1.834856,""spectralNoveltyRatio"":3.992421,""spectralNoveltyMinBins"":30,""cooldownFrames"":3,""confirmedRmsFactor"":1.733297,""confirmedRmsMinDelta"":0.008392,""confirmedFluxFactor"":2.058506,""confirmedMinFlux"":0.007252,""confirmedMinBandRatio"":0.010617,""confirmedSpectralNoveltyMinBins"":4,""cooldownOverrideFactor"":2.075595,""cooldownOverrideMinFlux"":0.03,""cooldownOverrideMinBandRatio"":0.065344,""analyzeIntervalMs"":44}"
1293,r002-0047-bcd85d7f,2,-672,3,11,3,9,0,120,"{""relativeReattackFactor"":4,""relativeReattackMinDelta"":0.016134,""relativeFluxFactor"":2.713029,""spectralNoveltyRatio"":3.152488,""spectralNoveltyMinBins"":35,""cooldownFrames"":4,""confirmedRmsFactor"":1.703842,""confirmedRmsMinDelta"":0.010936,""confirmedFluxFactor"":1.711837,""confirmedMinFlux"":0.006988,""confirmedMinBandRatio"":0.017895,""confirmedSpectralNoveltyMinBins"":25,""cooldownOverrideFactor"":2.029852,""cooldownOverrideMinFlux"":0.019646,""cooldownOverrideMinBandRatio"":0.069491,""analyzeIntervalMs"":40}"
1294,r016-0016-ed6ed481,16,-675,1,10,10,8,0,131,"{""relativeReattackFactor"":3.503264,""relativeReattackMinDelta"":0.012275,""relativeFluxFactor"":2.590842,""spectralNoveltyRatio"":2.874242,""spectralNoveltyMinBins"":33,""cooldownFrames"":3,""confirmedRmsFactor"":1.724531,""confirmedRmsMinDelta"":0.005148,""confirmedFluxFactor"":1.894385,""confirmedMinFlux"":0.003,""confirmedMinBandRatio"":0.007804,""confirmedSpectralNoveltyMinBins"":19,""cooldownOverrideFactor"":3.181127,""cooldownOverrideMinFlux"":0.03,""cooldownOverrideMinBandRatio"":0.077455,""analyzeIntervalMs"":35}"
1295,r001-0009-e6bfaf7c,1,-678,2,10,11,8,0,135,"{""relativeReattackFactor"":1.961327,""relativeReattackMinDelta"":0.013311,""relativeFluxFactor"":3.908281,""spectralNoveltyRatio"":5.519362,""spectralNoveltyMinBins"":29,""cooldownFrames"":4,""confirmedRmsFactor"":1.531319,""confirmedRmsMinDelta"":0.005786,""confirmedFluxFactor"":2.260919,""confirmedMinFlux"":0.016713,""confirmedMinBandRatio"":0.022331,""confirmedSpectralNoveltyMinBins"":5,""cooldownOverrideFactor"":3.433406,""cooldownOverrideMinFlux"":0.006905,""cooldownOverrideMinBandRatio"":0.04042,""analyzeIntervalMs"":42}"
1296,r017-0038-a21bf43b,17,-679,3,11,5,9,0,125,"{""relativeReattackFactor"":3.633793,""relativeReattackMinDelta"":0.012125,""relativeFluxFactor"":2.643834,""spectralNoveltyRatio"":4.783612,""spectralNoveltyMinBins"":29,""cooldownFrames"":2,""confirmedRmsFactor"":1.71061,""confirmedRmsMinDelta"":0.005386,""confirmedFluxFactor"":2.00303,""confirmedMinFlux"":0.003,""confirmedMinBandRatio"":0.006,""confirmedSpectralNoveltyMinBins"":9,""cooldownOverrideFactor"":1.834078,""cooldownOverrideMinFlux"":0.022118,""cooldownOverrideMinBandRatio"":0.09,""analyzeIntervalMs"":40}"
1297,r005-0074-23b3b2dd,5,-680,2,3,30,2,6,160,"{""relativeReattackFactor"":3.046137,""relativeReattackMinDelta"":0.004898,""relativeFluxFactor"":1.434189,""spectralNoveltyRatio"":3.994868,""spectralNoveltyMinBins"":15,""cooldownFrames"":3,""confirmedRmsFactor"":1.729345,""confirmedRmsMinDelta"":0.008107,""confirmedFluxFactor"":1.929423,""confirmedMinFlux"":0.00485,""confirmedMinBandRatio"":0.017777,""confirmedSpectralNoveltyMinBins"":8,""cooldownOverrideFactor"":1.8,""cooldownOverrideMinFlux"":0.026105,""cooldownOverrideMinBandRatio"":0.089171,""analyzeIntervalMs"":39}"
1298,r017-0045-b9ace158,17,-681,3,12,7,10,0,126,"{""relativeReattackFactor"":2.870563,""relativeReattackMinDelta"":0.004,""relativeFluxFactor"":1.746788,""spectralNoveltyRatio"":5.192686,""spectralNoveltyMinBins"":42,""cooldownFrames"":4,""confirmedRmsFactor"":1.439903,""confirmedRmsMinDelta"":0.009498,""confirmedFluxFactor"":2.240493,""confirmedMinFlux"":0.008298,""confirmedMinBandRatio"":0.016526,""confirmedSpectralNoveltyMinBins"":5,""cooldownOverrideFactor"":1.8,""cooldownOverrideMinFlux"":0.027432,""cooldownOverrideMinBandRatio"":0.09,""analyzeIntervalMs"":48}"
1299,r001-0071-7dd112ac,1,-686,2,10,10,8,0,132,"{""relativeReattackFactor"":3.009307,""relativeReattackMinDelta"":0.006764,""relativeFluxFactor"":3.385662,""spectralNoveltyRatio"":4.303185,""spectralNoveltyMinBins"":25,""cooldownFrames"":3,""confirmedRmsFactor"":1.57633,""confirmedRmsMinDelta"":0.004069,""confirmedFluxFactor"":1.568844,""confirmedMinFlux"":0.011024,""confirmedMinBandRatio"":0.033425,""confirmedSpectralNoveltyMinBins"":10,""cooldownOverrideFactor"":4.703301,""cooldownOverrideMinFlux"":0.014273,""cooldownOverrideMinBandRatio"":0.064327,""analyzeIntervalMs"":41}"
1300,r017-0025-236f7cda,17,-686,1,11,14,9,0,134,"{""relativeReattackFactor"":2.744217,""relativeReattackMinDelta"":0.011846,""relativeFluxFactor"":1.734686,""spectralNoveltyRatio"":2.581769,""spectralNoveltyMinBins"":37,""cooldownFrames"":3,""confirmedRmsFactor"":1.318853,""confirmedRmsMinDelta"":0.00453,""confirmedFluxFactor"":2.37876,""confirmedMinFlux"":0.00989,""confirmedMinBandRatio"":0.01865,""confirmedSpectralNoveltyMinBins"":12,""cooldownOverrideFactor"":1.8,""cooldownOverrideMinFlux"":0.03,""cooldownOverrideMinBandRatio"":0.070698,""analyzeIntervalMs"":44}"
1301,r002-0039-85baf854,2,-688,1,5,31,3,5,158,"{""relativeReattackFactor"":4,""relativeReattackMinDelta"":0.006729,""relativeFluxFactor"":2.094236,""spectralNoveltyRatio"":3.931818,""spectralNoveltyMinBins"":16,""cooldownFrames"":4,""confirmedRmsFactor"":1.795752,""confirmedRmsMinDelta"":0.00676,""confirmedFluxFactor"":1.439907,""confirmedMinFlux"":0.012501,""confirmedMinBandRatio"":0.05,""confirmedSpectralNoveltyMinBins"":2,""cooldownOverrideFactor"":3.769167,""cooldownOverrideMinFlux"":0.017228,""cooldownOverrideMinBandRatio"":0.02,""analyzeIntervalMs"":25}"
1302,r016-0039-2cbdefc5,16,-689,2,11,10,9,0,129,"{""relativeReattackFactor"":3.459878,""relativeReattackMinDelta"":0.011898,""relativeFluxFactor"":2.192608,""spectralNoveltyRatio"":4.078483,""spectralNoveltyMinBins"":36,""cooldownFrames"":3,""confirmedRmsFactor"":1.774198,""confirmedRmsMinDelta"":0.008807,""confirmedFluxFactor"":2.238775,""confirmedMinFlux"":0.007151,""confirmedMinBandRatio"":0.011411,""confirmedSpectralNoveltyMinBins"":5,""cooldownOverrideFactor"":2.713913,""cooldownOverrideMinFlux"":0.021409,""cooldownOverrideMinBandRatio"":0.09,""analyzeIntervalMs"":39}"
1303,r001-0055-b4e6f721,1,-692,2,10,17,8,0,138,"{""relativeReattackFactor"":3.711985,""relativeReattackMinDelta"":0.018619,""relativeFluxFactor"":4.356248,""spectralNoveltyRatio"":2.874527,""spectralNoveltyMinBins"":17,""cooldownFrames"":3,""confirmedRmsFactor"":2.156146,""confirmedRmsMinDelta"":0.010425,""confirmedFluxFactor"":1.344165,""confirmedMinFlux"":0.019253,""confirmedMinBandRatio"":0.029358,""confirmedSpectralNoveltyMinBins"":16,""cooldownOverrideFactor"":4.699602,""cooldownOverrideMinFlux"":0.014414,""cooldownOverrideMinBandRatio"":0.073165,""analyzeIntervalMs"":38}"
1304,r017-0011-25c156a6,17,-696,2,10,13,8,0,135,"{""relativeReattackFactor"":3.45077,""relativeReattackMinDelta"":0.009563,""relativeFluxFactor"":2.396358,""spectralNoveltyRatio"":3.053816,""spectralNoveltyMinBins"":20,""cooldownFrames"":3,""confirmedRmsFactor"":1.385665,""confirmedRmsMinDelta"":0.006066,""confirmedFluxFactor"":1.899032,""confirmedMinFlux"":0.003,""confirmedMinBandRatio"":0.006,""confirmedSpectralNoveltyMinBins"":15,""cooldownOverrideFactor"":1.8,""cooldownOverrideMinFlux"":0.026275,""cooldownOverrideMinBandRatio"":0.09,""analyzeIntervalMs"":47}"
1305,r017-0069-659d28af,17,-702,2,5,23,4,3,150,"{""relativeReattackFactor"":2.939243,""relativeReattackMinDelta"":0.008459,""relativeFluxFactor"":1.920348,""spectralNoveltyRatio"":2.567188,""spectralNoveltyMinBins"":8,""cooldownFrames"":3,""confirmedRmsFactor"":1.540362,""confirmedRmsMinDelta"":0.006368,""confirmedFluxFactor"":1.678669,""confirmedMinFlux"":0.008999,""confirmedMinBandRatio"":0.015402,""confirmedSpectralNoveltyMinBins"":9,""cooldownOverrideFactor"":1.8,""cooldownOverrideMinFlux"":0.022097,""cooldownOverrideMinBandRatio"":0.078466,""analyzeIntervalMs"":45}"
1306,r018-0028-0ac8e677,18,-704,1,10,19,8,0,140,"{""relativeReattackFactor"":3.181144,""relativeReattackMinDelta"":0.007028,""relativeFluxFactor"":1.472095,""spectralNoveltyRatio"":4.844337,""spectralNoveltyMinBins"":26,""cooldownFrames"":3,""confirmedRmsFactor"":1.542621,""confirmedRmsMinDelta"":0.005976,""confirmedFluxFactor"":2.242651,""confirmedMinFlux"":0.005955,""confirmedMinBandRatio"":0.0163,""confirmedSpectralNoveltyMinBins"":13,""cooldownOverrideFactor"":1.841158,""cooldownOverrideMinFlux"":0.024635,""cooldownOverrideMinBandRatio"":0.063588,""analyzeIntervalMs"":39}"
1307,r017-0016-ddf76494,17,-712,2,11,12,9,0,130,"{""relativeReattackFactor"":3.515594,""relativeReattackMinDelta"":0.008497,""relativeFluxFactor"":2.321325,""spectralNoveltyRatio"":4.115134,""spectralNoveltyMinBins"":31,""cooldownFrames"":3,""confirmedRmsFactor"":1.567878,""confirmedRmsMinDelta"":0.005428,""confirmedFluxFactor"":2.270293,""confirmedMinFlux"":0.004026,""confirmedMinBandRatio"":0.006,""confirmedSpectralNoveltyMinBins"":12,""cooldownOverrideFactor"":2.036199,""cooldownOverrideMinFlux"":0.026724,""cooldownOverrideMinBandRatio"":0.086047,""analyzeIntervalMs"":43}"
1308,r016-0004-aa2d17a6,16,-712,2,12,14,10,0,132,"{""relativeReattackFactor"":3.093516,""relativeReattackMinDelta"":0.006237,""relativeFluxFactor"":2.056913,""spectralNoveltyRatio"":2.596988,""spectralNoveltyMinBins"":44,""cooldownFrames"":3,""confirmedRmsFactor"":1.735516,""confirmedRmsMinDelta"":0.00859,""confirmedFluxFactor"":1.971448,""confirmedMinFlux"":0.003,""confirmedMinBandRatio"":0.019857,""confirmedSpectralNoveltyMinBins"":10,""cooldownOverrideFactor"":1.8,""cooldownOverrideMinFlux"":0.03,""cooldownOverrideMinBandRatio"":0.089804,""analyzeIntervalMs"":37}"
1309,r017-0073-c3bf9467,17,-714,2,11,14,9,0,132,"{""relativeReattackFactor"":3.001384,""relativeReattackMinDelta"":0.004,""relativeFluxFactor"":2.170946,""spectralNoveltyRatio"":4.996187,""spectralNoveltyMinBins"":33,""cooldownFrames"":4,""confirmedRmsFactor"":1.723361,""confirmedRmsMinDelta"":0.01063,""confirmedFluxFactor"":2.121902,""confirmedMinFlux"":0.008218,""confirmedMinBandRatio"":0.016753,""confirmedSpectralNoveltyMinBins"":20,""cooldownOverrideFactor"":2.471166,""cooldownOverrideMinFlux"":0.025064,""cooldownOverrideMinBandRatio"":0.09,""analyzeIntervalMs"":38}"
1310,r017-0077-a98d82ca,17,-716,3,12,7,10,0,126,"{""relativeReattackFactor"":3.020015,""relativeReattackMinDelta"":0.004,""relativeFluxFactor"":2.586538,""spectralNoveltyRatio"":5.549939,""spectralNoveltyMinBins"":31,""cooldownFrames"":3,""confirmedRmsFactor"":1.335854,""confirmedRmsMinDelta"":0.00535,""confirmedFluxFactor"":2.4,""confirmedMinFlux"":0.008559,""confirmedMinBandRatio"":0.016524,""confirmedSpectralNoveltyMinBins"":2,""cooldownOverrideFactor"":2.637642,""cooldownOverrideMinFlux"":0.03,""cooldownOverrideMinBandRatio"":0.09,""analyzeIntervalMs"":40}"
1311,r001-0033-3b9d9213,1,-719,1,10,13,8,0,134,"{""relativeReattackFactor"":2.633322,""relativeReattackMinDelta"":0.019431,""relativeFluxFactor"":2.6809,""spectralNoveltyRatio"":3.365429,""spectralNoveltyMinBins"":30,""cooldownFrames"":3,""confirmedRmsFactor"":1.569944,""confirmedRmsMinDelta"":0.009564,""confirmedFluxFactor"":2.269332,""confirmedMinFlux"":0.003957,""confirmedMinBandRatio"":0.03496,""confirmedSpectralNoveltyMinBins"":12,""cooldownOverrideFactor"":3.550771,""cooldownOverrideMinFlux"":0.02023,""cooldownOverrideMinBandRatio"":0.085773,""analyzeIntervalMs"":46}"
1312,r004-0021-63e2572d,4,-721,2,3,36,2,7,168,"{""relativeReattackFactor"":2.923746,""relativeReattackMinDelta"":0.005678,""relativeFluxFactor"":1.4,""spectralNoveltyRatio"":3.234462,""spectralNoveltyMinBins"":14,""cooldownFrames"":3,""confirmedRmsFactor"":1.664085,""confirmedRmsMinDelta"":0.010206,""confirmedFluxFactor"":2.02837,""confirmedMinFlux"":0.003146,""confirmedMinBandRatio"":0.01411,""confirmedSpectralNoveltyMinBins"":10,""cooldownOverrideFactor"":2.035692,""cooldownOverrideMinFlux"":0.026917,""cooldownOverrideMinBandRatio"":0.09,""analyzeIntervalMs"":38}"
1313,r001-0008-05839e92,1,-721,2,13,11,10,1,126,"{""relativeReattackFactor"":3.290144,""relativeReattackMinDelta"":0.005191,""relativeFluxFactor"":1.842398,""spectralNoveltyRatio"":3.378252,""spectralNoveltyMinBins"":46,""cooldownFrames"":3,""confirmedRmsFactor"":1.762382,""confirmedRmsMinDelta"":0.003631,""confirmedFluxFactor"":1.969419,""confirmedMinFlux"":0.010932,""confirmedMinBandRatio"":0.04,""confirmedSpectralNoveltyMinBins"":10,""cooldownOverrideFactor"":3.103034,""cooldownOverrideMinFlux"":0.015048,""cooldownOverrideMinBandRatio"":0.081731,""analyzeIntervalMs"":28}"
1314,r002-0070-81624696,2,-730,1,7,29,5,2,155,"{""relativeReattackFactor"":2.160437,""relativeReattackMinDelta"":0.010509,""relativeFluxFactor"":2.853387,""spectralNoveltyRatio"":2.02981,""spectralNoveltyMinBins"":14,""cooldownFrames"":4,""confirmedRmsFactor"":1.962259,""confirmedRmsMinDelta"":0.00752,""confirmedFluxFactor"":1.782544,""confirmedMinFlux"":0.003,""confirmedMinBandRatio"":0.041314,""confirmedSpectralNoveltyMinBins"":23,""cooldownOverrideFactor"":5,""cooldownOverrideMinFlux"":0.012056,""cooldownOverrideMinBandRatio"":0.07616,""analyzeIntervalMs"":35}"
1315,r003-0049-2ae35470,3,-733,1,11,19,9,0,139,"{""relativeReattackFactor"":3.630041,""relativeReattackMinDelta"":0.019411,""relativeFluxFactor"":1.818441,""spectralNoveltyRatio"":3.996994,""spectralNoveltyMinBins"":34,""cooldownFrames"":3,""confirmedRmsFactor"":1.437195,""confirmedRmsMinDelta"":0.009736,""confirmedFluxFactor"":1.243304,""confirmedMinFlux"":0.02,""confirmedMinBandRatio"":0.038717,""confirmedSpectralNoveltyMinBins"":22,""cooldownOverrideFactor"":2.662536,""cooldownOverrideMinFlux"":0.004,""cooldownOverrideMinBandRatio"":0.034885,""analyzeIntervalMs"":34}"
1316,r002-0043-bb201021,2,-738,2,3,29,2,5,159,"{""relativeReattackFactor"":3.766731,""relativeReattackMinDelta"":0.019393,""relativeFluxFactor"":2.054196,""spectralNoveltyRatio"":3.277098,""spectralNoveltyMinBins"":9,""cooldownFrames"":3,""confirmedRmsFactor"":2.141962,""confirmedRmsMinDelta"":0.002837,""confirmedFluxFactor"":1.128889,""confirmedMinFlux"":0.017088,""confirmedMinBandRatio"":0.043102,""confirmedSpectralNoveltyMinBins"":21,""cooldownOverrideFactor"":3.410946,""cooldownOverrideMinFlux"":0.009259,""cooldownOverrideMinBandRatio"":0.02,""analyzeIntervalMs"":30}"
1317,r005-0075-291cf647,5,-738,2,3,34,2,8,164,"{""relativeReattackFactor"":2.631674,""relativeReattackMinDelta"":0.005732,""relativeFluxFactor"":1.4,""spectralNoveltyRatio"":4.931451,""spectralNoveltyMinBins"":11,""cooldownFrames"":3,""confirmedRmsFactor"":1.825915,""confirmedRmsMinDelta"":0.006714,""confirmedFluxFactor"":1.740382,""confirmedMinFlux"":0.005885,""confirmedMinBandRatio"":0.007946,""confirmedSpectralNoveltyMinBins"":5,""cooldownOverrideFactor"":1.8,""cooldownOverrideMinFlux"":0.022812,""cooldownOverrideMinBandRatio"":0.082685,""analyzeIntervalMs"":39}"
1318,r017-0071-771dfa38,17,-743,3,10,15,8,1,136,"{""relativeReattackFactor"":4,""relativeReattackMinDelta"":0.004,""relativeFluxFactor"":2.286557,""spectralNoveltyRatio"":3.522762,""spectralNoveltyMinBins"":22,""cooldownFrames"":3,""confirmedRmsFactor"":1.735629,""confirmedRmsMinDelta"":0.004737,""confirmedFluxFactor"":1.782218,""confirmedMinFlux"":0.00513,""confirmedMinBandRatio"":0.006,""confirmedSpectralNoveltyMinBins"":13,""cooldownOverrideFactor"":2.754908,""cooldownOverrideMinFlux"":0.022015,""cooldownOverrideMinBandRatio"":0.055497,""analyzeIntervalMs"":48}"
1319,r017-0047-b5be6719,17,-744,2,11,17,9,1,137,"{""relativeReattackFactor"":2.794558,""relativeReattackMinDelta"":0.004,""relativeFluxFactor"":1.924983,""spectralNoveltyRatio"":2.883944,""spectralNoveltyMinBins"":41,""cooldownFrames"":3,""confirmedRmsFactor"":1.285518,""confirmedRmsMinDelta"":0.010421,""confirmedFluxFactor"":1.971641,""confirmedMinFlux"":0.007482,""confirmedMinBandRatio"":0.026465,""confirmedSpectralNoveltyMinBins"":2,""cooldownOverrideFactor"":3.382899,""cooldownOverrideMinFlux"":0.03,""cooldownOverrideMinBandRatio"":0.064707,""analyzeIntervalMs"":43}"
1320,r001-0049-21332426,1,-753,1,10,14,8,0,136,"{""relativeReattackFactor"":2.555847,""relativeReattackMinDelta"":0.013666,""relativeFluxFactor"":2.461638,""spectralNoveltyRatio"":4.940202,""spectralNoveltyMinBins"":10,""cooldownFrames"":4,""confirmedRmsFactor"":1.239063,""confirmedRmsMinDelta"":0.011863,""confirmedFluxFactor"":1.081696,""confirmedMinFlux"":0.003704,""confirmedMinBandRatio"":0.030286,""confirmedSpectralNoveltyMinBins"":8,""cooldownOverrideFactor"":2.323239,""cooldownOverrideMinFlux"":0.00568,""cooldownOverrideMinBandRatio"":0.036501,""analyzeIntervalMs"":47}"
1321,r001-0070-bafadd7f,1,-759,0,7,32,5,4,159,"{""relativeReattackFactor"":1.638651,""relativeReattackMinDelta"":0.023565,""relativeFluxFactor"":3.144074,""spectralNoveltyRatio"":3.2048,""spectralNoveltyMinBins"":18,""cooldownFrames"":3,""confirmedRmsFactor"":1.375617,""confirmedRmsMinDelta"":0.003028,""confirmedFluxFactor"":1.177429,""confirmedMinFlux"":0.008368,""confirmedMinBandRatio"":0.035319,""confirmedSpectralNoveltyMinBins"":19,""cooldownOverrideFactor"":1.916947,""cooldownOverrideMinFlux"":0.026573,""cooldownOverrideMinBandRatio"":0.04952,""analyzeIntervalMs"":42}"
1322,r017-0043-1186aaba,17,-759,3,12,9,10,0,129,"{""relativeReattackFactor"":4,""relativeReattackMinDelta"":0.004,""relativeFluxFactor"":2.583613,""spectralNoveltyRatio"":4.754733,""spectralNoveltyMinBins"":31,""cooldownFrames"":2,""confirmedRmsFactor"":1.435095,""confirmedRmsMinDelta"":0.008582,""confirmedFluxFactor"":2.4,""confirmedMinFlux"":0.003,""confirmedMinBandRatio"":0.010406,""confirmedSpectralNoveltyMinBins"":13,""cooldownOverrideFactor"":1.8,""cooldownOverrideMinFlux"":0.03,""cooldownOverrideMinBandRatio"":0.08947,""analyzeIntervalMs"":49}"
1323,r018-0055-cb92a882,18,-759,2,13,8,11,0,123,"{""relativeReattackFactor"":3.772292,""relativeReattackMinDelta"":0.008086,""relativeFluxFactor"":1.922163,""spectralNoveltyRatio"":4.221906,""spectralNoveltyMinBins"":35,""cooldownFrames"":3,""confirmedRmsFactor"":1.744856,""confirmedRmsMinDelta"":0.006469,""confirmedFluxFactor"":2.015758,""confirmedMinFlux"":0.007534,""confirmedMinBandRatio"":0.012196,""confirmedSpectralNoveltyMinBins"":11,""cooldownOverrideFactor"":2.042414,""cooldownOverrideMinFlux"":0.02556,""cooldownOverrideMinBandRatio"":0.083395,""analyzeIntervalMs"":44}"
1324,r005-0039-1e2635d2,5,-765,2,5,30,4,5,157,"{""relativeReattackFactor"":2.945634,""relativeReattackMinDelta"":0.004872,""relativeFluxFactor"":1.580145,""spectralNoveltyRatio"":3.775486,""spectralNoveltyMinBins"":14,""cooldownFrames"":3,""confirmedRmsFactor"":1.656363,""confirmedRmsMinDelta"":0.008595,""confirmedFluxFactor"":1.891302,""confirmedMinFlux"":0.003685,""confirmedMinBandRatio"":0.015688,""confirmedSpectralNoveltyMinBins"":8,""cooldownOverrideFactor"":1.901994,""cooldownOverrideMinFlux"":0.027556,""cooldownOverrideMinBandRatio"":0.09,""analyzeIntervalMs"":39}"
1325,r018-0057-3f729bf1,18,-768,1,11,10,9,0,129,"{""relativeReattackFactor"":3.120034,""relativeReattackMinDelta"":0.00604,""relativeFluxFactor"":1.956952,""spectralNoveltyRatio"":4.619951,""spectralNoveltyMinBins"":37,""cooldownFrames"":3,""confirmedRmsFactor"":1.692158,""confirmedRmsMinDelta"":0.009472,""confirmedFluxFactor"":2.234693,""confirmedMinFlux"":0.003,""confirmedMinBandRatio"":0.018701,""confirmedSpectralNoveltyMinBins"":14,""cooldownOverrideFactor"":1.8,""cooldownOverrideMinFlux"":0.027713,""cooldownOverrideMinBandRatio"":0.09,""analyzeIntervalMs"":45}"
1326,r002-0041-811cd880,2,-774,2,8,21,6,2,145,"{""relativeReattackFactor"":3.58822,""relativeReattackMinDelta"":0.01792,""relativeFluxFactor"":2.74914,""spectralNoveltyRatio"":1.5,""spectralNoveltyMinBins"":16,""cooldownFrames"":4,""confirmedRmsFactor"":1.487372,""confirmedRmsMinDelta"":0.004843,""confirmedFluxFactor"":1.657254,""confirmedMinFlux"":0.013067,""confirmedMinBandRatio"":0.043675,""confirmedSpectralNoveltyMinBins"":17,""cooldownOverrideFactor"":5,""cooldownOverrideMinFlux"":0.016015,""cooldownOverrideMinBandRatio"":0.073178,""analyzeIntervalMs"":33}"
1327,r001-0057-21c156b5,1,-779,1,11,13,9,0,133,"{""relativeReattackFactor"":3.303438,""relativeReattackMinDelta"":0.006912,""relativeFluxFactor"":2.300859,""spectralNoveltyRatio"":3.340392,""spectralNoveltyMinBins"":41,""cooldownFrames"":2,""confirmedRmsFactor"":1.507535,""confirmedRmsMinDelta"":0.002621,""confirmedFluxFactor"":2.24727,""confirmedMinFlux"":0.005541,""confirmedMinBandRatio"":0.049187,""confirmedSpectralNoveltyMinBins"":28,""cooldownOverrideFactor"":2.986879,""cooldownOverrideMinFlux"":0.01667,""cooldownOverrideMinBandRatio"":0.074876,""analyzeIntervalMs"":45}"
1328,r016-0008-391490d8,16,-783,3,5,26,4,5,155,"{""relativeReattackFactor"":2.960911,""relativeReattackMinDelta"":0.011138,""relativeFluxFactor"":1.860724,""spectralNoveltyRatio"":2.821128,""spectralNoveltyMinBins"":11,""cooldownFrames"":4,""confirmedRmsFactor"":1.605394,""confirmedRmsMinDelta"":0.009435,""confirmedFluxFactor"":2.395528,""confirmedMinFlux"":0.003,""confirmedMinBandRatio"":0.016537,""confirmedSpectralNoveltyMinBins"":19,""cooldownOverrideFactor"":1.8,""cooldownOverrideMinFlux"":0.03,""cooldownOverrideMinBandRatio"":0.09,""analyzeIntervalMs"":36}"
1329,r016-0075-4fc66c7d,16,-788,2,13,7,11,0,124,"{""relativeReattackFactor"":3.623111,""relativeReattackMinDelta"":0.006937,""relativeFluxFactor"":1.759908,""spectralNoveltyRatio"":5.311848,""spectralNoveltyMinBins"":47,""cooldownFrames"":3,""confirmedRmsFactor"":1.531548,""confirmedRmsMinDelta"":0.005389,""confirmedFluxFactor"":1.637463,""confirmedMinFlux"":0.003,""confirmedMinBandRatio"":0.006,""confirmedSpectralNoveltyMinBins"":9,""cooldownOverrideFactor"":3.046376,""cooldownOverrideMinFlux"":0.03,""cooldownOverrideMinBandRatio"":0.09,""analyzeIntervalMs"":45}"
1330,r016-0013-148484e6,16,-790,1,11,20,9,1,140,"{""relativeReattackFactor"":3.165388,""relativeReattackMinDelta"":0.010294,""relativeFluxFactor"":1.801656,""spectralNoveltyRatio"":5.420069,""spectralNoveltyMinBins"":31,""cooldownFrames"":3,""confirmedRmsFactor"":1.524721,""confirmedRmsMinDelta"":0.008231,""confirmedFluxFactor"":2.057701,""confirmedMinFlux"":0.003,""confirmedMinBandRatio"":0.006,""confirmedSpectralNoveltyMinBins"":9,""cooldownOverrideFactor"":2.852116,""cooldownOverrideMinFlux"":0.027348,""cooldownOverrideMinBandRatio"":0.058584,""analyzeIntervalMs"":34}"
1331,r004-0028-c6fa0710,4,-791,2,5,31,4,6,159,"{""relativeReattackFactor"":2.846397,""relativeReattackMinDelta"":0.004,""relativeFluxFactor"":1.530941,""spectralNoveltyRatio"":5.162553,""spectralNoveltyMinBins"":13,""cooldownFrames"":3,""confirmedRmsFactor"":1.750969,""confirmedRmsMinDelta"":0.00664,""confirmedFluxFactor"":1.878338,""confirmedMinFlux"":0.003638,""confirmedMinBandRatio"":0.009371,""confirmedSpectralNoveltyMinBins"":6,""cooldownOverrideFactor"":2.172914,""cooldownOverrideMinFlux"":0.023445,""cooldownOverrideMinBandRatio"":0.075193,""analyzeIntervalMs"":39}"
1332,r002-0031-90ebab8d,2,-791,1,8,23,6,2,147,"{""relativeReattackFactor"":2.846838,""relativeReattackMinDelta"":0.014985,""relativeFluxFactor"":2.419006,""spectralNoveltyRatio"":3.378259,""spectralNoveltyMinBins"":7,""cooldownFrames"":4,""confirmedRmsFactor"":1.15,""confirmedRmsMinDelta"":0.002,""confirmedFluxFactor"":1.602189,""confirmedMinFlux"":0.008265,""confirmedMinBandRatio"":0.025359,""confirmedSpectralNoveltyMinBins"":24,""cooldownOverrideFactor"":4.622868,""cooldownOverrideMinFlux"":0.013017,""cooldownOverrideMinBandRatio"":0.087315,""analyzeIntervalMs"":37}"
1333,r017-0044-47aa39f5,17,-792,1,12,6,10,0,123,"{""relativeReattackFactor"":4,""relativeReattackMinDelta"":0.011183,""relativeFluxFactor"":2.008116,""spectralNoveltyRatio"":5.450981,""spectralNoveltyMinBins"":40,""cooldownFrames"":2,""confirmedRmsFactor"":1.561663,""confirmedRmsMinDelta"":0.008116,""confirmedFluxFactor"":1.906732,""confirmedMinFlux"":0.007839,""confirmedMinBandRatio"":0.023317,""confirmedSpectralNoveltyMinBins"":22,""cooldownOverrideFactor"":1.8,""cooldownOverrideMinFlux"":0.026896,""cooldownOverrideMinBandRatio"":0.061548,""analyzeIntervalMs"":39}"
1334,r016-0031-be242391,16,-793,1,11,21,9,1,143,"{""relativeReattackFactor"":3.079706,""relativeReattackMinDelta"":0.004,""relativeFluxFactor"":2.187877,""spectralNoveltyRatio"":5.50333,""spectralNoveltyMinBins"":20,""cooldownFrames"":2,""confirmedRmsFactor"":1.533636,""confirmedRmsMinDelta"":0.009399,""confirmedFluxFactor"":2.273632,""confirmedMinFlux"":0.003,""confirmedMinBandRatio"":0.021053,""confirmedSpectralNoveltyMinBins"":10,""cooldownOverrideFactor"":3.168319,""cooldownOverrideMinFlux"":0.024175,""cooldownOverrideMinBandRatio"":0.074389,""analyzeIntervalMs"":44}"
1335,r004-0038-31d63c32,4,-794,2,5,32,4,6,160,"{""relativeReattackFactor"":2.682118,""relativeReattackMinDelta"":0.004425,""relativeFluxFactor"":1.548084,""spectralNoveltyRatio"":4.242414,""spectralNoveltyMinBins"":15,""cooldownFrames"":3,""confirmedRmsFactor"":1.886895,""confirmedRmsMinDelta"":0.007634,""confirmedFluxFactor"":1.655835,""confirmedMinFlux"":0.005775,""confirmedMinBandRatio"":0.006767,""confirmedSpectralNoveltyMinBins"":6,""cooldownOverrideFactor"":1.8,""cooldownOverrideMinFlux"":0.019625,""cooldownOverrideMinBandRatio"":0.074101,""analyzeIntervalMs"":39}"
1336,r002-0049-8d147fbf,2,-794,0,10,28,7,3,147,"{""relativeReattackFactor"":4,""relativeReattackMinDelta"":0.01267,""relativeFluxFactor"":1.696456,""spectralNoveltyRatio"":4.925047,""spectralNoveltyMinBins"":21,""cooldownFrames"":4,""confirmedRmsFactor"":1.52153,""confirmedRmsMinDelta"":0.009157,""confirmedFluxFactor"":1.554662,""confirmedMinFlux"":0.015141,""confirmedMinBandRatio"":0.030595,""confirmedSpectralNoveltyMinBins"":2,""cooldownOverrideFactor"":2.579512,""cooldownOverrideMinFlux"":0.01841,""cooldownOverrideMinBandRatio"":0.02,""analyzeIntervalMs"":25}"
1337,r017-0023-b89abab5,17,-794,2,10,16,8,1,138,"{""relativeReattackFactor"":3.454062,""relativeReattackMinDelta"":0.00433,""relativeFluxFactor"":2.537172,""spectralNoveltyRatio"":5.328581,""spectralNoveltyMinBins"":19,""cooldownFrames"":3,""confirmedRmsFactor"":1.905033,""confirmedRmsMinDelta"":0.008063,""confirmedFluxFactor"":2.4,""confirmedMinFlux"":0.003,""confirmedMinBandRatio"":0.006,""confirmedSpectralNoveltyMinBins"":20,""cooldownOverrideFactor"":2.728136,""cooldownOverrideMinFlux"":0.022928,""cooldownOverrideMinBandRatio"":0.087399,""analyzeIntervalMs"":48}"
1338,r002-0005-49b2ba83,2,-797,1,11,23,9,1,143,"{""relativeReattackFactor"":2.464037,""relativeReattackMinDelta"":0.004957,""relativeFluxFactor"":2.383407,""spectralNoveltyRatio"":2.937052,""spectralNoveltyMinBins"":35,""cooldownFrames"":4,""confirmedRmsFactor"":1.947565,""confirmedRmsMinDelta"":0.007496,""confirmedFluxFactor"":1.227705,""confirmedMinFlux"":0.009822,""confirmedMinBandRatio"":0.03526,""confirmedSpectralNoveltyMinBins"":14,""cooldownOverrideFactor"":3.962519,""cooldownOverrideMinFlux"":0.01305,""cooldownOverrideMinBandRatio"":0.040504,""analyzeIntervalMs"":29}"
1339,r016-0052-12bbe614,16,-801,1,12,10,10,0,128,"{""relativeReattackFactor"":3.730048,""relativeReattackMinDelta"":0.004,""relativeFluxFactor"":1.96342,""spectralNoveltyRatio"":4.939166,""spectralNoveltyMinBins"":39,""cooldownFrames"":3,""confirmedRmsFactor"":1.508977,""confirmedRmsMinDelta"":0.006283,""confirmedFluxFactor"":2.4,""confirmedMinFlux"":0.004249,""confirmedMinBandRatio"":0.006,""confirmedSpectralNoveltyMinBins"":17,""cooldownOverrideFactor"":2.193499,""cooldownOverrideMinFlux"":0.03,""cooldownOverrideMinBandRatio"":0.055989,""analyzeIntervalMs"":39}"
1340,r016-0076-e56018d4,16,-802,2,13,14,11,0,130,"{""relativeReattackFactor"":3.160393,""relativeReattackMinDelta"":0.004,""relativeFluxFactor"":2.656186,""spectralNoveltyRatio"":4.031808,""spectralNoveltyMinBins"":45,""cooldownFrames"":3,""confirmedRmsFactor"":1.889152,""confirmedRmsMinDelta"":0.011363,""confirmedFluxFactor"":2.4,""confirmedMinFlux"":0.009764,""confirmedMinBandRatio"":0.021903,""confirmedSpectralNoveltyMinBins"":17,""cooldownOverrideFactor"":2.746951,""cooldownOverrideMinFlux"":0.03,""cooldownOverrideMinBandRatio"":0.09,""analyzeIntervalMs"":37}"
1341,r017-0067-5b147fb1,17,-805,1,11,10,9,0,129,"{""relativeReattackFactor"":3.141332,""relativeReattackMinDelta"":0.004,""relativeFluxFactor"":2.023882,""spectralNoveltyRatio"":2.634075,""spectralNoveltyMinBins"":46,""cooldownFrames"":3,""confirmedRmsFactor"":1.354418,""confirmedRmsMinDelta"":0.009881,""confirmedFluxFactor"":2.4,""confirmedMinFlux"":0.003535,""confirmedMinBandRatio"":0.006,""confirmedSpectralNoveltyMinBins"":16,""cooldownOverrideFactor"":1.8,""cooldownOverrideMinFlux"":0.03,""cooldownOverrideMinBandRatio"":0.09,""analyzeIntervalMs"":50}"
1342,r001-0004-cd145d9d,1,-816,2,11,20,9,1,141,"{""relativeReattackFactor"":3.634212,""relativeReattackMinDelta"":0.024104,""relativeFluxFactor"":3.86793,""spectralNoveltyRatio"":1.696697,""spectralNoveltyMinBins"":15,""cooldownFrames"":3,""confirmedRmsFactor"":1.282721,""confirmedRmsMinDelta"":0.003303,""confirmedFluxFactor"":1.363377,""confirmedMinFlux"":0.008587,""confirmedMinBandRatio"":0.016071,""confirmedSpectralNoveltyMinBins"":7,""cooldownOverrideFactor"":2.306111,""cooldownOverrideMinFlux"":0.023072,""cooldownOverrideMinBandRatio"":0.057696,""analyzeIntervalMs"":38}"
1343,r002-0020-48446aa1,2,-819,3,6,23,5,4,149,"{""relativeReattackFactor"":3.348526,""relativeReattackMinDelta"":0.004,""relativeFluxFactor"":2.507123,""spectralNoveltyRatio"":2.247223,""spectralNoveltyMinBins"":13,""cooldownFrames"":4,""confirmedRmsFactor"":1.768318,""confirmedRmsMinDelta"":0.002,""confirmedFluxFactor"":1.647714,""confirmedMinFlux"":0.007362,""confirmedMinBandRatio"":0.035814,""confirmedSpectralNoveltyMinBins"":25,""cooldownOverrideFactor"":4.895622,""cooldownOverrideMinFlux"":0.017152,""cooldownOverrideMinBandRatio"":0.046264,""analyzeIntervalMs"":33}"
1344,r002-0018-d78ba7f7,2,-826,2,6,27,5,4,155,"{""relativeReattackFactor"":2.928466,""relativeReattackMinDelta"":0.019032,""relativeFluxFactor"":2.486784,""spectralNoveltyRatio"":3.287743,""spectralNoveltyMinBins"":13,""cooldownFrames"":3,""confirmedRmsFactor"":2.152795,""confirmedRmsMinDelta"":0.00585,""confirmedFluxFactor"":1,""confirmedMinFlux"":0.018792,""confirmedMinBandRatio"":0.035771,""confirmedSpectralNoveltyMinBins"":31,""cooldownOverrideFactor"":4.695289,""cooldownOverrideMinFlux"":0.013245,""cooldownOverrideMinBandRatio"":0.025779,""analyzeIntervalMs"":36}"
1345,r016-0025-630ef71b,16,-832,2,13,16,11,0,132,"{""relativeReattackFactor"":3.815798,""relativeReattackMinDelta"":0.004,""relativeFluxFactor"":2.088166,""spectralNoveltyRatio"":4.417642,""spectralNoveltyMinBins"":41,""cooldownFrames"":3,""confirmedRmsFactor"":1.77219,""confirmedRmsMinDelta"":0.005114,""confirmedFluxFactor"":2.001141,""confirmedMinFlux"":0.003,""confirmedMinBandRatio"":0.006,""confirmedSpectralNoveltyMinBins"":7,""cooldownOverrideFactor"":1.8,""cooldownOverrideMinFlux"":0.03,""cooldownOverrideMinBandRatio"":0.09,""analyzeIntervalMs"":34}"
1346,r001-0014-7d67f128,1,-834,3,14,5,12,0,120,"{""relativeReattackFactor"":2.796596,""relativeReattackMinDelta"":0.021599,""relativeFluxFactor"":2.714453,""spectralNoveltyRatio"":3.125965,""spectralNoveltyMinBins"":52,""cooldownFrames"":4,""confirmedRmsFactor"":1.83477,""confirmedRmsMinDelta"":0.009567,""confirmedFluxFactor"":2.15193,""confirmedMinFlux"":0.007012,""confirmedMinBandRatio"":0.020691,""confirmedSpectralNoveltyMinBins"":27,""cooldownOverrideFactor"":3.364638,""cooldownOverrideMinFlux"":0.012992,""cooldownOverrideMinBandRatio"":0.085956,""analyzeIntervalMs"":40}"
1347,r001-0077-289dc6d7,1,-836,1,11,21,9,0,143,"{""relativeReattackFactor"":3.909862,""relativeReattackMinDelta"":0.024854,""relativeFluxFactor"":3.953653,""spectralNoveltyRatio"":4.364927,""spectralNoveltyMinBins"":22,""cooldownFrames"":3,""confirmedRmsFactor"":1.77391,""confirmedRmsMinDelta"":0.006568,""confirmedFluxFactor"":1.634638,""confirmedMinFlux"":0.007489,""confirmedMinBandRatio"":0.026411,""confirmedSpectralNoveltyMinBins"":9,""cooldownOverrideFactor"":4.57278,""cooldownOverrideMinFlux"":0.004316,""cooldownOverrideMinBandRatio"":0.070208,""analyzeIntervalMs"":31}"
1348,r002-0060-5ac3a3da,2,-836,2,13,11,11,0,128,"{""relativeReattackFactor"":3.033715,""relativeReattackMinDelta"":0.004,""relativeFluxFactor"":2.768333,""spectralNoveltyRatio"":2.644653,""spectralNoveltyMinBins"":41,""cooldownFrames"":4,""confirmedRmsFactor"":1.730732,""confirmedRmsMinDelta"":0.002903,""confirmedFluxFactor"":1.615025,""confirmedMinFlux"":0.003,""confirmedMinBandRatio"":0.046363,""confirmedSpectralNoveltyMinBins"":12,""cooldownOverrideFactor"":5,""cooldownOverrideMinFlux"":0.017319,""cooldownOverrideMinBandRatio"":0.071012,""analyzeIntervalMs"":43}"
1349,r004-0023-db75246f,4,-838,2,3,34,2,9,166,"{""relativeReattackFactor"":2.817185,""relativeReattackMinDelta"":0.005743,""relativeFluxFactor"":1.4,""spectralNoveltyRatio"":5.009868,""spectralNoveltyMinBins"":7,""cooldownFrames"":3,""confirmedRmsFactor"":1.841252,""confirmedRmsMinDelta"":0.005743,""confirmedFluxFactor"":1.867494,""confirmedMinFlux"":0.005634,""confirmedMinBandRatio"":0.006,""confirmedSpectralNoveltyMinBins"":3,""cooldownOverrideFactor"":2.077115,""cooldownOverrideMinFlux"":0.019091,""cooldownOverrideMinBandRatio"":0.073987,""analyzeIntervalMs"":37}"
1350,r017-0017-e13b4f8d,17,-839,1,12,11,10,0,130,"{""relativeReattackFactor"":4,""relativeReattackMinDelta"":0.0114,""relativeFluxFactor"":2.44178,""spectralNoveltyRatio"":4.743373,""spectralNoveltyMinBins"":24,""cooldownFrames"":3,""confirmedRmsFactor"":1.24676,""confirmedRmsMinDelta"":0.009546,""confirmedFluxFactor"":2.4,""confirmedMinFlux"":0.008814,""confirmedMinBandRatio"":0.006,""confirmedSpectralNoveltyMinBins"":8,""cooldownOverrideFactor"":3.012677,""cooldownOverrideMinFlux"":0.03,""cooldownOverrideMinBandRatio"":0.065169,""analyzeIntervalMs"":39}"
1351,r003-0051-55748abf,3,-839,3,15,4,13,0,115,"{""relativeReattackFactor"":3.93579,""relativeReattackMinDelta"":0.015199,""relativeFluxFactor"":1.937373,""spectralNoveltyRatio"":2.226294,""spectralNoveltyMinBins"":49,""cooldownFrames"":4,""confirmedRmsFactor"":1.165571,""confirmedRmsMinDelta"":0.002,""confirmedFluxFactor"":1.165376,""confirmedMinFlux"":0.015962,""confirmedMinBandRatio"":0.042081,""confirmedSpectralNoveltyMinBins"":20,""cooldownOverrideFactor"":3.932693,""cooldownOverrideMinFlux"":0.008764,""cooldownOverrideMinBandRatio"":0.085423,""analyzeIntervalMs"":44}"
1352,r002-0052-44e74dec,2,-841,1,12,13,10,0,131,"{""relativeReattackFactor"":3.121416,""relativeReattackMinDelta"":0.013214,""relativeFluxFactor"":2.454742,""spectralNoveltyRatio"":5.092543,""spectralNoveltyMinBins"":34,""cooldownFrames"":3,""confirmedRmsFactor"":2.2,""confirmedRmsMinDelta"":0.007243,""confirmedFluxFactor"":2.01549,""confirmedMinFlux"":0.013037,""confirmedMinBandRatio"":0.02607,""confirmedSpectralNoveltyMinBins"":8,""cooldownOverrideFactor"":2.12579,""cooldownOverrideMinFlux"":0.020757,""cooldownOverrideMinBandRatio"":0.086374,""analyzeIntervalMs"":39}"
1353,r003-0018-9325d9fe,3,-843,2,5,30,4,5,157,"{""relativeReattackFactor"":3.120043,""relativeReattackMinDelta"":0.007029,""relativeFluxFactor"":1.707116,""spectralNoveltyRatio"":4.930381,""spectralNoveltyMinBins"":8,""cooldownFrames"":3,""confirmedRmsFactor"":1.751304,""confirmedRmsMinDelta"":0.008984,""confirmedFluxFactor"":2.065436,""confirmedMinFlux"":0.007734,""confirmedMinBandRatio"":0.014399,""confirmedSpectralNoveltyMinBins"":7,""cooldownOverrideFactor"":1.8,""cooldownOverrideMinFlux"":0.026012,""cooldownOverrideMinBandRatio"":0.085381,""analyzeIntervalMs"":39}"
1354,r001-0078-135b52f7,1,-845,4,16,1,13,0,111,"{""relativeReattackFactor"":3.815234,""relativeReattackMinDelta"":0.011497,""relativeFluxFactor"":2.889902,""spectralNoveltyRatio"":4.080248,""spectralNoveltyMinBins"":57,""cooldownFrames"":4,""confirmedRmsFactor"":1.51007,""confirmedRmsMinDelta"":0.00668,""confirmedFluxFactor"":1.795422,""confirmedMinFlux"":0.011262,""confirmedMinBandRatio"":0.048788,""confirmedSpectralNoveltyMinBins"":2,""cooldownOverrideFactor"":4.399955,""cooldownOverrideMinFlux"":0.006869,""cooldownOverrideMinBandRatio"":0.037698,""analyzeIntervalMs"":39}"
1355,r002-0071-c94322cf,2,-850,2,2,35,1,10,168,"{""relativeReattackFactor"":2.709918,""relativeReattackMinDelta"":0.008815,""relativeFluxFactor"":1.4,""spectralNoveltyRatio"":1.5,""spectralNoveltyMinBins"":9,""cooldownFrames"":4,""confirmedRmsFactor"":1.678145,""confirmedRmsMinDelta"":0.00509,""confirmedFluxFactor"":1.819341,""confirmedMinFlux"":0.013347,""confirmedMinBandRatio"":0.041108,""confirmedSpectralNoveltyMinBins"":29,""cooldownOverrideFactor"":5,""cooldownOverrideMinFlux"":0.004,""cooldownOverrideMinBandRatio"":0.08864,""analyzeIntervalMs"":37}"
1356,r017-0051-c979b590,17,-858,1,12,20,10,0,139,"{""relativeReattackFactor"":2.801629,""relativeReattackMinDelta"":0.004,""relativeFluxFactor"":2.540003,""spectralNoveltyRatio"":3.939654,""spectralNoveltyMinBins"":45,""cooldownFrames"":2,""confirmedRmsFactor"":1.465284,""confirmedRmsMinDelta"":0.008685,""confirmedFluxFactor"":1.671407,""confirmedMinFlux"":0.003,""confirmedMinBandRatio"":0.024496,""confirmedSpectralNoveltyMinBins"":4,""cooldownOverrideFactor"":1.908676,""cooldownOverrideMinFlux"":0.02315,""cooldownOverrideMinBandRatio"":0.075019,""analyzeIntervalMs"":38}"
1357,r001-0030-fe10a5ae,1,-862,3,14,4,12,0,118,"{""relativeReattackFactor"":3.922148,""relativeReattackMinDelta"":0.013379,""relativeFluxFactor"":3.10066,""spectralNoveltyRatio"":2.017519,""spectralNoveltyMinBins"":46,""cooldownFrames"":3,""confirmedRmsFactor"":1.187717,""confirmedRmsMinDelta"":0.002482,""confirmedFluxFactor"":1.785944,""confirmedMinFlux"":0.006307,""confirmedMinBandRatio"":0.046813,""confirmedSpectralNoveltyMinBins"":11,""cooldownOverrideFactor"":2.835812,""cooldownOverrideMinFlux"":0.02561,""cooldownOverrideMinBandRatio"":0.073197,""analyzeIntervalMs"":40}"
1358,r002-0062-4fe33b61,2,-865,3,14,5,12,0,117,"{""relativeReattackFactor"":4,""relativeReattackMinDelta"":0.006414,""relativeFluxFactor"":2.779272,""spectralNoveltyRatio"":5.520229,""spectralNoveltyMinBins"":35,""cooldownFrames"":3,""confirmedRmsFactor"":1.975862,""confirmedRmsMinDelta"":0.009826,""confirmedFluxFactor"":1.797699,""confirmedMinFlux"":0.005154,""confirmedMinBandRatio"":0.009998,""confirmedSpectralNoveltyMinBins"":5,""cooldownOverrideFactor"":2.342449,""cooldownOverrideMinFlux"":0.013907,""cooldownOverrideMinBandRatio"":0.06099,""analyzeIntervalMs"":40}"
1359,r002-0065-94d574d6,2,-866,1,11,18,9,1,138,"{""relativeReattackFactor"":2.143943,""relativeReattackMinDelta"":0.004,""relativeFluxFactor"":3.294131,""spectralNoveltyRatio"":3.185041,""spectralNoveltyMinBins"":40,""cooldownFrames"":4,""confirmedRmsFactor"":2.2,""confirmedRmsMinDelta"":0.006792,""confirmedFluxFactor"":1.071887,""confirmedMinFlux"":0.003,""confirmedMinBandRatio"":0.036723,""confirmedSpectralNoveltyMinBins"":23,""cooldownOverrideFactor"":4.506799,""cooldownOverrideMinFlux"":0.013404,""cooldownOverrideMinBandRatio"":0.047276,""analyzeIntervalMs"":37}"
1360,r001-0016-47bdf84a,1,-875,4,14,4,12,0,117,"{""relativeReattackFactor"":3.706787,""relativeReattackMinDelta"":0.024828,""relativeFluxFactor"":3.581258,""spectralNoveltyRatio"":5.679127,""spectralNoveltyMinBins"":30,""cooldownFrames"":4,""confirmedRmsFactor"":1.321497,""confirmedRmsMinDelta"":0.005363,""confirmedFluxFactor"":1.140014,""confirmedMinFlux"":0.011117,""confirmedMinBandRatio"":0.029996,""confirmedSpectralNoveltyMinBins"":15,""cooldownOverrideFactor"":4.929337,""cooldownOverrideMinFlux"":0.014792,""cooldownOverrideMinBandRatio"":0.074902,""analyzeIntervalMs"":43}"
1361,r001-0075-ef790fd3,1,-889,3,14,3,12,0,118,"{""relativeReattackFactor"":2.686524,""relativeReattackMinDelta"":0.023462,""relativeFluxFactor"":3.252626,""spectralNoveltyRatio"":2.998133,""spectralNoveltyMinBins"":53,""cooldownFrames"":4,""confirmedRmsFactor"":1.626565,""confirmedRmsMinDelta"":0.004047,""confirmedFluxFactor"":1.796824,""confirmedMinFlux"":0.014843,""confirmedMinBandRatio"":0.042885,""confirmedSpectralNoveltyMinBins"":29,""cooldownOverrideFactor"":3.60175,""cooldownOverrideMinFlux"":0.02129,""cooldownOverrideMinBandRatio"":0.066675,""analyzeIntervalMs"":49}"
1362,r001-0038-6bf5e445,1,-891,2,2,40,1,10,173,"{""relativeReattackFactor"":2.679547,""relativeReattackMinDelta"":0.017868,""relativeFluxFactor"":1.760439,""spectralNoveltyRatio"":5.619488,""spectralNoveltyMinBins"":8,""cooldownFrames"":3,""confirmedRmsFactor"":1.678037,""confirmedRmsMinDelta"":0.010254,""confirmedFluxFactor"":2.290922,""confirmedMinFlux"":0.018782,""confirmedMinBandRatio"":0.010268,""confirmedSpectralNoveltyMinBins"":17,""cooldownOverrideFactor"":4.281215,""cooldownOverrideMinFlux"":0.006146,""cooldownOverrideMinBandRatio"":0.088075,""analyzeIntervalMs"":28}"
1363,r001-0046-b6702dcf,1,-914,1,12,23,10,2,141,"{""relativeReattackFactor"":2.097103,""relativeReattackMinDelta"":0.020589,""relativeFluxFactor"":2.143844,""spectralNoveltyRatio"":4.931184,""spectralNoveltyMinBins"":47,""cooldownFrames"":3,""confirmedRmsFactor"":1.870054,""confirmedRmsMinDelta"":0.008108,""confirmedFluxFactor"":2.146479,""confirmedMinFlux"":0.011215,""confirmedMinBandRatio"":0.049637,""confirmedSpectralNoveltyMinBins"":27,""cooldownOverrideFactor"":2.678423,""cooldownOverrideMinFlux"":0.008458,""cooldownOverrideMinBandRatio"":0.054425,""analyzeIntervalMs"":47}"
1364,r018-0038-d93505d2,18,-914,2,15,8,13,0,121,"{""relativeReattackFactor"":3.478216,""relativeReattackMinDelta"":0.006434,""relativeFluxFactor"":2.030681,""spectralNoveltyRatio"":4.764441,""spectralNoveltyMinBins"":33,""cooldownFrames"":3,""confirmedRmsFactor"":1.578088,""confirmedRmsMinDelta"":0.008226,""confirmedFluxFactor"":2.048582,""confirmedMinFlux"":0.00378,""confirmedMinBandRatio"":0.011762,""confirmedSpectralNoveltyMinBins"":10,""cooldownOverrideFactor"":2.097917,""cooldownOverrideMinFlux"":0.024652,""cooldownOverrideMinBandRatio"":0.078149,""analyzeIntervalMs"":44}"
1365,r005-0002-510c437a,5,-917,2,3,34,2,9,164,"{""relativeReattackFactor"":2.824696,""relativeReattackMinDelta"":0.004559,""relativeFluxFactor"":1.4,""spectralNoveltyRatio"":3.351228,""spectralNoveltyMinBins"":13,""cooldownFrames"":3,""confirmedRmsFactor"":1.820189,""confirmedRmsMinDelta"":0.00912,""confirmedFluxFactor"":2.061593,""confirmedMinFlux"":0.005525,""confirmedMinBandRatio"":0.02073,""confirmedSpectralNoveltyMinBins"":7,""cooldownOverrideFactor"":2.050176,""cooldownOverrideMinFlux"":0.024647,""cooldownOverrideMinBandRatio"":0.09,""analyzeIntervalMs"":39}"
1366,r005-0045-1857e2ad,5,-921,2,4,39,3,9,169,"{""relativeReattackFactor"":2.598384,""relativeReattackMinDelta"":0.004,""relativeFluxFactor"":1.479855,""spectralNoveltyRatio"":4.623349,""spectralNoveltyMinBins"":12,""cooldownFrames"":3,""confirmedRmsFactor"":1.893731,""confirmedRmsMinDelta"":0.006287,""confirmedFluxFactor"":1.866351,""confirmedMinFlux"":0.005007,""confirmedMinBandRatio"":0.006,""confirmedSpectralNoveltyMinBins"":8,""cooldownOverrideFactor"":1.906148,""cooldownOverrideMinFlux"":0.02307,""cooldownOverrideMinBandRatio"":0.079111,""analyzeIntervalMs"":38}"
1367,r001-0051-bf5c9fbf,1,-921,2,14,9,12,0,122,"{""relativeReattackFactor"":3.792762,""relativeReattackMinDelta"":0.01172,""relativeFluxFactor"":2.927209,""spectralNoveltyRatio"":3.951789,""spectralNoveltyMinBins"":36,""cooldownFrames"":3,""confirmedRmsFactor"":1.626835,""confirmedRmsMinDelta"":0.011684,""confirmedFluxFactor"":1.94466,""confirmedMinFlux"":0.008356,""confirmedMinBandRatio"":0.019243,""confirmedSpectralNoveltyMinBins"":14,""cooldownOverrideFactor"":2.801025,""cooldownOverrideMinFlux"":0.027815,""cooldownOverrideMinBandRatio"":0.061151,""analyzeIntervalMs"":43}"
1368,r001-0031-80021788,1,-924,3,15,4,13,0,117,"{""relativeReattackFactor"":3.999038,""relativeReattackMinDelta"":0.020772,""relativeFluxFactor"":3.239739,""spectralNoveltyRatio"":2.094892,""spectralNoveltyMinBins"":57,""cooldownFrames"":2,""confirmedRmsFactor"":1.256561,""confirmedRmsMinDelta"":0.008326,""confirmedFluxFactor"":1.360189,""confirmedMinFlux"":0.013141,""confirmedMinBandRatio"":0.017623,""confirmedSpectralNoveltyMinBins"":5,""cooldownOverrideFactor"":4.002525,""cooldownOverrideMinFlux"":0.028159,""cooldownOverrideMinBandRatio"":0.02625,""analyzeIntervalMs"":40}"
1369,r002-0006-4abf046f,2,-925,2,4,29,3,6,158,"{""relativeReattackFactor"":2.739495,""relativeReattackMinDelta"":0.010749,""relativeFluxFactor"":1.4,""spectralNoveltyRatio"":1.5,""spectralNoveltyMinBins"":6,""cooldownFrames"":4,""confirmedRmsFactor"":1.183299,""confirmedRmsMinDelta"":0.007169,""confirmedFluxFactor"":1.849703,""confirmedMinFlux"":0.007999,""confirmedMinBandRatio"":0.036459,""confirmedSpectralNoveltyMinBins"":17,""cooldownOverrideFactor"":5,""cooldownOverrideMinFlux"":0.006065,""cooldownOverrideMinBandRatio"":0.09,""analyzeIntervalMs"":48}"
1370,r017-0022-6d8ae41e,17,-934,1,7,23,5,4,148,"{""relativeReattackFactor"":3.411537,""relativeReattackMinDelta"":0.004,""relativeFluxFactor"":1.994353,""spectralNoveltyRatio"":2.647269,""spectralNoveltyMinBins"":12,""cooldownFrames"":3,""confirmedRmsFactor"":1.355287,""confirmedRmsMinDelta"":0.008974,""confirmedFluxFactor"":2.089731,""confirmedMinFlux"":0.005819,""confirmedMinBandRatio"":0.027859,""confirmedSpectralNoveltyMinBins"":17,""cooldownOverrideFactor"":3.006766,""cooldownOverrideMinFlux"":0.03,""cooldownOverrideMinBandRatio"":0.076559,""analyzeIntervalMs"":48}"
1371,r001-0054-92f7e477,1,-934,3,12,13,10,2,130,"{""relativeReattackFactor"":3.067795,""relativeReattackMinDelta"":0.01567,""relativeFluxFactor"":2.678326,""spectralNoveltyRatio"":4.132364,""spectralNoveltyMinBins"":40,""cooldownFrames"":3,""confirmedRmsFactor"":1.595913,""confirmedRmsMinDelta"":0.005144,""confirmedFluxFactor"":1.49137,""confirmedMinFlux"":0.019005,""confirmedMinBandRatio"":0.027447,""confirmedSpectralNoveltyMinBins"":6,""cooldownOverrideFactor"":2.233238,""cooldownOverrideMinFlux"":0.01888,""cooldownOverrideMinBandRatio"":0.078403,""analyzeIntervalMs"":33}"
1372,r017-0040-ef92a4a2,17,-940,1,7,24,5,4,149,"{""relativeReattackFactor"":3.390614,""relativeReattackMinDelta"":0.004,""relativeFluxFactor"":1.902108,""spectralNoveltyRatio"":3.972609,""spectralNoveltyMinBins"":11,""cooldownFrames"":2,""confirmedRmsFactor"":1.762345,""confirmedRmsMinDelta"":0.004536,""confirmedFluxFactor"":2.4,""confirmedMinFlux"":0.006391,""confirmedMinBandRatio"":0.020254,""confirmedSpectralNoveltyMinBins"":2,""cooldownOverrideFactor"":1.8,""cooldownOverrideMinFlux"":0.028547,""cooldownOverrideMinBandRatio"":0.082543,""analyzeIntervalMs"":48}"
1373,r017-0008-3b25afa5,17,-950,0,14,16,11,0,131,"{""relativeReattackFactor"":2.820091,""relativeReattackMinDelta"":0.011995,""relativeFluxFactor"":2.094012,""spectralNoveltyRatio"":5.071326,""spectralNoveltyMinBins"":45,""cooldownFrames"":2,""confirmedRmsFactor"":1.760344,""confirmedRmsMinDelta"":0.009805,""confirmedFluxFactor"":2.4,""confirmedMinFlux"":0.004187,""confirmedMinBandRatio"":0.014664,""confirmedSpectralNoveltyMinBins"":18,""cooldownOverrideFactor"":1.8,""cooldownOverrideMinFlux"":0.03,""cooldownOverrideMinBandRatio"":0.063055,""analyzeIntervalMs"":47}"
1374,r002-0059-ec2a28d9,2,-957,3,0,39,0,12,177,"{""relativeReattackFactor"":3.105806,""relativeReattackMinDelta"":0.017626,""relativeFluxFactor"":1.4,""spectralNoveltyRatio"":4.103471,""spectralNoveltyMinBins"":8,""cooldownFrames"":3,""confirmedRmsFactor"":1.297704,""confirmedRmsMinDelta"":0.012,""confirmedFluxFactor"":1.425499,""confirmedMinFlux"":0.004085,""confirmedMinBandRatio"":0.05,""confirmedSpectralNoveltyMinBins"":2,""cooldownOverrideFactor"":3.151431,""cooldownOverrideMinFlux"":0.015232,""cooldownOverrideMinBandRatio"":0.056161,""analyzeIntervalMs"":30}"
1375,r001-0029-dda828b3,1,-961,3,14,13,12,1,128,"{""relativeReattackFactor"":3.002691,""relativeReattackMinDelta"":0.007035,""relativeFluxFactor"":4.428715,""spectralNoveltyRatio"":1.725258,""spectralNoveltyMinBins"":45,""cooldownFrames"":3,""confirmedRmsFactor"":1.568826,""confirmedRmsMinDelta"":0.011743,""confirmedFluxFactor"":2.292812,""confirmedMinFlux"":0.014531,""confirmedMinBandRatio"":0.020391,""confirmedSpectralNoveltyMinBins"":30,""cooldownOverrideFactor"":4.728861,""cooldownOverrideMinFlux"":0.008695,""cooldownOverrideMinBandRatio"":0.06248,""analyzeIntervalMs"":28}"
1376,r001-0022-d32dd070,1,-987,2,15,12,13,0,127,"{""relativeReattackFactor"":3.157981,""relativeReattackMinDelta"":0.012676,""relativeFluxFactor"":2.342102,""spectralNoveltyRatio"":5.703651,""spectralNoveltyMinBins"":43,""cooldownFrames"":2,""confirmedRmsFactor"":1.340057,""confirmedRmsMinDelta"":0.002568,""confirmedFluxFactor"":1.966976,""confirmedMinFlux"":0.016584,""confirmedMinBandRatio"":0.030939,""confirmedSpectralNoveltyMinBins"":9,""cooldownOverrideFactor"":4.167898,""cooldownOverrideMinFlux"":0.016407,""cooldownOverrideMinBandRatio"":0.052286,""analyzeIntervalMs"":37}"
1377,r001-0063-66571dcb,1,-991,1,13,19,11,0,138,"{""relativeReattackFactor"":2.782138,""relativeReattackMinDelta"":0.013615,""relativeFluxFactor"":4.311393,""spectralNoveltyRatio"":4.383899,""spectralNoveltyMinBins"":14,""cooldownFrames"":3,""confirmedRmsFactor"":2.069344,""confirmedRmsMinDelta"":0.002638,""confirmedFluxFactor"":1.646136,""confirmedMinFlux"":0.007814,""confirmedMinBandRatio"":0.045526,""confirmedSpectralNoveltyMinBins"":12,""cooldownOverrideFactor"":2.729883,""cooldownOverrideMinFlux"":0.019106,""cooldownOverrideMinBandRatio"":0.040187,""analyzeIntervalMs"":50}"
1378,r002-0080-991871cd,2,-994,1,8,30,6,4,155,"{""relativeReattackFactor"":2.283808,""relativeReattackMinDelta"":0.004,""relativeFluxFactor"":2.741178,""spectralNoveltyRatio"":2.854008,""spectralNoveltyMinBins"":33,""cooldownFrames"":4,""confirmedRmsFactor"":2.096946,""confirmedRmsMinDelta"":0.003473,""confirmedFluxFactor"":1.046187,""confirmedMinFlux"":0.005455,""confirmedMinBandRatio"":0.05,""confirmedSpectralNoveltyMinBins"":11,""cooldownOverrideFactor"":4.865611,""cooldownOverrideMinFlux"":0.005815,""cooldownOverrideMinBandRatio"":0.043589,""analyzeIntervalMs"":31}"
1379,r017-0080-611ebbbc,17,-1002,2,10,18,8,3,140,"{""relativeReattackFactor"":3.797379,""relativeReattackMinDelta"":0.004,""relativeFluxFactor"":2.308914,""spectralNoveltyRatio"":4.615608,""spectralNoveltyMinBins"":8,""cooldownFrames"":3,""confirmedRmsFactor"":1.491387,""confirmedRmsMinDelta"":0.005973,""confirmedFluxFactor"":2.4,""confirmedMinFlux"":0.007223,""confirmedMinBandRatio"":0.015569,""confirmedSpectralNoveltyMinBins"":12,""cooldownOverrideFactor"":1.8,""cooldownOverrideMinFlux"":0.024814,""cooldownOverrideMinBandRatio"":0.09,""analyzeIntervalMs"":48}"
1380,r001-0064-896b349d,1,-1009,0,8,31,6,4,157,"{""relativeReattackFactor"":2.512007,""relativeReattackMinDelta"":0.02093,""relativeFluxFactor"":3.151777,""spectralNoveltyRatio"":3.572189,""spectralNoveltyMinBins"":23,""cooldownFrames"":3,""confirmedRmsFactor"":1.676226,""confirmedRmsMinDelta"":0.005891,""confirmedFluxFactor"":1.53268,""confirmedMinFlux"":0.00761,""confirmedMinBandRatio"":0.008594,""confirmedSpectralNoveltyMinBins"":8,""cooldownOverrideFactor"":4.699383,""cooldownOverrideMinFlux"":0.014399,""cooldownOverrideMinBandRatio"":0.072715,""analyzeIntervalMs"":28}"
1381,r001-0021-eb9f9461,1,-1010,2,10,25,8,4,149,"{""relativeReattackFactor"":1.834016,""relativeReattackMinDelta"":0.021582,""relativeFluxFactor"":2.882713,""spectralNoveltyRatio"":3.322021,""spectralNoveltyMinBins"":54,""cooldownFrames"":3,""confirmedRmsFactor"":1.508565,""confirmedRmsMinDelta"":0.002164,""confirmedFluxFactor"":1.4408,""confirmedMinFlux"":0.003374,""confirmedMinBandRatio"":0.023673,""confirmedSpectralNoveltyMinBins"":32,""cooldownOverrideFactor"":3.065444,""cooldownOverrideMinFlux"":0.007309,""cooldownOverrideMinBandRatio"":0.087259,""analyzeIntervalMs"":43}"
1382,r001-0023-fe9ff8ec,1,-1011,1,10,24,8,3,146,"{""relativeReattackFactor"":2.329624,""relativeReattackMinDelta"":0.007567,""relativeFluxFactor"":3.363335,""spectralNoveltyRatio"":5.346097,""spectralNoveltyMinBins"":14,""cooldownFrames"":3,""confirmedRmsFactor"":1.775089,""confirmedRmsMinDelta"":0.002287,""confirmedFluxFactor"":1.495729,""confirmedMinFlux"":0.004141,""confirmedMinBandRatio"":0.016412,""confirmedSpectralNoveltyMinBins"":30,""cooldownOverrideFactor"":4.781619,""cooldownOverrideMinFlux"":0.012244,""cooldownOverrideMinBandRatio"":0.049311,""analyzeIntervalMs"":37}"
1383,r001-0013-6a63c492,1,-1014,1,12,22,10,2,142,"{""relativeReattackFactor"":2.122456,""relativeReattackMinDelta"":0.008073,""relativeFluxFactor"":2.572739,""spectralNoveltyRatio"":4.468771,""spectralNoveltyMinBins"":61,""cooldownFrames"":3,""confirmedRmsFactor"":1.392812,""confirmedRmsMinDelta"":0.005392,""confirmedFluxFactor"":2.156519,""confirmedMinFlux"":0.011229,""confirmedMinBandRatio"":0.044164,""confirmedSpectralNoveltyMinBins"":9,""cooldownOverrideFactor"":3.119561,""cooldownOverrideMinFlux"":0.022479,""cooldownOverrideMinBandRatio"":0.039631,""analyzeIntervalMs"":38}"
1384,r001-0002-98ba9e20,1,-1033,1,14,14,12,0,132,"{""relativeReattackFactor"":2.869564,""relativeReattackMinDelta"":0.023486,""relativeFluxFactor"":3.671531,""spectralNoveltyRatio"":1.88474,""spectralNoveltyMinBins"":18,""cooldownFrames"":2,""confirmedRmsFactor"":1.624627,""confirmedRmsMinDelta"":0.004904,""confirmedFluxFactor"":1.576559,""confirmedMinFlux"":0.015438,""confirmedMinBandRatio"":0.037973,""confirmedSpectralNoveltyMinBins"":8,""cooldownOverrideFactor"":2.191806,""cooldownOverrideMinFlux"":0.021525,""cooldownOverrideMinBandRatio"":0.032767,""analyzeIntervalMs"":44}"
1385,r001-0017-ab28e52c,1,-1044,1,3,45,2,14,178,"{""relativeReattackFactor"":2.116814,""relativeReattackMinDelta"":0.011571,""relativeFluxFactor"":1.734768,""spectralNoveltyRatio"":1.98133,""spectralNoveltyMinBins"":7,""cooldownFrames"":3,""confirmedRmsFactor"":1.793526,""confirmedRmsMinDelta"":0.0063,""confirmedFluxFactor"":1.410175,""confirmedMinFlux"":0.00778,""confirmedMinBandRatio"":0.017753,""confirmedSpectralNoveltyMinBins"":21,""cooldownOverrideFactor"":2.298139,""cooldownOverrideMinFlux"":0.025222,""cooldownOverrideMinBandRatio"":0.065636,""analyzeIntervalMs"":38}"
1386,r003-0005-51bc1f92,3,-1058,1,9,22,7,4,146,"{""relativeReattackFactor"":2.847252,""relativeReattackMinDelta"":0.017247,""relativeFluxFactor"":2.145525,""spectralNoveltyRatio"":2.555761,""spectralNoveltyMinBins"":19,""cooldownFrames"":4,""confirmedRmsFactor"":1.395187,""confirmedRmsMinDelta"":0.003541,""confirmedFluxFactor"":1.501881,""confirmedMinFlux"":0.014548,""confirmedMinBandRatio"":0.039991,""confirmedSpectralNoveltyMinBins"":28,""cooldownOverrideFactor"":4.272628,""cooldownOverrideMinFlux"":0.010382,""cooldownOverrideMinBandRatio"":0.072629,""analyzeIntervalMs"":43}"
1387,r005-0065-c4b4560c,5,-1080,2,5,34,4,8,163,"{""relativeReattackFactor"":2.85326,""relativeReattackMinDelta"":0.004771,""relativeFluxFactor"":1.560287,""spectralNoveltyRatio"":4.805413,""spectralNoveltyMinBins"":7,""cooldownFrames"":3,""confirmedRmsFactor"":1.779076,""confirmedRmsMinDelta"":0.006769,""confirmedFluxFactor"":1.807415,""confirmedMinFlux"":0.004411,""confirmedMinBandRatio"":0.006,""confirmedSpectralNoveltyMinBins"":2,""cooldownOverrideFactor"":1.8,""cooldownOverrideMinFlux"":0.019746,""cooldownOverrideMinBandRatio"":0.075716,""analyzeIntervalMs"":39}"
1388,r016-0046-30e66d27,16,-1118,2,1,36,0,12,170,"{""relativeReattackFactor"":2.633867,""relativeReattackMinDelta"":0.005054,""relativeFluxFactor"":1.4,""spectralNoveltyRatio"":3.869609,""spectralNoveltyMinBins"":13,""cooldownFrames"":2,""confirmedRmsFactor"":1.251414,""confirmedRmsMinDelta"":0.006358,""confirmedFluxFactor"":2.4,""confirmedMinFlux"":0.003,""confirmedMinBandRatio"":0.015408,""confirmedSpectralNoveltyMinBins"":22,""cooldownOverrideFactor"":2.470171,""cooldownOverrideMinFlux"":0.021883,""cooldownOverrideMinBandRatio"":0.058732,""analyzeIntervalMs"":33}"
1389,r001-0052-7023b648,1,-1124,2,16,8,14,0,121,"{""relativeReattackFactor"":2.565419,""relativeReattackMinDelta"":0.01244,""relativeFluxFactor"":4.349772,""spectralNoveltyRatio"":3.676486,""spectralNoveltyMinBins"":61,""cooldownFrames"":3,""confirmedRmsFactor"":2.058579,""confirmedRmsMinDelta"":0.003551,""confirmedFluxFactor"":2.326786,""confirmedMinFlux"":0.01123,""confirmedMinBandRatio"":0.012884,""confirmedSpectralNoveltyMinBins"":12,""cooldownOverrideFactor"":4.190979,""cooldownOverrideMinFlux"":0.028141,""cooldownOverrideMinBandRatio"":0.045226,""analyzeIntervalMs"":46}"
1390,r003-0038-8f593db4,3,-1125,2,3,35,2,9,165,"{""relativeReattackFactor"":2.902167,""relativeReattackMinDelta"":0.009311,""relativeFluxFactor"":1.482893,""spectralNoveltyRatio"":3.608223,""spectralNoveltyMinBins"":6,""cooldownFrames"":3,""confirmedRmsFactor"":1.789514,""confirmedRmsMinDelta"":0.007568,""confirmedFluxFactor"":1.951093,""confirmedMinFlux"":0.007269,""confirmedMinBandRatio"":0.008348,""confirmedSpectralNoveltyMinBins"":2,""cooldownOverrideFactor"":1.986204,""cooldownOverrideMinFlux"":0.02034,""cooldownOverrideMinBandRatio"":0.09,""analyzeIntervalMs"":43}"
1391,r001-0059-711ba698,1,-1132,1,16,15,14,0,131,"{""relativeReattackFactor"":2.114674,""relativeReattackMinDelta"":0.020752,""relativeFluxFactor"":4.157785,""spectralNoveltyRatio"":4.081748,""spectralNoveltyMinBins"":58,""cooldownFrames"":3,""confirmedRmsFactor"":1.712334,""confirmedRmsMinDelta"":0.004747,""confirmedFluxFactor"":1.963345,""confirmedMinFlux"":0.00401,""confirmedMinBandRatio"":0.041964,""confirmedSpectralNoveltyMinBins"":31,""cooldownOverrideFactor"":2.564632,""cooldownOverrideMinFlux"":0.022185,""cooldownOverrideMinBandRatio"":0.084258,""analyzeIntervalMs"":44}"
1392,r002-0001-1bb93f09,2,-1137,2,4,32,3,8,161,"{""relativeReattackFactor"":2.055544,""relativeReattackMinDelta"":0.009725,""relativeFluxFactor"":1.4,""spectralNoveltyRatio"":2.435017,""spectralNoveltyMinBins"":6,""cooldownFrames"":4,""confirmedRmsFactor"":1.156398,""confirmedRmsMinDelta"":0.004126,""confirmedFluxFactor"":1.511976,""confirmedMinFlux"":0.011772,""confirmedMinBandRatio"":0.018626,""confirmedSpectralNoveltyMinBins"":15,""cooldownOverrideFactor"":4.977002,""cooldownOverrideMinFlux"":0.008049,""cooldownOverrideMinBandRatio"":0.09,""analyzeIntervalMs"":48}"
1393,r001-0066-d3314bae,1,-1138,1,14,16,12,1,132,"{""relativeReattackFactor"":3.36556,""relativeReattackMinDelta"":0.012522,""relativeFluxFactor"":3.993967,""spectralNoveltyRatio"":1.611147,""spectralNoveltyMinBins"":17,""cooldownFrames"":3,""confirmedRmsFactor"":2.084823,""confirmedRmsMinDelta"":0.005916,""confirmedFluxFactor"":1.01467,""confirmedMinFlux"":0.012386,""confirmedMinBandRatio"":0.01046,""confirmedSpectralNoveltyMinBins"":4,""cooldownOverrideFactor"":2.162452,""cooldownOverrideMinFlux"":0.020429,""cooldownOverrideMinBandRatio"":0.037919,""analyzeIntervalMs"":48}"
1394,r003-0058-9ee3e06a,3,-1139,2,2,39,1,13,173,"{""relativeReattackFactor"":2.65678,""relativeReattackMinDelta"":0.006284,""relativeFluxFactor"":1.4,""spectralNoveltyRatio"":3.975986,""spectralNoveltyMinBins"":6,""cooldownFrames"":3,""confirmedRmsFactor"":1.693868,""confirmedRmsMinDelta"":0.009597,""confirmedFluxFactor"":2.112831,""confirmedMinFlux"":0.007436,""confirmedMinBandRatio"":0.018423,""confirmedSpectralNoveltyMinBins"":6,""cooldownOverrideFactor"":2.066588,""cooldownOverrideMinFlux"":0.017907,""cooldownOverrideMinBandRatio"":0.09,""analyzeIntervalMs"":37}"
1395,r001-0040-1e4262ec,1,-1158,0,16,10,13,0,123,"{""relativeReattackFactor"":3.172368,""relativeReattackMinDelta"":0.010419,""relativeFluxFactor"":3.86475,""spectralNoveltyRatio"":3.87021,""spectralNoveltyMinBins"":45,""cooldownFrames"":2,""confirmedRmsFactor"":1.897275,""confirmedRmsMinDelta"":0.004057,""confirmedFluxFactor"":1.003831,""confirmedMinFlux"":0.004008,""confirmedMinBandRatio"":0.019071,""confirmedSpectralNoveltyMinBins"":22,""cooldownOverrideFactor"":2.040916,""cooldownOverrideMinFlux"":0.004633,""cooldownOverrideMinBandRatio"":0.071782,""analyzeIntervalMs"":46}"
1396,r001-0072-48d6ffa7,1,-1171,3,19,5,16,0,112,"{""relativeReattackFactor"":3.529683,""relativeReattackMinDelta"":0.019505,""relativeFluxFactor"":3.737696,""spectralNoveltyRatio"":5.657689,""spectralNoveltyMinBins"":60,""cooldownFrames"":3,""confirmedRmsFactor"":2.198479,""confirmedRmsMinDelta"":0.007479,""confirmedFluxFactor"":2.224165,""confirmedMinFlux"":0.019579,""confirmedMinBandRatio"":0.027612,""confirmedSpectralNoveltyMinBins"":26,""cooldownOverrideFactor"":2.486866,""cooldownOverrideMinFlux"":0.013549,""cooldownOverrideMinBandRatio"":0.072719,""analyzeIntervalMs"":47}"
1397,r001-0042-6e63e96e,1,-1186,1,13,29,11,3,146,"{""relativeReattackFactor"":1.805482,""relativeReattackMinDelta"":0.020735,""relativeFluxFactor"":4.234524,""spectralNoveltyRatio"":5.402074,""spectralNoveltyMinBins"":51,""cooldownFrames"":3,""confirmedRmsFactor"":1.809315,""confirmedRmsMinDelta"":0.009221,""confirmedFluxFactor"":2.275337,""confirmedMinFlux"":0.017538,""confirmedMinBandRatio"":0.046457,""confirmedSpectralNoveltyMinBins"":17,""cooldownOverrideFactor"":3.420227,""cooldownOverrideMinFlux"":0.022389,""cooldownOverrideMinBandRatio"":0.041251,""analyzeIntervalMs"":47}"
1398,r005-0060-4e2064e9,5,-1194,2,2,40,1,13,173,"{""relativeReattackFactor"":2.489942,""relativeReattackMinDelta"":0.004,""relativeFluxFactor"":1.4,""spectralNoveltyRatio"":4.888844,""spectralNoveltyMinBins"":7,""cooldownFrames"":3,""confirmedRmsFactor"":1.81662,""confirmedRmsMinDelta"":0.006905,""confirmedFluxFactor"":1.74654,""confirmedMinFlux"":0.006566,""confirmedMinBandRatio"":0.011532,""confirmedSpectralNoveltyMinBins"":7,""cooldownOverrideFactor"":2.152003,""cooldownOverrideMinFlux"":0.019255,""cooldownOverrideMinBandRatio"":0.076029,""analyzeIntervalMs"":39}"
1399,r001-0015-7959969d,1,-1200,3,19,10,16,1,119,"{""relativeReattackFactor"":3.22755,""relativeReattackMinDelta"":0.004997,""relativeFluxFactor"":3.557926,""spectralNoveltyRatio"":4.426061,""spectralNoveltyMinBins"":58,""cooldownFrames"":3,""confirmedRmsFactor"":1.533258,""confirmedRmsMinDelta"":0.011435,""confirmedFluxFactor"":1.306361,""confirmedMinFlux"":0.015653,""confirmedMinBandRatio"":0.034486,""confirmedSpectralNoveltyMinBins"":14,""cooldownOverrideFactor"":3.371038,""cooldownOverrideMinFlux"":0.025375,""cooldownOverrideMinBandRatio"":0.023502,""analyzeIntervalMs"":28}"
1400,r001-0067-c9497be6,1,-1206,1,16,14,13,2,125,"{""relativeReattackFactor"":3.407645,""relativeReattackMinDelta"":0.006969,""relativeFluxFactor"":3.163118,""spectralNoveltyRatio"":5.975986,""spectralNoveltyMinBins"":47,""cooldownFrames"":3,""confirmedRmsFactor"":2.177988,""confirmedRmsMinDelta"":0.011287,""confirmedFluxFactor"":1.697423,""confirmedMinFlux"":0.013876,""confirmedMinBandRatio"":0.018548,""confirmedSpectralNoveltyMinBins"":17,""cooldownOverrideFactor"":3.80195,""cooldownOverrideMinFlux"":0.005395,""cooldownOverrideMinBandRatio"":0.046723,""analyzeIntervalMs"":32}"
1401,r001-0024-9904fa29,1,-1227,1,15,23,13,1,141,"{""relativeReattackFactor"":2.01776,""relativeReattackMinDelta"":0.007949,""relativeFluxFactor"":2.632452,""spectralNoveltyRatio"":2.906836,""spectralNoveltyMinBins"":47,""cooldownFrames"":2,""confirmedRmsFactor"":1.767621,""confirmedRmsMinDelta"":0.005418,""confirmedFluxFactor"":1.847172,""confirmedMinFlux"":0.010586,""confirmedMinBandRatio"":0.043984,""confirmedSpectralNoveltyMinBins"":2,""cooldownOverrideFactor"":3.56812,""cooldownOverrideMinFlux"":0.021303,""cooldownOverrideMinBandRatio"":0.026219,""analyzeIntervalMs"":48}"
1402,r002-0003-aa874e12,2,-1248,1,9,28,7,7,152,"{""relativeReattackFactor"":2.761294,""relativeReattackMinDelta"":0.016338,""relativeFluxFactor"":2.48729,""spectralNoveltyRatio"":5.884193,""spectralNoveltyMinBins"":21,""cooldownFrames"":3,""confirmedRmsFactor"":2.122588,""confirmedRmsMinDelta"":0.008089,""confirmedFluxFactor"":1,""confirmedMinFlux"":0.011465,""confirmedMinBandRatio"":0.041815,""confirmedSpectralNoveltyMinBins"":32,""cooldownOverrideFactor"":4.709121,""cooldownOverrideMinFlux"":0.01193,""cooldownOverrideMinBandRatio"":0.02,""analyzeIntervalMs"":27}"
1403,r001-0039-f9105dc7,1,-1256,2,16,15,14,1,127,"{""relativeReattackFactor"":2.923536,""relativeReattackMinDelta"":0.015502,""relativeFluxFactor"":4.903913,""spectralNoveltyRatio"":5.815047,""spectralNoveltyMinBins"":46,""cooldownFrames"":2,""confirmedRmsFactor"":1.842127,""confirmedRmsMinDelta"":0.002285,""confirmedFluxFactor"":1.255095,""confirmedMinFlux"":0.004321,""confirmedMinBandRatio"":0.014671,""confirmedSpectralNoveltyMinBins"":12,""cooldownOverrideFactor"":2.942238,""cooldownOverrideMinFlux"":0.016791,""cooldownOverrideMinBandRatio"":0.062702,""analyzeIntervalMs"":30}"
1404,r001-0047-792baf97,1,-1260,2,20,3,17,0,112,"{""relativeReattackFactor"":3.545326,""relativeReattackMinDelta"":0.016982,""relativeFluxFactor"":3.370032,""spectralNoveltyRatio"":3.897049,""spectralNoveltyMinBins"":59,""cooldownFrames"":2,""confirmedRmsFactor"":2.062624,""confirmedRmsMinDelta"":0.003245,""confirmedFluxFactor"":2.354056,""confirmedMinFlux"":0.016595,""confirmedMinBandRatio"":0.048651,""confirmedSpectralNoveltyMinBins"":32,""cooldownOverrideFactor"":4.582063,""cooldownOverrideMinFlux"":0.008292,""cooldownOverrideMinBandRatio"":0.048042,""analyzeIntervalMs"":44}"
1405,r001-0018-5ad9d133,1,-1276,1,7,40,5,10,167,"{""relativeReattackFactor"":1.513274,""relativeReattackMinDelta"":0.013237,""relativeFluxFactor"":3.599087,""spectralNoveltyRatio"":5.541464,""spectralNoveltyMinBins"":24,""cooldownFrames"":4,""confirmedRmsFactor"":1.618352,""confirmedRmsMinDelta"":0.006819,""confirmedFluxFactor"":1.209981,""confirmedMinFlux"":0.011555,""confirmedMinBandRatio"":0.043601,""confirmedSpectralNoveltyMinBins"":16,""cooldownOverrideFactor"":2.581679,""cooldownOverrideMinFlux"":0.019371,""cooldownOverrideMinBandRatio"":0.05435,""analyzeIntervalMs"":46}"
1406,r001-0043-a7fc7d96,1,-1294,2,18,12,16,0,122,"{""relativeReattackFactor"":3.135332,""relativeReattackMinDelta"":0.008729,""relativeFluxFactor"":3.928553,""spectralNoveltyRatio"":5.743149,""spectralNoveltyMinBins"":53,""cooldownFrames"":3,""confirmedRmsFactor"":1.666625,""confirmedRmsMinDelta"":0.007354,""confirmedFluxFactor"":2.060183,""confirmedMinFlux"":0.011052,""confirmedMinBandRatio"":0.029277,""confirmedSpectralNoveltyMinBins"":28,""cooldownOverrideFactor"":3.391898,""cooldownOverrideMinFlux"":0.021985,""cooldownOverrideMinBandRatio"":0.020953,""analyzeIntervalMs"":30}"
1407,r001-0048-53f4c2fa,1,-1322,1,9,35,7,8,158,"{""relativeReattackFactor"":2.158118,""relativeReattackMinDelta"":0.020411,""relativeFluxFactor"":3.393965,""spectralNoveltyRatio"":2.759489,""spectralNoveltyMinBins"":26,""cooldownFrames"":3,""confirmedRmsFactor"":1.581013,""confirmedRmsMinDelta"":0.00736,""confirmedFluxFactor"":1.994051,""confirmedMinFlux"":0.018485,""confirmedMinBandRatio"":0.033166,""confirmedSpectralNoveltyMinBins"":32,""cooldownOverrideFactor"":4.204823,""cooldownOverrideMinFlux"":0.014938,""cooldownOverrideMinBandRatio"":0.046715,""analyzeIntervalMs"":33}"
1408,r001-0035-39d718f4,1,-1323,3,21,4,18,0,112,"{""relativeReattackFactor"":2.77073,""relativeReattackMinDelta"":0.015136,""relativeFluxFactor"":4.756402,""spectralNoveltyRatio"":5.257724,""spectralNoveltyMinBins"":60,""cooldownFrames"":3,""confirmedRmsFactor"":1.190369,""confirmedRmsMinDelta"":0.010404,""confirmedFluxFactor"":1.419377,""confirmedMinFlux"":0.016383,""confirmedMinBandRatio"":0.009997,""confirmedSpectralNoveltyMinBins"":31,""cooldownOverrideFactor"":3.168402,""cooldownOverrideMinFlux"":0.026288,""cooldownOverrideMinBandRatio"":0.021229,""analyzeIntervalMs"":48}"
1409,r016-0063-214760e9,16,-1333,2,3,38,2,13,170,"{""relativeReattackFactor"":3.639348,""relativeReattackMinDelta"":0.009968,""relativeFluxFactor"":1.754799,""spectralNoveltyRatio"":2.851466,""spectralNoveltyMinBins"":9,""cooldownFrames"":3,""confirmedRmsFactor"":1.463217,""confirmedRmsMinDelta"":0.008356,""confirmedFluxFactor"":1.793886,""confirmedMinFlux"":0.003,""confirmedMinBandRatio"":0.020066,""confirmedSpectralNoveltyMinBins"":22,""cooldownOverrideFactor"":2.160806,""cooldownOverrideMinFlux"":0.03,""cooldownOverrideMinBandRatio"":0.09,""analyzeIntervalMs"":34}"
1410,r001-0041-ced962e1,1,-1393,2,16,22,14,3,140,"{""relativeReattackFactor"":2.124341,""relativeReattackMinDelta"":0.013031,""relativeFluxFactor"":3.663272,""spectralNoveltyRatio"":3.102974,""spectralNoveltyMinBins"":60,""cooldownFrames"":2,""confirmedRmsFactor"":1.197457,""confirmedRmsMinDelta"":0.008464,""confirmedFluxFactor"":1.576481,""confirmedMinFlux"":0.015738,""confirmedMinBandRatio"":0.047162,""confirmedSpectralNoveltyMinBins"":14,""cooldownOverrideFactor"":4.609227,""cooldownOverrideMinFlux"":0.019715,""cooldownOverrideMinBandRatio"":0.074104,""analyzeIntervalMs"":43}"
1411,r001-0006-7562f8de,1,-1397,1,14,25,12,4,140,"{""relativeReattackFactor"":2.215532,""relativeReattackMinDelta"":0.01231,""relativeFluxFactor"":4.199114,""spectralNoveltyRatio"":5.259039,""spectralNoveltyMinBins"":62,""cooldownFrames"":3,""confirmedRmsFactor"":1.761712,""confirmedRmsMinDelta"":0.006853,""confirmedFluxFactor"":1.484282,""confirmedMinFlux"":0.003256,""confirmedMinBandRatio"":0.022558,""confirmedSpectralNoveltyMinBins"":21,""cooldownOverrideFactor"":4.681337,""cooldownOverrideMinFlux"":0.012801,""cooldownOverrideMinBandRatio"":0.063005,""analyzeIntervalMs"":30}"
1412,r001-0065-4b4256aa,1,-1397,1,14,25,12,4,141,"{""relativeReattackFactor"":2.220534,""relativeReattackMinDelta"":0.024156,""relativeFluxFactor"":2.182903,""spectralNoveltyRatio"":5.894475,""spectralNoveltyMinBins"":57,""cooldownFrames"":3,""confirmedRmsFactor"":1.166318,""confirmedRmsMinDelta"":0.007201,""confirmedFluxFactor"":1.491791,""confirmedMinFlux"":0.009796,""confirmedMinBandRatio"":0.045364,""confirmedSpectralNoveltyMinBins"":18,""cooldownOverrideFactor"":4.724974,""cooldownOverrideMinFlux"":0.008877,""cooldownOverrideMinBandRatio"":0.030472,""analyzeIntervalMs"":30}"
1413,r001-0026-8a0575f3,1,-1418,1,13,32,11,5,150,"{""relativeReattackFactor"":1.705372,""relativeReattackMinDelta"":0.017638,""relativeFluxFactor"":4.842997,""spectralNoveltyRatio"":1.868635,""spectralNoveltyMinBins"":41,""cooldownFrames"":3,""confirmedRmsFactor"":1.927598,""confirmedRmsMinDelta"":0.00999,""confirmedFluxFactor"":1.420821,""confirmedMinFlux"":0.0076,""confirmedMinBandRatio"":0.039618,""confirmedSpectralNoveltyMinBins"":26,""cooldownOverrideFactor"":3.154007,""cooldownOverrideMinFlux"":0.02894,""cooldownOverrideMinBandRatio"":0.064826,""analyzeIntervalMs"":48}"
1414,r001-0073-e1ba638c,1,-1473,0,8,39,6,9,165,"{""relativeReattackFactor"":1.501899,""relativeReattackMinDelta"":0.009533,""relativeFluxFactor"":1.704245,""spectralNoveltyRatio"":4.626853,""spectralNoveltyMinBins"":45,""cooldownFrames"":3,""confirmedRmsFactor"":1.746111,""confirmedRmsMinDelta"":0.004343,""confirmedFluxFactor"":1.039651,""confirmedMinFlux"":0.0042,""confirmedMinBandRatio"":0.015856,""confirmedSpectralNoveltyMinBins"":22,""cooldownOverrideFactor"":2.490031,""cooldownOverrideMinFlux"":0.022343,""cooldownOverrideMinBandRatio"":0.062516,""analyzeIntervalMs"":48}"
1415,r002-0019-735eaab7,2,-1484,1,13,31,11,6,148,"{""relativeReattackFactor"":2.80572,""relativeReattackMinDelta"":0.01292,""relativeFluxFactor"":2.617747,""spectralNoveltyRatio"":6,""spectralNoveltyMinBins"":25,""cooldownFrames"":4,""confirmedRmsFactor"":1.25393,""confirmedRmsMinDelta"":0.012,""confirmedFluxFactor"":2.010564,""confirmedMinFlux"":0.004958,""confirmedMinBandRatio"":0.033915,""confirmedSpectralNoveltyMinBins"":13,""cooldownOverrideFactor"":2.536105,""cooldownOverrideMinFlux"":0.012998,""cooldownOverrideMinBandRatio"":0.051498,""analyzeIntervalMs"":25}"
1416,r002-0069-343a9312,2,-1516,1,8,37,6,10,161,"{""relativeReattackFactor"":4,""relativeReattackMinDelta"":0.011439,""relativeFluxFactor"":3.022804,""spectralNoveltyRatio"":6,""spectralNoveltyMinBins"":6,""cooldownFrames"":3,""confirmedRmsFactor"":1.833858,""confirmedRmsMinDelta"":0.00936,""confirmedFluxFactor"":1.772673,""confirmedMinFlux"":0.011964,""confirmedMinBandRatio"":0.05,""confirmedSpectralNoveltyMinBins"":2,""cooldownOverrideFactor"":3.238088,""cooldownOverrideMinFlux"":0.015987,""cooldownOverrideMinBandRatio"":0.02,""analyzeIntervalMs"":25}"
1417,r002-0063-a78028b0,2,-1528,1,14,31,12,6,149,"{""relativeReattackFactor"":2.311021,""relativeReattackMinDelta"":0.014437,""relativeFluxFactor"":2.619579,""spectralNoveltyRatio"":4.635127,""spectralNoveltyMinBins"":43,""cooldownFrames"":3,""confirmedRmsFactor"":2.106322,""confirmedRmsMinDelta"":0.006171,""confirmedFluxFactor"":1.538436,""confirmedMinFlux"":0.015365,""confirmedMinBandRatio"":0.031406,""confirmedSpectralNoveltyMinBins"":32,""cooldownOverrideFactor"":4.449193,""cooldownOverrideMinFlux"":0.004,""cooldownOverrideMinBandRatio"":0.02,""analyzeIntervalMs"":28}"
1418,r016-0001-61fcb252,16,-1536,2,6,35,5,10,161,"{""relativeReattackFactor"":3.429676,""relativeReattackMinDelta"":0.004,""relativeFluxFactor"":2.641412,""spectralNoveltyRatio"":2.925506,""spectralNoveltyMinBins"":7,""cooldownFrames"":3,""confirmedRmsFactor"":1.339182,""confirmedRmsMinDelta"":0.005834,""confirmedFluxFactor"":2.251944,""confirmedMinFlux"":0.003,""confirmedMinBandRatio"":0.006107,""confirmedSpectralNoveltyMinBins"":10,""cooldownOverrideFactor"":1.8,""cooldownOverrideMinFlux"":0.02155,""cooldownOverrideMinBandRatio"":0.077845,""analyzeIntervalMs"":34}"
1419,r001-0034-8b3dc698,1,-1538,2,13,25,11,7,143,"{""relativeReattackFactor"":2.52292,""relativeReattackMinDelta"":0.01383,""relativeFluxFactor"":4.495208,""spectralNoveltyRatio"":2.184604,""spectralNoveltyMinBins"":56,""cooldownFrames"":2,""confirmedRmsFactor"":1.337411,""confirmedRmsMinDelta"":0.006956,""confirmedFluxFactor"":1.811173,""confirmedMinFlux"":0.005972,""confirmedMinBandRatio"":0.048419,""confirmedSpectralNoveltyMinBins"":16,""cooldownOverrideFactor"":4.439618,""cooldownOverrideMinFlux"":0.006473,""cooldownOverrideMinBandRatio"":0.084917,""analyzeIntervalMs"":27}"
1420,r002-0045-18cb82b1,2,-1590,3,1,44,0,20,179,"{""relativeReattackFactor"":3.298915,""relativeReattackMinDelta"":0.004653,""relativeFluxFactor"":1.424534,""spectralNoveltyRatio"":2.653888,""spectralNoveltyMinBins"":6,""cooldownFrames"":4,""confirmedRmsFactor"":1.786596,""confirmedRmsMinDelta"":0.002,""confirmedFluxFactor"":1.727764,""confirmedMinFlux"":0.007398,""confirmedMinBandRatio"":0.035004,""confirmedSpectralNoveltyMinBins"":9,""cooldownOverrideFactor"":4.569808,""cooldownOverrideMinFlux"":0.008849,""cooldownOverrideMinBandRatio"":0.049754,""analyzeIntervalMs"":32}"
1421,r001-0058-4f1faf7b,1,-1626,1,7,44,6,12,171,"{""relativeReattackFactor"":2.157119,""relativeReattackMinDelta"":0.011622,""relativeFluxFactor"":4.534654,""spectralNoveltyRatio"":2.291481,""spectralNoveltyMinBins"":18,""cooldownFrames"":2,""confirmedRmsFactor"":1.534552,""confirmedRmsMinDelta"":0.008948,""confirmedFluxFactor"":2.304406,""confirmedMinFlux"":0.003534,""confirmedMinBandRatio"":0.008743,""confirmedSpectralNoveltyMinBins"":18,""cooldownOverrideFactor"":2.573997,""cooldownOverrideMinFlux"":0.017829,""cooldownOverrideMinBandRatio"":0.069744,""analyzeIntervalMs"":28}"
1422,r001-0068-3732fbcb,1,-1649,1,10,40,8,10,163,"{""relativeReattackFactor"":1.877872,""relativeReattackMinDelta"":0.017095,""relativeFluxFactor"":2.138842,""spectralNoveltyRatio"":5.955091,""spectralNoveltyMinBins"":60,""cooldownFrames"":3,""confirmedRmsFactor"":1.720658,""confirmedRmsMinDelta"":0.004446,""confirmedFluxFactor"":1.448031,""confirmedMinFlux"":0.006145,""confirmedMinBandRatio"":0.034398,""confirmedSpectralNoveltyMinBins"":22,""cooldownOverrideFactor"":3.651749,""cooldownOverrideMinFlux"":0.007596,""cooldownOverrideMinBandRatio"":0.059084,""analyzeIntervalMs"":34}"
1423,r001-0012-ce5b4aa2,1,-1685,1,9,41,7,13,166,"{""relativeReattackFactor"":2.200504,""relativeReattackMinDelta"":0.004372,""relativeFluxFactor"":3.13612,""spectralNoveltyRatio"":1.778273,""spectralNoveltyMinBins"":43,""cooldownFrames"":3,""confirmedRmsFactor"":2.187465,""confirmedRmsMinDelta"":0.005685,""confirmedFluxFactor"":1.77282,""confirmedMinFlux"":0.003392,""confirmedMinBandRatio"":0.044691,""confirmedSpectralNoveltyMinBins"":8,""cooldownOverrideFactor"":3.232879,""cooldownOverrideMinFlux"":0.013376,""cooldownOverrideMinBandRatio"":0.067321,""analyzeIntervalMs"":26}"
1424,r001-0069-c1c4c492,1,-1723,0,7,50,5,18,177,"{""relativeReattackFactor"":1.454702,""relativeReattackMinDelta"":0.005838,""relativeFluxFactor"":3.979301,""spectralNoveltyRatio"":4.774854,""spectralNoveltyMinBins"":49,""cooldownFrames"":2,""confirmedRmsFactor"":1.376395,""confirmedRmsMinDelta"":0.008623,""confirmedFluxFactor"":1.68977,""confirmedMinFlux"":0.019941,""confirmedMinBandRatio"":0.024138,""confirmedSpectralNoveltyMinBins"":27,""cooldownOverrideFactor"":3.067856,""cooldownOverrideMinFlux"":0.018777,""cooldownOverrideMinBandRatio"":0.023959,""analyzeIntervalMs"":44}"
1425,r002-0004-b6ab49cb,2,-1796,2,4,44,3,17,173,"{""relativeReattackFactor"":3.77513,""relativeReattackMinDelta"":0.009738,""relativeFluxFactor"":2.413319,""spectralNoveltyRatio"":6,""spectralNoveltyMinBins"":6,""cooldownFrames"":4,""confirmedRmsFactor"":1.788625,""confirmedRmsMinDelta"":0.011427,""confirmedFluxFactor"":2.101356,""confirmedMinFlux"":0.011478,""confirmedMinBandRatio"":0.044309,""confirmedSpectralNoveltyMinBins"":2,""cooldownOverrideFactor"":2.242322,""cooldownOverrideMinFlux"":0.01717,""cooldownOverrideMinBandRatio"":0.056214,""analyzeIntervalMs"":25}"
1426,r002-0079-dc281227,2,-1814,1,9,38,7,12,161,"{""relativeReattackFactor"":4,""relativeReattackMinDelta"":0.012285,""relativeFluxFactor"":3.53617,""spectralNoveltyRatio"":6,""spectralNoveltyMinBins"":6,""cooldownFrames"":4,""confirmedRmsFactor"":1.778382,""confirmedRmsMinDelta"":0.008865,""confirmedFluxFactor"":1.750395,""confirmedMinFlux"":0.004093,""confirmedMinBandRatio"":0.05,""confirmedSpectralNoveltyMinBins"":2,""cooldownOverrideFactor"":4.211639,""cooldownOverrideMinFlux"":0.01915,""cooldownOverrideMinBandRatio"":0.029426,""analyzeIntervalMs"":25}"
1427,r001-0027-31878abe,1,-1814,0,9,42,7,16,167,"{""relativeReattackFactor"":1.504444,""relativeReattackMinDelta"":0.024643,""relativeFluxFactor"":3.522397,""spectralNoveltyRatio"":1.557903,""spectralNoveltyMinBins"":32,""cooldownFrames"":4,""confirmedRmsFactor"":2.058564,""confirmedRmsMinDelta"":0.011237,""confirmedFluxFactor"":2.16154,""confirmedMinFlux"":0.015592,""confirmedMinBandRatio"":0.01166,""confirmedSpectralNoveltyMinBins"":29,""cooldownOverrideFactor"":3.904162,""cooldownOverrideMinFlux"":0.00766,""cooldownOverrideMinBandRatio"":0.034197,""analyzeIntervalMs"":43}"
1428,r002-0029-317b276f,2,-1889,2,5,44,4,17,172,"{""relativeReattackFactor"":4,""relativeReattackMinDelta"":0.011502,""relativeFluxFactor"":2.476538,""spectralNoveltyRatio"":5.970591,""spectralNoveltyMinBins"":6,""cooldownFrames"":4,""confirmedRmsFactor"":1.251343,""confirmedRmsMinDelta"":0.012,""confirmedFluxFactor"":1.652138,""confirmedMinFlux"":0.012563,""confirmedMinBandRatio"":0.05,""confirmedSpectralNoveltyMinBins"":5,""cooldownOverrideFactor"":2.779357,""cooldownOverrideMinFlux"":0.012892,""cooldownOverrideMinBandRatio"":0.026607,""analyzeIntervalMs"":25}"
1429,r001-0061-b73385d9,1,-1992,1,10,42,8,12,165,"{""relativeReattackFactor"":1.435876,""relativeReattackMinDelta"":0.017956,""relativeFluxFactor"":4.018489,""spectralNoveltyRatio"":4.110789,""spectralNoveltyMinBins"":9,""cooldownFrames"":4,""confirmedRmsFactor"":1.541829,""confirmedRmsMinDelta"":0.00223,""confirmedFluxFactor"":1.262728,""confirmedMinFlux"":0.00372,""confirmedMinBandRatio"":0.015782,""confirmedSpectralNoveltyMinBins"":10,""cooldownOverrideFactor"":2.300653,""cooldownOverrideMinFlux"":0.015923,""cooldownOverrideMinBandRatio"":0.070073,""analyzeIntervalMs"":50}"
1430,r001-0074-a0a7d3f1,1,-2054,2,5,51,4,21,182,"{""relativeReattackFactor"":1.682541,""relativeReattackMinDelta"":0.009986,""relativeFluxFactor"":2.768574,""spectralNoveltyRatio"":5.332702,""spectralNoveltyMinBins"":20,""cooldownFrames"":3,""confirmedRmsFactor"":1.449091,""confirmedRmsMinDelta"":0.005173,""confirmedFluxFactor"":1.888611,""confirmedMinFlux"":0.005531,""confirmedMinBandRatio"":0.024086,""confirmedSpectralNoveltyMinBins"":8,""cooldownOverrideFactor"":4.931911,""cooldownOverrideMinFlux"":0.006165,""cooldownOverrideMinBandRatio"":0.065953,""analyzeIntervalMs"":36}"
1431,r002-0009-1831e318,2,-2089,2,1,52,0,25,186,"{""relativeReattackFactor"":3.922345,""relativeReattackMinDelta"":0.010182,""relativeFluxFactor"":1.522985,""spectralNoveltyRatio"":4.227121,""spectralNoveltyMinBins"":6,""cooldownFrames"":4,""confirmedRmsFactor"":1.231163,""confirmedRmsMinDelta"":0.010001,""confirmedFluxFactor"":1.513468,""confirmedMinFlux"":0.012806,""confirmedMinBandRatio"":0.037063,""confirmedSpectralNoveltyMinBins"":2,""cooldownOverrideFactor"":3.664536,""cooldownOverrideMinFlux"":0.026854,""cooldownOverrideMinBandRatio"":0.02485,""analyzeIntervalMs"":25}"
1432,r001-0020-e083c276,1,-2240,3,0,57,0,27,194,"{""relativeReattackFactor"":1.998556,""relativeReattackMinDelta"":0.020837,""relativeFluxFactor"":1.543978,""spectralNoveltyRatio"":3.459473,""spectralNoveltyMinBins"":9,""cooldownFrames"":3,""confirmedRmsFactor"":1.651327,""confirmedRmsMinDelta"":0.005569,""confirmedFluxFactor"":2.189415,""confirmedMinFlux"":0.018291,""confirmedMinBandRatio"":0.039785,""confirmedSpectralNoveltyMinBins"":28,""cooldownOverrideFactor"":3.373694,""cooldownOverrideMinFlux"":0.013678,""cooldownOverrideMinBandRatio"":0.057014,""analyzeIntervalMs"":30}"
1433,r002-0074-cfed07f2,2,-2307,1,7,47,5,20,172,"{""relativeReattackFactor"":3.122302,""relativeReattackMinDelta"":0.008085,""relativeFluxFactor"":2.884177,""spectralNoveltyRatio"":4.780613,""spectralNoveltyMinBins"":6,""cooldownFrames"":3,""confirmedRmsFactor"":1.579002,""confirmedRmsMinDelta"":0.007396,""confirmedFluxFactor"":2.139866,""confirmedMinFlux"":0.004129,""confirmedMinBandRatio"":0.047883,""confirmedSpectralNoveltyMinBins"":11,""cooldownOverrideFactor"":2.212367,""cooldownOverrideMinFlux"":0.019775,""cooldownOverrideMinBandRatio"":0.02,""analyzeIntervalMs"":25}"
1434,r001-0028-01c12361,1,-2465,1,2,64,1,30,198,"{""relativeReattackFactor"":1.457248,""relativeReattackMinDelta"":0.008935,""relativeFluxFactor"":1.553131,""spectralNoveltyRatio"":4.219719,""spectralNoveltyMinBins"":29,""cooldownFrames"":2,""confirmedRmsFactor"":2.031078,""confirmedRmsMinDelta"":0.002155,""confirmedFluxFactor"":1.369211,""confirmedMinFlux"":0.003585,""confirmedMinBandRatio"":0.041093,""confirmedSpectralNoveltyMinBins"":5,""cooldownOverrideFactor"":3.621451,""cooldownOverrideMinFlux"":0.008627,""cooldownOverrideMinBandRatio"":0.034919,""analyzeIntervalMs"":45}"
1435,r001-0036-37284ac6,1,-2497,1,14,41,12,15,158,"{""relativeReattackFactor"":2.197302,""relativeReattackMinDelta"":0.008767,""relativeFluxFactor"":2.923881,""spectralNoveltyRatio"":5.436815,""spectralNoveltyMinBins"":61,""cooldownFrames"":2,""confirmedRmsFactor"":1.276961,""confirmedRmsMinDelta"":0.006478,""confirmedFluxFactor"":1.996923,""confirmedMinFlux"":0.006663,""confirmedMinBandRatio"":0.018133,""confirmedSpectralNoveltyMinBins"":10,""cooldownOverrideFactor"":1.807321,""cooldownOverrideMinFlux"":0.021299,""cooldownOverrideMinBandRatio"":0.043029,""analyzeIntervalMs"":25}"
1436,r002-0034-6a0d6eb5,2,-2535,2,3,54,2,27,185,"{""relativeReattackFactor"":3.402249,""relativeReattackMinDelta"":0.004272,""relativeFluxFactor"":2.274748,""spectralNoveltyRatio"":4.696673,""spectralNoveltyMinBins"":6,""cooldownFrames"":4,""confirmedRmsFactor"":1.510124,""confirmedRmsMinDelta"":0.009971,""confirmedFluxFactor"":1.54103,""confirmedMinFlux"":0.011795,""confirmedMinBandRatio"":0.03871,""confirmedSpectralNoveltyMinBins"":10,""cooldownOverrideFactor"":3.663597,""cooldownOverrideMinFlux"":0.019314,""cooldownOverrideMinBandRatio"":0.039273,""analyzeIntervalMs"":25}"
1437,r001-0045-059b5a93,1,-2883,1,6,61,5,30,189,"{""relativeReattackFactor"":1.434595,""relativeReattackMinDelta"":0.011689,""relativeFluxFactor"":4.477858,""spectralNoveltyRatio"":1.701394,""spectralNoveltyMinBins"":37,""cooldownFrames"":3,""confirmedRmsFactor"":1.718673,""confirmedRmsMinDelta"":0.003826,""confirmedFluxFactor"":1.738979,""confirmedMinFlux"":0.019154,""confirmedMinBandRatio"":0.015365,""confirmedSpectralNoveltyMinBins"":20,""cooldownOverrideFactor"":2.521623,""cooldownOverrideMinFlux"":0.007274,""cooldownOverrideMinBandRatio"":0.087167,""analyzeIntervalMs"":37}"
1438,r001-0080-f819f7a7,1,-2951,0,9,61,7,28,186,"{""relativeReattackFactor"":1.725277,""relativeReattackMinDelta"":0.023135,""relativeFluxFactor"":4.228117,""spectralNoveltyRatio"":4.676481,""spectralNoveltyMinBins"":48,""cooldownFrames"":2,""confirmedRmsFactor"":1.817414,""confirmedRmsMinDelta"":0.002102,""confirmedFluxFactor"":1.1114,""confirmedMinFlux"":0.0106,""confirmedMinBandRatio"":0.041198,""confirmedSpectralNoveltyMinBins"":31,""cooldownOverrideFactor"":4.204851,""cooldownOverrideMinFlux"":0.005544,""cooldownOverrideMinBandRatio"":0.031534,""analyzeIntervalMs"":26}"
1439,r001-0007-66224159,1,-2954,1,7,59,6,26,187,"{""relativeReattackFactor"":1.874013,""relativeReattackMinDelta"":0.014316,""relativeFluxFactor"":4.350865,""spectralNoveltyRatio"":5.63612,""spectralNoveltyMinBins"":9,""cooldownFrames"":2,""confirmedRmsFactor"":1.66,""confirmedRmsMinDelta"":0.008615,""confirmedFluxFactor"":1.76482,""confirmedMinFlux"":0.014648,""confirmedMinBandRatio"":0.022211,""confirmedSpectralNoveltyMinBins"":23,""cooldownOverrideFactor"":3.285184,""cooldownOverrideMinFlux"":0.014657,""cooldownOverrideMinBandRatio"":0.067331,""analyzeIntervalMs"":28}"
1440,r001-0062-60021a9b,1,-5152,1,0,106,0,69,247,"{""relativeReattackFactor"":1.433072,""relativeReattackMinDelta"":0.007586,""relativeFluxFactor"":1.89454,""spectralNoveltyRatio"":2.16292,""spectralNoveltyMinBins"":8,""cooldownFrames"":2,""confirmedRmsFactor"":1.164898,""confirmedRmsMinDelta"":0.011896,""confirmedFluxFactor"":1.565149,""confirmedMinFlux"":0.013574,""confirmedMinBandRatio"":0.020929,""confirmedSpectralNoveltyMinBins"":5,""cooldownOverrideFactor"":2.933033,""cooldownOverrideMinFlux"":0.011911,""cooldownOverrideMinBandRatio"":0.025886,""analyzeIntervalMs"":32}"
