rank,id,round,score,exact,under,over,extremeOver,totalOnsets,parameters
1,r007-0006-914182ea,7,308,7,2,0,0,113,"{""relativeReattackFactor"":3.444547,""relativeReattackMinDelta"":0.011439,""relativeFluxFactor"":1.4,""spectralNoveltyRatio"":3.405212,""spectralNoveltyMinBins"":56,""cooldownFrames"":5,""cooldownOverrideFactor"":2.518971,""cooldownOverrideMinFlux"":0.03,""cooldownOverrideMinBandRatio"":0.06663,""analyzeIntervalMs"":41}"
2,r008-0007-15d91804,8,308,7,2,0,0,113,"{""relativeReattackFactor"":3.431046,""relativeReattackMinDelta"":0.011109,""relativeFluxFactor"":1.474947,""spectralNoveltyRatio"":3.591344,""spectralNoveltyMinBins"":55,""cooldownFrames"":5,""cooldownOverrideFactor"":2.563639,""cooldownOverrideMinFlux"":0.03,""cooldownOverrideMinBandRatio"":0.067423,""analyzeIntervalMs"":41}"
3,r008-0020-5c0ed68b,8,308,7,2,0,0,113,"{""relativeReattackFactor"":3.597794,""relativeReattackMinDelta"":0.011544,""relativeFluxFactor"":1.451558,""spectralNoveltyRatio"":3.146493,""spectralNoveltyMinBins"":57,""cooldownFrames"":5,""cooldownOverrideFactor"":2.631833,""cooldownOverrideMinFlux"":0.03,""cooldownOverrideMinBandRatio"":0.069013,""analyzeIntervalMs"":41}"
4,r008-0031-2c3c13fd,8,308,7,2,0,0,113,"{""relativeReattackFactor"":3.438508,""relativeReattackMinDelta"":0.010908,""relativeFluxFactor"":1.4,""spectralNoveltyRatio"":3.521074,""spectralNoveltyMinBins"":57,""cooldownFrames"":5,""cooldownOverrideFactor"":2.596139,""cooldownOverrideMinFlux"":0.029471,""cooldownOverrideMinBandRatio"":0.068172,""analyzeIntervalMs"":41}"
5,r008-0039-ac27c312,8,308,7,2,0,0,113,"{""relativeReattackFactor"":3.544716,""relativeReattackMinDelta"":0.009877,""relativeFluxFactor"":1.505119,""spectralNoveltyRatio"":3.378958,""spectralNoveltyMinBins"":56,""cooldownFrames"":5,""cooldownOverrideFactor"":2.671932,""cooldownOverrideMinFlux"":0.03,""cooldownOverrideMinBandRatio"":0.07097,""analyzeIntervalMs"":41}"
6,r008-0047-02de854c,8,308,7,2,0,0,113,"{""relativeReattackFactor"":3.558738,""relativeReattackMinDelta"":0.011971,""relativeFluxFactor"":1.615799,""spectralNoveltyRatio"":3.66609,""spectralNoveltyMinBins"":55,""cooldownFrames"":5,""cooldownOverrideFactor"":2.584592,""cooldownOverrideMinFlux"":0.03,""cooldownOverrideMinBandRatio"":0.067028,""analyzeIntervalMs"":41}"
7,r008-0067-b5986fb0,8,308,7,2,0,0,113,"{""relativeReattackFactor"":3.400379,""relativeReattackMinDelta"":0.012014,""relativeFluxFactor"":1.530617,""spectralNoveltyRatio"":3.708267,""spectralNoveltyMinBins"":58,""cooldownFrames"":5,""cooldownOverrideFactor"":2.681338,""cooldownOverrideMinFlux"":0.03,""cooldownOverrideMinBandRatio"":0.069162,""analyzeIntervalMs"":41}"
8,r008-0070-578960a8,8,308,7,2,0,0,113,"{""relativeReattackFactor"":3.510709,""relativeReattackMinDelta"":0.011611,""relativeFluxFactor"":1.4,""spectralNoveltyRatio"":3.26855,""spectralNoveltyMinBins"":57,""cooldownFrames"":5,""cooldownOverrideFactor"":2.468215,""cooldownOverrideMinFlux"":0.029759,""cooldownOverrideMinBandRatio"":0.072311,""analyzeIntervalMs"":41}"
9,r008-0074-3c166fb5,8,308,7,2,0,0,113,"{""relativeReattackFactor"":3.493544,""relativeReattackMinDelta"":0.010386,""relativeFluxFactor"":1.4,""spectralNoveltyRatio"":3.251255,""spectralNoveltyMinBins"":56,""cooldownFrames"":5,""cooldownOverrideFactor"":2.65892,""cooldownOverrideMinFlux"":0.03,""cooldownOverrideMinBandRatio"":0.068811,""analyzeIntervalMs"":41}"
10,r009-0001-7256f7a8,9,308,7,2,0,0,113,"{""relativeReattackFactor"":3.478815,""relativeReattackMinDelta"":0.011243,""relativeFluxFactor"":1.4,""spectralNoveltyRatio"":3.536773,""spectralNoveltyMinBins"":55,""cooldownFrames"":5,""cooldownOverrideFactor"":2.642321,""cooldownOverrideMinFlux"":0.03,""cooldownOverrideMinBandRatio"":0.066907,""analyzeIntervalMs"":41}"
11,r009-0006-914791de,9,308,7,2,0,0,113,"{""relativeReattackFactor"":3.509949,""relativeReattackMinDelta"":0.010794,""relativeFluxFactor"":1.497071,""spectralNoveltyRatio"":3.30393,""spectralNoveltyMinBins"":58,""cooldownFrames"":5,""cooldownOverrideFactor"":2.439033,""cooldownOverrideMinFlux"":0.029406,""cooldownOverrideMinBandRatio"":0.068302,""analyzeIntervalMs"":41}"
12,r009-0020-1dd7cc04,9,308,7,2,0,0,113,"{""relativeReattackFactor"":3.590281,""relativeReattackMinDelta"":0.009296,""relativeFluxFactor"":1.605594,""spectralNoveltyRatio"":3.395662,""spectralNoveltyMinBins"":56,""cooldownFrames"":5,""cooldownOverrideFactor"":2.71622,""cooldownOverrideMinFlux"":0.03,""cooldownOverrideMinBandRatio"":0.073047,""analyzeIntervalMs"":41}"
13,r009-0025-c6ffa498,9,308,7,2,0,0,113,"{""relativeReattackFactor"":3.501728,""relativeReattackMinDelta"":0.010132,""relativeFluxFactor"":1.552851,""spectralNoveltyRatio"":3.46753,""spectralNoveltyMinBins"":57,""cooldownFrames"":5,""cooldownOverrideFactor"":2.654474,""cooldownOverrideMinFlux"":0.03,""cooldownOverrideMinBandRatio"":0.072724,""analyzeIntervalMs"":41}"
14,r009-0039-4f8dfe36,9,308,7,2,0,0,113,"{""relativeReattackFactor"":3.531205,""relativeReattackMinDelta"":0.010105,""relativeFluxFactor"":1.48085,""spectralNoveltyRatio"":3.34695,""spectralNoveltyMinBins"":58,""cooldownFrames"":5,""cooldownOverrideFactor"":2.50198,""cooldownOverrideMinFlux"":0.029244,""cooldownOverrideMinBandRatio"":0.065843,""analyzeIntervalMs"":41}"
15,r009-0044-76cc0580,9,308,7,2,0,0,113,"{""relativeReattackFactor"":3.431649,""relativeReattackMinDelta"":0.010839,""relativeFluxFactor"":1.4,""spectralNoveltyRatio"":3.403551,""spectralNoveltyMinBins"":58,""cooldownFrames"":5,""cooldownOverrideFactor"":2.714454,""cooldownOverrideMinFlux"":0.029679,""cooldownOverrideMinBandRatio"":0.067109,""analyzeIntervalMs"":41}"
16,r009-0048-7dd6a03b,9,308,7,2,0,0,113,"{""relativeReattackFactor"":3.661669,""relativeReattackMinDelta"":0.011637,""relativeFluxFactor"":1.594235,""spectralNoveltyRatio"":3.177986,""spectralNoveltyMinBins"":58,""cooldownFrames"":5,""cooldownOverrideFactor"":2.664496,""cooldownOverrideMinFlux"":0.03,""cooldownOverrideMinBandRatio"":0.071633,""analyzeIntervalMs"":41}"
17,r009-0054-4ca8cdcd,9,308,7,2,0,0,113,"{""relativeReattackFactor"":3.445628,""relativeReattackMinDelta"":0.010888,""relativeFluxFactor"":1.537164,""spectralNoveltyRatio"":3.595845,""spectralNoveltyMinBins"":56,""cooldownFrames"":5,""cooldownOverrideFactor"":2.496997,""cooldownOverrideMinFlux"":0.03,""cooldownOverrideMinBandRatio"":0.069118,""analyzeIntervalMs"":41}"
18,r009-0059-1a661525,9,308,7,2,0,0,113,"{""relativeReattackFactor"":3.408925,""relativeReattackMinDelta"":0.010288,""relativeFluxFactor"":1.409018,""spectralNoveltyRatio"":3.645978,""spectralNoveltyMinBins"":57,""cooldownFrames"":5,""cooldownOverrideFactor"":2.519973,""cooldownOverrideMinFlux"":0.028735,""cooldownOverrideMinBandRatio"":0.066163,""analyzeIntervalMs"":41}"
19,r009-0065-14d7074e,9,308,7,2,0,0,113,"{""relativeReattackFactor"":3.448307,""relativeReattackMinDelta"":0.009326,""relativeFluxFactor"":1.413313,""spectralNoveltyRatio"":3.476086,""spectralNoveltyMinBins"":58,""cooldownFrames"":5,""cooldownOverrideFactor"":2.596101,""cooldownOverrideMinFlux"":0.03,""cooldownOverrideMinBandRatio"":0.071,""analyzeIntervalMs"":41}"
20,r009-0067-a2417455,9,308,7,2,0,0,113,"{""relativeReattackFactor"":3.41457,""relativeReattackMinDelta"":0.010984,""relativeFluxFactor"":1.4,""spectralNoveltyRatio"":3.662995,""spectralNoveltyMinBins"":57,""cooldownFrames"":5,""cooldownOverrideFactor"":2.519692,""cooldownOverrideMinFlux"":0.03,""cooldownOverrideMinBandRatio"":0.067984,""analyzeIntervalMs"":41}"
21,r009-0073-b04f9d1e,9,308,7,2,0,0,113,"{""relativeReattackFactor"":3.633706,""relativeReattackMinDelta"":0.011158,""relativeFluxFactor"":1.469927,""spectralNoveltyRatio"":2.989499,""spectralNoveltyMinBins"":56,""cooldownFrames"":5,""cooldownOverrideFactor"":2.755175,""cooldownOverrideMinFlux"":0.03,""cooldownOverrideMinBandRatio"":0.070073,""analyzeIntervalMs"":41}"
22,r009-0078-9f6a60ba,9,308,7,2,0,0,113,"{""relativeReattackFactor"":3.629991,""relativeReattackMinDelta"":0.011015,""relativeFluxFactor"":1.4,""spectralNoveltyRatio"":3.039342,""spectralNoveltyMinBins"":58,""cooldownFrames"":5,""cooldownOverrideFactor"":2.548967,""cooldownOverrideMinFlux"":0.03,""cooldownOverrideMinBandRatio"":0.066569,""analyzeIntervalMs"":41}"
23,r009-0080-8cf9276f,9,308,7,2,0,0,113,"{""relativeReattackFactor"":3.56051,""relativeReattackMinDelta"":0.009978,""relativeFluxFactor"":1.43984,""spectralNoveltyRatio"":3.355503,""spectralNoveltyMinBins"":58,""cooldownFrames"":5,""cooldownOverrideFactor"":2.724477,""cooldownOverrideMinFlux"":0.03,""cooldownOverrideMinBandRatio"":0.072592,""analyzeIntervalMs"":41}"
24,r010-0003-1e31db2f,10,308,7,2,0,0,113,"{""relativeReattackFactor"":3.532094,""relativeReattackMinDelta"":0.010982,""relativeFluxFactor"":1.4,""spectralNoveltyRatio"":3.224361,""spectralNoveltyMinBins"":56,""cooldownFrames"":5,""cooldownOverrideFactor"":2.656019,""cooldownOverrideMinFlux"":0.03,""cooldownOverrideMinBandRatio"":0.070529,""analyzeIntervalMs"":41}"
25,r010-0004-b0580aad,10,308,7,2,0,0,113,"{""relativeReattackFactor"":3.481088,""relativeReattackMinDelta"":0.010415,""relativeFluxFactor"":1.4,""spectralNoveltyRatio"":3.682532,""spectralNoveltyMinBins"":55,""cooldownFrames"":5,""cooldownOverrideFactor"":2.63888,""cooldownOverrideMinFlux"":0.029747,""cooldownOverrideMinBandRatio"":0.065563,""analyzeIntervalMs"":41}"
26,r010-0009-a8b7a5d0,10,308,7,2,0,0,113,"{""relativeReattackFactor"":3.485872,""relativeReattackMinDelta"":0.011276,""relativeFluxFactor"":1.412511,""spectralNoveltyRatio"":3.358971,""spectralNoveltyMinBins"":56,""cooldownFrames"":5,""cooldownOverrideFactor"":2.688489,""cooldownOverrideMinFlux"":0.03,""cooldownOverrideMinBandRatio"":0.066155,""analyzeIntervalMs"":41}"
27,r010-0013-f84ac15b,10,308,7,2,0,0,113,"{""relativeReattackFactor"":3.623315,""relativeReattackMinDelta"":0.011733,""relativeFluxFactor"":1.539858,""spectralNoveltyRatio"":3.214681,""spectralNoveltyMinBins"":58,""cooldownFrames"":5,""cooldownOverrideFactor"":2.556746,""cooldownOverrideMinFlux"":0.029187,""cooldownOverrideMinBandRatio"":0.068146,""analyzeIntervalMs"":41}"
28,r010-0015-32fd1a6a,10,308,7,2,0,0,113,"{""relativeReattackFactor"":3.495188,""relativeReattackMinDelta"":0.010585,""relativeFluxFactor"":1.563165,""spectralNoveltyRatio"":3.529646,""spectralNoveltyMinBins"":57,""cooldownFrames"":5,""cooldownOverrideFactor"":2.666253,""cooldownOverrideMinFlux"":0.02955,""cooldownOverrideMinBandRatio"":0.072529,""analyzeIntervalMs"":41}"
29,r010-0016-5fa43caa,10,308,7,2,0,0,113,"{""relativeReattackFactor"":3.396692,""relativeReattackMinDelta"":0.010809,""relativeFluxFactor"":1.508869,""spectralNoveltyRatio"":3.563425,""spectralNoveltyMinBins"":58,""cooldownFrames"":5,""cooldownOverrideFactor"":2.471677,""cooldownOverrideMinFlux"":0.03,""cooldownOverrideMinBandRatio"":0.066602,""analyzeIntervalMs"":41}"
30,r010-0018-2ba1770d,10,308,7,2,0,0,113,"{""relativeReattackFactor"":3.603584,""relativeReattackMinDelta"":0.011206,""relativeFluxFactor"":1.4,""spectralNoveltyRatio"":3.310649,""spectralNoveltyMinBins"":59,""cooldownFrames"":5,""cooldownOverrideFactor"":2.694294,""cooldownOverrideMinFlux"":0.03,""cooldownOverrideMinBandRatio"":0.066861,""analyzeIntervalMs"":41}"
31,r010-0022-998c89d4,10,308,7,2,0,0,113,"{""relativeReattackFactor"":3.452424,""relativeReattackMinDelta"":0.011069,""relativeFluxFactor"":1.4,""spectralNoveltyRatio"":3.614272,""spectralNoveltyMinBins"":55,""cooldownFrames"":5,""cooldownOverrideFactor"":2.550452,""cooldownOverrideMinFlux"":0.029349,""cooldownOverrideMinBandRatio"":0.066864,""analyzeIntervalMs"":41}"
32,r010-0025-cc9c9cab,10,308,7,2,0,0,113,"{""relativeReattackFactor"":3.475481,""relativeReattackMinDelta"":0.010433,""relativeFluxFactor"":1.610571,""spectralNoveltyRatio"":3.241964,""spectralNoveltyMinBins"":57,""cooldownFrames"":5,""cooldownOverrideFactor"":2.655854,""cooldownOverrideMinFlux"":0.029582,""cooldownOverrideMinBandRatio"":0.07094,""analyzeIntervalMs"":41}"
33,r010-0027-9843c589,10,308,7,2,0,0,113,"{""relativeReattackFactor"":3.369043,""relativeReattackMinDelta"":0.010369,""relativeFluxFactor"":1.468178,""spectralNoveltyRatio"":3.611886,""spectralNoveltyMinBins"":57,""cooldownFrames"":5,""cooldownOverrideFactor"":2.55041,""cooldownOverrideMinFlux"":0.02969,""cooldownOverrideMinBandRatio"":0.067892,""analyzeIntervalMs"":41}"
34,r010-0028-3869f1b5,10,308,7,2,0,0,113,"{""relativeReattackFactor"":3.673725,""relativeReattackMinDelta"":0.011649,""relativeFluxFactor"":1.4,""spectralNoveltyRatio"":3.201931,""spectralNoveltyMinBins"":57,""cooldownFrames"":5,""cooldownOverrideFactor"":2.556163,""cooldownOverrideMinFlux"":0.03,""cooldownOverrideMinBandRatio"":0.071629,""analyzeIntervalMs"":41}"
35,r010-0048-92f83a15,10,308,7,2,0,0,113,"{""relativeReattackFactor"":3.518382,""relativeReattackMinDelta"":0.012232,""relativeFluxFactor"":1.4,""spectralNoveltyRatio"":3.055164,""spectralNoveltyMinBins"":57,""cooldownFrames"":5,""cooldownOverrideFactor"":2.60396,""cooldownOverrideMinFlux"":0.03,""cooldownOverrideMinBandRatio"":0.069573,""analyzeIntervalMs"":41}"
36,r010-0050-0e955984,10,308,7,2,0,0,113,"{""relativeReattackFactor"":3.498297,""relativeReattackMinDelta"":0.009276,""relativeFluxFactor"":1.613033,""spectralNoveltyRatio"":3.411879,""spectralNoveltyMinBins"":57,""cooldownFrames"":5,""cooldownOverrideFactor"":2.722875,""cooldownOverrideMinFlux"":0.03,""cooldownOverrideMinBandRatio"":0.069639,""analyzeIntervalMs"":41}"
37,r010-0057-67afea30,10,308,7,2,0,0,113,"{""relativeReattackFactor"":3.441665,""relativeReattackMinDelta"":0.011047,""relativeFluxFactor"":1.612302,""spectralNoveltyRatio"":3.446233,""spectralNoveltyMinBins"":56,""cooldownFrames"":5,""cooldownOverrideFactor"":2.494044,""cooldownOverrideMinFlux"":0.03,""cooldownOverrideMinBandRatio"":0.06811,""analyzeIntervalMs"":41}"
38,r010-0058-e80aff91,10,308,7,2,0,0,113,"{""relativeReattackFactor"":3.5272,""relativeReattackMinDelta"":0.010761,""relativeFluxFactor"":1.4,""spectralNoveltyRatio"":3.290959,""spectralNoveltyMinBins"":58,""cooldownFrames"":5,""cooldownOverrideFactor"":2.732851,""cooldownOverrideMinFlux"":0.029165,""cooldownOverrideMinBandRatio"":0.070975,""analyzeIntervalMs"":41}"
39,r010-0063-4839d062,10,308,7,2,0,0,113,"{""relativeReattackFactor"":3.672276,""relativeReattackMinDelta"":0.011643,""relativeFluxFactor"":1.444729,""spectralNoveltyRatio"":3.201447,""spectralNoveltyMinBins"":58,""cooldownFrames"":5,""cooldownOverrideFactor"":2.668008,""cooldownOverrideMinFlux"":0.03,""cooldownOverrideMinBandRatio"":0.067668,""analyzeIntervalMs"":41}"
40,r010-0072-0adb25a8,10,308,7,2,0,0,113,"{""relativeReattackFactor"":3.517283,""relativeReattackMinDelta"":0.010516,""relativeFluxFactor"":1.502926,""spectralNoveltyRatio"":3.534359,""spectralNoveltyMinBins"":55,""cooldownFrames"":5,""cooldownOverrideFactor"":2.516713,""cooldownOverrideMinFlux"":0.02929,""cooldownOverrideMinBandRatio"":0.067587,""analyzeIntervalMs"":41}"
41,r010-0073-505d59d9,10,308,7,2,0,0,113,"{""relativeReattackFactor"":3.618265,""relativeReattackMinDelta"":0.011722,""relativeFluxFactor"":1.576396,""spectralNoveltyRatio"":3.101422,""spectralNoveltyMinBins"":58,""cooldownFrames"":5,""cooldownOverrideFactor"":2.513009,""cooldownOverrideMinFlux"":0.03,""cooldownOverrideMinBandRatio"":0.069412,""analyzeIntervalMs"":41}"
42,r010-0080-ff3cf505,10,308,7,2,0,0,113,"{""relativeReattackFactor"":3.482966,""relativeReattackMinDelta"":0.009739,""relativeFluxFactor"":1.571441,""spectralNoveltyRatio"":3.53232,""spectralNoveltyMinBins"":55,""cooldownFrames"":5,""cooldownOverrideFactor"":2.751369,""cooldownOverrideMinFlux"":0.029705,""cooldownOverrideMinBandRatio"":0.068355,""analyzeIntervalMs"":41}"
43,r011-0004-24592a00,11,308,7,2,0,0,113,"{""relativeReattackFactor"":3.394383,""relativeReattackMinDelta"":0.011414,""relativeFluxFactor"":1.4,""spectralNoveltyRatio"":3.646282,""spectralNoveltyMinBins"":57,""cooldownFrames"":5,""cooldownOverrideFactor"":2.50115,""cooldownOverrideMinFlux"":0.028834,""cooldownOverrideMinBandRatio"":0.067456,""analyzeIntervalMs"":41}"
44,r011-0008-9d6c59b2,11,308,7,2,0,0,113,"{""relativeReattackFactor"":3.640246,""relativeReattackMinDelta"":0.011089,""relativeFluxFactor"":1.524213,""spectralNoveltyRatio"":3.229837,""spectralNoveltyMinBins"":57,""cooldownFrames"":5,""cooldownOverrideFactor"":2.714237,""cooldownOverrideMinFlux"":0.03,""cooldownOverrideMinBandRatio"":0.070685,""analyzeIntervalMs"":41}"
45,r011-0012-12ed5cf7,11,308,7,2,0,0,113,"{""relativeReattackFactor"":3.44773,""relativeReattackMinDelta"":0.010581,""relativeFluxFactor"":1.582965,""spectralNoveltyRatio"":3.617975,""spectralNoveltyMinBins"":55,""cooldownFrames"":5,""cooldownOverrideFactor"":2.537257,""cooldownOverrideMinFlux"":0.029552,""cooldownOverrideMinBandRatio"":0.065419,""analyzeIntervalMs"":41}"
46,r011-0013-82f79e92,11,308,7,2,0,0,113,"{""relativeReattackFactor"":3.557824,""relativeReattackMinDelta"":0.011062,""relativeFluxFactor"":1.4,""spectralNoveltyRatio"":3.006512,""spectralNoveltyMinBins"":58,""cooldownFrames"":5,""cooldownOverrideFactor"":2.565791,""cooldownOverrideMinFlux"":0.029835,""cooldownOverrideMinBandRatio"":0.06842,""analyzeIntervalMs"":41}"
47,r011-0014-7946eacb,11,308,7,2,0,0,113,"{""relativeReattackFactor"":3.346267,""relativeReattackMinDelta"":0.010351,""relativeFluxFactor"":1.427739,""spectralNoveltyRatio"":3.644804,""spectralNoveltyMinBins"":58,""cooldownFrames"":5,""cooldownOverrideFactor"":2.633013,""cooldownOverrideMinFlux"":0.029348,""cooldownOverrideMinBandRatio"":0.06796,""analyzeIntervalMs"":41}"
48,r011-0023-5cd58613,11,308,7,2,0,0,112,"{""relativeReattackFactor"":3.689146,""relativeReattackMinDelta"":0.012223,""relativeFluxFactor"":1.486241,""spectralNoveltyRatio"":3.037334,""spectralNoveltyMinBins"":58,""cooldownFrames"":5,""cooldownOverrideFactor"":2.700785,""cooldownOverrideMinFlux"":0.029825,""cooldownOverrideMinBandRatio"":0.06752,""analyzeIntervalMs"":41}"
49,r011-0025-fd332191,11,308,7,2,0,0,113,"{""relativeReattackFactor"":3.484988,""relativeReattackMinDelta"":0.010049,""relativeFluxFactor"":1.425685,""spectralNoveltyRatio"":3.359027,""spectralNoveltyMinBins"":57,""cooldownFrames"":5,""cooldownOverrideFactor"":2.60713,""cooldownOverrideMinFlux"":0.029016,""cooldownOverrideMinBandRatio"":0.069518,""analyzeIntervalMs"":41}"
50,r011-0037-3afc9d45,11,308,7,2,0,0,113,"{""relativeReattackFactor"":3.387919,""relativeReattackMinDelta"":0.011467,""relativeFluxFactor"":1.538588,""spectralNoveltyRatio"":3.632108,""spectralNoveltyMinBins"":57,""cooldownFrames"":5,""cooldownOverrideFactor"":2.640197,""cooldownOverrideMinFlux"":0.029012,""cooldownOverrideMinBandRatio"":0.065464,""analyzeIntervalMs"":41}"
51,r011-0040-5e4e1b48,11,308,7,2,0,0,113,"{""relativeReattackFactor"":3.586845,""relativeReattackMinDelta"":0.010415,""relativeFluxFactor"":1.479956,""spectralNoveltyRatio"":3.3737,""spectralNoveltyMinBins"":58,""cooldownFrames"":5,""cooldownOverrideFactor"":2.694557,""cooldownOverrideMinFlux"":0.03,""cooldownOverrideMinBandRatio"":0.071317,""analyzeIntervalMs"":41}"
52,r011-0045-995b283c,11,308,7,2,0,0,113,"{""relativeReattackFactor"":3.486528,""relativeReattackMinDelta"":0.009185,""relativeFluxFactor"":1.459461,""spectralNoveltyRatio"":3.224635,""spectralNoveltyMinBins"":56,""cooldownFrames"":5,""cooldownOverrideFactor"":2.579936,""cooldownOverrideMinFlux"":0.03,""cooldownOverrideMinBandRatio"":0.068266,""analyzeIntervalMs"":41}"
53,r011-0058-0ebd7d10,11,308,7,2,0,0,113,"{""relativeReattackFactor"":3.615463,""relativeReattackMinDelta"":0.011843,""relativeFluxFactor"":1.523846,""spectralNoveltyRatio"":3.221294,""spectralNoveltyMinBins"":57,""cooldownFrames"":5,""cooldownOverrideFactor"":2.558064,""cooldownOverrideMinFlux"":0.03,""cooldownOverrideMinBandRatio"":0.067516,""analyzeIntervalMs"":41}"
54,r011-0064-1e1f148c,11,308,7,2,0,0,113,"{""relativeReattackFactor"":3.426343,""relativeReattackMinDelta"":0.010424,""relativeFluxFactor"":1.4,""spectralNoveltyRatio"":3.569777,""spectralNoveltyMinBins"":58,""cooldownFrames"":5,""cooldownOverrideFactor"":2.525807,""cooldownOverrideMinFlux"":0.029869,""cooldownOverrideMinBandRatio"":0.066246,""analyzeIntervalMs"":41}"
55,r011-0065-9edb0810,11,308,7,2,0,0,113,"{""relativeReattackFactor"":3.529898,""relativeReattackMinDelta"":0.009772,""relativeFluxFactor"":1.487709,""spectralNoveltyRatio"":3.266298,""spectralNoveltyMinBins"":58,""cooldownFrames"":5,""cooldownOverrideFactor"":2.594125,""cooldownOverrideMinFlux"":0.03,""cooldownOverrideMinBandRatio"":0.069771,""analyzeIntervalMs"":41}"
56,r011-0071-6e3d4861,11,308,7,2,0,0,113,"{""relativeReattackFactor"":3.48295,""relativeReattackMinDelta"":0.011246,""relativeFluxFactor"":1.4,""spectralNoveltyRatio"":3.323435,""spectralNoveltyMinBins"":57,""cooldownFrames"":5,""cooldownOverrideFactor"":2.445817,""cooldownOverrideMinFlux"":0.029848,""cooldownOverrideMinBandRatio"":0.067956,""analyzeIntervalMs"":41}"
57,r011-0075-861e6f92,11,308,7,2,0,0,113,"{""relativeReattackFactor"":3.469587,""relativeReattackMinDelta"":0.010105,""relativeFluxFactor"":1.434997,""spectralNoveltyRatio"":3.256601,""spectralNoveltyMinBins"":58,""cooldownFrames"":5,""cooldownOverrideFactor"":2.736646,""cooldownOverrideMinFlux"":0.029936,""cooldownOverrideMinBandRatio"":0.071804,""analyzeIntervalMs"":41}"
58,r011-0078-7323ca6f,11,308,7,2,0,0,113,"{""relativeReattackFactor"":3.558164,""relativeReattackMinDelta"":0.011922,""relativeFluxFactor"":1.56629,""spectralNoveltyRatio"":3.233094,""spectralNoveltyMinBins"":59,""cooldownFrames"":5,""cooldownOverrideFactor"":2.713705,""cooldownOverrideMinFlux"":0.029935,""cooldownOverrideMinBandRatio"":0.069633,""analyzeIntervalMs"":41}"
59,r011-0080-26c24d34,11,308,7,2,0,0,113,"{""relativeReattackFactor"":3.617726,""relativeReattackMinDelta"":0.010198,""relativeFluxFactor"":1.4,""spectralNoveltyRatio"":3.306791,""spectralNoveltyMinBins"":56,""cooldownFrames"":5,""cooldownOverrideFactor"":2.647767,""cooldownOverrideMinFlux"":0.03,""cooldownOverrideMinBandRatio"":0.071449,""analyzeIntervalMs"":41}"
60,r012-0001-bcccf2bd,12,308,7,2,0,0,113,"{""relativeReattackFactor"":3.490424,""relativeReattackMinDelta"":0.010945,""relativeFluxFactor"":1.4,""spectralNoveltyRatio"":3.331523,""spectralNoveltyMinBins"":56,""cooldownFrames"":5,""cooldownOverrideFactor"":2.584139,""cooldownOverrideMinFlux"":0.03,""cooldownOverrideMinBandRatio"":0.06936,""analyzeIntervalMs"":41}"
61,r012-0003-82eea8f4,12,308,7,2,0,0,113,"{""relativeReattackFactor"":3.558568,""relativeReattackMinDelta"":0.011007,""relativeFluxFactor"":1.411801,""spectralNoveltyRatio"":3.038595,""spectralNoveltyMinBins"":58,""cooldownFrames"":5,""cooldownOverrideFactor"":2.688105,""cooldownOverrideMinFlux"":0.03,""cooldownOverrideMinBandRatio"":0.070985,""analyzeIntervalMs"":41}"
62,r012-0005-e731551d,12,308,7,2,0,0,113,"{""relativeReattackFactor"":3.56733,""relativeReattackMinDelta"":0.009951,""relativeFluxFactor"":1.583547,""spectralNoveltyRatio"":3.426277,""spectralNoveltyMinBins"":58,""cooldownFrames"":5,""cooldownOverrideFactor"":2.558685,""cooldownOverrideMinFlux"":0.029481,""cooldownOverrideMinBandRatio"":0.068342,""analyzeIntervalMs"":41}"
63,r012-0006-01a44946,12,308,7,2,0,0,113,"{""relativeReattackFactor"":3.542147,""relativeReattackMinDelta"":0.010807,""relativeFluxFactor"":1.521802,""spectralNoveltyRatio"":3.47596,""spectralNoveltyMinBins"":57,""cooldownFrames"":5,""cooldownOverrideFactor"":2.446738,""cooldownOverrideMinFlux"":0.03,""cooldownOverrideMinBandRatio"":0.063884,""analyzeIntervalMs"":41}"
64,r012-0007-ccf301be,12,308,7,2,0,0,113,"{""relativeReattackFactor"":3.446129,""relativeReattackMinDelta"":0.011368,""relativeFluxFactor"":1.589729,""spectralNoveltyRatio"":3.643322,""spectralNoveltyMinBins"":55,""cooldownFrames"":5,""cooldownOverrideFactor"":2.617047,""cooldownOverrideMinFlux"":0.03,""cooldownOverrideMinBandRatio"":0.067983,""analyzeIntervalMs"":41}"
65,r012-0008-bf75ad18,12,308,7,2,0,0,113,"{""relativeReattackFactor"":3.638061,""relativeReattackMinDelta"":0.011633,""relativeFluxFactor"":1.441007,""spectralNoveltyRatio"":3.092302,""spectralNoveltyMinBins"":58,""cooldownFrames"":5,""cooldownOverrideFactor"":2.539948,""cooldownOverrideMinFlux"":0.03,""cooldownOverrideMinBandRatio"":0.070218,""analyzeIntervalMs"":41}"
66,r012-0018-310f7870,12,308,7,2,0,0,113,"{""relativeReattackFactor"":3.521151,""relativeReattackMinDelta"":0.011261,""relativeFluxFactor"":1.4,""spectralNoveltyRatio"":3.140675,""spectralNoveltyMinBins"":56,""cooldownFrames"":5,""cooldownOverrideFactor"":2.575966,""cooldownOverrideMinFlux"":0.03,""cooldownOverrideMinBandRatio"":0.069536,""analyzeIntervalMs"":41}"
67,r012-0022-9ecd48ac,12,308,7,2,0,0,113,"{""relativeReattackFactor"":3.406941,""relativeReattackMinDelta"":0.01142,""relativeFluxFactor"":1.530834,""spectralNoveltyRatio"":3.769836,""spectralNoveltyMinBins"":57,""cooldownFrames"":5,""cooldownOverrideFactor"":2.521302,""cooldownOverrideMinFlux"":0.03,""cooldownOverrideMinBandRatio"":0.066596,""analyzeIntervalMs"":41}"
68,r012-0023-67e6f07a,12,308,7,2,0,0,113,"{""relativeReattackFactor"":3.530493,""relativeReattackMinDelta"":0.011784,""relativeFluxFactor"":1.460947,""spectralNoveltyRatio"":3.158708,""spectralNoveltyMinBins"":56,""cooldownFrames"":5,""cooldownOverrideFactor"":2.521117,""cooldownOverrideMinFlux"":0.029969,""cooldownOverrideMinBandRatio"":0.071072,""analyzeIntervalMs"":41}"
69,r012-0031-94c1dc07,12,308,7,2,0,0,113,"{""relativeReattackFactor"":3.431999,""relativeReattackMinDelta"":0.011583,""relativeFluxFactor"":1.437116,""spectralNoveltyRatio"":3.500863,""spectralNoveltyMinBins"":56,""cooldownFrames"":5,""cooldownOverrideFactor"":2.514374,""cooldownOverrideMinFlux"":0.03,""cooldownOverrideMinBandRatio"":0.068116,""analyzeIntervalMs"":41}"
70,r012-0036-079bc54f,12,308,7,2,0,0,113,"{""relativeReattackFactor"":3.481922,""relativeReattackMinDelta"":0.012269,""relativeFluxFactor"":1.4,""spectralNoveltyRatio"":3.232509,""spectralNoveltyMinBins"":56,""cooldownFrames"":5,""cooldownOverrideFactor"":2.601971,""cooldownOverrideMinFlux"":0.029366,""cooldownOverrideMinBandRatio"":0.065635,""analyzeIntervalMs"":41}"
71,r012-0039-3e337a09,12,308,7,2,0,0,113,"{""relativeReattackFactor"":3.472692,""relativeReattackMinDelta"":0.011499,""relativeFluxFactor"":1.4,""spectralNoveltyRatio"":3.499506,""spectralNoveltyMinBins"":56,""cooldownFrames"":5,""cooldownOverrideFactor"":2.478569,""cooldownOverrideMinFlux"":0.029496,""cooldownOverrideMinBandRatio"":0.067081,""analyzeIntervalMs"":41}"
72,r012-0045-2c7fb2f0,12,308,7,2,0,0,113,"{""relativeReattackFactor"":3.567727,""relativeReattackMinDelta"":0.010002,""relativeFluxFactor"":1.4,""spectralNoveltyRatio"":3.541566,""spectralNoveltyMinBins"":58,""cooldownFrames"":5,""cooldownOverrideFactor"":2.791843,""cooldownOverrideMinFlux"":0.029565,""cooldownOverrideMinBandRatio"":0.072964,""analyzeIntervalMs"":41}"
73,r012-0048-d23eaa2e,12,308,7,2,0,0,113,"{""relativeReattackFactor"":3.678445,""relativeReattackMinDelta"":0.010966,""relativeFluxFactor"":1.490212,""spectralNoveltyRatio"":3.156987,""spectralNoveltyMinBins"":59,""cooldownFrames"":5,""cooldownOverrideFactor"":2.684914,""cooldownOverrideMinFlux"":0.03,""cooldownOverrideMinBandRatio"":0.06854,""analyzeIntervalMs"":41}"
74,r012-0065-388b6d89,12,308,7,2,0,0,112,"{""relativeReattackFactor"":3.594123,""relativeReattackMinDelta"":0.010556,""relativeFluxFactor"":1.645566,""spectralNoveltyRatio"":3.336914,""spectralNoveltyMinBins"":57,""cooldownFrames"":5,""cooldownOverrideFactor"":2.743791,""cooldownOverrideMinFlux"":0.029236,""cooldownOverrideMinBandRatio"":0.071047,""analyzeIntervalMs"":41}"
75,r012-0068-3f984f2d,12,308,7,2,0,0,113,"{""relativeReattackFactor"":3.502825,""relativeReattackMinDelta"":0.011055,""relativeFluxFactor"":1.460909,""spectralNoveltyRatio"":3.09421,""spectralNoveltyMinBins"":56,""cooldownFrames"":5,""cooldownOverrideFactor"":2.561833,""cooldownOverrideMinFlux"":0.03,""cooldownOverrideMinBandRatio"":0.070084,""analyzeIntervalMs"":41}"
76,r012-0070-c4ceb4f2,12,308,7,2,0,0,113,"{""relativeReattackFactor"":3.446935,""relativeReattackMinDelta"":0.009211,""relativeFluxFactor"":1.459681,""spectralNoveltyRatio"":3.456682,""spectralNoveltyMinBins"":56,""cooldownFrames"":5,""cooldownOverrideFactor"":2.790338,""cooldownOverrideMinFlux"":0.029935,""cooldownOverrideMinBandRatio"":0.069408,""analyzeIntervalMs"":41}"
77,r012-0071-d46e90f9,12,308,7,2,0,0,113,"{""relativeReattackFactor"":3.505529,""relativeReattackMinDelta"":0.011699,""relativeFluxFactor"":1.4,""spectralNoveltyRatio"":3.358451,""spectralNoveltyMinBins"":57,""cooldownFrames"":5,""cooldownOverrideFactor"":2.631081,""cooldownOverrideMinFlux"":0.029853,""cooldownOverrideMinBandRatio"":0.067433,""analyzeIntervalMs"":41}"
78,r012-0074-8129243e,12,308,7,2,0,0,113,"{""relativeReattackFactor"":3.537864,""relativeReattackMinDelta"":0.010679,""relativeFluxFactor"":1.4,""spectralNoveltyRatio"":3.598309,""spectralNoveltyMinBins"":55,""cooldownFrames"":5,""cooldownOverrideFactor"":2.578234,""cooldownOverrideMinFlux"":0.028783,""cooldownOverrideMinBandRatio"":0.070464,""analyzeIntervalMs"":41}"
79,r012-0078-a5d10022,12,308,7,2,0,0,113,"{""relativeReattackFactor"":3.576951,""relativeReattackMinDelta"":0.012297,""relativeFluxFactor"":1.419163,""spectralNoveltyRatio"":3.100057,""spectralNoveltyMinBins"":56,""cooldownFrames"":5,""cooldownOverrideFactor"":2.695978,""cooldownOverrideMinFlux"":0.029104,""cooldownOverrideMinBandRatio"":0.068192,""analyzeIntervalMs"":41}"
80,r012-0080-544fb8bb,12,308,7,2,0,0,113,"{""relativeReattackFactor"":3.498813,""relativeReattackMinDelta"":0.009796,""relativeFluxFactor"":1.431226,""spectralNoveltyRatio"":3.54565,""spectralNoveltyMinBins"":56,""cooldownFrames"":5,""cooldownOverrideFactor"":2.701248,""cooldownOverrideMinFlux"":0.03,""cooldownOverrideMinBandRatio"":0.069896,""analyzeIntervalMs"":41}"
81,r008-0077-2dbe190d,8,302,7,3,0,0,112,"{""relativeReattackFactor"":3.389064,""relativeReattackMinDelta"":0.010661,""relativeFluxFactor"":1.591701,""spectralNoveltyRatio"":3.501851,""spectralNoveltyMinBins"":59,""cooldownFrames"":5,""cooldownOverrideFactor"":2.674534,""cooldownOverrideMinFlux"":0.03,""cooldownOverrideMinBandRatio"":0.068565,""analyzeIntervalMs"":41}"
82,r009-0034-4506cef5,9,302,7,3,0,0,112,"{""relativeReattackFactor"":3.338036,""relativeReattackMinDelta"":0.010525,""relativeFluxFactor"":1.4,""spectralNoveltyRatio"":3.543498,""spectralNoveltyMinBins"":59,""cooldownFrames"":5,""cooldownOverrideFactor"":2.610521,""cooldownOverrideMinFlux"":0.03,""cooldownOverrideMinBandRatio"":0.067274,""analyzeIntervalMs"":41}"
83,r011-0034-7a4e20a2,11,302,7,3,0,0,112,"{""relativeReattackFactor"":3.427682,""relativeReattackMinDelta"":0.010999,""relativeFluxFactor"":1.4,""spectralNoveltyRatio"":3.371471,""spectralNoveltyMinBins"":59,""cooldownFrames"":5,""cooldownOverrideFactor"":2.488015,""cooldownOverrideMinFlux"":0.03,""cooldownOverrideMinBandRatio"":0.070824,""analyzeIntervalMs"":41}"
84,r012-0014-a5e5e22f,12,302,7,3,0,0,112,"{""relativeReattackFactor"":3.444243,""relativeReattackMinDelta"":0.010366,""relativeFluxFactor"":1.439229,""spectralNoveltyRatio"":3.424548,""spectralNoveltyMinBins"":59,""cooldownFrames"":5,""cooldownOverrideFactor"":2.473362,""cooldownOverrideMinFlux"":0.029971,""cooldownOverrideMinBandRatio"":0.069475,""analyzeIntervalMs"":41}"
85,r012-0059-840ed203,12,302,7,3,0,0,112,"{""relativeReattackFactor"":3.364902,""relativeReattackMinDelta"":0.011608,""relativeFluxFactor"":1.411285,""spectralNoveltyRatio"":3.565445,""spectralNoveltyMinBins"":59,""cooldownFrames"":5,""cooldownOverrideFactor"":2.661589,""cooldownOverrideMinFlux"":0.028967,""cooldownOverrideMinBandRatio"":0.069999,""analyzeIntervalMs"":41}"
86,r007-0071-1b77595b,7,289,6,3,0,0,112,"{""relativeReattackFactor"":3.501738,""relativeReattackMinDelta"":0.011532,""relativeFluxFactor"":1.596187,""spectralNoveltyRatio"":3.56368,""spectralNoveltyMinBins"":57,""cooldownFrames"":5,""cooldownOverrideFactor"":2.643143,""cooldownOverrideMinFlux"":0.03,""cooldownOverrideMinBandRatio"":0.070079,""analyzeIntervalMs"":41}"
87,r008-0032-540c9a9f,8,289,6,3,0,0,112,"{""relativeReattackFactor"":3.525843,""relativeReattackMinDelta"":0.010921,""relativeFluxFactor"":1.482581,""spectralNoveltyRatio"":3.727769,""spectralNoveltyMinBins"":58,""cooldownFrames"":5,""cooldownOverrideFactor"":2.524246,""cooldownOverrideMinFlux"":0.03,""cooldownOverrideMinBandRatio"":0.07171,""analyzeIntervalMs"":41}"
88,r008-0042-ff8b8481,8,289,6,3,0,0,112,"{""relativeReattackFactor"":3.527142,""relativeReattackMinDelta"":0.010909,""relativeFluxFactor"":1.548746,""spectralNoveltyRatio"":3.60966,""spectralNoveltyMinBins"":57,""cooldownFrames"":5,""cooldownOverrideFactor"":2.747224,""cooldownOverrideMinFlux"":0.03,""cooldownOverrideMinBandRatio"":0.069271,""analyzeIntervalMs"":41}"
89,r008-0072-fe38e429,8,289,6,3,0,0,112,"{""relativeReattackFactor"":3.468496,""relativeReattackMinDelta"":0.011441,""relativeFluxFactor"":1.579234,""spectralNoveltyRatio"":3.603304,""spectralNoveltyMinBins"":57,""cooldownFrames"":5,""cooldownOverrideFactor"":2.585963,""cooldownOverrideMinFlux"":0.03,""cooldownOverrideMinBandRatio"":0.070852,""analyzeIntervalMs"":41}"
90,r009-0074-4dda56ec,9,289,6,3,0,0,112,"{""relativeReattackFactor"":3.532544,""relativeReattackMinDelta"":0.011497,""relativeFluxFactor"":1.4,""spectralNoveltyRatio"":3.552865,""spectralNoveltyMinBins"":58,""cooldownFrames"":5,""cooldownOverrideFactor"":2.507636,""cooldownOverrideMinFlux"":0.03,""cooldownOverrideMinBandRatio"":0.067589,""analyzeIntervalMs"":41}"
91,r009-0077-85566589,9,289,6,3,0,0,112,"{""relativeReattackFactor"":3.517491,""relativeReattackMinDelta"":0.010607,""relativeFluxFactor"":1.4,""spectralNoveltyRatio"":3.67813,""spectralNoveltyMinBins"":56,""cooldownFrames"":5,""cooldownOverrideFactor"":2.600853,""cooldownOverrideMinFlux"":0.03,""cooldownOverrideMinBandRatio"":0.067035,""analyzeIntervalMs"":41}"
92,r010-0001-558bca4c,10,289,6,3,0,0,112,"{""relativeReattackFactor"":3.544841,""relativeReattackMinDelta"":0.012047,""relativeFluxFactor"":1.42283,""spectralNoveltyRatio"":3.569855,""spectralNoveltyMinBins"":58,""cooldownFrames"":5,""cooldownOverrideFactor"":2.466776,""cooldownOverrideMinFlux"":0.03,""cooldownOverrideMinBandRatio"":0.065956,""analyzeIntervalMs"":41}"
93,r010-0012-fffc7d89,10,289,6,3,0,0,112,"{""relativeReattackFactor"":3.490455,""relativeReattackMinDelta"":0.010428,""relativeFluxFactor"":1.571302,""spectralNoveltyRatio"":3.715581,""spectralNoveltyMinBins"":57,""cooldownFrames"":5,""cooldownOverrideFactor"":2.514347,""cooldownOverrideMinFlux"":0.03,""cooldownOverrideMinBandRatio"":0.065657,""analyzeIntervalMs"":41}"
94,r010-0067-307d066e,10,289,6,3,0,0,112,"{""relativeReattackFactor"":3.470764,""relativeReattackMinDelta"":0.010713,""relativeFluxFactor"":1.441064,""spectralNoveltyRatio"":3.579041,""spectralNoveltyMinBins"":57,""cooldownFrames"":5,""cooldownOverrideFactor"":2.638985,""cooldownOverrideMinFlux"":0.02981,""cooldownOverrideMinBandRatio"":0.06998,""analyzeIntervalMs"":41}"
95,r011-0072-87697abb,11,289,6,3,0,0,112,"{""relativeReattackFactor"":3.531413,""relativeReattackMinDelta"":0.01105,""relativeFluxFactor"":1.535056,""spectralNoveltyRatio"":3.560288,""spectralNoveltyMinBins"":57,""cooldownFrames"":5,""cooldownOverrideFactor"":2.464388,""cooldownOverrideMinFlux"":0.03,""cooldownOverrideMinBandRatio"":0.069403,""analyzeIntervalMs"":41}"
96,r012-0032-ded06565,12,289,6,3,0,0,112,"{""relativeReattackFactor"":3.439549,""relativeReattackMinDelta"":0.01185,""relativeFluxFactor"":1.4,""spectralNoveltyRatio"":3.705017,""spectralNoveltyMinBins"":57,""cooldownFrames"":5,""cooldownOverrideFactor"":2.503984,""cooldownOverrideMinFlux"":0.02919,""cooldownOverrideMinBandRatio"":0.066248,""analyzeIntervalMs"":41}"
97,r012-0050-062c48d5,12,289,6,3,0,0,112,"{""relativeReattackFactor"":3.463989,""relativeReattackMinDelta"":0.010503,""relativeFluxFactor"":1.435679,""spectralNoveltyRatio"":3.555995,""spectralNoveltyMinBins"":58,""cooldownFrames"":5,""cooldownOverrideFactor"":2.639158,""cooldownOverrideMinFlux"":0.03,""cooldownOverrideMinBandRatio"":0.069127,""analyzeIntervalMs"":41}"
98,r012-0054-0b98b199,12,289,6,3,0,0,112,"{""relativeReattackFactor"":3.541577,""relativeReattackMinDelta"":0.010115,""relativeFluxFactor"":1.509845,""spectralNoveltyRatio"":3.700863,""spectralNoveltyMinBins"":56,""cooldownFrames"":5,""cooldownOverrideFactor"":2.628485,""cooldownOverrideMinFlux"":0.02852,""cooldownOverrideMinBandRatio"":0.068659,""analyzeIntervalMs"":41}"
99,r005-0015-0e512e12,5,286,6,2,1,0,114,"{""relativeReattackFactor"":3.457323,""relativeReattackMinDelta"":0.01127,""relativeFluxFactor"":1.462825,""spectralNoveltyRatio"":3.410224,""spectralNoveltyMinBins"":54,""cooldownFrames"":5,""cooldownOverrideFactor"":2.519996,""cooldownOverrideMinFlux"":0.03,""cooldownOverrideMinBandRatio"":0.068712,""analyzeIntervalMs"":41}"
100,r007-0036-1cd82e5d,7,286,6,2,1,0,114,"{""relativeReattackFactor"":3.561409,""relativeReattackMinDelta"":0.01057,""relativeFluxFactor"":1.4,""spectralNoveltyRatio"":3.327879,""spectralNoveltyMinBins"":54,""cooldownFrames"":5,""cooldownOverrideFactor"":2.577307,""cooldownOverrideMinFlux"":0.029315,""cooldownOverrideMinBandRatio"":0.068458,""analyzeIntervalMs"":41}"
101,r007-0046-32356117,7,286,6,2,1,0,114,"{""relativeReattackFactor"":3.498363,""relativeReattackMinDelta"":0.011064,""relativeFluxFactor"":1.421016,""spectralNoveltyRatio"":3.222008,""spectralNoveltyMinBins"":55,""cooldownFrames"":5,""cooldownOverrideFactor"":2.560468,""cooldownOverrideMinFlux"":0.03,""cooldownOverrideMinBandRatio"":0.072063,""analyzeIntervalMs"":41}"
102,r007-0056-3f5ee2de,7,286,6,2,1,0,114,"{""relativeReattackFactor"":3.431163,""relativeReattackMinDelta"":0.010357,""relativeFluxFactor"":1.4,""spectralNoveltyRatio"":3.30342,""spectralNoveltyMinBins"":54,""cooldownFrames"":5,""cooldownOverrideFactor"":2.363663,""cooldownOverrideMinFlux"":0.03,""cooldownOverrideMinBandRatio"":0.071722,""analyzeIntervalMs"":41}"
103,r008-0004-1e4e12da,8,286,6,2,1,0,114,"{""relativeReattackFactor"":3.502899,""relativeReattackMinDelta"":0.01007,""relativeFluxFactor"":1.499067,""spectralNoveltyRatio"":3.288325,""spectralNoveltyMinBins"":54,""cooldownFrames"":5,""cooldownOverrideFactor"":2.59418,""cooldownOverrideMinFlux"":0.029939,""cooldownOverrideMinBandRatio"":0.07119,""analyzeIntervalMs"":41}"
104,r008-0006-4c361d9a,8,286,6,2,1,0,114,"{""relativeReattackFactor"":3.475212,""relativeReattackMinDelta"":0.010525,""relativeFluxFactor"":1.4,""spectralNoveltyRatio"":3.553405,""spectralNoveltyMinBins"":54,""cooldownFrames"":5,""cooldownOverrideFactor"":2.467335,""cooldownOverrideMinFlux"":0.03,""cooldownOverrideMinBandRatio"":0.063618,""analyzeIntervalMs"":41}"
105,r008-0009-92377c9d,8,286,6,2,1,0,114,"{""relativeReattackFactor"":3.592449,""relativeReattackMinDelta"":0.010893,""relativeFluxFactor"":1.4,""spectralNoveltyRatio"":3.214849,""spectralNoveltyMinBins"":54,""cooldownFrames"":5,""cooldownOverrideFactor"":2.707242,""cooldownOverrideMinFlux"":0.02857,""cooldownOverrideMinBandRatio"":0.066978,""analyzeIntervalMs"":41}"
106,r008-0011-d1b7cdd2,8,286,6,2,1,0,114,"{""relativeReattackFactor"":3.471674,""relativeReattackMinDelta"":0.01169,""relativeFluxFactor"":1.4,""spectralNoveltyRatio"":3.24877,""spectralNoveltyMinBins"":54,""cooldownFrames"":5,""cooldownOverrideFactor"":2.426665,""cooldownOverrideMinFlux"":0.03,""cooldownOverrideMinBandRatio"":0.067828,""analyzeIntervalMs"":41}"
107,r008-0014-b701664c,8,286,6,2,1,0,114,"{""relativeReattackFactor"":3.626461,""relativeReattackMinDelta"":0.010605,""relativeFluxFactor"":1.4,""spectralNoveltyRatio"":3.158013,""spectralNoveltyMinBins"":54,""cooldownFrames"":5,""cooldownOverrideFactor"":2.441488,""cooldownOverrideMinFlux"":0.028183,""cooldownOverrideMinBandRatio"":0.067044,""analyzeIntervalMs"":41}"
108,r008-0030-477c4ff8,8,286,6,2,1,0,114,"{""relativeReattackFactor"":3.468649,""relativeReattackMinDelta"":0.01037,""relativeFluxFactor"":1.468818,""spectralNoveltyRatio"":3.390992,""spectralNoveltyMinBins"":54,""cooldownFrames"":5,""cooldownOverrideFactor"":2.66138,""cooldownOverrideMinFlux"":0.03,""cooldownOverrideMinBandRatio"":0.069349,""analyzeIntervalMs"":41}"
109,r008-0041-5381c0ae,8,286,6,2,1,0,114,"{""relativeReattackFactor"":3.418986,""relativeReattackMinDelta"":0.011305,""relativeFluxFactor"":1.4,""spectralNoveltyRatio"":3.25216,""spectralNoveltyMinBins"":58,""cooldownFrames"":5,""cooldownOverrideFactor"":2.58986,""cooldownOverrideMinFlux"":0.03,""cooldownOverrideMinBandRatio"":0.064446,""analyzeIntervalMs"":41}"
110,r008-0046-fb581b8c,8,286,6,2,1,0,114,"{""relativeReattackFactor"":3.549403,""relativeReattackMinDelta"":0.010651,""relativeFluxFactor"":1.544907,""spectralNoveltyRatio"":3.407073,""spectralNoveltyMinBins"":55,""cooldownFrames"":5,""cooldownOverrideFactor"":2.554209,""cooldownOverrideMinFlux"":0.03,""cooldownOverrideMinBandRatio"":0.06686,""analyzeIntervalMs"":41}"
111,r008-0048-3fd69a7c,8,286,6,2,1,0,114,"{""relativeReattackFactor"":3.412574,""relativeReattackMinDelta"":0.011379,""relativeFluxFactor"":1.453789,""spectralNoveltyRatio"":3.539889,""spectralNoveltyMinBins"":56,""cooldownFrames"":5,""cooldownOverrideFactor"":2.646859,""cooldownOverrideMinFlux"":0.029054,""cooldownOverrideMinBandRatio"":0.066157,""analyzeIntervalMs"":41}"
112,r008-0051-5a49f0ee,8,286,6,2,1,0,114,"{""relativeReattackFactor"":3.502636,""relativeReattackMinDelta"":0.010737,""relativeFluxFactor"":1.4,""spectralNoveltyRatio"":3.521416,""spectralNoveltyMinBins"":54,""cooldownFrames"":5,""cooldownOverrideFactor"":2.629104,""cooldownOverrideMinFlux"":0.029826,""cooldownOverrideMinBandRatio"":0.065079,""analyzeIntervalMs"":41}"
113,r008-0066-4efb9ef2,8,286,6,2,1,0,114,"{""relativeReattackFactor"":3.549652,""relativeReattackMinDelta"":0.011006,""relativeFluxFactor"":1.52671,""spectralNoveltyRatio"":3.497259,""spectralNoveltyMinBins"":55,""cooldownFrames"":5,""cooldownOverrideFactor"":2.41634,""cooldownOverrideMinFlux"":0.03,""cooldownOverrideMinBandRatio"":0.065859,""analyzeIntervalMs"":41}"
114,r009-0004-a2babb29,9,286,6,2,1,0,114,"{""relativeReattackFactor"":3.459146,""relativeReattackMinDelta"":0.011607,""relativeFluxFactor"":1.47742,""spectralNoveltyRatio"":3.463257,""spectralNoveltyMinBins"":55,""cooldownFrames"":5,""cooldownOverrideFactor"":2.626811,""cooldownOverrideMinFlux"":0.028685,""cooldownOverrideMinBandRatio"":0.070172,""analyzeIntervalMs"":41}"
115,r009-0005-ccc02690,9,286,6,2,1,0,114,"{""relativeReattackFactor"":3.503657,""relativeReattackMinDelta"":0.010311,""relativeFluxFactor"":1.553945,""spectralNoveltyRatio"":3.272249,""spectralNoveltyMinBins"":54,""cooldownFrames"":5,""cooldownOverrideFactor"":2.661269,""cooldownOverrideMinFlux"":0.029386,""cooldownOverrideMinBandRatio"":0.072023,""analyzeIntervalMs"":41}"
116,r009-0012-b080c3ae,9,286,6,2,1,0,114,"{""relativeReattackFactor"":3.367758,""relativeReattackMinDelta"":0.011723,""relativeFluxFactor"":1.484541,""spectralNoveltyRatio"":3.545099,""spectralNoveltyMinBins"":55,""cooldownFrames"":5,""cooldownOverrideFactor"":2.468503,""cooldownOverrideMinFlux"":0.029228,""cooldownOverrideMinBandRatio"":0.067774,""analyzeIntervalMs"":41}"
117,r009-0045-4223c7c1,9,286,6,2,1,0,114,"{""relativeReattackFactor"":3.566277,""relativeReattackMinDelta"":0.009094,""relativeFluxFactor"":1.556243,""spectralNoveltyRatio"":3.506191,""spectralNoveltyMinBins"":55,""cooldownFrames"":5,""cooldownOverrideFactor"":2.783691,""cooldownOverrideMinFlux"":0.03,""cooldownOverrideMinBandRatio"":0.071149,""analyzeIntervalMs"":41}"
118,r009-0070-c86fbbe8,9,286,6,2,1,0,114,"{""relativeReattackFactor"":3.528337,""relativeReattackMinDelta"":0.009088,""relativeFluxFactor"":1.584222,""spectralNoveltyRatio"":3.414785,""spectralNoveltyMinBins"":54,""cooldownFrames"":5,""cooldownOverrideFactor"":2.637015,""cooldownOverrideMinFlux"":0.029649,""cooldownOverrideMinBandRatio"":0.071107,""analyzeIntervalMs"":41}"
119,r009-0079-a49ef0e7,9,286,6,2,1,0,114,"{""relativeReattackFactor"":3.410837,""relativeReattackMinDelta"":0.011699,""relativeFluxFactor"":1.454856,""spectralNoveltyRatio"":3.551967,""spectralNoveltyMinBins"":55,""cooldownFrames"":5,""cooldownOverrideFactor"":2.699717,""cooldownOverrideMinFlux"":0.029202,""cooldownOverrideMinBandRatio"":0.069604,""analyzeIntervalMs"":41}"
120,r010-0005-56857fcd,10,286,6,2,1,0,114,"{""relativeReattackFactor"":3.449213,""relativeReattackMinDelta"":0.010197,""relativeFluxFactor"":1.453483,""spectralNoveltyRatio"":3.343773,""spectralNoveltyMinBins"":55,""cooldownFrames"":5,""cooldownOverrideFactor"":2.630838,""cooldownOverrideMinFlux"":0.029767,""cooldownOverrideMinBandRatio"":0.07114,""analyzeIntervalMs"":41}"
121,r010-0019-24d57094,10,286,6,2,1,0,114,"{""relativeReattackFactor"":3.413487,""relativeReattackMinDelta"":0.010391,""relativeFluxFactor"":1.4,""spectralNoveltyRatio"":3.413227,""spectralNoveltyMinBins"":58,""cooldownFrames"":5,""cooldownOverrideFactor"":2.700401,""cooldownOverrideMinFlux"":0.028552,""cooldownOverrideMinBandRatio"":0.065783,""analyzeIntervalMs"":41}"
122,r010-0030-e5198c50,10,286,6,2,1,0,114,"{""relativeReattackFactor"":3.450208,""relativeReattackMinDelta"":0.00975,""relativeFluxFactor"":1.493634,""spectralNoveltyRatio"":3.218326,""spectralNoveltyMinBins"":55,""cooldownFrames"":5,""cooldownOverrideFactor"":2.640954,""cooldownOverrideMinFlux"":0.03,""cooldownOverrideMinBandRatio"":0.073662,""analyzeIntervalMs"":41}"
123,r010-0031-278829c7,10,286,6,2,1,0,114,"{""relativeReattackFactor"":3.526468,""relativeReattackMinDelta"":0.011686,""relativeFluxFactor"":1.494085,""spectralNoveltyRatio"":3.508023,""spectralNoveltyMinBins"":55,""cooldownFrames"":5,""cooldownOverrideFactor"":2.513777,""cooldownOverrideMinFlux"":0.03,""cooldownOverrideMinBandRatio"":0.063941,""analyzeIntervalMs"":41}"
124,r010-0033-50635fcb,10,286,6,2,1,0,114,"{""relativeReattackFactor"":3.658235,""relativeReattackMinDelta"":0.011009,""relativeFluxFactor"":1.56293,""spectralNoveltyRatio"":3.232852,""spectralNoveltyMinBins"":55,""cooldownFrames"":5,""cooldownOverrideFactor"":2.622224,""cooldownOverrideMinFlux"":0.029075,""cooldownOverrideMinBandRatio"":0.070482,""analyzeIntervalMs"":41}"
125,r010-0035-34edf7fa,10,286,6,2,1,0,114,"{""relativeReattackFactor"":3.643131,""relativeReattackMinDelta"":0.009249,""relativeFluxFactor"":1.4,""spectralNoveltyRatio"":3.414625,""spectralNoveltyMinBins"":55,""cooldownFrames"":5,""cooldownOverrideFactor"":2.615204,""cooldownOverrideMinFlux"":0.03,""cooldownOverrideMinBandRatio"":0.071454,""analyzeIntervalMs"":41}"
126,r010-0036-06d576db,10,286,6,2,1,0,114,"{""relativeReattackFactor"":3.446943,""relativeReattackMinDelta"":0.01216,""relativeFluxFactor"":1.521182,""spectralNoveltyRatio"":3.451141,""spectralNoveltyMinBins"":55,""cooldownFrames"":5,""cooldownOverrideFactor"":2.568399,""cooldownOverrideMinFlux"":0.03,""cooldownOverrideMinBandRatio"":0.068838,""analyzeIntervalMs"":41}"
127,r010-0039-23f37f8d,10,286,6,2,1,0,114,"{""relativeReattackFactor"":3.343743,""relativeReattackMinDelta"":0.011126,""relativeFluxFactor"":1.4,""spectralNoveltyRatio"":3.493825,""spectralNoveltyMinBins"":58,""cooldownFrames"":5,""cooldownOverrideFactor"":2.661708,""cooldownOverrideMinFlux"":0.03,""cooldownOverrideMinBandRatio"":0.067336,""analyzeIntervalMs"":41}"
128,r010-0042-12500058,10,286,6,2,1,0,114,"{""relativeReattackFactor"":3.376821,""relativeReattackMinDelta"":0.011151,""relativeFluxFactor"":1.4,""spectralNoveltyRatio"":3.424604,""spectralNoveltyMinBins"":56,""cooldownFrames"":5,""cooldownOverrideFactor"":2.655286,""cooldownOverrideMinFlux"":0.03,""cooldownOverrideMinBandRatio"":0.069465,""analyzeIntervalMs"":41}"
129,r010-0055-4465e934,10,286,6,2,1,0,114,"{""relativeReattackFactor"":3.506117,""relativeReattackMinDelta"":0.009272,""relativeFluxFactor"":1.423781,""spectralNoveltyRatio"":3.444499,""spectralNoveltyMinBins"":54,""cooldownFrames"":5,""cooldownOverrideFactor"":2.752812,""cooldownOverrideMinFlux"":0.03,""cooldownOverrideMinBandRatio"":0.069528,""analyzeIntervalMs"":41}"
130,r010-0056-e9621f56,10,286,6,2,1,0,114,"{""relativeReattackFactor"":3.413531,""relativeReattackMinDelta"":0.01177,""relativeFluxFactor"":1.4,""spectralNoveltyRatio"":3.491496,""spectralNoveltyMinBins"":57,""cooldownFrames"":5,""cooldownOverrideFactor"":2.592951,""cooldownOverrideMinFlux"":0.02994,""cooldownOverrideMinBandRatio"":0.067624,""analyzeIntervalMs"":41}"
131,r010-0059-fc2a3dcd,10,286,6,2,1,0,114,"{""relativeReattackFactor"":3.52511,""relativeReattackMinDelta"":0.011084,""relativeFluxFactor"":1.434574,""spectralNoveltyRatio"":3.371864,""spectralNoveltyMinBins"":55,""cooldownFrames"":5,""cooldownOverrideFactor"":2.537996,""cooldownOverrideMinFlux"":0.03,""cooldownOverrideMinBandRatio"":0.07013,""analyzeIntervalMs"":41}"
132,r010-0064-d7973ad0,10,286,6,2,1,0,114,"{""relativeReattackFactor"":3.357884,""relativeReattackMinDelta"":0.010485,""relativeFluxFactor"":1.4,""spectralNoveltyRatio"":3.555423,""spectralNoveltyMinBins"":55,""cooldownFrames"":5,""cooldownOverrideFactor"":2.50944,""cooldownOverrideMinFlux"":0.028604,""cooldownOverrideMinBandRatio"":0.069808,""analyzeIntervalMs"":41}"
133,r010-0076-dc615f4e,10,286,6,2,1,0,114,"{""relativeReattackFactor"":3.367159,""relativeReattackMinDelta"":0.011528,""relativeFluxFactor"":1.543453,""spectralNoveltyRatio"":3.34669,""spectralNoveltyMinBins"":56,""cooldownFrames"":5,""cooldownOverrideFactor"":2.616832,""cooldownOverrideMinFlux"":0.029263,""cooldownOverrideMinBandRatio"":0.066403,""analyzeIntervalMs"":41}"
134,r011-0002-88565738,11,286,6,2,1,0,114,"{""relativeReattackFactor"":3.40941,""relativeReattackMinDelta"":0.011444,""relativeFluxFactor"":1.422848,""spectralNoveltyRatio"":3.519147,""spectralNoveltyMinBins"":57,""cooldownFrames"":5,""cooldownOverrideFactor"":2.448457,""cooldownOverrideMinFlux"":0.03,""cooldownOverrideMinBandRatio"":0.066798,""analyzeIntervalMs"":41}"
135,r011-0003-3b3eb15a,11,286,6,2,1,0,114,"{""relativeReattackFactor"":3.577845,""relativeReattackMinDelta"":0.011944,""relativeFluxFactor"":1.552944,""spectralNoveltyRatio"":3.110316,""spectralNoveltyMinBins"":55,""cooldownFrames"":5,""cooldownOverrideFactor"":2.506568,""cooldownOverrideMinFlux"":0.03,""cooldownOverrideMinBandRatio"":0.070277,""analyzeIntervalMs"":41}"
136,r011-0009-90cb9876,11,286,6,2,1,0,114,"{""relativeReattackFactor"":3.35903,""relativeReattackMinDelta"":0.01143,""relativeFluxFactor"":1.43383,""spectralNoveltyRatio"":3.416355,""spectralNoveltyMinBins"":56,""cooldownFrames"":5,""cooldownOverrideFactor"":2.500786,""cooldownOverrideMinFlux"":0.029985,""cooldownOverrideMinBandRatio"":0.066512,""analyzeIntervalMs"":41}"
137,r011-0010-24293d1f,11,286,6,2,1,0,114,"{""relativeReattackFactor"":3.614848,""relativeReattackMinDelta"":0.010462,""relativeFluxFactor"":1.552053,""spectralNoveltyRatio"":3.466484,""spectralNoveltyMinBins"":54,""cooldownFrames"":5,""cooldownOverrideFactor"":2.555825,""cooldownOverrideMinFlux"":0.029954,""cooldownOverrideMinBandRatio"":0.069477,""analyzeIntervalMs"":41}"
138,r011-0015-40c63ea0,11,286,6,2,1,0,114,"{""relativeReattackFactor"":3.588856,""relativeReattackMinDelta"":0.010062,""relativeFluxFactor"":1.4,""spectralNoveltyRatio"":3.44081,""spectralNoveltyMinBins"":55,""cooldownFrames"":5,""cooldownOverrideFactor"":2.797688,""cooldownOverrideMinFlux"":0.029272,""cooldownOverrideMinBandRatio"":0.069161,""analyzeIntervalMs"":41}"
139,r011-0019-d1188699,11,286,6,2,1,0,114,"{""relativeReattackFactor"":3.38743,""relativeReattackMinDelta"":0.010426,""relativeFluxFactor"":1.4,""spectralNoveltyRatio"":3.355023,""spectralNoveltyMinBins"":56,""cooldownFrames"":5,""cooldownOverrideFactor"":2.586129,""cooldownOverrideMinFlux"":0.029807,""cooldownOverrideMinBandRatio"":0.0708,""analyzeIntervalMs"":41}"
140,r011-0020-aa1bed54,11,286,6,2,1,0,114,"{""relativeReattackFactor"":3.447002,""relativeReattackMinDelta"":0.009934,""relativeFluxFactor"":1.551651,""spectralNoveltyRatio"":3.333157,""spectralNoveltyMinBins"":54,""cooldownFrames"":5,""cooldownOverrideFactor"":2.688358,""cooldownOverrideMinFlux"":0.03,""cooldownOverrideMinBandRatio"":0.07336,""analyzeIntervalMs"":41}"
141,r011-0021-b06a5fa7,11,286,6,2,1,0,114,"{""relativeReattackFactor"":3.346481,""relativeReattackMinDelta"":0.011938,""relativeFluxFactor"":1.4,""spectralNoveltyRatio"":3.382531,""spectralNoveltyMinBins"":58,""cooldownFrames"":5,""cooldownOverrideFactor"":2.629961,""cooldownOverrideMinFlux"":0.03,""cooldownOverrideMinBandRatio"":0.068718,""analyzeIntervalMs"":41}"
142,r011-0029-e39229b3,11,286,6,2,1,0,114,"{""relativeReattackFactor"":3.430015,""relativeReattackMinDelta"":0.0106,""relativeFluxFactor"":1.475782,""spectralNoveltyRatio"":3.372829,""spectralNoveltyMinBins"":55,""cooldownFrames"":5,""cooldownOverrideFactor"":2.517087,""cooldownOverrideMinFlux"":0.029496,""cooldownOverrideMinBandRatio"":0.06816,""analyzeIntervalMs"":41}"
143,r011-0030-ffc2cae5,11,286,6,2,1,0,114,"{""relativeReattackFactor"":3.601368,""relativeReattackMinDelta"":0.009724,""relativeFluxFactor"":1.465247,""spectralNoveltyRatio"":3.309367,""spectralNoveltyMinBins"":54,""cooldownFrames"":5,""cooldownOverrideFactor"":2.737598,""cooldownOverrideMinFlux"":0.029352,""cooldownOverrideMinBandRatio"":0.070386,""analyzeIntervalMs"":41}"
144,r011-0041-4ba9da00,11,286,6,2,1,0,114,"{""relativeReattackFactor"":3.405813,""relativeReattackMinDelta"":0.011971,""relativeFluxFactor"":1.4,""spectralNoveltyRatio"":3.503612,""spectralNoveltyMinBins"":57,""cooldownFrames"":5,""cooldownOverrideFactor"":2.589253,""cooldownOverrideMinFlux"":0.029288,""cooldownOverrideMinBandRatio"":0.064929,""analyzeIntervalMs"":41}"
145,r011-0042-406e6b50,11,286,6,2,1,0,114,"{""relativeReattackFactor"":3.350009,""relativeReattackMinDelta"":0.01052,""relativeFluxFactor"":1.565868,""spectralNoveltyRatio"":3.520762,""spectralNoveltyMinBins"":57,""cooldownFrames"":5,""cooldownOverrideFactor"":2.519583,""cooldownOverrideMinFlux"":0.03,""cooldownOverrideMinBandRatio"":0.068175,""analyzeIntervalMs"":41}"
146,r011-0044-1c9e5c1b,11,286,6,2,1,0,114,"{""relativeReattackFactor"":3.348497,""relativeReattackMinDelta"":0.010427,""relativeFluxFactor"":1.4,""spectralNoveltyRatio"":3.489261,""spectralNoveltyMinBins"":57,""cooldownFrames"":5,""cooldownOverrideFactor"":2.560032,""cooldownOverrideMinFlux"":0.03,""cooldownOverrideMinBandRatio"":0.068452,""analyzeIntervalMs"":41}"
147,r011-0047-0a34bb35,11,286,6,2,1,0,114,"{""relativeReattackFactor"":3.464738,""relativeReattackMinDelta"":0.010907,""relativeFluxFactor"":1.585546,""spectralNoveltyRatio"":3.462078,""spectralNoveltyMinBins"":55,""cooldownFrames"":5,""cooldownOverrideFactor"":2.60613,""cooldownOverrideMinFlux"":0.03,""cooldownOverrideMinBandRatio"":0.065514,""analyzeIntervalMs"":41}"
148,r011-0050-2f695fc1,11,286,6,2,1,0,114,"{""relativeReattackFactor"":3.598001,""relativeReattackMinDelta"":0.009115,""relativeFluxFactor"":1.589251,""spectralNoveltyRatio"":3.520977,""spectralNoveltyMinBins"":54,""cooldownFrames"":5,""cooldownOverrideFactor"":2.751636,""cooldownOverrideMinFlux"":0.029706,""cooldownOverrideMinBandRatio"":0.069325,""analyzeIntervalMs"":41}"
149,r011-0068-3d940fe4,11,286,6,2,1,0,114,"{""relativeReattackFactor"":3.498717,""relativeReattackMinDelta"":0.010835,""relativeFluxFactor"":1.421248,""spectralNoveltyRatio"":3.224046,""spectralNoveltyMinBins"":55,""cooldownFrames"":5,""cooldownOverrideFactor"":2.677854,""cooldownOverrideMinFlux"":0.03,""cooldownOverrideMinBandRatio"":0.066613,""analyzeIntervalMs"":41}"
150,r011-0076-950d758e,11,286,6,2,1,0,114,"{""relativeReattackFactor"":3.358972,""relativeReattackMinDelta"":0.010974,""relativeFluxFactor"":1.488783,""spectralNoveltyRatio"":3.356903,""spectralNoveltyMinBins"":56,""cooldownFrames"":5,""cooldownOverrideFactor"":2.592412,""cooldownOverrideMinFlux"":0.03,""cooldownOverrideMinBandRatio"":0.066574,""analyzeIntervalMs"":41}"
151,r012-0002-e0cdc8ab,12,286,6,2,1,0,114,"{""relativeReattackFactor"":3.370719,""relativeReattackMinDelta"":0.011443,""relativeFluxFactor"":1.4,""spectralNoveltyRatio"":3.524852,""spectralNoveltyMinBins"":56,""cooldownFrames"":5,""cooldownOverrideFactor"":2.658323,""cooldownOverrideMinFlux"":0.028985,""cooldownOverrideMinBandRatio"":0.066094,""analyzeIntervalMs"":41}"
152,r012-0015-2100839d,12,286,6,2,1,0,114,"{""relativeReattackFactor"":3.635823,""relativeReattackMinDelta"":0.01001,""relativeFluxFactor"":1.5192,""spectralNoveltyRatio"":3.430708,""spectralNoveltyMinBins"":55,""cooldownFrames"":5,""cooldownOverrideFactor"":2.740872,""cooldownOverrideMinFlux"":0.029237,""cooldownOverrideMinBandRatio"":0.070926,""analyzeIntervalMs"":41}"
153,r012-0017-e333f304,12,286,6,2,1,0,114,"{""relativeReattackFactor"":3.352912,""relativeReattackMinDelta"":0.011142,""relativeFluxFactor"":1.595296,""spectralNoveltyRatio"":3.448161,""spectralNoveltyMinBins"":57,""cooldownFrames"":5,""cooldownOverrideFactor"":2.506576,""cooldownOverrideMinFlux"":0.029737,""cooldownOverrideMinBandRatio"":0.069061,""analyzeIntervalMs"":41}"
154,r012-0019-b1167fe3,12,286,6,2,1,0,114,"{""relativeReattackFactor"":3.365738,""relativeReattackMinDelta"":0.010144,""relativeFluxFactor"":1.447885,""spectralNoveltyRatio"":3.485955,""spectralNoveltyMinBins"":58,""cooldownFrames"":5,""cooldownOverrideFactor"":2.636528,""cooldownOverrideMinFlux"":0.029356,""cooldownOverrideMinBandRatio"":0.06746,""analyzeIntervalMs"":41}"
155,r012-0020-d126de61,12,286,6,2,1,0,114,"{""relativeReattackFactor"":3.578233,""relativeReattackMinDelta"":0.009414,""relativeFluxFactor"":1.597799,""spectralNoveltyRatio"":3.446347,""spectralNoveltyMinBins"":54,""cooldownFrames"":5,""cooldownOverrideFactor"":2.611605,""cooldownOverrideMinFlux"":0.03,""cooldownOverrideMinBandRatio"":0.068989,""analyzeIntervalMs"":41}"
156,r012-0025-6b74f6a6,12,286,6,2,1,0,114,"{""relativeReattackFactor"":3.559129,""relativeReattackMinDelta"":0.009962,""relativeFluxFactor"":1.563005,""spectralNoveltyRatio"":3.242192,""spectralNoveltyMinBins"":54,""cooldownFrames"":5,""cooldownOverrideFactor"":2.699733,""cooldownOverrideMinFlux"":0.029139,""cooldownOverrideMinBandRatio"":0.073202,""analyzeIntervalMs"":41}"
157,r012-0026-d8ba537d,12,286,6,2,1,0,114,"{""relativeReattackFactor"":3.35451,""relativeReattackMinDelta"":0.011244,""relativeFluxFactor"":1.4,""spectralNoveltyRatio"":3.353625,""spectralNoveltyMinBins"":57,""cooldownFrames"":5,""cooldownOverrideFactor"":2.629141,""cooldownOverrideMinFlux"":0.03,""cooldownOverrideMinBandRatio"":0.066586,""analyzeIntervalMs"":41}"
158,r012-0035-772b6629,12,286,6,2,1,0,114,"{""relativeReattackFactor"":3.549692,""relativeReattackMinDelta"":0.010522,""relativeFluxFactor"":1.41641,""spectralNoveltyRatio"":3.403946,""spectralNoveltyMinBins"":55,""cooldownFrames"":5,""cooldownOverrideFactor"":2.574321,""cooldownOverrideMinFlux"":0.029414,""cooldownOverrideMinBandRatio"":0.068729,""analyzeIntervalMs"":41}"
159,r012-0042-54f4b484,12,286,6,2,1,0,114,"{""relativeReattackFactor"":3.358298,""relativeReattackMinDelta"":0.011329,""relativeFluxFactor"":1.4,""spectralNoveltyRatio"":3.483548,""spectralNoveltyMinBins"":57,""cooldownFrames"":5,""cooldownOverrideFactor"":2.465904,""cooldownOverrideMinFlux"":0.029901,""cooldownOverrideMinBandRatio"":0.067061,""analyzeIntervalMs"":41}"
160,r012-0058-fad7ee46,12,286,6,2,1,0,114,"{""relativeReattackFactor"":3.639857,""relativeReattackMinDelta"":0.012341,""relativeFluxFactor"":1.4,""spectralNoveltyRatio"":3.124337,""spectralNoveltyMinBins"":55,""cooldownFrames"":5,""cooldownOverrideFactor"":2.624514,""cooldownOverrideMinFlux"":0.03,""cooldownOverrideMinBandRatio"":0.070649,""analyzeIntervalMs"":41}"
161,r012-0060-62d0c71a,12,286,6,2,1,0,114,"{""relativeReattackFactor"":3.552984,""relativeReattackMinDelta"":0.01052,""relativeFluxFactor"":1.4,""spectralNoveltyRatio"":3.463401,""spectralNoveltyMinBins"":55,""cooldownFrames"":5,""cooldownOverrideFactor"":2.595372,""cooldownOverrideMinFlux"":0.029053,""cooldownOverrideMinBandRatio"":0.072763,""analyzeIntervalMs"":41}"
162,r012-0067-ebe64246,12,286,6,2,1,0,114,"{""relativeReattackFactor"":3.407684,""relativeReattackMinDelta"":0.011888,""relativeFluxFactor"":1.489488,""spectralNoveltyRatio"":3.733287,""spectralNoveltyMinBins"":54,""cooldownFrames"":5,""cooldownOverrideFactor"":2.640479,""cooldownOverrideMinFlux"":0.028997,""cooldownOverrideMinBandRatio"":0.067678,""analyzeIntervalMs"":41}"
163,r012-0076-6b0ae0c6,12,286,6,2,1,0,114,"{""relativeReattackFactor"":3.494059,""relativeReattackMinDelta"":0.010853,""relativeFluxFactor"":1.4,""spectralNoveltyRatio"":3.467499,""spectralNoveltyMinBins"":54,""cooldownFrames"":5,""cooldownOverrideFactor"":2.541501,""cooldownOverrideMinFlux"":0.03,""cooldownOverrideMinBandRatio"":0.066478,""analyzeIntervalMs"":41}"
164,r008-0052-30920265,8,283,6,4,0,0,111,"{""relativeReattackFactor"":3.473938,""relativeReattackMinDelta"":0.011183,""relativeFluxFactor"":1.537514,""spectralNoveltyRatio"":3.600962,""spectralNoveltyMinBins"":59,""cooldownFrames"":5,""cooldownOverrideFactor"":2.644741,""cooldownOverrideMinFlux"":0.03,""cooldownOverrideMinBandRatio"":0.067751,""analyzeIntervalMs"":41}"
165,r011-0039-ef6be195,11,283,6,4,0,0,111,"{""relativeReattackFactor"":3.515272,""relativeReattackMinDelta"":0.010167,""relativeFluxFactor"":1.4,""spectralNoveltyRatio"":3.686958,""spectralNoveltyMinBins"":59,""cooldownFrames"":5,""cooldownOverrideFactor"":2.491083,""cooldownOverrideMinFlux"":0.029418,""cooldownOverrideMinBandRatio"":0.067158,""analyzeIntervalMs"":41}"
166,r012-0034-6c3f64ed,12,283,6,4,0,0,111,"{""relativeReattackFactor"":3.517644,""relativeReattackMinDelta"":0.010097,""relativeFluxFactor"":1.475551,""spectralNoveltyRatio"":3.672108,""spectralNoveltyMinBins"":59,""cooldownFrames"":5,""cooldownOverrideFactor"":2.675433,""cooldownOverrideMinFlux"":0.03,""cooldownOverrideMinBandRatio"":0.067475,""analyzeIntervalMs"":41}"
167,r008-0017-c52a2dc2,8,280,6,3,1,0,112,"{""relativeReattackFactor"":3.389782,""relativeReattackMinDelta"":0.01175,""relativeFluxFactor"":1.662932,""spectralNoveltyRatio"":3.411643,""spectralNoveltyMinBins"":59,""cooldownFrames"":5,""cooldownOverrideFactor"":2.624097,""cooldownOverrideMinFlux"":0.029112,""cooldownOverrideMinBandRatio"":0.071788,""analyzeIntervalMs"":41}"
168,r009-0024-571412fd,9,280,6,3,1,0,113,"{""relativeReattackFactor"":3.423874,""relativeReattackMinDelta"":0.011588,""relativeFluxFactor"":1.49832,""spectralNoveltyRatio"":3.385501,""spectralNoveltyMinBins"":59,""cooldownFrames"":5,""cooldownOverrideFactor"":2.70609,""cooldownOverrideMinFlux"":0.028768,""cooldownOverrideMinBandRatio"":0.065813,""analyzeIntervalMs"":41}"
169,r002-0003-383f0761,2,280,6,2,2,0,114,"{""relativeReattackFactor"":3.501594,""relativeReattackMinDelta"":0.013924,""relativeFluxFactor"":2.017136,""spectralNoveltyRatio"":2.936037,""spectralNoveltyMinBins"":50,""cooldownFrames"":5,""cooldownOverrideFactor"":2.413465,""cooldownOverrideMinFlux"":0.02846,""cooldownOverrideMinBandRatio"":0.057279,""analyzeIntervalMs"":41}"
170,r003-0011-2caecc4d,3,280,6,2,2,0,114,"{""relativeReattackFactor"":3.63208,""relativeReattackMinDelta"":0.016113,""relativeFluxFactor"":1.997728,""spectralNoveltyRatio"":2.976027,""spectralNoveltyMinBins"":50,""cooldownFrames"":5,""cooldownOverrideFactor"":2.562567,""cooldownOverrideMinFlux"":0.027051,""cooldownOverrideMinBandRatio"":0.059256,""analyzeIntervalMs"":41}"
171,r003-0016-bb587e9f,3,280,6,2,2,0,116,"{""relativeReattackFactor"":3.526931,""relativeReattackMinDelta"":0.012414,""relativeFluxFactor"":1.673238,""spectralNoveltyRatio"":2.942042,""spectralNoveltyMinBins"":47,""cooldownFrames"":5,""cooldownOverrideFactor"":2.342922,""cooldownOverrideMinFlux"":0.027212,""cooldownOverrideMinBandRatio"":0.063684,""analyzeIntervalMs"":41}"
172,r004-0001-e0cc3f60,4,280,6,2,2,0,116,"{""relativeReattackFactor"":3.439978,""relativeReattackMinDelta"":0.012134,""relativeFluxFactor"":1.799904,""spectralNoveltyRatio"":2.68885,""spectralNoveltyMinBins"":47,""cooldownFrames"":5,""cooldownOverrideFactor"":2.636503,""cooldownOverrideMinFlux"":0.028634,""cooldownOverrideMinBandRatio"":0.058322,""analyzeIntervalMs"":41}"
173,r004-0013-f08ae7b4,4,280,6,2,2,0,116,"{""relativeReattackFactor"":3.598391,""relativeReattackMinDelta"":0.011701,""relativeFluxFactor"":1.459799,""spectralNoveltyRatio"":3.112092,""spectralNoveltyMinBins"":51,""cooldownFrames"":5,""cooldownOverrideFactor"":2.432999,""cooldownOverrideMinFlux"":0.029133,""cooldownOverrideMinBandRatio"":0.066511,""analyzeIntervalMs"":41}"
174,r004-0018-42f1548d,4,280,6,2,2,0,119,"{""relativeReattackFactor"":3.475909,""relativeReattackMinDelta"":0.012889,""relativeFluxFactor"":1.419346,""spectralNoveltyRatio"":2.609936,""spectralNoveltyMinBins"":45,""cooldownFrames"":5,""cooldownOverrideFactor"":2.125223,""cooldownOverrideMinFlux"":0.025545,""cooldownOverrideMinBandRatio"":0.062625,""analyzeIntervalMs"":41}"
175,r004-0023-322598e1,4,280,6,2,2,0,119,"{""relativeReattackFactor"":3.448738,""relativeReattackMinDelta"":0.012033,""relativeFluxFactor"":1.420131,""spectralNoveltyRatio"":2.747479,""spectralNoveltyMinBins"":46,""cooldownFrames"":5,""cooldownOverrideFactor"":2.588746,""cooldownOverrideMinFlux"":0.027966,""cooldownOverrideMinBandRatio"":0.062239,""analyzeIntervalMs"":41}"
176,r004-0053-5cb1d483,4,280,6,2,2,0,115,"{""relativeReattackFactor"":3.562532,""relativeReattackMinDelta"":0.013554,""relativeFluxFactor"":1.828304,""spectralNoveltyRatio"":2.826456,""spectralNoveltyMinBins"":47,""cooldownFrames"":5,""cooldownOverrideFactor"":2.289303,""cooldownOverrideMinFlux"":0.027257,""cooldownOverrideMinBandRatio"":0.062376,""analyzeIntervalMs"":41}"
177,r004-0072-e01417ee,4,280,6,2,2,0,115,"{""relativeReattackFactor"":3.606899,""relativeReattackMinDelta"":0.01488,""relativeFluxFactor"":2.113349,""spectralNoveltyRatio"":2.703133,""spectralNoveltyMinBins"":48,""cooldownFrames"":5,""cooldownOverrideFactor"":2.68103,""cooldownOverrideMinFlux"":0.025611,""cooldownOverrideMinBandRatio"":0.063409,""analyzeIntervalMs"":41}"
178,r005-0008-14b2f45e,5,280,6,2,2,0,117,"{""relativeReattackFactor"":3.509717,""relativeReattackMinDelta"":0.012975,""relativeFluxFactor"":1.6476,""spectralNoveltyRatio"":3.064804,""spectralNoveltyMinBins"":44,""cooldownFrames"":5,""cooldownOverrideFactor"":2.17127,""cooldownOverrideMinFlux"":0.028402,""cooldownOverrideMinBandRatio"":0.060974,""analyzeIntervalMs"":41}"
179,r005-0018-b0c3d8db,5,280,6,2,2,0,116,"{""relativeReattackFactor"":3.513777,""relativeReattackMinDelta"":0.011403,""relativeFluxFactor"":1.594286,""spectralNoveltyRatio"":2.639017,""spectralNoveltyMinBins"":50,""cooldownFrames"":5,""cooldownOverrideFactor"":2.316574,""cooldownOverrideMinFlux"":0.028874,""cooldownOverrideMinBandRatio"":0.064018,""analyzeIntervalMs"":41}"
180,r005-0020-8b402dd5,5,280,6,2,2,0,115,"{""relativeReattackFactor"":3.536584,""relativeReattackMinDelta"":0.01317,""relativeFluxFactor"":1.4,""spectralNoveltyRatio"":2.805107,""spectralNoveltyMinBins"":54,""cooldownFrames"":5,""cooldownOverrideFactor"":2.499815,""cooldownOverrideMinFlux"":0.029389,""cooldownOverrideMinBandRatio"":0.067959,""analyzeIntervalMs"":41}"
181,r005-0025-3514f34f,5,280,6,2,2,0,115,"{""relativeReattackFactor"":3.758898,""relativeReattackMinDelta"":0.011342,""relativeFluxFactor"":1.4,""spectralNoveltyRatio"":3.294801,""spectralNoveltyMinBins"":51,""cooldownFrames"":5,""cooldownOverrideFactor"":2.643237,""cooldownOverrideMinFlux"":0.028524,""cooldownOverrideMinBandRatio"":0.06636,""analyzeIntervalMs"":41}"
182,r005-0029-5219b98c,5,280,6,2,2,0,114,"{""relativeReattackFactor"":3.581233,""relativeReattackMinDelta"":0.012335,""relativeFluxFactor"":1.966068,""spectralNoveltyRatio"":2.731712,""spectralNoveltyMinBins"":49,""cooldownFrames"":5,""cooldownOverrideFactor"":2.807611,""cooldownOverrideMinFlux"":0.026953,""cooldownOverrideMinBandRatio"":0.062109,""analyzeIntervalMs"":41}"
183,r005-0030-a5e46aa5,5,280,6,2,2,0,115,"{""relativeReattackFactor"":3.615,""relativeReattackMinDelta"":0.011268,""relativeFluxFactor"":1.43717,""spectralNoveltyRatio"":3.312152,""spectralNoveltyMinBins"":49,""cooldownFrames"":5,""cooldownOverrideFactor"":2.366769,""cooldownOverrideMinFlux"":0.029367,""cooldownOverrideMinBandRatio"":0.065315,""analyzeIntervalMs"":41}"
184,r005-0031-367238e9,5,280,6,2,2,0,114,"{""relativeReattackFactor"":3.490514,""relativeReattackMinDelta"":0.014938,""relativeFluxFactor"":1.769824,""spectralNoveltyRatio"":2.636868,""spectralNoveltyMinBins"":52,""cooldownFrames"":5,""cooldownOverrideFactor"":2.321915,""cooldownOverrideMinFlux"":0.028528,""cooldownOverrideMinBandRatio"":0.059703,""analyzeIntervalMs"":41}"
185,r005-0041-ab25e4c1,5,280,6,2,2,0,114,"{""relativeReattackFactor"":3.6193,""relativeReattackMinDelta"":0.013788,""relativeFluxFactor"":2.104803,""spectralNoveltyRatio"":3.206092,""spectralNoveltyMinBins"":48,""cooldownFrames"":5,""cooldownOverrideFactor"":2.566494,""cooldownOverrideMinFlux"":0.029969,""cooldownOverrideMinBandRatio"":0.053527,""analyzeIntervalMs"":41}"
186,r005-0048-dcea3dca,5,280,6,2,2,0,116,"{""relativeReattackFactor"":3.535459,""relativeReattackMinDelta"":0.011773,""relativeFluxFactor"":1.766537,""spectralNoveltyRatio"":3.00169,""spectralNoveltyMinBins"":44,""cooldownFrames"":5,""cooldownOverrideFactor"":2.44938,""cooldownOverrideMinFlux"":0.026071,""cooldownOverrideMinBandRatio"":0.067427,""analyzeIntervalMs"":41}"
187,r005-0049-c8b74d98,5,280,6,2,2,0,114,"{""relativeReattackFactor"":3.539453,""relativeReattackMinDelta"":0.011399,""relativeFluxFactor"":2.040537,""spectralNoveltyRatio"":2.739118,""spectralNoveltyMinBins"":50,""cooldownFrames"":5,""cooldownOverrideFactor"":2.597298,""cooldownOverrideMinFlux"":0.029531,""cooldownOverrideMinBandRatio"":0.063161,""analyzeIntervalMs"":41}"
188,r005-0057-e86156a4,5,280,6,2,2,0,113,"{""relativeReattackFactor"":3.689142,""relativeReattackMinDelta"":0.017031,""relativeFluxFactor"":2.093131,""spectralNoveltyRatio"":2.833263,""spectralNoveltyMinBins"":50,""cooldownFrames"":5,""cooldownOverrideFactor"":2.420138,""cooldownOverrideMinFlux"":0.028543,""cooldownOverrideMinBandRatio"":0.060638,""analyzeIntervalMs"":41}"
189,r005-0069-621f3099,5,280,6,2,2,0,117,"{""relativeReattackFactor"":3.614183,""relativeReattackMinDelta"":0.012669,""relativeFluxFactor"":1.649444,""spectralNoveltyRatio"":2.475874,""spectralNoveltyMinBins"":48,""cooldownFrames"":5,""cooldownOverrideFactor"":2.42605,""cooldownOverrideMinFlux"":0.028699,""cooldownOverrideMinBandRatio"":0.061067,""analyzeIntervalMs"":41}"
190,r005-0073-a68ff1e7,5,280,6,2,2,0,117,"{""relativeReattackFactor"":3.468934,""relativeReattackMinDelta"":0.012109,""relativeFluxFactor"":1.634969,""spectralNoveltyRatio"":2.628408,""spectralNoveltyMinBins"":45,""cooldownFrames"":5,""cooldownOverrideFactor"":2.464498,""cooldownOverrideMinFlux"":0.027844,""cooldownOverrideMinBandRatio"":0.0658,""analyzeIntervalMs"":41}"
191,r005-0076-cb4a68a1,5,280,6,2,2,0,114,"{""relativeReattackFactor"":3.66,""relativeReattackMinDelta"":0.013615,""relativeFluxFactor"":1.975177,""spectralNoveltyRatio"":2.847,""spectralNoveltyMinBins"":51,""cooldownFrames"":5,""cooldownOverrideFactor"":2.623531,""cooldownOverrideMinFlux"":0.028484,""cooldownOverrideMinBandRatio"":0.053566,""analyzeIntervalMs"":41}"
192,r005-0079-1fddbf6e,5,280,6,2,2,0,115,"{""relativeReattackFactor"":3.480858,""relativeReattackMinDelta"":0.011231,""relativeFluxFactor"":1.964966,""spectralNoveltyRatio"":2.578026,""spectralNoveltyMinBins"":46,""cooldownFrames"":5,""cooldownOverrideFactor"":2.767632,""cooldownOverrideMinFlux"":0.027313,""cooldownOverrideMinBandRatio"":0.060339,""analyzeIntervalMs"":41}"
193,r006-0019-f5bc0b07,6,280,6,2,2,0,116,"{""relativeReattackFactor"":3.457055,""relativeReattackMinDelta"":0.012439,""relativeFluxFactor"":1.797438,""spectralNoveltyRatio"":2.730421,""spectralNoveltyMinBins"":47,""cooldownFrames"":5,""cooldownOverrideFactor"":2.428898,""cooldownOverrideMinFlux"":0.02721,""cooldownOverrideMinBandRatio"":0.060411,""analyzeIntervalMs"":41}"
194,r006-0022-a5bcd799,6,280,6,2,2,0,114,"{""relativeReattackFactor"":3.461672,""relativeReattackMinDelta"":0.012993,""relativeFluxFactor"":2.054398,""spectralNoveltyRatio"":3.046056,""spectralNoveltyMinBins"":48,""cooldownFrames"":5,""cooldownOverrideFactor"":2.552153,""cooldownOverrideMinFlux"":0.027213,""cooldownOverrideMinBandRatio"":0.05928,""analyzeIntervalMs"":41}"
195,r006-0024-5919450f,6,280,6,2,2,0,117,"{""relativeReattackFactor"":3.486967,""relativeReattackMinDelta"":0.011518,""relativeFluxFactor"":1.656121,""spectralNoveltyRatio"":2.946847,""spectralNoveltyMinBins"":45,""cooldownFrames"":5,""cooldownOverrideFactor"":2.385203,""cooldownOverrideMinFlux"":0.028069,""cooldownOverrideMinBandRatio"":0.061382,""analyzeIntervalMs"":41}"
196,r006-0028-64f67039,6,280,6,2,2,0,113,"{""relativeReattackFactor"":3.70844,""relativeReattackMinDelta"":0.016903,""relativeFluxFactor"":2.114826,""spectralNoveltyRatio"":2.807673,""spectralNoveltyMinBins"":51,""cooldownFrames"":5,""cooldownOverrideFactor"":2.579683,""cooldownOverrideMinFlux"":0.026058,""cooldownOverrideMinBandRatio"":0.055863,""analyzeIntervalMs"":41}"
197,r006-0038-6d845888,6,280,6,2,2,0,114,"{""relativeReattackFactor"":3.528159,""relativeReattackMinDelta"":0.016156,""relativeFluxFactor"":1.903907,""spectralNoveltyRatio"":3.117068,""spectralNoveltyMinBins"":49,""cooldownFrames"":5,""cooldownOverrideFactor"":2.49556,""cooldownOverrideMinFlux"":0.02694,""cooldownOverrideMinBandRatio"":0.060016,""analyzeIntervalMs"":41}"
198,r006-0039-6f0adfbd,6,280,6,2,2,0,116,"{""relativeReattackFactor"":3.502105,""relativeReattackMinDelta"":0.012593,""relativeFluxFactor"":1.633489,""spectralNoveltyRatio"":3.119301,""spectralNoveltyMinBins"":47,""cooldownFrames"":5,""cooldownOverrideFactor"":2.198195,""cooldownOverrideMinFlux"":0.027428,""cooldownOverrideMinBandRatio"":0.061985,""analyzeIntervalMs"":41}"
199,r006-0049-d18ca6dd,6,280,6,2,2,0,116,"{""relativeReattackFactor"":3.598813,""relativeReattackMinDelta"":0.012651,""relativeFluxFactor"":1.498567,""spectralNoveltyRatio"":3.10067,""spectralNoveltyMinBins"":49,""cooldownFrames"":5,""cooldownOverrideFactor"":2.252204,""cooldownOverrideMinFlux"":0.025911,""cooldownOverrideMinBandRatio"":0.065257,""analyzeIntervalMs"":41}"
200,r006-0051-b02f366e,6,280,6,2,2,0,115,"{""relativeReattackFactor"":3.416671,""relativeReattackMinDelta"":0.010823,""relativeFluxFactor"":1.429533,""spectralNoveltyRatio"":3.356197,""spectralNoveltyMinBins"":55,""cooldownFrames"":5,""cooldownOverrideFactor"":2.355633,""cooldownOverrideMinFlux"":0.028689,""cooldownOverrideMinBandRatio"":0.071668,""analyzeIntervalMs"":41}"
201,r006-0067-d54a0006,6,280,6,2,2,0,114,"{""relativeReattackFactor"":3.447716,""relativeReattackMinDelta"":0.013005,""relativeFluxFactor"":1.817413,""spectralNoveltyRatio"":2.949916,""spectralNoveltyMinBins"":50,""cooldownFrames"":5,""cooldownOverrideFactor"":2.368649,""cooldownOverrideMinFlux"":0.029414,""cooldownOverrideMinBandRatio"":0.057549,""analyzeIntervalMs"":41}"
202,r006-0069-bed2b86e,6,280,6,2,2,0,116,"{""relativeReattackFactor"":3.675506,""relativeReattackMinDelta"":0.011555,""relativeFluxFactor"":1.523234,""spectralNoveltyRatio"":2.947666,""spectralNoveltyMinBins"":48,""cooldownFrames"":5,""cooldownOverrideFactor"":2.529354,""cooldownOverrideMinFlux"":0.027643,""cooldownOverrideMinBandRatio"":0.064219,""analyzeIntervalMs"":41}"
203,r006-0073-d2eee15b,6,280,6,2,2,0,114,"{""relativeReattackFactor"":3.510054,""relativeReattackMinDelta"":0.015992,""relativeFluxFactor"":1.794946,""spectralNoveltyRatio"":2.941751,""spectralNoveltyMinBins"":50,""cooldownFrames"":5,""cooldownOverrideFactor"":2.467205,""cooldownOverrideMinFlux"":0.026065,""cooldownOverrideMinBandRatio"":0.06115,""analyzeIntervalMs"":41}"
204,r006-0075-a0a19bc5,6,280,6,2,2,0,115,"{""relativeReattackFactor"":3.528098,""relativeReattackMinDelta"":0.011603,""relativeFluxFactor"":1.95362,""spectralNoveltyRatio"":2.507872,""spectralNoveltyMinBins"":49,""cooldownFrames"":5,""cooldownOverrideFactor"":2.76265,""cooldownOverrideMinFlux"":0.027199,""cooldownOverrideMinBandRatio"":0.060262,""analyzeIntervalMs"":41}"
205,r007-0002-c8ab2754,7,280,6,2,2,0,114,"{""relativeReattackFactor"":3.570993,""relativeReattackMinDelta"":0.013253,""relativeFluxFactor"":2.063684,""spectralNoveltyRatio"":3.009557,""spectralNoveltyMinBins"":48,""cooldownFrames"":5,""cooldownOverrideFactor"":2.434818,""cooldownOverrideMinFlux"":0.027937,""cooldownOverrideMinBandRatio"":0.058934,""analyzeIntervalMs"":41}"
206,r007-0004-18ba6116,7,280,6,2,2,0,116,"{""relativeReattackFactor"":3.614341,""relativeReattackMinDelta"":0.012966,""relativeFluxFactor"":1.635157,""spectralNoveltyRatio"":3.085119,""spectralNoveltyMinBins"":47,""cooldownFrames"":5,""cooldownOverrideFactor"":2.498867,""cooldownOverrideMinFlux"":0.026546,""cooldownOverrideMinBandRatio"":0.065722,""analyzeIntervalMs"":41}"
207,r007-0014-905b1ca4,7,280,6,2,2,0,117,"{""relativeReattackFactor"":3.443792,""relativeReattackMinDelta"":0.011367,""relativeFluxFactor"":1.542595,""spectralNoveltyRatio"":2.822033,""spectralNoveltyMinBins"":48,""cooldownFrames"":5,""cooldownOverrideFactor"":2.359454,""cooldownOverrideMinFlux"":0.028384,""cooldownOverrideMinBandRatio"":0.065019,""analyzeIntervalMs"":41}"
208,r007-0017-5898c34a,7,280,6,2,2,0,114,"{""relativeReattackFactor"":3.531552,""relativeReattackMinDelta"":0.014591,""relativeFluxFactor"":1.94435,""spectralNoveltyRatio"":2.741736,""spectralNoveltyMinBins"":50,""cooldownFrames"":5,""cooldownOverrideFactor"":2.556611,""cooldownOverrideMinFlux"":0.028743,""cooldownOverrideMinBandRatio"":0.054812,""analyzeIntervalMs"":41}"
209,r007-0020-c6cedd96,7,280,6,2,2,0,115,"{""relativeReattackFactor"":3.534318,""relativeReattackMinDelta"":0.012082,""relativeFluxFactor"":1.898877,""spectralNoveltyRatio"":2.740675,""spectralNoveltyMinBins"":48,""cooldownFrames"":5,""cooldownOverrideFactor"":2.782492,""cooldownOverrideMinFlux"":0.029543,""cooldownOverrideMinBandRatio"":0.059407,""analyzeIntervalMs"":41}"
210,r007-0038-fc22105c,7,280,6,2,2,0,114,"{""relativeReattackFactor"":3.710928,""relativeReattackMinDelta"":0.015662,""relativeFluxFactor"":1.964567,""spectralNoveltyRatio"":2.996435,""spectralNoveltyMinBins"":47,""cooldownFrames"":5,""cooldownOverrideFactor"":2.632565,""cooldownOverrideMinFlux"":0.02833,""cooldownOverrideMinBandRatio"":0.060517,""analyzeIntervalMs"":41}"
211,r007-0044-af2bf088,7,280,6,2,2,0,117,"{""relativeReattackFactor"":3.452526,""relativeReattackMinDelta"":0.011755,""relativeFluxFactor"":1.602482,""spectralNoveltyRatio"":2.92996,""spectralNoveltyMinBins"":47,""cooldownFrames"":5,""cooldownOverrideFactor"":2.386981,""cooldownOverrideMinFlux"":0.026279,""cooldownOverrideMinBandRatio"":0.061796,""analyzeIntervalMs"":41}"
212,r007-0049-37f1d82d,7,280,6,2,2,0,116,"{""relativeReattackFactor"":3.564727,""relativeReattackMinDelta"":0.01314,""relativeFluxFactor"":1.723414,""spectralNoveltyRatio"":2.841628,""spectralNoveltyMinBins"":47,""cooldownFrames"":5,""cooldownOverrideFactor"":2.41103,""cooldownOverrideMinFlux"":0.026962,""cooldownOverrideMinBandRatio"":0.064186,""analyzeIntervalMs"":41}"
213,r007-0050-ffe790d8,7,280,6,2,2,0,115,"{""relativeReattackFactor"":3.50771,""relativeReattackMinDelta"":0.012727,""relativeFluxFactor"":1.875435,""spectralNoveltyRatio"":2.533549,""spectralNoveltyMinBins"":47,""cooldownFrames"":5,""cooldownOverrideFactor"":2.778599,""cooldownOverrideMinFlux"":0.028583,""cooldownOverrideMinBandRatio"":0.05761,""analyzeIntervalMs"":41}"
214,r007-0053-3b53f0b8,7,280,6,2,2,0,114,"{""relativeReattackFactor"":3.553156,""relativeReattackMinDelta"":0.0161,""relativeFluxFactor"":2.099445,""spectralNoveltyRatio"":2.781385,""spectralNoveltyMinBins"":52,""cooldownFrames"":5,""cooldownOverrideFactor"":2.58742,""cooldownOverrideMinFlux"":0.027663,""cooldownOverrideMinBandRatio"":0.061714,""analyzeIntervalMs"":41}"
215,r007-0057-5a487abe,7,280,6,2,2,0,115,"{""relativeReattackFactor"":3.50566,""relativeReattackMinDelta"":0.013459,""relativeFluxFactor"":2.047686,""spectralNoveltyRatio"":2.711206,""spectralNoveltyMinBins"":48,""cooldownFrames"":5,""cooldownOverrideFactor"":2.337838,""cooldownOverrideMinFlux"":0.028803,""cooldownOverrideMinBandRatio"":0.054178,""analyzeIntervalMs"":41}"
216,r007-0059-12f8f54f,7,280,6,2,2,0,117,"{""relativeReattackFactor"":3.599843,""relativeReattackMinDelta"":0.012591,""relativeFluxFactor"":1.534323,""spectralNoveltyRatio"":2.823119,""spectralNoveltyMinBins"":47,""cooldownFrames"":5,""cooldownOverrideFactor"":2.257233,""cooldownOverrideMinFlux"":0.027748,""cooldownOverrideMinBandRatio"":0.061482,""analyzeIntervalMs"":41}"
217,r007-0062-ce4a892a,7,280,6,2,2,0,114,"{""relativeReattackFactor"":3.481525,""relativeReattackMinDelta"":0.013348,""relativeFluxFactor"":2.02474,""spectralNoveltyRatio"":2.956985,""spectralNoveltyMinBins"":49,""cooldownFrames"":5,""cooldownOverrideFactor"":2.449719,""cooldownOverrideMinFlux"":0.027359,""cooldownOverrideMinBandRatio"":0.059581,""analyzeIntervalMs"":41}"
218,r007-0063-f0716ffd,7,280,6,2,2,0,113,"{""relativeReattackFactor"":3.74085,""relativeReattackMinDelta"":0.016966,""relativeFluxFactor"":2.02005,""spectralNoveltyRatio"":3.136426,""spectralNoveltyMinBins"":49,""cooldownFrames"":5,""cooldownOverrideFactor"":2.409382,""cooldownOverrideMinFlux"":0.025874,""cooldownOverrideMinBandRatio"":0.056557,""analyzeIntervalMs"":41}"
219,r007-0067-90cf8a1e,7,280,6,2,2,0,114,"{""relativeReattackFactor"":3.560421,""relativeReattackMinDelta"":0.014801,""relativeFluxFactor"":1.929574,""spectralNoveltyRatio"":3.079965,""spectralNoveltyMinBins"":51,""cooldownFrames"":5,""cooldownOverrideFactor"":2.546836,""cooldownOverrideMinFlux"":0.027268,""cooldownOverrideMinBandRatio"":0.055883,""analyzeIntervalMs"":41}"
220,r007-0072-60d8ae14,7,280,6,2,2,0,113,"{""relativeReattackFactor"":3.472606,""relativeReattackMinDelta"":0.014634,""relativeFluxFactor"":2.09439,""spectralNoveltyRatio"":2.933556,""spectralNoveltyMinBins"":52,""cooldownFrames"":5,""cooldownOverrideFactor"":2.391733,""cooldownOverrideMinFlux"":0.029058,""cooldownOverrideMinBandRatio"":0.055888,""analyzeIntervalMs"":41}"
221,r007-0077-76fe5a8e,7,280,6,2,2,0,114,"{""relativeReattackFactor"":3.575158,""relativeReattackMinDelta"":0.013776,""relativeFluxFactor"":2.042023,""spectralNoveltyRatio"":2.951937,""spectralNoveltyMinBins"":50,""cooldownFrames"":5,""cooldownOverrideFactor"":2.400344,""cooldownOverrideMinFlux"":0.028249,""cooldownOverrideMinBandRatio"":0.057119,""analyzeIntervalMs"":41}"
222,r008-0002-5b6ea538,8,280,6,2,2,0,114,"{""relativeReattackFactor"":3.398361,""relativeReattackMinDelta"":0.011612,""relativeFluxFactor"":1.641551,""spectralNoveltyRatio"":3.505246,""spectralNoveltyMinBins"":55,""cooldownFrames"":5,""cooldownOverrideFactor"":2.675332,""cooldownOverrideMinFlux"":0.029421,""cooldownOverrideMinBandRatio"":0.068043,""analyzeIntervalMs"":41}"
223,r008-0010-bfbbfdbe,8,280,6,2,2,0,115,"{""relativeReattackFactor"":3.464429,""relativeReattackMinDelta"":0.011372,""relativeFluxFactor"":1.4,""spectralNoveltyRatio"":3.26837,""spectralNoveltyMinBins"":53,""cooldownFrames"":5,""cooldownOverrideFactor"":2.466813,""cooldownOverrideMinFlux"":0.028986,""cooldownOverrideMinBandRatio"":0.070243,""analyzeIntervalMs"":41}"
224,r008-0019-b37bbfad,8,280,6,2,2,0,116,"{""relativeReattackFactor"":3.645704,""relativeReattackMinDelta"":0.00983,""relativeFluxFactor"":1.4,""spectralNoveltyRatio"":3.254233,""spectralNoveltyMinBins"":52,""cooldownFrames"":5,""cooldownOverrideFactor"":2.64624,""cooldownOverrideMinFlux"":0.029622,""cooldownOverrideMinBandRatio"":0.07067,""analyzeIntervalMs"":41}"
225,r008-0023-16d04c2a,8,280,6,2,2,0,115,"{""relativeReattackFactor"":3.534162,""relativeReattackMinDelta"":0.01047,""relativeFluxFactor"":1.505709,""spectralNoveltyRatio"":3.316636,""spectralNoveltyMinBins"":53,""cooldownFrames"":5,""cooldownOverrideFactor"":2.555487,""cooldownOverrideMinFlux"":0.029853,""cooldownOverrideMinBandRatio"":0.068593,""analyzeIntervalMs"":41}"
226,r008-0029-96670892,8,280,6,2,2,0,116,"{""relativeReattackFactor"":3.593277,""relativeReattackMinDelta"":0.009985,""relativeFluxFactor"":1.4,""spectralNoveltyRatio"":3.184073,""spectralNoveltyMinBins"":52,""cooldownFrames"":5,""cooldownOverrideFactor"":2.529403,""cooldownOverrideMinFlux"":0.028723,""cooldownOverrideMinBandRatio"":0.070965,""analyzeIntervalMs"":41}"
227,r008-0033-919926f2,8,280,6,2,2,0,115,"{""relativeReattackFactor"":3.39799,""relativeReattackMinDelta"":0.01165,""relativeFluxFactor"":1.416437,""spectralNoveltyRatio"":3.376277,""spectralNoveltyMinBins"":55,""cooldownFrames"":5,""cooldownOverrideFactor"":2.524725,""cooldownOverrideMinFlux"":0.03,""cooldownOverrideMinBandRatio"":0.066548,""analyzeIntervalMs"":41}"
228,r008-0035-f08b708b,8,280,6,2,2,0,115,"{""relativeReattackFactor"":3.50823,""relativeReattackMinDelta"":0.011852,""relativeFluxFactor"":1.473416,""spectralNoveltyRatio"":3.152193,""spectralNoveltyMinBins"":52,""cooldownFrames"":5,""cooldownOverrideFactor"":2.509748,""cooldownOverrideMinFlux"":0.03,""cooldownOverrideMinBandRatio"":0.070525,""analyzeIntervalMs"":41}"
229,r008-0045-08f1c6a3,8,280,6,2,2,0,115,"{""relativeReattackFactor"":3.412505,""relativeReattackMinDelta"":0.011019,""relativeFluxFactor"":1.4,""spectralNoveltyRatio"":3.216962,""spectralNoveltyMinBins"":54,""cooldownFrames"":5,""cooldownOverrideFactor"":2.474345,""cooldownOverrideMinFlux"":0.03,""cooldownOverrideMinBandRatio"":0.069529,""analyzeIntervalMs"":41}"
230,r008-0056-199da27a,8,280,6,2,2,0,115,"{""relativeReattackFactor"":3.353314,""relativeReattackMinDelta"":0.011405,""relativeFluxFactor"":1.469232,""spectralNoveltyRatio"":3.249763,""spectralNoveltyMinBins"":55,""cooldownFrames"":5,""cooldownOverrideFactor"":2.439172,""cooldownOverrideMinFlux"":0.029299,""cooldownOverrideMinBandRatio"":0.063919,""analyzeIntervalMs"":41}"
231,r008-0058-01c1e076,8,280,6,2,2,0,115,"{""relativeReattackFactor"":3.379807,""relativeReattackMinDelta"":0.010886,""relativeFluxFactor"":1.425569,""spectralNoveltyRatio"":3.339904,""spectralNoveltyMinBins"":55,""cooldownFrames"":5,""cooldownOverrideFactor"":2.411717,""cooldownOverrideMinFlux"":0.029349,""cooldownOverrideMinBandRatio"":0.071637,""analyzeIntervalMs"":41}"
232,r008-0059-012316b8,8,280,6,2,2,0,115,"{""relativeReattackFactor"":3.626116,""relativeReattackMinDelta"":0.010204,""relativeFluxFactor"":1.4,""spectralNoveltyRatio"":3.445445,""spectralNoveltyMinBins"":53,""cooldownFrames"":5,""cooldownOverrideFactor"":2.502202,""cooldownOverrideMinFlux"":0.029179,""cooldownOverrideMinBandRatio"":0.068064,""analyzeIntervalMs"":41}"
233,r008-0073-480d132a,8,280,6,2,2,0,116,"{""relativeReattackFactor"":3.487875,""relativeReattackMinDelta"":0.011673,""relativeFluxFactor"":1.4,""spectralNoveltyRatio"":3.513712,""spectralNoveltyMinBins"":52,""cooldownFrames"":5,""cooldownOverrideFactor"":2.435145,""cooldownOverrideMinFlux"":0.029098,""cooldownOverrideMinBandRatio"":0.068018,""analyzeIntervalMs"":41}"
234,r008-0075-21ff8404,8,280,6,2,2,0,115,"{""relativeReattackFactor"":3.603971,""relativeReattackMinDelta"":0.011647,""relativeFluxFactor"":1.413383,""spectralNoveltyRatio"":3.303723,""spectralNoveltyMinBins"":53,""cooldownFrames"":5,""cooldownOverrideFactor"":2.500505,""cooldownOverrideMinFlux"":0.03,""cooldownOverrideMinBandRatio"":0.073995,""analyzeIntervalMs"":41}"
235,r008-0079-59518535,8,280,6,2,2,0,116,"{""relativeReattackFactor"":3.603339,""relativeReattackMinDelta"":0.010171,""relativeFluxFactor"":1.4,""spectralNoveltyRatio"":3.156125,""spectralNoveltyMinBins"":52,""cooldownFrames"":5,""cooldownOverrideFactor"":2.624228,""cooldownOverrideMinFlux"":0.028773,""cooldownOverrideMinBandRatio"":0.068324,""analyzeIntervalMs"":41}"
236,r009-0037-b9f2e3a9,9,280,6,2,2,0,115,"{""relativeReattackFactor"":3.362866,""relativeReattackMinDelta"":0.011803,""relativeFluxFactor"":1.4,""spectralNoveltyRatio"":3.437261,""spectralNoveltyMinBins"":54,""cooldownFrames"":5,""cooldownOverrideFactor"":2.601195,""cooldownOverrideMinFlux"":0.03,""cooldownOverrideMinBandRatio"":0.064907,""analyzeIntervalMs"":41}"
237,r010-0007-85514210,10,280,6,2,2,0,115,"{""relativeReattackFactor"":3.347373,""relativeReattackMinDelta"":0.011012,""relativeFluxFactor"":1.486542,""spectralNoveltyRatio"":3.420615,""spectralNoveltyMinBins"":55,""cooldownFrames"":5,""cooldownOverrideFactor"":2.60417,""cooldownOverrideMinFlux"":0.03,""cooldownOverrideMinBandRatio"":0.067698,""analyzeIntervalMs"":41}"
238,r010-0026-1e2c16c8,10,280,6,2,2,0,115,"{""relativeReattackFactor"":3.361691,""relativeReattackMinDelta"":0.011755,""relativeFluxFactor"":1.4,""spectralNoveltyRatio"":3.305643,""spectralNoveltyMinBins"":54,""cooldownFrames"":5,""cooldownOverrideFactor"":2.426512,""cooldownOverrideMinFlux"":0.029014,""cooldownOverrideMinBandRatio"":0.064304,""analyzeIntervalMs"":41}"
239,r010-0054-54dfb7ec,10,280,6,2,2,0,115,"{""relativeReattackFactor"":3.345906,""relativeReattackMinDelta"":0.0104,""relativeFluxFactor"":1.521084,""spectralNoveltyRatio"":3.464693,""spectralNoveltyMinBins"":55,""cooldownFrames"":5,""cooldownOverrideFactor"":2.587171,""cooldownOverrideMinFlux"":0.02958,""cooldownOverrideMinBandRatio"":0.065998,""analyzeIntervalMs"":41}"
240,r010-0071-6c186d9a,10,280,6,2,2,0,115,"{""relativeReattackFactor"":3.355616,""relativeReattackMinDelta"":0.010843,""relativeFluxFactor"":1.532941,""spectralNoveltyRatio"":3.412,""spectralNoveltyMinBins"":54,""cooldownFrames"":5,""cooldownOverrideFactor"":2.392265,""cooldownOverrideMinFlux"":0.03,""cooldownOverrideMinBandRatio"":0.068525,""analyzeIntervalMs"":41}"
241,r011-0007-f46771bf,11,280,6,2,2,0,115,"{""relativeReattackFactor"":3.350339,""relativeReattackMinDelta"":0.011628,""relativeFluxFactor"":1.435472,""spectralNoveltyRatio"":3.59255,""spectralNoveltyMinBins"":53,""cooldownFrames"":5,""cooldownOverrideFactor"":2.633424,""cooldownOverrideMinFlux"":0.029658,""cooldownOverrideMinBandRatio"":0.068627,""analyzeIntervalMs"":41}"
242,r011-0026-eb5fc4de,11,280,6,2,2,0,115,"{""relativeReattackFactor"":3.405506,""relativeReattackMinDelta"":0.01203,""relativeFluxFactor"":1.522595,""spectralNoveltyRatio"":3.376894,""spectralNoveltyMinBins"":54,""cooldownFrames"":5,""cooldownOverrideFactor"":2.510963,""cooldownOverrideMinFlux"":0.03,""cooldownOverrideMinBandRatio"":0.064038,""analyzeIntervalMs"":41}"
243,r011-0032-6617262e,11,280,6,2,2,0,115,"{""relativeReattackFactor"":3.332379,""relativeReattackMinDelta"":0.011509,""relativeFluxFactor"":1.533689,""spectralNoveltyRatio"":3.631474,""spectralNoveltyMinBins"":54,""cooldownFrames"":5,""cooldownOverrideFactor"":2.598662,""cooldownOverrideMinFlux"":0.029558,""cooldownOverrideMinBandRatio"":0.070016,""analyzeIntervalMs"":41}"
244,r011-0052-62a3c895,11,280,6,2,2,0,115,"{""relativeReattackFactor"":3.359312,""relativeReattackMinDelta"":0.011556,""relativeFluxFactor"":1.558146,""spectralNoveltyRatio"":3.662866,""spectralNoveltyMinBins"":53,""cooldownFrames"":5,""cooldownOverrideFactor"":2.672597,""cooldownOverrideMinFlux"":0.029578,""cooldownOverrideMinBandRatio"":0.065197,""analyzeIntervalMs"":41}"
245,r011-0057-e4c7f2a1,11,280,6,2,2,0,115,"{""relativeReattackFactor"":3.395389,""relativeReattackMinDelta"":0.010868,""relativeFluxFactor"":1.45548,""spectralNoveltyRatio"":3.571202,""spectralNoveltyMinBins"":54,""cooldownFrames"":5,""cooldownOverrideFactor"":2.679052,""cooldownOverrideMinFlux"":0.03,""cooldownOverrideMinBandRatio"":0.065758,""analyzeIntervalMs"":41}"
246,r012-0038-119b0404,12,280,6,2,2,0,115,"{""relativeReattackFactor"":3.633134,""relativeReattackMinDelta"":0.011052,""relativeFluxFactor"":1.4,""spectralNoveltyRatio"":3.039756,""spectralNoveltyMinBins"":55,""cooldownFrames"":5,""cooldownOverrideFactor"":2.641265,""cooldownOverrideMinFlux"":0.029712,""cooldownOverrideMinBandRatio"":0.07074,""analyzeIntervalMs"":41}"
247,r012-0056-449e957c,12,280,6,2,2,0,115,"{""relativeReattackFactor"":3.422654,""relativeReattackMinDelta"":0.011223,""relativeFluxFactor"":1.406332,""spectralNoveltyRatio"":3.365278,""spectralNoveltyMinBins"":55,""cooldownFrames"":5,""cooldownOverrideFactor"":2.455988,""cooldownOverrideMinFlux"":0.03,""cooldownOverrideMinBandRatio"":0.067213,""analyzeIntervalMs"":41}"
248,r012-0061-b23a1fe8,12,280,6,2,2,0,115,"{""relativeReattackFactor"":3.400587,""relativeReattackMinDelta"":0.011086,""relativeFluxFactor"":1.541134,""spectralNoveltyRatio"":3.425052,""spectralNoveltyMinBins"":54,""cooldownFrames"":5,""cooldownOverrideFactor"":2.513748,""cooldownOverrideMinFlux"":0.029914,""cooldownOverrideMinBandRatio"":0.065634,""analyzeIntervalMs"":41}"
249,r012-0062-81538352,12,280,6,2,2,0,115,"{""relativeReattackFactor"":3.402936,""relativeReattackMinDelta"":0.011352,""relativeFluxFactor"":1.599303,""spectralNoveltyRatio"":3.667057,""spectralNoveltyMinBins"":54,""cooldownFrames"":5,""cooldownOverrideFactor"":2.441867,""cooldownOverrideMinFlux"":0.03,""cooldownOverrideMinBandRatio"":0.069272,""analyzeIntervalMs"":41}"
250,r004-0046-8309d7b0,4,274,6,2,3,0,115,"{""relativeReattackFactor"":3.302849,""relativeReattackMinDelta"":0.014577,""relativeFluxFactor"":1.969989,""spectralNoveltyRatio"":2.611968,""spectralNoveltyMinBins"":50,""cooldownFrames"":5,""cooldownOverrideFactor"":2.247722,""cooldownOverrideMinFlux"":0.029043,""cooldownOverrideMinBandRatio"":0.059032,""analyzeIntervalMs"":41}"
251,r004-0063-410b3af4,4,274,6,2,3,0,117,"{""relativeReattackFactor"":3.337038,""relativeReattackMinDelta"":0.010737,""relativeFluxFactor"":1.479636,""spectralNoveltyRatio"":2.86154,""spectralNoveltyMinBins"":50,""cooldownFrames"":5,""cooldownOverrideFactor"":2.227531,""cooldownOverrideMinFlux"":0.027451,""cooldownOverrideMinBandRatio"":0.065524,""analyzeIntervalMs"":41}"
252,r004-0075-163072c3,4,274,6,2,3,0,114,"{""relativeReattackFactor"":3.331905,""relativeReattackMinDelta"":0.011191,""relativeFluxFactor"":1.912062,""spectralNoveltyRatio"":3.335381,""spectralNoveltyMinBins"":51,""cooldownFrames"":5,""cooldownOverrideFactor"":2.748492,""cooldownOverrideMinFlux"":0.025993,""cooldownOverrideMinBandRatio"":0.061762,""analyzeIntervalMs"":41}"
253,r004-0076-a486cbef,4,274,6,2,3,0,114,"{""relativeReattackFactor"":3.325867,""relativeReattackMinDelta"":0.012108,""relativeFluxFactor"":1.927425,""spectralNoveltyRatio"":3.318994,""spectralNoveltyMinBins"":51,""cooldownFrames"":5,""cooldownOverrideFactor"":2.348909,""cooldownOverrideMinFlux"":0.029856,""cooldownOverrideMinBandRatio"":0.06008,""analyzeIntervalMs"":41}"
254,r005-0009-4283469e,5,274,6,2,3,0,117,"{""relativeReattackFactor"":3.342404,""relativeReattackMinDelta"":0.011273,""relativeFluxFactor"":1.848928,""spectralNoveltyRatio"":2.652564,""spectralNoveltyMinBins"":43,""cooldownFrames"":5,""cooldownOverrideFactor"":2.707381,""cooldownOverrideMinFlux"":0.027944,""cooldownOverrideMinBandRatio"":0.056779,""analyzeIntervalMs"":41}"
255,r005-0013-f50d88b5,5,274,6,2,3,0,118,"{""relativeReattackFactor"":3.400759,""relativeReattackMinDelta"":0.011806,""relativeFluxFactor"":1.503513,""spectralNoveltyRatio"":2.67675,""spectralNoveltyMinBins"":48,""cooldownFrames"":5,""cooldownOverrideFactor"":2.452243,""cooldownOverrideMinFlux"":0.025917,""cooldownOverrideMinBandRatio"":0.0597,""analyzeIntervalMs"":41}"
256,r005-0024-a109e7d7,5,274,6,2,3,0,117,"{""relativeReattackFactor"":3.343529,""relativeReattackMinDelta"":0.011414,""relativeFluxFactor"":1.89808,""spectralNoveltyRatio"":2.588049,""spectralNoveltyMinBins"":43,""cooldownFrames"":5,""cooldownOverrideFactor"":2.468678,""cooldownOverrideMinFlux"":0.029673,""cooldownOverrideMinBandRatio"":0.06005,""analyzeIntervalMs"":41}"
257,r005-0043-251589bb,5,274,6,2,3,0,118,"{""relativeReattackFactor"":3.346388,""relativeReattackMinDelta"":0.012071,""relativeFluxFactor"":1.560416,""spectralNoveltyRatio"":2.730242,""spectralNoveltyMinBins"":46,""cooldownFrames"":5,""cooldownOverrideFactor"":2.169999,""cooldownOverrideMinFlux"":0.026847,""cooldownOverrideMinBandRatio"":0.061796,""analyzeIntervalMs"":41}"
258,r005-0053-7536a811,5,274,6,2,3,0,116,"{""relativeReattackFactor"":3.405604,""relativeReattackMinDelta"":0.013177,""relativeFluxFactor"":1.891067,""spectralNoveltyRatio"":2.686223,""spectralNoveltyMinBins"":47,""cooldownFrames"":5,""cooldownOverrideFactor"":2.465617,""cooldownOverrideMinFlux"":0.028947,""cooldownOverrideMinBandRatio"":0.063292,""analyzeIntervalMs"":41}"
259,r005-0061-e666c256,5,274,6,2,3,0,115,"{""relativeReattackFactor"":3.375968,""relativeReattackMinDelta"":0.013211,""relativeFluxFactor"":1.843252,""spectralNoveltyRatio"":2.929188,""spectralNoveltyMinBins"":50,""cooldownFrames"":5,""cooldownOverrideFactor"":2.280559,""cooldownOverrideMinFlux"":0.027998,""cooldownOverrideMinBandRatio"":0.057667,""analyzeIntervalMs"":41}"
260,r006-0005-8e88163e,6,274,6,2,3,0,118,"{""relativeReattackFactor"":3.334919,""relativeReattackMinDelta"":0.012018,""relativeFluxFactor"":1.657262,""spectralNoveltyRatio"":2.882921,""spectralNoveltyMinBins"":45,""cooldownFrames"":5,""cooldownOverrideFactor"":2.776875,""cooldownOverrideMinFlux"":0.029627,""cooldownOverrideMinBandRatio"":0.057133,""analyzeIntervalMs"":41}"
261,r006-0030-87f52f96,6,274,6,2,3,0,116,"{""relativeReattackFactor"":3.332982,""relativeReattackMinDelta"":0.012288,""relativeFluxFactor"":1.850315,""spectralNoveltyRatio"":2.461417,""spectralNoveltyMinBins"":49,""cooldownFrames"":5,""cooldownOverrideFactor"":2.540878,""cooldownOverrideMinFlux"":0.028089,""cooldownOverrideMinBandRatio"":0.060622,""analyzeIntervalMs"":41}"
262,r006-0040-b52f0547,6,274,6,2,3,0,116,"{""relativeReattackFactor"":3.40019,""relativeReattackMinDelta"":0.012847,""relativeFluxFactor"":1.846695,""spectralNoveltyRatio"":2.813827,""spectralNoveltyMinBins"":45,""cooldownFrames"":5,""cooldownOverrideFactor"":2.553989,""cooldownOverrideMinFlux"":0.027435,""cooldownOverrideMinBandRatio"":0.056658,""analyzeIntervalMs"":41}"
263,r006-0041-af3e5f31,6,274,6,2,3,0,116,"{""relativeReattackFactor"":3.318078,""relativeReattackMinDelta"":0.011729,""relativeFluxFactor"":1.4,""spectralNoveltyRatio"":3.294392,""spectralNoveltyMinBins"":53,""cooldownFrames"":5,""cooldownOverrideFactor"":2.575196,""cooldownOverrideMinFlux"":0.03,""cooldownOverrideMinBandRatio"":0.065714,""analyzeIntervalMs"":41}"
264,r006-0045-1a0cb8b9,6,274,6,2,3,0,117,"{""relativeReattackFactor"":3.349226,""relativeReattackMinDelta"":0.012251,""relativeFluxFactor"":1.748133,""spectralNoveltyRatio"":2.747452,""spectralNoveltyMinBins"":44,""cooldownFrames"":5,""cooldownOverrideFactor"":2.475627,""cooldownOverrideMinFlux"":0.027921,""cooldownOverrideMinBandRatio"":0.05483,""analyzeIntervalMs"":41}"
265,r006-0065-52f0c341,6,274,6,2,3,0,115,"{""relativeReattackFactor"":3.418202,""relativeReattackMinDelta"":0.012648,""relativeFluxFactor"":1.858372,""spectralNoveltyRatio"":2.813378,""spectralNoveltyMinBins"":50,""cooldownFrames"":5,""cooldownOverrideFactor"":2.463716,""cooldownOverrideMinFlux"":0.02776,""cooldownOverrideMinBandRatio"":0.056574,""analyzeIntervalMs"":41}"
266,r007-0009-003fe1b0,7,274,6,2,3,0,116,"{""relativeReattackFactor"":3.410175,""relativeReattackMinDelta"":0.01208,""relativeFluxFactor"":1.765356,""spectralNoveltyRatio"":2.96724,""spectralNoveltyMinBins"":48,""cooldownFrames"":5,""cooldownOverrideFactor"":2.242573,""cooldownOverrideMinFlux"":0.02772,""cooldownOverrideMinBandRatio"":0.066252,""analyzeIntervalMs"":41}"
267,r007-0030-8735772e,7,274,6,2,3,0,116,"{""relativeReattackFactor"":3.35185,""relativeReattackMinDelta"":0.011537,""relativeFluxFactor"":1.886224,""spectralNoveltyRatio"":2.83794,""spectralNoveltyMinBins"":47,""cooldownFrames"":5,""cooldownOverrideFactor"":2.587248,""cooldownOverrideMinFlux"":0.028829,""cooldownOverrideMinBandRatio"":0.057166,""analyzeIntervalMs"":41}"
268,r007-0035-f040eaf9,7,274,6,2,3,0,116,"{""relativeReattackFactor"":3.331611,""relativeReattackMinDelta"":0.012436,""relativeFluxFactor"":1.961115,""spectralNoveltyRatio"":2.627997,""spectralNoveltyMinBins"":46,""cooldownFrames"":5,""cooldownOverrideFactor"":2.782127,""cooldownOverrideMinFlux"":0.028526,""cooldownOverrideMinBandRatio"":0.061449,""analyzeIntervalMs"":41}"
269,r007-0080-005bf670,7,274,6,2,3,0,116,"{""relativeReattackFactor"":3.349368,""relativeReattackMinDelta"":0.012809,""relativeFluxFactor"":1.914482,""spectralNoveltyRatio"":2.856297,""spectralNoveltyMinBins"":48,""cooldownFrames"":5,""cooldownOverrideFactor"":2.490839,""cooldownOverrideMinFlux"":0.029398,""cooldownOverrideMinBandRatio"":0.055362,""analyzeIntervalMs"":41}"
270,r008-0040-4c70abf0,8,274,6,2,3,0,116,"{""relativeReattackFactor"":3.424979,""relativeReattackMinDelta"":0.011513,""relativeFluxFactor"":1.422868,""spectralNoveltyRatio"":3.126552,""spectralNoveltyMinBins"":53,""cooldownFrames"":5,""cooldownOverrideFactor"":2.53531,""cooldownOverrideMinFlux"":0.028971,""cooldownOverrideMinBandRatio"":0.07099,""analyzeIntervalMs"":41}"
271,r008-0068-aa696fdf,8,274,6,2,3,0,116,"{""relativeReattackFactor"":3.393418,""relativeReattackMinDelta"":0.011966,""relativeFluxFactor"":1.434212,""spectralNoveltyRatio"":3.426698,""spectralNoveltyMinBins"":52,""cooldownFrames"":5,""cooldownOverrideFactor"":2.548089,""cooldownOverrideMinFlux"":0.029336,""cooldownOverrideMinBandRatio"":0.066265,""analyzeIntervalMs"":41}"
272,r009-0027-ceb96e97,9,274,6,2,3,0,116,"{""relativeReattackFactor"":3.392205,""relativeReattackMinDelta"":0.010717,""relativeFluxFactor"":1.4,""spectralNoveltyRatio"":3.486225,""spectralNoveltyMinBins"":53,""cooldownFrames"":5,""cooldownOverrideFactor"":2.472482,""cooldownOverrideMinFlux"":0.029996,""cooldownOverrideMinBandRatio"":0.066632,""analyzeIntervalMs"":41}"
273,r004-0004-2bd67c68,4,262,6,3,4,0,113,"{""relativeReattackFactor"":3.532226,""relativeReattackMinDelta"":0.011847,""relativeFluxFactor"":2.018637,""spectralNoveltyRatio"":2.407633,""spectralNoveltyMinBins"":51,""cooldownFrames"":5,""cooldownOverrideFactor"":2.117236,""cooldownOverrideMinFlux"":0.028128,""cooldownOverrideMinBandRatio"":0.046782,""analyzeIntervalMs"":42}"
274,r004-0026-145ee56d,4,262,6,3,4,0,114,"{""relativeReattackFactor"":3.304018,""relativeReattackMinDelta"":0.012371,""relativeFluxFactor"":1.848042,""spectralNoveltyRatio"":3.302709,""spectralNoveltyMinBins"":50,""cooldownFrames"":5,""cooldownOverrideFactor"":2.538633,""cooldownOverrideMinFlux"":0.027992,""cooldownOverrideMinBandRatio"":0.062803,""analyzeIntervalMs"":42}"
275,r004-0032-eb1b9345,4,262,6,3,4,0,113,"{""relativeReattackFactor"":3.448373,""relativeReattackMinDelta"":0.016915,""relativeFluxFactor"":1.93324,""spectralNoveltyRatio"":2.663331,""spectralNoveltyMinBins"":53,""cooldownFrames"":5,""cooldownOverrideFactor"":2.35464,""cooldownOverrideMinFlux"":0.027937,""cooldownOverrideMinBandRatio"":0.061255,""analyzeIntervalMs"":42}"
276,r004-0068-a1a4bb74,4,262,6,3,4,0,114,"{""relativeReattackFactor"":3.482478,""relativeReattackMinDelta"":0.013339,""relativeFluxFactor"":1.88797,""spectralNoveltyRatio"":3.325661,""spectralNoveltyMinBins"":50,""cooldownFrames"":5,""cooldownOverrideFactor"":2.478459,""cooldownOverrideMinFlux"":0.027359,""cooldownOverrideMinBandRatio"":0.059342,""analyzeIntervalMs"":42}"
277,r005-0042-7ede5dd4,5,262,6,3,4,0,113,"{""relativeReattackFactor"":3.724188,""relativeReattackMinDelta"":0.017011,""relativeFluxFactor"":2.027421,""spectralNoveltyRatio"":3.028337,""spectralNoveltyMinBins"":49,""cooldownFrames"":5,""cooldownOverrideFactor"":2.614526,""cooldownOverrideMinFlux"":0.028817,""cooldownOverrideMinBandRatio"":0.055273,""analyzeIntervalMs"":42}"
278,r005-0071-639e3525,5,262,6,3,4,0,113,"{""relativeReattackFactor"":3.595676,""relativeReattackMinDelta"":0.013634,""relativeFluxFactor"":1.853095,""spectralNoveltyRatio"":2.811781,""spectralNoveltyMinBins"":51,""cooldownFrames"":5,""cooldownOverrideFactor"":2.326478,""cooldownOverrideMinFlux"":0.027188,""cooldownOverrideMinBandRatio"":0.055466,""analyzeIntervalMs"":42}"
279,r006-0033-3c502b4a,6,262,6,3,4,0,114,"{""relativeReattackFactor"":3.665806,""relativeReattackMinDelta"":0.014966,""relativeFluxFactor"":1.858449,""spectralNoveltyRatio"":3.074882,""spectralNoveltyMinBins"":49,""cooldownFrames"":5,""cooldownOverrideFactor"":2.440519,""cooldownOverrideMinFlux"":0.026376,""cooldownOverrideMinBandRatio"":0.057034,""analyzeIntervalMs"":42}"
280,r007-0010-e102beba,7,262,6,3,4,0,113,"{""relativeReattackFactor"":3.398823,""relativeReattackMinDelta"":0.011817,""relativeFluxFactor"":1.938849,""spectralNoveltyRatio"":2.797956,""spectralNoveltyMinBins"":50,""cooldownFrames"":5,""cooldownOverrideFactor"":2.730774,""cooldownOverrideMinFlux"":0.027609,""cooldownOverrideMinBandRatio"":0.055567,""analyzeIntervalMs"":42}"
281,r007-0028-54374c58,7,262,6,3,4,0,113,"{""relativeReattackFactor"":3.711545,""relativeReattackMinDelta"":0.016369,""relativeFluxFactor"":1.931372,""spectralNoveltyRatio"":3.195267,""spectralNoveltyMinBins"":50,""cooldownFrames"":5,""cooldownOverrideFactor"":2.536174,""cooldownOverrideMinFlux"":0.026851,""cooldownOverrideMinBandRatio"":0.062333,""analyzeIntervalMs"":42}"
282,r007-0037-d38281ba,7,262,6,3,4,0,113,"{""relativeReattackFactor"":3.385101,""relativeReattackMinDelta"":0.014832,""relativeFluxFactor"":1.985097,""spectralNoveltyRatio"":3.127815,""spectralNoveltyMinBins"":49,""cooldownFrames"":5,""cooldownOverrideFactor"":2.492037,""cooldownOverrideMinFlux"":0.029477,""cooldownOverrideMinBandRatio"":0.056997,""analyzeIntervalMs"":42}"
283,r007-0052-dbe3f841,7,262,6,3,4,0,114,"{""relativeReattackFactor"":3.457363,""relativeReattackMinDelta"":0.014227,""relativeFluxFactor"":1.913667,""spectralNoveltyRatio"":2.917637,""spectralNoveltyMinBins"":50,""cooldownFrames"":5,""cooldownOverrideFactor"":2.500684,""cooldownOverrideMinFlux"":0.02949,""cooldownOverrideMinBandRatio"":0.055563,""analyzeIntervalMs"":42}"
284,r007-0073-a7f44e97,7,262,6,3,4,0,113,"{""relativeReattackFactor"":3.647215,""relativeReattackMinDelta"":0.016506,""relativeFluxFactor"":2.03818,""spectralNoveltyRatio"":3.038191,""spectralNoveltyMinBins"":49,""cooldownFrames"":5,""cooldownOverrideFactor"":2.410862,""cooldownOverrideMinFlux"":0.02827,""cooldownOverrideMinBandRatio"":0.06218,""analyzeIntervalMs"":42}"
285,r005-0040-dfd5b536,5,256,6,4,4,0,113,"{""relativeReattackFactor"":3.606408,""relativeReattackMinDelta"":0.012338,""relativeFluxFactor"":1.455115,""spectralNoveltyRatio"":3.101199,""spectralNoveltyMinBins"":55,""cooldownFrames"":5,""cooldownOverrideFactor"":2.5994,""cooldownOverrideMinFlux"":0.028175,""cooldownOverrideMinBandRatio"":0.067643,""analyzeIntervalMs"":42}"
286,r006-0013-84e13ea1,6,256,6,4,4,0,112,"{""relativeReattackFactor"":3.728732,""relativeReattackMinDelta"":0.016122,""relativeFluxFactor"":1.89451,""spectralNoveltyRatio"":3.057039,""spectralNoveltyMinBins"":53,""cooldownFrames"":5,""cooldownOverrideFactor"":2.673025,""cooldownOverrideMinFlux"":0.028102,""cooldownOverrideMinBandRatio"":0.055594,""analyzeIntervalMs"":42}"
287,r006-0021-b819aebc,6,256,6,4,4,0,112,"{""relativeReattackFactor"":3.563111,""relativeReattackMinDelta"":0.0113,""relativeFluxFactor"":1.4,""spectralNoveltyRatio"":3.230066,""spectralNoveltyMinBins"":56,""cooldownFrames"":5,""cooldownOverrideFactor"":2.356522,""cooldownOverrideMinFlux"":0.02854,""cooldownOverrideMinBandRatio"":0.070787,""analyzeIntervalMs"":42}"
288,r006-0026-240d18af,6,256,6,4,4,0,113,"{""relativeReattackFactor"":3.30638,""relativeReattackMinDelta"":0.01115,""relativeFluxFactor"":1.4,""spectralNoveltyRatio"":3.223463,""spectralNoveltyMinBins"":54,""cooldownFrames"":5,""cooldownOverrideFactor"":2.62437,""cooldownOverrideMinFlux"":0.03,""cooldownOverrideMinBandRatio"":0.070766,""analyzeIntervalMs"":42}"
289,r006-0036-49b6522a,6,256,6,4,4,0,112,"{""relativeReattackFactor"":3.363365,""relativeReattackMinDelta"":0.010051,""relativeFluxFactor"":1.627384,""spectralNoveltyRatio"":3.611318,""spectralNoveltyMinBins"":53,""cooldownFrames"":5,""cooldownOverrideFactor"":2.630825,""cooldownOverrideMinFlux"":0.03,""cooldownOverrideMinBandRatio"":0.071342,""analyzeIntervalMs"":42}"
290,r006-0053-fd4cd6e8,6,256,6,4,4,0,112,"{""relativeReattackFactor"":3.547479,""relativeReattackMinDelta"":0.015982,""relativeFluxFactor"":1.955292,""spectralNoveltyRatio"":3.113512,""spectralNoveltyMinBins"":52,""cooldownFrames"":5,""cooldownOverrideFactor"":2.656592,""cooldownOverrideMinFlux"":0.026291,""cooldownOverrideMinBandRatio"":0.063033,""analyzeIntervalMs"":42}"
291,r006-0057-7523b812,6,256,6,4,4,0,112,"{""relativeReattackFactor"":3.375664,""relativeReattackMinDelta"":0.013276,""relativeFluxFactor"":2.1145,""spectralNoveltyRatio"":2.897822,""spectralNoveltyMinBins"":51,""cooldownFrames"":5,""cooldownOverrideFactor"":2.558244,""cooldownOverrideMinFlux"":0.029897,""cooldownOverrideMinBandRatio"":0.057436,""analyzeIntervalMs"":42}"
292,r006-0058-85b63a03,6,256,6,4,4,0,112,"{""relativeReattackFactor"":3.751062,""relativeReattackMinDelta"":0.015947,""relativeFluxFactor"":1.963168,""spectralNoveltyRatio"":2.910242,""spectralNoveltyMinBins"":51,""cooldownFrames"":5,""cooldownOverrideFactor"":2.433483,""cooldownOverrideMinFlux"":0.027895,""cooldownOverrideMinBandRatio"":0.059616,""analyzeIntervalMs"":42}"
293,r006-0061-ccd0a313,6,256,6,4,4,0,113,"{""relativeReattackFactor"":3.401042,""relativeReattackMinDelta"":0.010167,""relativeFluxFactor"":1.400875,""spectralNoveltyRatio"":3.215647,""spectralNoveltyMinBins"":54,""cooldownFrames"":5,""cooldownOverrideFactor"":2.605701,""cooldownOverrideMinFlux"":0.03,""cooldownOverrideMinBandRatio"":0.068646,""analyzeIntervalMs"":42}"
294,r006-0066-aba40b38,6,256,6,4,4,0,113,"{""relativeReattackFactor"":3.588974,""relativeReattackMinDelta"":0.011623,""relativeFluxFactor"":1.450487,""spectralNoveltyRatio"":3.556165,""spectralNoveltyMinBins"":52,""cooldownFrames"":5,""cooldownOverrideFactor"":2.4681,""cooldownOverrideMinFlux"":0.02993,""cooldownOverrideMinBandRatio"":0.069603,""analyzeIntervalMs"":42}"
295,r007-0011-13fb3bb8,7,256,6,4,4,0,112,"{""relativeReattackFactor"":3.545917,""relativeReattackMinDelta"":0.011305,""relativeFluxFactor"":1.584272,""spectralNoveltyRatio"":3.414949,""spectralNoveltyMinBins"":57,""cooldownFrames"":5,""cooldownOverrideFactor"":2.619255,""cooldownOverrideMinFlux"":0.029494,""cooldownOverrideMinBandRatio"":0.0692,""analyzeIntervalMs"":42}"
296,r007-0018-d86c1b7e,7,256,6,4,4,0,112,"{""relativeReattackFactor"":3.535416,""relativeReattackMinDelta"":0.015507,""relativeFluxFactor"":1.834743,""spectralNoveltyRatio"":3.186737,""spectralNoveltyMinBins"":52,""cooldownFrames"":5,""cooldownOverrideFactor"":2.626674,""cooldownOverrideMinFlux"":0.027947,""cooldownOverrideMinBandRatio"":0.061873,""analyzeIntervalMs"":42}"
297,r007-0021-98397617,7,256,6,4,4,0,112,"{""relativeReattackFactor"":3.410751,""relativeReattackMinDelta"":0.010767,""relativeFluxFactor"":1.580255,""spectralNoveltyRatio"":3.251268,""spectralNoveltyMinBins"":55,""cooldownFrames"":5,""cooldownOverrideFactor"":2.450384,""cooldownOverrideMinFlux"":0.028924,""cooldownOverrideMinBandRatio"":0.068472,""analyzeIntervalMs"":42}"
298,r007-0043-33edac2c,7,256,6,4,4,0,112,"{""relativeReattackFactor"":3.552591,""relativeReattackMinDelta"":0.016722,""relativeFluxFactor"":1.830868,""spectralNoveltyRatio"":2.925918,""spectralNoveltyMinBins"":52,""cooldownFrames"":5,""cooldownOverrideFactor"":2.637866,""cooldownOverrideMinFlux"":0.026097,""cooldownOverrideMinBandRatio"":0.059492,""analyzeIntervalMs"":42}"
299,r007-0051-fb21b297,7,256,6,4,4,0,111,"{""relativeReattackFactor"":3.40369,""relativeReattackMinDelta"":0.01225,""relativeFluxFactor"":1.59533,""spectralNoveltyRatio"":3.512661,""spectralNoveltyMinBins"":57,""cooldownFrames"":5,""cooldownOverrideFactor"":2.522378,""cooldownOverrideMinFlux"":0.03,""cooldownOverrideMinBandRatio"":0.069313,""analyzeIntervalMs"":42}"
300,r007-0061-c0695430,7,256,6,4,4,0,113,"{""relativeReattackFactor"":3.488844,""relativeReattackMinDelta"":0.01196,""relativeFluxFactor"":1.516142,""spectralNoveltyRatio"":3.512244,""spectralNoveltyMinBins"":52,""cooldownFrames"":5,""cooldownOverrideFactor"":2.607329,""cooldownOverrideMinFlux"":0.029348,""cooldownOverrideMinBandRatio"":0.068498,""analyzeIntervalMs"":42}"
301,r007-0076-f119e14e,7,256,6,4,4,0,112,"{""relativeReattackFactor"":3.4606,""relativeReattackMinDelta"":0.011285,""relativeFluxFactor"":1.4,""spectralNoveltyRatio"":3.593629,""spectralNoveltyMinBins"":57,""cooldownFrames"":5,""cooldownOverrideFactor"":2.41346,""cooldownOverrideMinFlux"":0.03,""cooldownOverrideMinBandRatio"":0.068241,""analyzeIntervalMs"":42}"
302,r008-0003-bb792d81,8,256,6,4,4,0,113,"{""relativeReattackFactor"":3.545885,""relativeReattackMinDelta"":0.011385,""relativeFluxFactor"":1.444511,""spectralNoveltyRatio"":3.330476,""spectralNoveltyMinBins"":53,""cooldownFrames"":5,""cooldownOverrideFactor"":2.472679,""cooldownOverrideMinFlux"":0.029517,""cooldownOverrideMinBandRatio"":0.065878,""analyzeIntervalMs"":42}"
303,r008-0005-9fab3f5e,8,256,6,4,4,0,112,"{""relativeReattackFactor"":3.40047,""relativeReattackMinDelta"":0.011608,""relativeFluxFactor"":1.4,""spectralNoveltyRatio"":3.210968,""spectralNoveltyMinBins"":55,""cooldownFrames"":5,""cooldownOverrideFactor"":2.43461,""cooldownOverrideMinFlux"":0.02922,""cooldownOverrideMinBandRatio"":0.072358,""analyzeIntervalMs"":42}"
304,r008-0008-ee0e9c8b,8,256,6,4,4,0,113,"{""relativeReattackFactor"":3.567756,""relativeReattackMinDelta"":0.010624,""relativeFluxFactor"":1.471499,""spectralNoveltyRatio"":3.571313,""spectralNoveltyMinBins"":52,""cooldownFrames"":5,""cooldownOverrideFactor"":2.51624,""cooldownOverrideMinFlux"":0.029624,""cooldownOverrideMinBandRatio"":0.070824,""analyzeIntervalMs"":42}"
305,r008-0012-4481d97b,8,256,6,4,4,0,111,"{""relativeReattackFactor"":3.533372,""relativeReattackMinDelta"":0.010695,""relativeFluxFactor"":1.631263,""spectralNoveltyRatio"":3.403842,""spectralNoveltyMinBins"":58,""cooldownFrames"":5,""cooldownOverrideFactor"":2.688255,""cooldownOverrideMinFlux"":0.03,""cooldownOverrideMinBandRatio"":0.072311,""analyzeIntervalMs"":42}"
306,r008-0013-37c51432,8,256,6,4,4,0,113,"{""relativeReattackFactor"":3.556251,""relativeReattackMinDelta"":0.012061,""relativeFluxFactor"":1.559454,""spectralNoveltyRatio"":3.472183,""spectralNoveltyMinBins"":53,""cooldownFrames"":5,""cooldownOverrideFactor"":2.480702,""cooldownOverrideMinFlux"":0.029062,""cooldownOverrideMinBandRatio"":0.066927,""analyzeIntervalMs"":42}"
307,r008-0022-47920f9e,8,256,6,4,4,0,111,"{""relativeReattackFactor"":3.609322,""relativeReattackMinDelta"":0.010836,""relativeFluxFactor"":1.75195,""spectralNoveltyRatio"":3.632411,""spectralNoveltyMinBins"":56,""cooldownFrames"":5,""cooldownOverrideFactor"":2.776464,""cooldownOverrideMinFlux"":0.029229,""cooldownOverrideMinBandRatio"":0.072021,""analyzeIntervalMs"":42}"
308,r008-0025-049191f9,8,256,6,4,4,0,112,"{""relativeReattackFactor"":3.452528,""relativeReattackMinDelta"":0.010907,""relativeFluxFactor"":1.573327,""spectralNoveltyRatio"":3.192173,""spectralNoveltyMinBins"":55,""cooldownFrames"":5,""cooldownOverrideFactor"":2.486898,""cooldownOverrideMinFlux"":0.029751,""cooldownOverrideMinBandRatio"":0.06907,""analyzeIntervalMs"":42}"
309,r008-0027-d29022f0,8,256,6,4,4,0,111,"{""relativeReattackFactor"":3.549148,""relativeReattackMinDelta"":0.011074,""relativeFluxFactor"":1.621375,""spectralNoveltyRatio"":3.425719,""spectralNoveltyMinBins"":57,""cooldownFrames"":5,""cooldownOverrideFactor"":2.545446,""cooldownOverrideMinFlux"":0.028869,""cooldownOverrideMinBandRatio"":0.067045,""analyzeIntervalMs"":42}"
310,r008-0036-96ef03d1,8,256,6,4,4,0,112,"{""relativeReattackFactor"":3.384806,""relativeReattackMinDelta"":0.010966,""relativeFluxFactor"":1.465376,""spectralNoveltyRatio"":3.534211,""spectralNoveltyMinBins"":56,""cooldownFrames"":5,""cooldownOverrideFactor"":2.499964,""cooldownOverrideMinFlux"":0.029104,""cooldownOverrideMinBandRatio"":0.065607,""analyzeIntervalMs"":42}"
311,r008-0055-aae7d8c8,8,256,6,4,4,0,112,"{""relativeReattackFactor"":3.466945,""relativeReattackMinDelta"":0.010539,""relativeFluxFactor"":1.488289,""spectralNoveltyRatio"":3.323397,""spectralNoveltyMinBins"":57,""cooldownFrames"":5,""cooldownOverrideFactor"":2.631707,""cooldownOverrideMinFlux"":0.03,""cooldownOverrideMinBandRatio"":0.069023,""analyzeIntervalMs"":42}"
312,r008-0061-d6764427,8,256,6,4,4,0,113,"{""relativeReattackFactor"":3.554164,""relativeReattackMinDelta"":0.011592,""relativeFluxFactor"":1.4,""spectralNoveltyRatio"":3.24329,""spectralNoveltyMinBins"":54,""cooldownFrames"":5,""cooldownOverrideFactor"":2.451175,""cooldownOverrideMinFlux"":0.03,""cooldownOverrideMinBandRatio"":0.066228,""analyzeIntervalMs"":42}"
313,r008-0063-c7524bf3,8,256,6,4,4,0,113,"{""relativeReattackFactor"":3.461401,""relativeReattackMinDelta"":0.01103,""relativeFluxFactor"":1.551106,""spectralNoveltyRatio"":3.505842,""spectralNoveltyMinBins"":54,""cooldownFrames"":5,""cooldownOverrideFactor"":2.628237,""cooldownOverrideMinFlux"":0.029069,""cooldownOverrideMinBandRatio"":0.065964,""analyzeIntervalMs"":42}"
314,r008-0064-d4c08e02,8,256,6,4,4,0,112,"{""relativeReattackFactor"":3.656086,""relativeReattackMinDelta"":0.010592,""relativeFluxFactor"":1.4,""spectralNoveltyRatio"":3.315542,""spectralNoveltyMinBins"":55,""cooldownFrames"":5,""cooldownOverrideFactor"":2.711936,""cooldownOverrideMinFlux"":0.028403,""cooldownOverrideMinBandRatio"":0.066274,""analyzeIntervalMs"":42}"
315,r008-0065-624e2c29,8,256,6,4,4,0,112,"{""relativeReattackFactor"":3.405755,""relativeReattackMinDelta"":0.01157,""relativeFluxFactor"":1.4,""spectralNoveltyRatio"":3.059965,""spectralNoveltyMinBins"":57,""cooldownFrames"":5,""cooldownOverrideFactor"":2.628188,""cooldownOverrideMinFlux"":0.029717,""cooldownOverrideMinBandRatio"":0.073092,""analyzeIntervalMs"":42}"
316,r008-0069-3d3200c0,8,256,6,4,4,0,113,"{""relativeReattackFactor"":3.521017,""relativeReattackMinDelta"":0.00978,""relativeFluxFactor"":1.487967,""spectralNoveltyRatio"":3.355821,""spectralNoveltyMinBins"":54,""cooldownFrames"":5,""cooldownOverrideFactor"":2.464373,""cooldownOverrideMinFlux"":0.028262,""cooldownOverrideMinBandRatio"":0.068026,""analyzeIntervalMs"":42}"
317,r008-0071-853efcd7,8,256,6,4,4,0,112,"{""relativeReattackFactor"":3.411754,""relativeReattackMinDelta"":0.010841,""relativeFluxFactor"":1.4,""spectralNoveltyRatio"":3.353269,""spectralNoveltyMinBins"":55,""cooldownFrames"":5,""cooldownOverrideFactor"":2.414371,""cooldownOverrideMinFlux"":0.03,""cooldownOverrideMinBandRatio"":0.066001,""analyzeIntervalMs"":42}"
318,r008-0078-5d26a9c3,8,256,6,4,4,0,113,"{""relativeReattackFactor"":3.401905,""relativeReattackMinDelta"":0.011149,""relativeFluxFactor"":1.437416,""spectralNoveltyRatio"":3.481082,""spectralNoveltyMinBins"":52,""cooldownFrames"":5,""cooldownOverrideFactor"":2.43687,""cooldownOverrideMinFlux"":0.03,""cooldownOverrideMinBandRatio"":0.070341,""analyzeIntervalMs"":42}"
319,r008-0080-5f1dd0d6,8,256,6,4,4,0,112,"{""relativeReattackFactor"":3.516057,""relativeReattackMinDelta"":0.010453,""relativeFluxFactor"":1.4,""spectralNoveltyRatio"":3.350101,""spectralNoveltyMinBins"":57,""cooldownFrames"":5,""cooldownOverrideFactor"":2.602822,""cooldownOverrideMinFlux"":0.029223,""cooldownOverrideMinBandRatio"":0.069098,""analyzeIntervalMs"":42}"
320,r009-0002-f338359a,9,256,6,4,4,0,112,"{""relativeReattackFactor"":3.478796,""relativeReattackMinDelta"":0.010285,""relativeFluxFactor"":1.517321,""spectralNoveltyRatio"":3.430279,""spectralNoveltyMinBins"":55,""cooldownFrames"":5,""cooldownOverrideFactor"":2.545105,""cooldownOverrideMinFlux"":0.029667,""cooldownOverrideMinBandRatio"":0.067067,""analyzeIntervalMs"":42}"
321,r009-0003-139a2dba,9,256,6,4,4,0,112,"{""relativeReattackFactor"":3.627834,""relativeReattackMinDelta"":0.010912,""relativeFluxFactor"":1.4,""spectralNoveltyRatio"":3.021488,""spectralNoveltyMinBins"":56,""cooldownFrames"":5,""cooldownOverrideFactor"":2.679309,""cooldownOverrideMinFlux"":0.03,""cooldownOverrideMinBandRatio"":0.07071,""analyzeIntervalMs"":42}"
322,r009-0008-a41c0bd8,9,256,6,4,4,0,112,"{""relativeReattackFactor"":3.534103,""relativeReattackMinDelta"":0.011884,""relativeFluxFactor"":1.547302,""spectralNoveltyRatio"":3.319066,""spectralNoveltyMinBins"":55,""cooldownFrames"":5,""cooldownOverrideFactor"":2.704102,""cooldownOverrideMinFlux"":0.029125,""cooldownOverrideMinBandRatio"":0.069793,""analyzeIntervalMs"":42}"
323,r009-0011-93000fd8,9,256,6,4,4,0,112,"{""relativeReattackFactor"":3.434327,""relativeReattackMinDelta"":0.011405,""relativeFluxFactor"":1.505042,""spectralNoveltyRatio"":3.449569,""spectralNoveltyMinBins"":58,""cooldownFrames"":5,""cooldownOverrideFactor"":2.525826,""cooldownOverrideMinFlux"":0.029869,""cooldownOverrideMinBandRatio"":0.066744,""analyzeIntervalMs"":42}"
324,r009-0017-a4345c52,9,256,6,4,4,0,113,"{""relativeReattackFactor"":3.395207,""relativeReattackMinDelta"":0.011367,""relativeFluxFactor"":1.474143,""spectralNoveltyRatio"":3.472493,""spectralNoveltyMinBins"":54,""cooldownFrames"":5,""cooldownOverrideFactor"":2.687098,""cooldownOverrideMinFlux"":0.029265,""cooldownOverrideMinBandRatio"":0.065504,""analyzeIntervalMs"":42}"
325,r009-0018-f106f8f3,9,256,6,4,4,0,112,"{""relativeReattackFactor"":3.559806,""relativeReattackMinDelta"":0.011387,""relativeFluxFactor"":1.451076,""spectralNoveltyRatio"":3.03436,""spectralNoveltyMinBins"":59,""cooldownFrames"":5,""cooldownOverrideFactor"":2.653495,""cooldownOverrideMinFlux"":0.03,""cooldownOverrideMinBandRatio"":0.067909,""analyzeIntervalMs"":42}"
326,r009-0023-1dcebcf5,9,256,6,4,4,0,112,"{""relativeReattackFactor"":3.534392,""relativeReattackMinDelta"":0.011123,""relativeFluxFactor"":1.4,""spectralNoveltyRatio"":3.123987,""spectralNoveltyMinBins"":58,""cooldownFrames"":5,""cooldownOverrideFactor"":2.623655,""cooldownOverrideMinFlux"":0.03,""cooldownOverrideMinBandRatio"":0.068832,""analyzeIntervalMs"":42}"
327,r009-0026-2896b8bc,9,256,6,4,4,0,112,"{""relativeReattackFactor"":3.488932,""relativeReattackMinDelta"":0.012227,""relativeFluxFactor"":1.4,""spectralNoveltyRatio"":3.227762,""spectralNoveltyMinBins"":56,""cooldownFrames"":5,""cooldownOverrideFactor"":2.508124,""cooldownOverrideMinFlux"":0.03,""cooldownOverrideMinBandRatio"":0.066562,""analyzeIntervalMs"":42}"
328,r009-0028-b1d563dd,9,256,6,4,4,0,112,"{""relativeReattackFactor"":3.695748,""relativeReattackMinDelta"":0.010968,""relativeFluxFactor"":1.568724,""spectralNoveltyRatio"":3.075418,""spectralNoveltyMinBins"":56,""cooldownFrames"":5,""cooldownOverrideFactor"":2.568842,""cooldownOverrideMinFlux"":0.029376,""cooldownOverrideMinBandRatio"":0.070257,""analyzeIntervalMs"":42}"
329,r009-0029-96e4968b,9,256,6,4,4,0,112,"{""relativeReattackFactor"":3.494214,""relativeReattackMinDelta"":0.010701,""relativeFluxFactor"":1.4,""spectralNoveltyRatio"":3.507731,""spectralNoveltyMinBins"":58,""cooldownFrames"":5,""cooldownOverrideFactor"":2.621435,""cooldownOverrideMinFlux"":0.03,""cooldownOverrideMinBandRatio"":0.066311,""analyzeIntervalMs"":42}"
330,r009-0030-45321a28,9,256,6,4,4,0,113,"{""relativeReattackFactor"":3.595741,""relativeReattackMinDelta"":0.009302,""relativeFluxFactor"":1.566371,""spectralNoveltyRatio"":3.316379,""spectralNoveltyMinBins"":54,""cooldownFrames"":5,""cooldownOverrideFactor"":2.764867,""cooldownOverrideMinFlux"":0.03,""cooldownOverrideMinBandRatio"":0.072398,""analyzeIntervalMs"":42}"
331,r009-0033-f573ccaf,9,256,6,4,4,0,112,"{""relativeReattackFactor"":3.592801,""relativeReattackMinDelta"":0.012025,""relativeFluxFactor"":1.450229,""spectralNoveltyRatio"":3.182228,""spectralNoveltyMinBins"":55,""cooldownFrames"":5,""cooldownOverrideFactor"":2.648768,""cooldownOverrideMinFlux"":0.029325,""cooldownOverrideMinBandRatio"":0.068332,""analyzeIntervalMs"":42}"
332,r009-0035-4a2b014c,9,256,6,4,4,0,112,"{""relativeReattackFactor"":3.45288,""relativeReattackMinDelta"":0.009178,""relativeFluxFactor"":1.562315,""spectralNoveltyRatio"":3.403033,""spectralNoveltyMinBins"":56,""cooldownFrames"":5,""cooldownOverrideFactor"":2.714027,""cooldownOverrideMinFlux"":0.03,""cooldownOverrideMinBandRatio"":0.070121,""analyzeIntervalMs"":42}"
333,r009-0036-5a9a568f,9,256,6,4,4,0,112,"{""relativeReattackFactor"":3.457916,""relativeReattackMinDelta"":0.011714,""relativeFluxFactor"":1.53746,""spectralNoveltyRatio"":3.417983,""spectralNoveltyMinBins"":57,""cooldownFrames"":5,""cooldownOverrideFactor"":2.412868,""cooldownOverrideMinFlux"":0.029271,""cooldownOverrideMinBandRatio"":0.065772,""analyzeIntervalMs"":42}"
334,r009-0040-83ff702c,9,256,6,4,4,0,111,"{""relativeReattackFactor"":3.641152,""relativeReattackMinDelta"":0.010326,""relativeFluxFactor"":1.636581,""spectralNoveltyRatio"":3.514206,""spectralNoveltyMinBins"":56,""cooldownFrames"":5,""cooldownOverrideFactor"":2.679674,""cooldownOverrideMinFlux"":0.029352,""cooldownOverrideMinBandRatio"":0.070966,""analyzeIntervalMs"":42}"
335,r009-0041-79b56d50,9,256,6,4,4,0,112,"{""relativeReattackFactor"":3.492044,""relativeReattackMinDelta"":0.012238,""relativeFluxFactor"":1.4,""spectralNoveltyRatio"":3.582484,""spectralNoveltyMinBins"":56,""cooldownFrames"":5,""cooldownOverrideFactor"":2.633013,""cooldownOverrideMinFlux"":0.03,""cooldownOverrideMinBandRatio"":0.068049,""analyzeIntervalMs"":42}"
336,r009-0042-c924aea8,9,256,6,4,4,0,113,"{""relativeReattackFactor"":3.409066,""relativeReattackMinDelta"":0.010923,""relativeFluxFactor"":1.560664,""spectralNoveltyRatio"":3.576082,""spectralNoveltyMinBins"":54,""cooldownFrames"":5,""cooldownOverrideFactor"":2.576823,""cooldownOverrideMinFlux"":0.03,""cooldownOverrideMinBandRatio"":0.069817,""analyzeIntervalMs"":42}"
337,r009-0046-9d096233,9,256,6,4,4,0,112,"{""relativeReattackFactor"":3.388161,""relativeReattackMinDelta"":0.012077,""relativeFluxFactor"":1.542624,""spectralNoveltyRatio"":3.284313,""spectralNoveltyMinBins"":58,""cooldownFrames"":5,""cooldownOverrideFactor"":2.541734,""cooldownOverrideMinFlux"":0.03,""cooldownOverrideMinBandRatio"":0.064574,""analyzeIntervalMs"":42}"
338,r009-0047-8cf08344,9,256,6,4,4,0,112,"{""relativeReattackFactor"":3.328866,""relativeReattackMinDelta"":0.010706,""relativeFluxFactor"":1.559732,""spectralNoveltyRatio"":3.47697,""spectralNoveltyMinBins"":57,""cooldownFrames"":5,""cooldownOverrideFactor"":2.487492,""cooldownOverrideMinFlux"":0.03,""cooldownOverrideMinBandRatio"":0.067701,""analyzeIntervalMs"":42}"
339,r009-0055-955fff53,9,256,6,4,4,0,112,"{""relativeReattackFactor"":3.45462,""relativeReattackMinDelta"":0.010091,""relativeFluxFactor"":1.451005,""spectralNoveltyRatio"":3.354867,""spectralNoveltyMinBins"":57,""cooldownFrames"":5,""cooldownOverrideFactor"":2.545922,""cooldownOverrideMinFlux"":0.03,""cooldownOverrideMinBandRatio"":0.072995,""analyzeIntervalMs"":42}"
340,r009-0060-cce57477,9,256,6,4,4,0,111,"{""relativeReattackFactor"":3.496328,""relativeReattackMinDelta"":0.009918,""relativeFluxFactor"":1.639919,""spectralNoveltyRatio"":3.23745,""spectralNoveltyMinBins"":56,""cooldownFrames"":5,""cooldownOverrideFactor"":2.693941,""cooldownOverrideMinFlux"":0.029777,""cooldownOverrideMinBandRatio"":0.068901,""analyzeIntervalMs"":42}"
341,r009-0062-c93de013,9,256,6,4,4,0,113,"{""relativeReattackFactor"":3.365307,""relativeReattackMinDelta"":0.011275,""relativeFluxFactor"":1.528504,""spectralNoveltyRatio"":3.626578,""spectralNoveltyMinBins"":53,""cooldownFrames"":5,""cooldownOverrideFactor"":2.452982,""cooldownOverrideMinFlux"":0.03,""cooldownOverrideMinBandRatio"":0.066364,""analyzeIntervalMs"":42}"
342,r009-0063-fedd8b65,9,256,6,4,4,0,112,"{""relativeReattackFactor"":3.556563,""relativeReattackMinDelta"":0.011241,""relativeFluxFactor"":1.4,""spectralNoveltyRatio"":3.131242,""spectralNoveltyMinBins"":57,""cooldownFrames"":5,""cooldownOverrideFactor"":2.654221,""cooldownOverrideMinFlux"":0.029083,""cooldownOverrideMinBandRatio"":0.068,""analyzeIntervalMs"":42}"
343,r009-0064-57e7ce94,9,256,6,4,4,0,112,"{""relativeReattackFactor"":3.411728,""relativeReattackMinDelta"":0.011342,""relativeFluxFactor"":1.513566,""spectralNoveltyRatio"":3.583735,""spectralNoveltyMinBins"":59,""cooldownFrames"":5,""cooldownOverrideFactor"":2.642677,""cooldownOverrideMinFlux"":0.029638,""cooldownOverrideMinBandRatio"":0.06572,""analyzeIntervalMs"":42}"
344,r009-0066-c40fe5da,9,256,6,4,4,0,112,"{""relativeReattackFactor"":3.527778,""relativeReattackMinDelta"":0.01083,""relativeFluxFactor"":1.406792,""spectralNoveltyRatio"":3.505646,""spectralNoveltyMinBins"":55,""cooldownFrames"":5,""cooldownOverrideFactor"":2.573833,""cooldownOverrideMinFlux"":0.029534,""cooldownOverrideMinBandRatio"":0.065169,""analyzeIntervalMs"":42}"
345,r009-0068-3dd4767e,9,256,6,4,4,0,112,"{""relativeReattackFactor"":3.549736,""relativeReattackMinDelta"":0.011073,""relativeFluxFactor"":1.4,""spectralNoveltyRatio"":3.053418,""spectralNoveltyMinBins"":57,""cooldownFrames"":5,""cooldownOverrideFactor"":2.721372,""cooldownOverrideMinFlux"":0.03,""cooldownOverrideMinBandRatio"":0.070909,""analyzeIntervalMs"":42}"
346,r009-0075-b18b707b,9,256,6,4,4,0,111,"{""relativeReattackFactor"":3.63698,""relativeReattackMinDelta"":0.010102,""relativeFluxFactor"":1.59619,""spectralNoveltyRatio"":3.37869,""spectralNoveltyMinBins"":58,""cooldownFrames"":5,""cooldownOverrideFactor"":2.69285,""cooldownOverrideMinFlux"":0.02963,""cooldownOverrideMinBandRatio"":0.07171,""analyzeIntervalMs"":42}"
347,r010-0002-5e39f412,10,256,6,4,4,0,113,"{""relativeReattackFactor"":3.328307,""relativeReattackMinDelta"":0.011345,""relativeFluxFactor"":1.58602,""spectralNoveltyRatio"":3.562735,""spectralNoveltyMinBins"":54,""cooldownFrames"":5,""cooldownOverrideFactor"":2.601495,""cooldownOverrideMinFlux"":0.03,""cooldownOverrideMinBandRatio"":0.066981,""analyzeIntervalMs"":42}"
348,r010-0008-99c9ac3e,10,256,6,4,4,0,112,"{""relativeReattackFactor"":3.612023,""relativeReattackMinDelta"":0.011157,""relativeFluxFactor"":1.412256,""spectralNoveltyRatio"":3.243504,""spectralNoveltyMinBins"":55,""cooldownFrames"":5,""cooldownOverrideFactor"":2.642761,""cooldownOverrideMinFlux"":0.029181,""cooldownOverrideMinBandRatio"":0.068797,""analyzeIntervalMs"":42}"
349,r010-0011-544632c6,10,256,6,4,4,0,112,"{""relativeReattackFactor"":3.449204,""relativeReattackMinDelta"":0.010731,""relativeFluxFactor"":1.506757,""spectralNoveltyRatio"":3.50654,""spectralNoveltyMinBins"":56,""cooldownFrames"":5,""cooldownOverrideFactor"":2.584843,""cooldownOverrideMinFlux"":0.03,""cooldownOverrideMinBandRatio"":0.067733,""analyzeIntervalMs"":42}"
350,r010-0017-7c3e41f8,10,256,6,4,4,0,112,"{""relativeReattackFactor"":3.436295,""relativeReattackMinDelta"":0.011379,""relativeFluxFactor"":1.47933,""spectralNoveltyRatio"":3.763504,""spectralNoveltyMinBins"":57,""cooldownFrames"":5,""cooldownOverrideFactor"":2.508878,""cooldownOverrideMinFlux"":0.029217,""cooldownOverrideMinBandRatio"":0.065174,""analyzeIntervalMs"":42}"
351,r010-0023-1a289b8a,10,256,6,4,4,0,112,"{""relativeReattackFactor"":3.695934,""relativeReattackMinDelta"":0.01113,""relativeFluxFactor"":1.4,""spectralNoveltyRatio"":3.15664,""spectralNoveltyMinBins"":56,""cooldownFrames"":5,""cooldownOverrideFactor"":2.651965,""cooldownOverrideMinFlux"":0.029121,""cooldownOverrideMinBandRatio"":0.070088,""analyzeIntervalMs"":42}"
352,r010-0024-0c8b755f,10,256,6,4,4,0,112,"{""relativeReattackFactor"":3.469552,""relativeReattackMinDelta"":0.010755,""relativeFluxFactor"":1.4,""spectralNoveltyRatio"":3.446992,""spectralNoveltyMinBins"":57,""cooldownFrames"":5,""cooldownOverrideFactor"":2.49887,""cooldownOverrideMinFlux"":0.028631,""cooldownOverrideMinBandRatio"":0.0685,""analyzeIntervalMs"":42}"
353,r010-0032-1e77f214,10,256,6,4,4,0,112,"{""relativeReattackFactor"":3.388926,""relativeReattackMinDelta"":0.011728,""relativeFluxFactor"":1.491787,""spectralNoveltyRatio"":3.764015,""spectralNoveltyMinBins"":56,""cooldownFrames"":5,""cooldownOverrideFactor"":2.683715,""cooldownOverrideMinFlux"":0.0292,""cooldownOverrideMinBandRatio"":0.06946,""analyzeIntervalMs"":42}"
354,r010-0038-c2c6d951,10,256,6,4,4,0,112,"{""relativeReattackFactor"":3.542637,""relativeReattackMinDelta"":0.010964,""relativeFluxFactor"":1.47396,""spectralNoveltyRatio"":3.234434,""spectralNoveltyMinBins"":56,""cooldownFrames"":5,""cooldownOverrideFactor"":2.507384,""cooldownOverrideMinFlux"":0.029693,""cooldownOverrideMinBandRatio"":0.068003,""analyzeIntervalMs"":42}"
355,r010-0040-945e77e9,10,256,6,4,4,0,112,"{""relativeReattackFactor"":3.466018,""relativeReattackMinDelta"":0.010508,""relativeFluxFactor"":1.417468,""spectralNoveltyRatio"":3.442532,""spectralNoveltyMinBins"":55,""cooldownFrames"":5,""cooldownOverrideFactor"":2.740787,""cooldownOverrideMinFlux"":0.03,""cooldownOverrideMinBandRatio"":0.069316,""analyzeIntervalMs"":42}"
356,r010-0045-ab6e2ab3,10,256,6,4,4,0,112,"{""relativeReattackFactor"":3.580808,""relativeReattackMinDelta"":0.009062,""relativeFluxFactor"":1.501584,""spectralNoveltyRatio"":3.469531,""spectralNoveltyMinBins"":57,""cooldownFrames"":5,""cooldownOverrideFactor"":2.705942,""cooldownOverrideMinFlux"":0.02924,""cooldownOverrideMinBandRatio"":0.069549,""analyzeIntervalMs"":42}"
357,r010-0046-bc1e8d63,10,256,6,4,4,0,112,"{""relativeReattackFactor"":3.483341,""relativeReattackMinDelta"":0.010988,""relativeFluxFactor"":1.4,""spectralNoveltyRatio"":3.369695,""spectralNoveltyMinBins"":57,""cooldownFrames"":5,""cooldownOverrideFactor"":2.540461,""cooldownOverrideMinFlux"":0.029183,""cooldownOverrideMinBandRatio"":0.065298,""analyzeIntervalMs"":42}"
358,r010-0049-e1443d4d,10,256,6,4,4,0,112,"{""relativeReattackFactor"":3.432106,""relativeReattackMinDelta"":0.011466,""relativeFluxFactor"":1.4,""spectralNoveltyRatio"":3.399195,""spectralNoveltyMinBins"":58,""cooldownFrames"":5,""cooldownOverrideFactor"":2.69589,""cooldownOverrideMinFlux"":0.028596,""cooldownOverrideMinBandRatio"":0.065618,""analyzeIntervalMs"":42}"
359,r010-0051-f936a3be,10,256,6,4,4,0,112,"{""relativeReattackFactor"":3.424209,""relativeReattackMinDelta"":0.011959,""relativeFluxFactor"":1.4,""spectralNoveltyRatio"":3.350175,""spectralNoveltyMinBins"":57,""cooldownFrames"":5,""cooldownOverrideFactor"":2.439225,""cooldownOverrideMinFlux"":0.029652,""cooldownOverrideMinBandRatio"":0.067237,""analyzeIntervalMs"":42}"
360,r010-0052-6675cbff,10,256,6,4,4,0,112,"{""relativeReattackFactor"":3.470903,""relativeReattackMinDelta"":0.011037,""relativeFluxFactor"":1.419803,""spectralNoveltyRatio"":3.648075,""spectralNoveltyMinBins"":55,""cooldownFrames"":5,""cooldownOverrideFactor"":2.505158,""cooldownOverrideMinFlux"":0.029978,""cooldownOverrideMinBandRatio"":0.067084,""analyzeIntervalMs"":42}"
361,r010-0053-a2d407de,10,256,6,4,4,0,112,"{""relativeReattackFactor"":3.623462,""relativeReattackMinDelta"":0.011275,""relativeFluxFactor"":1.4,""spectralNoveltyRatio"":3.026277,""spectralNoveltyMinBins"":59,""cooldownFrames"":5,""cooldownOverrideFactor"":2.584936,""cooldownOverrideMinFlux"":0.029761,""cooldownOverrideMinBandRatio"":0.071734,""analyzeIntervalMs"":42}"
362,r010-0062-5d2c0f1e,10,256,6,4,4,0,113,"{""relativeReattackFactor"":3.455678,""relativeReattackMinDelta"":0.011334,""relativeFluxFactor"":1.4,""spectralNoveltyRatio"":3.669896,""spectralNoveltyMinBins"":53,""cooldownFrames"":5,""cooldownOverrideFactor"":2.616697,""cooldownOverrideMinFlux"":0.03,""cooldownOverrideMinBandRatio"":0.065067,""analyzeIntervalMs"":42}"
363,r010-0068-9038ea66,10,256,6,4,4,0,112,"{""relativeReattackFactor"":3.603512,""relativeReattackMinDelta"":0.011714,""relativeFluxFactor"":1.4,""spectralNoveltyRatio"":3.064162,""spectralNoveltyMinBins"":58,""cooldownFrames"":5,""cooldownOverrideFactor"":2.709648,""cooldownOverrideMinFlux"":0.03,""cooldownOverrideMinBandRatio"":0.070813,""analyzeIntervalMs"":42}"
364,r010-0069-d45a67c7,10,256,6,4,4,0,112,"{""relativeReattackFactor"":3.539847,""relativeReattackMinDelta"":0.010282,""relativeFluxFactor"":1.4,""spectralNoveltyRatio"":3.342582,""spectralNoveltyMinBins"":56,""cooldownFrames"":5,""cooldownOverrideFactor"":2.488917,""cooldownOverrideMinFlux"":0.029131,""cooldownOverrideMinBandRatio"":0.067112,""analyzeIntervalMs"":42}"
365,r010-0070-30a2fbb7,10,256,6,4,4,0,112,"{""relativeReattackFactor"":3.525995,""relativeReattackMinDelta"":0.009662,""relativeFluxFactor"":1.568658,""spectralNoveltyRatio"":3.385973,""spectralNoveltyMinBins"":55,""cooldownFrames"":5,""cooldownOverrideFactor"":2.744641,""cooldownOverrideMinFlux"":0.03,""cooldownOverrideMinBandRatio"":0.068505,""analyzeIntervalMs"":42}"
366,r010-0075-c34a0b77,10,256,6,4,4,0,112,"{""relativeReattackFactor"":3.587925,""relativeReattackMinDelta"":0.010662,""relativeFluxFactor"":1.472584,""spectralNoveltyRatio"":3.242928,""spectralNoveltyMinBins"":57,""cooldownFrames"":5,""cooldownOverrideFactor"":2.627099,""cooldownOverrideMinFlux"":0.029569,""cooldownOverrideMinBandRatio"":0.071888,""analyzeIntervalMs"":42}"
367,r010-0078-751e671f,10,256,6,4,4,0,112,"{""relativeReattackFactor"":3.560855,""relativeReattackMinDelta"":0.011471,""relativeFluxFactor"":1.4,""spectralNoveltyRatio"":3.012392,""spectralNoveltyMinBins"":58,""cooldownFrames"":5,""cooldownOverrideFactor"":2.729999,""cooldownOverrideMinFlux"":0.03,""cooldownOverrideMinBandRatio"":0.069262,""analyzeIntervalMs"":42}"
368,r011-0011-0cec95c7,11,256,6,4,4,0,112,"{""relativeReattackFactor"":3.411932,""relativeReattackMinDelta"":0.010774,""relativeFluxFactor"":1.463275,""spectralNoveltyRatio"":3.329726,""spectralNoveltyMinBins"":58,""cooldownFrames"":5,""cooldownOverrideFactor"":2.419323,""cooldownOverrideMinFlux"":0.03,""cooldownOverrideMinBandRatio"":0.064922,""analyzeIntervalMs"":42}"
369,r011-0017-a5fd8ba9,11,256,6,4,4,0,113,"{""relativeReattackFactor"":3.52049,""relativeReattackMinDelta"":0.011497,""relativeFluxFactor"":1.550939,""spectralNoveltyRatio"":3.470475,""spectralNoveltyMinBins"":54,""cooldownFrames"":5,""cooldownOverrideFactor"":2.630655,""cooldownOverrideMinFlux"":0.029395,""cooldownOverrideMinBandRatio"":0.069449,""analyzeIntervalMs"":42}"
370,r011-0018-3f5b33e0,11,256,6,4,4,0,112,"{""relativeReattackFactor"":3.577564,""relativeReattackMinDelta"":0.012342,""relativeFluxFactor"":1.559019,""spectralNoveltyRatio"":3.195095,""spectralNoveltyMinBins"":56,""cooldownFrames"":5,""cooldownOverrideFactor"":2.572376,""cooldownOverrideMinFlux"":0.03,""cooldownOverrideMinBandRatio"":0.067628,""analyzeIntervalMs"":42}"
371,r011-0022-7a0e0f84,11,256,6,4,4,0,112,"{""relativeReattackFactor"":3.514857,""relativeReattackMinDelta"":0.011065,""relativeFluxFactor"":1.4,""spectralNoveltyRatio"":3.466388,""spectralNoveltyMinBins"":55,""cooldownFrames"":5,""cooldownOverrideFactor"":2.458998,""cooldownOverrideMinFlux"":0.029563,""cooldownOverrideMinBandRatio"":0.066618,""analyzeIntervalMs"":42}"
372,r011-0027-f32b61f9,11,256,6,4,4,0,112,"{""relativeReattackFactor"":3.532978,""relativeReattackMinDelta"":0.010882,""relativeFluxFactor"":1.549472,""spectralNoveltyRatio"":3.533256,""spectralNoveltyMinBins"":55,""cooldownFrames"":5,""cooldownOverrideFactor"":2.632597,""cooldownOverrideMinFlux"":0.029134,""cooldownOverrideMinBandRatio"":0.065295,""analyzeIntervalMs"":42}"
373,r011-0028-5ed11200,11,256,6,4,4,0,112,"{""relativeReattackFactor"":3.617381,""relativeReattackMinDelta"":0.012014,""relativeFluxFactor"":1.513223,""spectralNoveltyRatio"":3.296326,""spectralNoveltyMinBins"":57,""cooldownFrames"":5,""cooldownOverrideFactor"":2.585943,""cooldownOverrideMinFlux"":0.03,""cooldownOverrideMinBandRatio"":0.068334,""analyzeIntervalMs"":42}"
374,r011-0031-6faf1a38,11,256,6,4,4,0,112,"{""relativeReattackFactor"":3.398628,""relativeReattackMinDelta"":0.011503,""relativeFluxFactor"":1.498706,""spectralNoveltyRatio"":3.339264,""spectralNoveltyMinBins"":57,""cooldownFrames"":5,""cooldownOverrideFactor"":2.427323,""cooldownOverrideMinFlux"":0.0296,""cooldownOverrideMinBandRatio"":0.068891,""analyzeIntervalMs"":42}"
375,r011-0033-b12f0f58,11,256,6,4,4,0,112,"{""relativeReattackFactor"":3.598431,""relativeReattackMinDelta"":0.011653,""relativeFluxFactor"":1.4,""spectralNoveltyRatio"":3.06725,""spectralNoveltyMinBins"":57,""cooldownFrames"":5,""cooldownOverrideFactor"":2.671627,""cooldownOverrideMinFlux"":0.03,""cooldownOverrideMinBandRatio"":0.067361,""analyzeIntervalMs"":42}"
376,r011-0035-d34bc74d,11,256,6,4,4,0,112,"{""relativeReattackFactor"":3.476617,""relativeReattackMinDelta"":0.010539,""relativeFluxFactor"":1.598791,""spectralNoveltyRatio"":3.237167,""spectralNoveltyMinBins"":54,""cooldownFrames"":5,""cooldownOverrideFactor"":2.703513,""cooldownOverrideMinFlux"":0.02898,""cooldownOverrideMinBandRatio"":0.06881,""analyzeIntervalMs"":42}"
377,r011-0043-6bcc2b9b,11,256,6,4,4,0,112,"{""relativeReattackFactor"":3.670794,""relativeReattackMinDelta"":0.01139,""relativeFluxFactor"":1.4,""spectralNoveltyRatio"":3.21968,""spectralNoveltyMinBins"":56,""cooldownFrames"":5,""cooldownOverrideFactor"":2.588165,""cooldownOverrideMinFlux"":0.03,""cooldownOverrideMinBandRatio"":0.070375,""analyzeIntervalMs"":42}"
378,r011-0048-b07f900c,11,256,6,4,4,0,112,"{""relativeReattackFactor"":3.592859,""relativeReattackMinDelta"":0.011105,""relativeFluxFactor"":1.489509,""spectralNoveltyRatio"":3.172149,""spectralNoveltyMinBins"":57,""cooldownFrames"":5,""cooldownOverrideFactor"":2.566101,""cooldownOverrideMinFlux"":0.029736,""cooldownOverrideMinBandRatio"":0.068208,""analyzeIntervalMs"":42}"
379,r011-0049-0b9f7e5c,11,256,6,4,4,0,112,"{""relativeReattackFactor"":3.516978,""relativeReattackMinDelta"":0.010728,""relativeFluxFactor"":1.506383,""spectralNoveltyRatio"":3.546473,""spectralNoveltyMinBins"":59,""cooldownFrames"":5,""cooldownOverrideFactor"":2.554865,""cooldownOverrideMinFlux"":0.029104,""cooldownOverrideMinBandRatio"":0.069533,""analyzeIntervalMs"":42}"
380,r011-0051-e5ff8170,11,256,6,4,4,0,112,"{""relativeReattackFactor"":3.360051,""relativeReattackMinDelta"":0.012011,""relativeFluxFactor"":1.428896,""spectralNoveltyRatio"":3.395276,""spectralNoveltyMinBins"":55,""cooldownFrames"":5,""cooldownOverrideFactor"":2.618971,""cooldownOverrideMinFlux"":0.03,""cooldownOverrideMinBandRatio"":0.065697,""analyzeIntervalMs"":42}"
381,r011-0053-c6b31593,11,256,6,4,4,0,112,"{""relativeReattackFactor"":3.667568,""relativeReattackMinDelta"":0.010805,""relativeFluxFactor"":1.581774,""spectralNoveltyRatio"":3.314664,""spectralNoveltyMinBins"":58,""cooldownFrames"":5,""cooldownOverrideFactor"":2.742717,""cooldownOverrideMinFlux"":0.03,""cooldownOverrideMinBandRatio"":0.070889,""analyzeIntervalMs"":42}"
382,r011-0055-0a34aedd,11,256,6,4,4,0,112,"{""relativeReattackFactor"":3.545758,""relativeReattackMinDelta"":0.010409,""relativeFluxFactor"":1.406617,""spectralNoveltyRatio"":3.353503,""spectralNoveltyMinBins"":55,""cooldownFrames"":5,""cooldownOverrideFactor"":2.615183,""cooldownOverrideMinFlux"":0.029304,""cooldownOverrideMinBandRatio"":0.070815,""analyzeIntervalMs"":42}"
383,r011-0056-c3819bfb,11,256,6,4,4,0,112,"{""relativeReattackFactor"":3.397293,""relativeReattackMinDelta"":0.011718,""relativeFluxFactor"":1.451138,""spectralNoveltyRatio"":3.464096,""spectralNoveltyMinBins"":56,""cooldownFrames"":5,""cooldownOverrideFactor"":2.62281,""cooldownOverrideMinFlux"":0.029793,""cooldownOverrideMinBandRatio"":0.066383,""analyzeIntervalMs"":42}"
384,r011-0062-5e0d19f7,11,256,6,4,4,0,113,"{""relativeReattackFactor"":3.446759,""relativeReattackMinDelta"":0.011326,""relativeFluxFactor"":1.401513,""spectralNoveltyRatio"":3.589301,""spectralNoveltyMinBins"":53,""cooldownFrames"":5,""cooldownOverrideFactor"":2.648454,""cooldownOverrideMinFlux"":0.029719,""cooldownOverrideMinBandRatio"":0.069055,""analyzeIntervalMs"":42}"
385,r011-0063-e95c7303,11,256,6,4,4,0,112,"{""relativeReattackFactor"":3.666796,""relativeReattackMinDelta"":0.010813,""relativeFluxFactor"":1.4,""spectralNoveltyRatio"":3.321763,""spectralNoveltyMinBins"":55,""cooldownFrames"":5,""cooldownOverrideFactor"":2.744766,""cooldownOverrideMinFlux"":0.029406,""cooldownOverrideMinBandRatio"":0.070016,""analyzeIntervalMs"":42}"
386,r011-0069-e7587736,11,256,6,4,4,0,112,"{""relativeReattackFactor"":3.413912,""relativeReattackMinDelta"":0.010507,""relativeFluxFactor"":1.49237,""spectralNoveltyRatio"":3.589719,""spectralNoveltyMinBins"":55,""cooldownFrames"":5,""cooldownOverrideFactor"":2.670802,""cooldownOverrideMinFlux"":0.03,""cooldownOverrideMinBandRatio"":0.068378,""analyzeIntervalMs"":42}"
387,r011-0073-78179e8e,11,256,6,4,4,0,112,"{""relativeReattackFactor"":3.643501,""relativeReattackMinDelta"":0.0108,""relativeFluxFactor"":1.513974,""spectralNoveltyRatio"":3.256432,""spectralNoveltyMinBins"":55,""cooldownFrames"":5,""cooldownOverrideFactor"":2.592582,""cooldownOverrideMinFlux"":0.029203,""cooldownOverrideMinBandRatio"":0.066672,""analyzeIntervalMs"":42}"
388,r011-0074-de451a74,11,256,6,4,4,0,112,"{""relativeReattackFactor"":3.541653,""relativeReattackMinDelta"":0.010868,""relativeFluxFactor"":1.429585,""spectralNoveltyRatio"":3.553006,""spectralNoveltyMinBins"":56,""cooldownFrames"":5,""cooldownOverrideFactor"":2.550692,""cooldownOverrideMinFlux"":0.029175,""cooldownOverrideMinBandRatio"":0.067795,""analyzeIntervalMs"":42}"
389,r011-0077-a2f156ac,11,256,6,4,4,0,112,"{""relativeReattackFactor"":3.36314,""relativeReattackMinDelta"":0.011649,""relativeFluxFactor"":1.4,""spectralNoveltyRatio"":3.505743,""spectralNoveltyMinBins"":56,""cooldownFrames"":5,""cooldownOverrideFactor"":2.447001,""cooldownOverrideMinFlux"":0.029722,""cooldownOverrideMinBandRatio"":0.065458,""analyzeIntervalMs"":42}"
390,r012-0004-5fcaab9c,12,256,6,4,4,0,112,"{""relativeReattackFactor"":3.450803,""relativeReattackMinDelta"":0.010858,""relativeFluxFactor"":1.442703,""spectralNoveltyRatio"":3.510941,""spectralNoveltyMinBins"":59,""cooldownFrames"":5,""cooldownOverrideFactor"":2.646997,""cooldownOverrideMinFlux"":0.028466,""cooldownOverrideMinBandRatio"":0.06907,""analyzeIntervalMs"":42}"
391,r012-0012-0ff270ed,12,256,6,4,4,0,112,"{""relativeReattackFactor"":3.415758,""relativeReattackMinDelta"":0.010683,""relativeFluxFactor"":1.492173,""spectralNoveltyRatio"":3.739224,""spectralNoveltyMinBins"":54,""cooldownFrames"":5,""cooldownOverrideFactor"":2.613897,""cooldownOverrideMinFlux"":0.029061,""cooldownOverrideMinBandRatio"":0.068936,""analyzeIntervalMs"":42}"
392,r012-0013-7f07e01f,12,256,6,4,4,0,112,"{""relativeReattackFactor"":3.547753,""relativeReattackMinDelta"":0.011454,""relativeFluxFactor"":1.4,""spectralNoveltyRatio"":3.268782,""spectralNoveltyMinBins"":57,""cooldownFrames"":5,""cooldownOverrideFactor"":2.756044,""cooldownOverrideMinFlux"":0.03,""cooldownOverrideMinBandRatio"":0.069744,""analyzeIntervalMs"":42}"
393,r012-0021-88b3718e,12,256,6,4,4,0,112,"{""relativeReattackFactor"":3.534642,""relativeReattackMinDelta"":0.011409,""relativeFluxFactor"":1.492067,""spectralNoveltyRatio"":3.524993,""spectralNoveltyMinBins"":57,""cooldownFrames"":5,""cooldownOverrideFactor"":2.568912,""cooldownOverrideMinFlux"":0.03,""cooldownOverrideMinBandRatio"":0.064314,""analyzeIntervalMs"":42}"
394,r012-0027-f4756fe5,12,256,6,4,4,0,112,"{""relativeReattackFactor"":3.46129,""relativeReattackMinDelta"":0.011819,""relativeFluxFactor"":1.402978,""spectralNoveltyRatio"":3.421553,""spectralNoveltyMinBins"":57,""cooldownFrames"":5,""cooldownOverrideFactor"":2.659943,""cooldownOverrideMinFlux"":0.03,""cooldownOverrideMinBandRatio"":0.069404,""analyzeIntervalMs"":42}"
395,r012-0029-d0cae871,12,256,6,4,4,0,112,"{""relativeReattackFactor"":3.433173,""relativeReattackMinDelta"":0.011021,""relativeFluxFactor"":1.4,""spectralNoveltyRatio"":3.341201,""spectralNoveltyMinBins"":55,""cooldownFrames"":5,""cooldownOverrideFactor"":2.663075,""cooldownOverrideMinFlux"":0.02861,""cooldownOverrideMinBandRatio"":0.067037,""analyzeIntervalMs"":42}"
396,r012-0030-d11285b5,12,256,6,4,4,0,112,"{""relativeReattackFactor"":3.450088,""relativeReattackMinDelta"":0.009415,""relativeFluxFactor"":1.476569,""spectralNoveltyRatio"":3.355921,""spectralNoveltyMinBins"":55,""cooldownFrames"":5,""cooldownOverrideFactor"":2.597222,""cooldownOverrideMinFlux"":0.03,""cooldownOverrideMinBandRatio"":0.070416,""analyzeIntervalMs"":42}"
397,r012-0033-13ac7034,12,256,6,4,4,0,112,"{""relativeReattackFactor"":3.695831,""relativeReattackMinDelta"":0.011867,""relativeFluxFactor"":1.457356,""spectralNoveltyRatio"":3.272864,""spectralNoveltyMinBins"":59,""cooldownFrames"":5,""cooldownOverrideFactor"":2.65336,""cooldownOverrideMinFlux"":0.03,""cooldownOverrideMinBandRatio"":0.068634,""analyzeIntervalMs"":42}"
398,r012-0040-066a0ed2,12,256,6,4,4,0,112,"{""relativeReattackFactor"":3.618874,""relativeReattackMinDelta"":0.009843,""relativeFluxFactor"":1.477423,""spectralNoveltyRatio"":3.384309,""spectralNoveltyMinBins"":55,""cooldownFrames"":5,""cooldownOverrideFactor"":2.546725,""cooldownOverrideMinFlux"":0.03,""cooldownOverrideMinBandRatio"":0.069468,""analyzeIntervalMs"":42}"
399,r012-0041-16c17373,12,256,6,4,4,0,113,"{""relativeReattackFactor"":3.547158,""relativeReattackMinDelta"":0.01204,""relativeFluxFactor"":1.4,""spectralNoveltyRatio"":3.362331,""spectralNoveltyMinBins"":54,""cooldownFrames"":5,""cooldownOverrideFactor"":2.486777,""cooldownOverrideMinFlux"":0.029159,""cooldownOverrideMinBandRatio"":0.065806,""analyzeIntervalMs"":42}"
400,r012-0044-73025490,12,256,6,4,4,0,112,"{""relativeReattackFactor"":3.421448,""relativeReattackMinDelta"":0.010611,""relativeFluxFactor"":1.483175,""spectralNoveltyRatio"":3.408905,""spectralNoveltyMinBins"":55,""cooldownFrames"":5,""cooldownOverrideFactor"":2.642434,""cooldownOverrideMinFlux"":0.028861,""cooldownOverrideMinBandRatio"":0.067668,""analyzeIntervalMs"":42}"
401,r012-0049-e3328368,12,256,6,4,4,0,112,"{""relativeReattackFactor"":3.525443,""relativeReattackMinDelta"":0.010685,""relativeFluxFactor"":1.421503,""spectralNoveltyRatio"":3.372379,""spectralNoveltyMinBins"":55,""cooldownFrames"":5,""cooldownOverrideFactor"":2.506211,""cooldownOverrideMinFlux"":0.029088,""cooldownOverrideMinBandRatio"":0.070061,""analyzeIntervalMs"":42}"
402,r012-0053-dbd6ce5e,12,256,6,4,4,0,112,"{""relativeReattackFactor"":3.552405,""relativeReattackMinDelta"":0.011748,""relativeFluxFactor"":1.455421,""spectralNoveltyRatio"":3.129922,""spectralNoveltyMinBins"":58,""cooldownFrames"":5,""cooldownOverrideFactor"":2.658072,""cooldownOverrideMinFlux"":0.029014,""cooldownOverrideMinBandRatio"":0.068914,""analyzeIntervalMs"":42}"
403,r012-0055-52f295a1,12,256,6,4,4,0,112,"{""relativeReattackFactor"":3.508384,""relativeReattackMinDelta"":0.009549,""relativeFluxFactor"":1.457399,""spectralNoveltyRatio"":3.53479,""spectralNoveltyMinBins"":55,""cooldownFrames"":5,""cooldownOverrideFactor"":2.703283,""cooldownOverrideMinFlux"":0.029547,""cooldownOverrideMinBandRatio"":0.072832,""analyzeIntervalMs"":42}"
404,r012-0057-e1bffecc,12,256,6,4,4,0,113,"{""relativeReattackFactor"":3.469187,""relativeReattackMinDelta"":0.010531,""relativeFluxFactor"":1.4,""spectralNoveltyRatio"":3.741084,""spectralNoveltyMinBins"":53,""cooldownFrames"":5,""cooldownOverrideFactor"":2.509291,""cooldownOverrideMinFlux"":0.029781,""cooldownOverrideMinBandRatio"":0.0676,""analyzeIntervalMs"":42}"
405,r012-0063-e112010b,12,256,6,4,4,0,112,"{""relativeReattackFactor"":3.666741,""relativeReattackMinDelta"":0.012062,""relativeFluxFactor"":1.4,""spectralNoveltyRatio"":3.25415,""spectralNoveltyMinBins"":58,""cooldownFrames"":5,""cooldownOverrideFactor"":2.579309,""cooldownOverrideMinFlux"":0.03,""cooldownOverrideMinBandRatio"":0.068155,""analyzeIntervalMs"":42}"
406,r012-0064-8c35b2af,12,256,6,4,4,0,112,"{""relativeReattackFactor"":3.460296,""relativeReattackMinDelta"":0.011397,""relativeFluxFactor"":1.4,""spectralNoveltyRatio"":3.636548,""spectralNoveltyMinBins"":55,""cooldownFrames"":5,""cooldownOverrideFactor"":2.62545,""cooldownOverrideMinFlux"":0.029103,""cooldownOverrideMinBandRatio"":0.068726,""analyzeIntervalMs"":42}"
407,r012-0066-2a2ca03f,12,256,6,4,4,0,112,"{""relativeReattackFactor"":3.534602,""relativeReattackMinDelta"":0.010606,""relativeFluxFactor"":1.403997,""spectralNoveltyRatio"":3.234162,""spectralNoveltyMinBins"":55,""cooldownFrames"":5,""cooldownOverrideFactor"":2.425393,""cooldownOverrideMinFlux"":0.03,""cooldownOverrideMinBandRatio"":0.068785,""analyzeIntervalMs"":42}"
408,r012-0069-4cd99142,12,256,6,4,4,0,112,"{""relativeReattackFactor"":3.514262,""relativeReattackMinDelta"":0.011169,""relativeFluxFactor"":1.483377,""spectralNoveltyRatio"":3.437766,""spectralNoveltyMinBins"":57,""cooldownFrames"":5,""cooldownOverrideFactor"":2.680264,""cooldownOverrideMinFlux"":0.028985,""cooldownOverrideMinBandRatio"":0.070489,""analyzeIntervalMs"":42}"
409,r012-0073-3960fbce,12,256,6,4,4,0,112,"{""relativeReattackFactor"":3.608654,""relativeReattackMinDelta"":0.010788,""relativeFluxFactor"":1.462778,""spectralNoveltyRatio"":3.005453,""spectralNoveltyMinBins"":57,""cooldownFrames"":5,""cooldownOverrideFactor"":2.581048,""cooldownOverrideMinFlux"":0.029176,""cooldownOverrideMinBandRatio"":0.070816,""analyzeIntervalMs"":42}"
410,r012-0079-93259aea,12,256,6,4,4,0,112,"{""relativeReattackFactor"":3.456827,""relativeReattackMinDelta"":0.011351,""relativeFluxFactor"":1.4,""spectralNoveltyRatio"":3.635416,""spectralNoveltyMinBins"":56,""cooldownFrames"":5,""cooldownOverrideFactor"":2.473084,""cooldownOverrideMinFlux"":0.02871,""cooldownOverrideMinBandRatio"":0.066439,""analyzeIntervalMs"":42}"
411,r004-0009-3c1dec69,4,256,6,3,5,0,115,"{""relativeReattackFactor"":3.474223,""relativeReattackMinDelta"":0.014751,""relativeFluxFactor"":1.761655,""spectralNoveltyRatio"":3.016042,""spectralNoveltyMinBins"":50,""cooldownFrames"":5,""cooldownOverrideFactor"":2.246608,""cooldownOverrideMinFlux"":0.027325,""cooldownOverrideMinBandRatio"":0.047329,""analyzeIntervalMs"":42}"
412,r007-0064-8215ad1f,7,256,6,3,5,0,115,"{""relativeReattackFactor"":3.641819,""relativeReattackMinDelta"":0.011906,""relativeFluxFactor"":1.759495,""spectralNoveltyRatio"":3.077979,""spectralNoveltyMinBins"":50,""cooldownFrames"":5,""cooldownOverrideFactor"":2.400014,""cooldownOverrideMinFlux"":0.026922,""cooldownOverrideMinBandRatio"":0.063347,""analyzeIntervalMs"":42}"
413,r004-0079-0e796ed0,4,250,6,6,3,0,110,"{""relativeReattackFactor"":3.499673,""relativeReattackMinDelta"":0.012433,""relativeFluxFactor"":1.810884,""spectralNoveltyRatio"":3.124446,""spectralNoveltyMinBins"":53,""cooldownFrames"":5,""cooldownOverrideFactor"":2.307801,""cooldownOverrideMinFlux"":0.026304,""cooldownOverrideMinBandRatio"":0.046334,""analyzeIntervalMs"":44}"
414,r004-0003-08c3548d,4,250,6,4,5,0,113,"{""relativeReattackFactor"":3.452459,""relativeReattackMinDelta"":0.01083,""relativeFluxFactor"":1.777577,""spectralNoveltyRatio"":3.090198,""spectralNoveltyMinBins"":51,""cooldownFrames"":5,""cooldownOverrideFactor"":2.345101,""cooldownOverrideMinFlux"":0.025834,""cooldownOverrideMinBandRatio"":0.062855,""analyzeIntervalMs"":42}"
415,r005-0035-068e066c,5,250,6,4,5,0,114,"{""relativeReattackFactor"":3.66846,""relativeReattackMinDelta"":0.012002,""relativeFluxFactor"":1.4,""spectralNoveltyRatio"":2.810523,""spectralNoveltyMinBins"":55,""cooldownFrames"":5,""cooldownOverrideFactor"":2.378454,""cooldownOverrideMinFlux"":0.03,""cooldownOverrideMinBandRatio"":0.063157,""analyzeIntervalMs"":42}"
416,r005-0075-863bf7a4,5,250,6,4,5,0,114,"{""relativeReattackFactor"":3.637574,""relativeReattackMinDelta"":0.010382,""relativeFluxFactor"":1.4,""spectralNoveltyRatio"":3.319774,""spectralNoveltyMinBins"":51,""cooldownFrames"":5,""cooldownOverrideFactor"":2.348283,""cooldownOverrideMinFlux"":0.028582,""cooldownOverrideMinBandRatio"":0.065934,""analyzeIntervalMs"":42}"
417,r006-0006-e4c28f11,6,250,6,4,5,0,114,"{""relativeReattackFactor"":3.321504,""relativeReattackMinDelta"":0.011698,""relativeFluxFactor"":1.4,""spectralNoveltyRatio"":3.359268,""spectralNoveltyMinBins"":51,""cooldownFrames"":5,""cooldownOverrideFactor"":2.618543,""cooldownOverrideMinFlux"":0.028515,""cooldownOverrideMinBandRatio"":0.065617,""analyzeIntervalMs"":42}"
418,r006-0031-69e67b90,6,250,6,4,5,0,114,"{""relativeReattackFactor"":3.41601,""relativeReattackMinDelta"":0.012424,""relativeFluxFactor"":1.4,""spectralNoveltyRatio"":3.307165,""spectralNoveltyMinBins"":52,""cooldownFrames"":5,""cooldownOverrideFactor"":2.612364,""cooldownOverrideMinFlux"":0.03,""cooldownOverrideMinBandRatio"":0.069757,""analyzeIntervalMs"":42}"
419,r006-0068-846ffad2,6,250,6,4,5,0,113,"{""relativeReattackFactor"":3.564675,""relativeReattackMinDelta"":0.017023,""relativeFluxFactor"":1.796759,""spectralNoveltyRatio"":3.064346,""spectralNoveltyMinBins"":52,""cooldownFrames"":5,""cooldownOverrideFactor"":2.687084,""cooldownOverrideMinFlux"":0.026175,""cooldownOverrideMinBandRatio"":0.06172,""analyzeIntervalMs"":42}"
420,r008-0015-9ace7e02,8,250,6,4,5,0,114,"{""relativeReattackFactor"":3.539798,""relativeReattackMinDelta"":0.011052,""relativeFluxFactor"":1.465514,""spectralNoveltyRatio"":3.118095,""spectralNoveltyMinBins"":53,""cooldownFrames"":5,""cooldownOverrideFactor"":2.652086,""cooldownOverrideMinFlux"":0.028946,""cooldownOverrideMinBandRatio"":0.073565,""analyzeIntervalMs"":42}"
421,r004-0007-5dc0e4b0,4,250,6,3,6,0,115,"{""relativeReattackFactor"":3.426441,""relativeReattackMinDelta"":0.016014,""relativeFluxFactor"":1.716674,""spectralNoveltyRatio"":2.766339,""spectralNoveltyMinBins"":51,""cooldownFrames"":5,""cooldownOverrideFactor"":2.394098,""cooldownOverrideMinFlux"":0.028016,""cooldownOverrideMinBandRatio"":0.058902,""analyzeIntervalMs"":42}"
422,r005-0010-cd9f64cd,5,250,6,3,6,0,117,"{""relativeReattackFactor"":3.450607,""relativeReattackMinDelta"":0.012053,""relativeFluxFactor"":1.4,""spectralNoveltyRatio"":3.14711,""spectralNoveltyMinBins"":50,""cooldownFrames"":5,""cooldownOverrideFactor"":2.522085,""cooldownOverrideMinFlux"":0.03,""cooldownOverrideMinBandRatio"":0.063484,""analyzeIntervalMs"":42}"
423,r005-0050-16fa4c95,5,250,6,3,6,0,117,"{""relativeReattackFactor"":3.434351,""relativeReattackMinDelta"":0.010304,""relativeFluxFactor"":1.530062,""spectralNoveltyRatio"":3.156621,""spectralNoveltyMinBins"":50,""cooldownFrames"":5,""cooldownOverrideFactor"":2.336299,""cooldownOverrideMinFlux"":0.03,""cooldownOverrideMinBandRatio"":0.063561,""analyzeIntervalMs"":42}"
424,r005-0070-2355aa4d,5,250,6,3,6,0,117,"{""relativeReattackFactor"":3.533036,""relativeReattackMinDelta"":0.01273,""relativeFluxFactor"":1.475338,""spectralNoveltyRatio"":3.305665,""spectralNoveltyMinBins"":49,""cooldownFrames"":5,""cooldownOverrideFactor"":2.428992,""cooldownOverrideMinFlux"":0.028225,""cooldownOverrideMinBandRatio"":0.063876,""analyzeIntervalMs"":42}"
425,r005-0078-ca1173c2,5,250,6,3,6,0,117,"{""relativeReattackFactor"":3.530413,""relativeReattackMinDelta"":0.011834,""relativeFluxFactor"":1.468914,""spectralNoveltyRatio"":3.060818,""spectralNoveltyMinBins"":49,""cooldownFrames"":5,""cooldownOverrideFactor"":2.39812,""cooldownOverrideMinFlux"":0.028024,""cooldownOverrideMinBandRatio"":0.061132,""analyzeIntervalMs"":42}"
426,r007-0069-f1c975a8,7,250,6,3,6,0,117,"{""relativeReattackFactor"":3.48441,""relativeReattackMinDelta"":0.011705,""relativeFluxFactor"":1.522429,""spectralNoveltyRatio"":3.046943,""spectralNoveltyMinBins"":50,""cooldownFrames"":5,""cooldownOverrideFactor"":2.411614,""cooldownOverrideMinFlux"":0.026382,""cooldownOverrideMinBandRatio"":0.064483,""analyzeIntervalMs"":42}"
427,r004-0014-9045cd64,4,244,6,8,2,0,106,"{""relativeReattackFactor"":3.86087,""relativeReattackMinDelta"":0.014767,""relativeFluxFactor"":2.009559,""spectralNoveltyRatio"":2.554363,""spectralNoveltyMinBins"":59,""cooldownFrames"":5,""cooldownOverrideFactor"":2.200931,""cooldownOverrideMinFlux"":0.026173,""cooldownOverrideMinBandRatio"":0.058006,""analyzeIntervalMs"":44}"
428,r003-0061-fc48b411,3,244,6,7,3,0,108,"{""relativeReattackFactor"":3.655853,""relativeReattackMinDelta"":0.013524,""relativeFluxFactor"":2.018827,""spectralNoveltyRatio"":2.799604,""spectralNoveltyMinBins"":55,""cooldownFrames"":5,""cooldownOverrideFactor"":2.249295,""cooldownOverrideMinFlux"":0.028386,""cooldownOverrideMinBandRatio"":0.051905,""analyzeIntervalMs"":44}"
429,r005-0055-1e2bf05b,5,244,6,4,6,0,115,"{""relativeReattackFactor"":3.702766,""relativeReattackMinDelta"":0.010716,""relativeFluxFactor"":1.4,""spectralNoveltyRatio"":3.218644,""spectralNoveltyMinBins"":51,""cooldownFrames"":5,""cooldownOverrideFactor"":2.490967,""cooldownOverrideMinFlux"":0.029338,""cooldownOverrideMinBandRatio"":0.063931,""analyzeIntervalMs"":42}"
430,r004-0054-3e53d837,4,238,6,6,5,0,113,"{""relativeReattackFactor"":3.444486,""relativeReattackMinDelta"":0.013036,""relativeFluxFactor"":1.736206,""spectralNoveltyRatio"":2.641307,""spectralNoveltyMinBins"":53,""cooldownFrames"":5,""cooldownOverrideFactor"":2.089762,""cooldownOverrideMinFlux"":0.028585,""cooldownOverrideMinBandRatio"":0.052132,""analyzeIntervalMs"":44}"
431,r004-0062-84764a67,4,229,5,3,1,0,111,"{""relativeReattackFactor"":3.625121,""relativeReattackMinDelta"":0.017312,""relativeFluxFactor"":1.90117,""spectralNoveltyRatio"":3.27427,""spectralNoveltyMinBins"":54,""cooldownFrames"":5,""cooldownOverrideFactor"":2.300554,""cooldownOverrideMinFlux"":0.028097,""cooldownOverrideMinBandRatio"":0.062406,""analyzeIntervalMs"":41}"
432,r003-0026-43a15ab5,3,223,5,3,2,0,112,"{""relativeReattackFactor"":3.340593,""relativeReattackMinDelta"":0.012924,""relativeFluxFactor"":2.091481,""spectralNoveltyRatio"":3.456546,""spectralNoveltyMinBins"":54,""cooldownFrames"":5,""cooldownOverrideFactor"":2.48277,""cooldownOverrideMinFlux"":0.027798,""cooldownOverrideMinBandRatio"":0.057139,""analyzeIntervalMs"":41}"
433,r003-0051-32cf4c27,3,223,5,3,2,0,114,"{""relativeReattackFactor"":3.631212,""relativeReattackMinDelta"":0.015592,""relativeFluxFactor"":2.363417,""spectralNoveltyRatio"":2.742164,""spectralNoveltyMinBins"":48,""cooldownFrames"":5,""cooldownOverrideFactor"":2.547223,""cooldownOverrideMinFlux"":0.026456,""cooldownOverrideMinBandRatio"":0.059262,""analyzeIntervalMs"":41}"
434,r004-0047-f80f1660,4,223,5,3,2,0,111,"{""relativeReattackFactor"":3.689243,""relativeReattackMinDelta"":0.014763,""relativeFluxFactor"":2.299673,""spectralNoveltyRatio"":2.986808,""spectralNoveltyMinBins"":53,""cooldownFrames"":5,""cooldownOverrideFactor"":2.678264,""cooldownOverrideMinFlux"":0.02645,""cooldownOverrideMinBandRatio"":0.059011,""analyzeIntervalMs"":41}"
435,r004-0061-7e26d693,4,223,5,3,2,0,112,"{""relativeReattackFactor"":3.478831,""relativeReattackMinDelta"":0.014458,""relativeFluxFactor"":1.838764,""spectralNoveltyRatio"":2.695011,""spectralNoveltyMinBins"":53,""cooldownFrames"":5,""cooldownOverrideFactor"":2.376533,""cooldownOverrideMinFlux"":0.03,""cooldownOverrideMinBandRatio"":0.055092,""analyzeIntervalMs"":41}"
436,r005-0032-f12882a5,5,223,5,3,2,0,112,"{""relativeReattackFactor"":3.647708,""relativeReattackMinDelta"":0.016806,""relativeFluxFactor"":2.040185,""spectralNoveltyRatio"":2.953213,""spectralNoveltyMinBins"":53,""cooldownFrames"":5,""cooldownOverrideFactor"":2.769373,""cooldownOverrideMinFlux"":0.028495,""cooldownOverrideMinBandRatio"":0.055882,""analyzeIntervalMs"":41}"
437,r005-0066-9aefbd14,5,223,5,3,2,0,112,"{""relativeReattackFactor"":3.671428,""relativeReattackMinDelta"":0.013998,""relativeFluxFactor"":2.069022,""spectralNoveltyRatio"":2.824213,""spectralNoveltyMinBins"":53,""cooldownFrames"":5,""cooldownOverrideFactor"":2.601029,""cooldownOverrideMinFlux"":0.029614,""cooldownOverrideMinBandRatio"":0.059924,""analyzeIntervalMs"":41}"
438,r006-0002-3dbe9413,6,223,5,3,2,0,112,"{""relativeReattackFactor"":3.485652,""relativeReattackMinDelta"":0.012844,""relativeFluxFactor"":2.065862,""spectralNoveltyRatio"":2.905836,""spectralNoveltyMinBins"":53,""cooldownFrames"":5,""cooldownOverrideFactor"":2.537189,""cooldownOverrideMinFlux"":0.029757,""cooldownOverrideMinBandRatio"":0.05349,""analyzeIntervalMs"":41}"
439,r006-0018-06617a7a,6,223,5,3,2,0,113,"{""relativeReattackFactor"":3.540022,""relativeReattackMinDelta"":0.01732,""relativeFluxFactor"":2.130305,""spectralNoveltyRatio"":3.155071,""spectralNoveltyMinBins"":51,""cooldownFrames"":5,""cooldownOverrideFactor"":2.4209,""cooldownOverrideMinFlux"":0.02568,""cooldownOverrideMinBandRatio"":0.057363,""analyzeIntervalMs"":41}"
440,r006-0048-5fba3169,6,223,5,3,2,0,113,"{""relativeReattackFactor"":3.654974,""relativeReattackMinDelta"":0.015793,""relativeFluxFactor"":2.171248,""spectralNoveltyRatio"":2.800226,""spectralNoveltyMinBins"":52,""cooldownFrames"":5,""cooldownOverrideFactor"":2.538495,""cooldownOverrideMinFlux"":0.026544,""cooldownOverrideMinBandRatio"":0.061241,""analyzeIntervalMs"":41}"
441,r006-0078-1efbdc47,6,223,5,3,2,0,114,"{""relativeReattackFactor"":3.628175,""relativeReattackMinDelta"":0.015736,""relativeFluxFactor"":2.188703,""spectralNoveltyRatio"":2.871656,""spectralNoveltyMinBins"":47,""cooldownFrames"":5,""cooldownOverrideFactor"":2.566012,""cooldownOverrideMinFlux"":0.027924,""cooldownOverrideMinBandRatio"":0.061772,""analyzeIntervalMs"":41}"
442,r007-0013-21ed0da0,7,223,5,3,2,0,113,"{""relativeReattackFactor"":3.536448,""relativeReattackMinDelta"":0.015545,""relativeFluxFactor"":2.175939,""spectralNoveltyRatio"":3.172561,""spectralNoveltyMinBins"":51,""cooldownFrames"":5,""cooldownOverrideFactor"":2.621747,""cooldownOverrideMinFlux"":0.027076,""cooldownOverrideMinBandRatio"":0.05595,""analyzeIntervalMs"":41}"
443,r007-0027-1281d2f8,7,223,5,3,2,0,113,"{""relativeReattackFactor"":3.565086,""relativeReattackMinDelta"":0.013846,""relativeFluxFactor"":2.174859,""spectralNoveltyRatio"":3.137644,""spectralNoveltyMinBins"":47,""cooldownFrames"":5,""cooldownOverrideFactor"":2.553879,""cooldownOverrideMinFlux"":0.027291,""cooldownOverrideMinBandRatio"":0.059867,""analyzeIntervalMs"":41}"
444,r003-0072-9c52114e,3,220,5,3,2,0,116,"{""relativeReattackFactor"":3.707943,""relativeReattackMinDelta"":0.025,""relativeFluxFactor"":2.995528,""spectralNoveltyRatio"":4.745013,""spectralNoveltyMinBins"":33,""cooldownFrames"":5,""cooldownOverrideFactor"":2.220285,""cooldownOverrideMinFlux"":0.012707,""cooldownOverrideMinBandRatio"":0.025907,""analyzeIntervalMs"":41}"
445,r003-0046-7f533a67,3,217,5,3,3,0,113,"{""relativeReattackFactor"":3.332056,""relativeReattackMinDelta"":0.013449,""relativeFluxFactor"":2.31463,""spectralNoveltyRatio"":3.328884,""spectralNoveltyMinBins"":50,""cooldownFrames"":5,""cooldownOverrideFactor"":2.19985,""cooldownOverrideMinFlux"":0.03,""cooldownOverrideMinBandRatio"":0.050038,""analyzeIntervalMs"":41}"
446,r004-0010-2b7bd8f6,4,217,5,3,3,0,113,"{""relativeReattackFactor"":3.18016,""relativeReattackMinDelta"":0.013021,""relativeFluxFactor"":2.124887,""spectralNoveltyRatio"":3.497777,""spectralNoveltyMinBins"":53,""cooldownFrames"":5,""cooldownOverrideFactor"":2.254451,""cooldownOverrideMinFlux"":0.029567,""cooldownOverrideMinBandRatio"":0.053214,""analyzeIntervalMs"":41}"
447,r004-0051-69ea5e32,4,217,5,3,3,0,114,"{""relativeReattackFactor"":3.336201,""relativeReattackMinDelta"":0.015648,""relativeFluxFactor"":2.257279,""spectralNoveltyRatio"":2.740397,""spectralNoveltyMinBins"":50,""cooldownFrames"":5,""cooldownOverrideFactor"":2.461695,""cooldownOverrideMinFlux"":0.026732,""cooldownOverrideMinBandRatio"":0.05631,""analyzeIntervalMs"":41}"
448,r002-0046-06438703,2,214,5,4,2,0,114,"{""relativeReattackFactor"":3.515272,""relativeReattackMinDelta"":0.023657,""relativeFluxFactor"":3.275615,""spectralNoveltyRatio"":5.259815,""spectralNoveltyMinBins"":38,""cooldownFrames"":5,""cooldownOverrideFactor"":2.212961,""cooldownOverrideMinFlux"":0.012145,""cooldownOverrideMinBandRatio"":0.029552,""analyzeIntervalMs"":41}"
449,r003-0012-0eb77f44,3,214,5,4,2,0,111,"{""relativeReattackFactor"":3.713268,""relativeReattackMinDelta"":0.024472,""relativeFluxFactor"":3.212231,""spectralNoveltyRatio"":4.891922,""spectralNoveltyMinBins"":42,""cooldownFrames"":5,""cooldownOverrideFactor"":2.217283,""cooldownOverrideMinFlux"":0.010913,""cooldownOverrideMinBandRatio"":0.026004,""analyzeIntervalMs"":41}"
450,r003-0057-2f18d1e2,3,211,5,4,2,0,116,"{""relativeReattackFactor"":3.644541,""relativeReattackMinDelta"":0.025,""relativeFluxFactor"":3.461632,""spectralNoveltyRatio"":5.299797,""spectralNoveltyMinBins"":32,""cooldownFrames"":5,""cooldownOverrideFactor"":2.423615,""cooldownOverrideMinFlux"":0.014102,""cooldownOverrideMinBandRatio"":0.02936,""analyzeIntervalMs"":41}"
451,r003-0041-60615f4e,3,208,6,4,1,0,112,"{""relativeReattackFactor"":3.779389,""relativeReattackMinDelta"":0.013354,""relativeFluxFactor"":1.757779,""spectralNoveltyRatio"":3.381996,""spectralNoveltyMinBins"":52,""cooldownFrames"":5,""cooldownOverrideFactor"":2.731069,""cooldownOverrideMinFlux"":0.026718,""cooldownOverrideMinBandRatio"":0.057826,""analyzeIntervalMs"":43}"
452,r004-0027-8f91a35d,4,208,6,4,1,0,113,"{""relativeReattackFactor"":3.76228,""relativeReattackMinDelta"":0.015088,""relativeFluxFactor"":1.727103,""spectralNoveltyRatio"":2.840492,""spectralNoveltyMinBins"":53,""cooldownFrames"":5,""cooldownOverrideFactor"":2.82079,""cooldownOverrideMinFlux"":0.024907,""cooldownOverrideMinBandRatio"":0.054836,""analyzeIntervalMs"":43}"
453,r004-0037-907d8058,4,208,6,4,1,0,113,"{""relativeReattackFactor"":3.817939,""relativeReattackMinDelta"":0.016248,""relativeFluxFactor"":1.730145,""spectralNoveltyRatio"":3.103747,""spectralNoveltyMinBins"":52,""cooldownFrames"":5,""cooldownOverrideFactor"":2.350396,""cooldownOverrideMinFlux"":0.029016,""cooldownOverrideMinBandRatio"":0.063651,""analyzeIntervalMs"":43}"
454,r004-0049-91987217,4,208,6,4,1,0,114,"{""relativeReattackFactor"":3.529444,""relativeReattackMinDelta"":0.011947,""relativeFluxFactor"":1.775674,""spectralNoveltyRatio"":3.05963,""spectralNoveltyMinBins"":53,""cooldownFrames"":5,""cooldownOverrideFactor"":2.45847,""cooldownOverrideMinFlux"":0.03,""cooldownOverrideMinBandRatio"":0.051883,""analyzeIntervalMs"":43}"
455,r005-0002-46d617b2,5,208,6,4,1,0,113,"{""relativeReattackFactor"":3.584341,""relativeReattackMinDelta"":0.014718,""relativeFluxFactor"":1.869884,""spectralNoveltyRatio"":3.181632,""spectralNoveltyMinBins"":51,""cooldownFrames"":5,""cooldownOverrideFactor"":2.697756,""cooldownOverrideMinFlux"":0.028857,""cooldownOverrideMinBandRatio"":0.054944,""analyzeIntervalMs"":43}"
456,r003-0030-97d5dd80,3,205,5,6,1,0,110,"{""relativeReattackFactor"":3.916415,""relativeReattackMinDelta"":0.022401,""relativeFluxFactor"":3.541734,""spectralNoveltyRatio"":6,""spectralNoveltyMinBins"":42,""cooldownFrames"":5,""cooldownOverrideFactor"":1.8,""cooldownOverrideMinFlux"":0.013777,""cooldownOverrideMinBandRatio"":0.037841,""analyzeIntervalMs"":35}"
457,r003-0006-e51af3e6,3,205,5,4,4,0,112,"{""relativeReattackFactor"":3.62852,""relativeReattackMinDelta"":0.014582,""relativeFluxFactor"":2.03984,""spectralNoveltyRatio"":2.697328,""spectralNoveltyMinBins"":56,""cooldownFrames"":5,""cooldownOverrideFactor"":2.60714,""cooldownOverrideMinFlux"":0.027534,""cooldownOverrideMinBandRatio"":0.06157,""analyzeIntervalMs"":42}"
458,r005-0052-704aabb1,5,205,5,4,4,0,112,"{""relativeReattackFactor"":3.674395,""relativeReattackMinDelta"":0.016873,""relativeFluxFactor"":2.119893,""spectralNoveltyRatio"":3.260262,""spectralNoveltyMinBins"":50,""cooldownFrames"":5,""cooldownOverrideFactor"":2.583342,""cooldownOverrideMinFlux"":0.028175,""cooldownOverrideMinBandRatio"":0.060011,""analyzeIntervalMs"":42}"
459,r006-0052-31b99ed6,6,205,5,4,4,0,112,"{""relativeReattackFactor"":3.566297,""relativeReattackMinDelta"":0.013165,""relativeFluxFactor"":2.184039,""spectralNoveltyRatio"":2.965216,""spectralNoveltyMinBins"":50,""cooldownFrames"":5,""cooldownOverrideFactor"":2.486841,""cooldownOverrideMinFlux"":0.028606,""cooldownOverrideMinBandRatio"":0.053462,""analyzeIntervalMs"":42}"
460,r004-0069-1d619162,4,202,6,5,1,0,109,"{""relativeReattackFactor"":3.728817,""relativeReattackMinDelta"":0.012527,""relativeFluxFactor"":1.774344,""spectralNoveltyRatio"":2.901995,""spectralNoveltyMinBins"":59,""cooldownFrames"":5,""cooldownOverrideFactor"":2.019591,""cooldownOverrideMinFlux"":0.028666,""cooldownOverrideMinBandRatio"":0.057127,""analyzeIntervalMs"":43}"
461,r003-0027-7c54768a,3,199,5,4,4,0,115,"{""relativeReattackFactor"":3.354397,""relativeReattackMinDelta"":0.021612,""relativeFluxFactor"":3.472908,""spectralNoveltyRatio"":4.735391,""spectralNoveltyMinBins"":33,""cooldownFrames"":5,""cooldownOverrideFactor"":2.094286,""cooldownOverrideMinFlux"":0.013049,""cooldownOverrideMinBandRatio"":0.035362,""analyzeIntervalMs"":42}"
462,r004-0035-68c7241e,4,199,5,5,4,0,110,"{""relativeReattackFactor"":3.268601,""relativeReattackMinDelta"":0.012869,""relativeFluxFactor"":1.899524,""spectralNoveltyRatio"":3.141118,""spectralNoveltyMinBins"":58,""cooldownFrames"":5,""cooldownOverrideFactor"":2.337583,""cooldownOverrideMinFlux"":0.029085,""cooldownOverrideMinBandRatio"":0.057355,""analyzeIntervalMs"":42}"
463,r004-0055-cf785cc9,4,199,5,5,4,0,110,"{""relativeReattackFactor"":3.463095,""relativeReattackMinDelta"":0.013549,""relativeFluxFactor"":1.887015,""spectralNoveltyRatio"":3.580327,""spectralNoveltyMinBins"":59,""cooldownFrames"":5,""cooldownOverrideFactor"":2.613795,""cooldownOverrideMinFlux"":0.029118,""cooldownOverrideMinBandRatio"":0.060038,""analyzeIntervalMs"":42}"
464,r004-0060-c6c31f31,4,199,5,5,4,0,111,"{""relativeReattackFactor"":3.3828,""relativeReattackMinDelta"":0.014433,""relativeFluxFactor"":2.313658,""spectralNoveltyRatio"":3.592409,""spectralNoveltyMinBins"":50,""cooldownFrames"":5,""cooldownOverrideFactor"":2.300773,""cooldownOverrideMinFlux"":0.02905,""cooldownOverrideMinBandRatio"":0.052499,""analyzeIntervalMs"":42}"
465,r004-0070-129e2bc6,4,199,5,5,4,0,110,"{""relativeReattackFactor"":3.479436,""relativeReattackMinDelta"":0.01131,""relativeFluxFactor"":2.11215,""spectralNoveltyRatio"":3.811718,""spectralNoveltyMinBins"":56,""cooldownFrames"":5,""cooldownOverrideFactor"":2.656984,""cooldownOverrideMinFlux"":0.029726,""cooldownOverrideMinBandRatio"":0.052531,""analyzeIntervalMs"":42}"
466,r004-0074-c6b138c4,4,199,5,5,4,0,111,"{""relativeReattackFactor"":3.686829,""relativeReattackMinDelta"":0.013041,""relativeFluxFactor"":2.284187,""spectralNoveltyRatio"":2.929476,""spectralNoveltyMinBins"":53,""cooldownFrames"":5,""cooldownOverrideFactor"":2.326586,""cooldownOverrideMinFlux"":0.02695,""cooldownOverrideMinBandRatio"":0.047733,""analyzeIntervalMs"":42}"
467,r004-0080-4d9d2146,4,199,5,5,4,0,110,"{""relativeReattackFactor"":3.350062,""relativeReattackMinDelta"":0.014717,""relativeFluxFactor"":2.182022,""spectralNoveltyRatio"":3.839477,""spectralNoveltyMinBins"":55,""cooldownFrames"":5,""cooldownOverrideFactor"":2.57236,""cooldownOverrideMinFlux"":0.026449,""cooldownOverrideMinBandRatio"":0.053434,""analyzeIntervalMs"":42}"
468,r005-0046-78ad481c,5,199,5,5,4,0,111,"{""relativeReattackFactor"":3.403512,""relativeReattackMinDelta"":0.012655,""relativeFluxFactor"":2.139234,""spectralNoveltyRatio"":3.039969,""spectralNoveltyMinBins"":51,""cooldownFrames"":5,""cooldownOverrideFactor"":2.599313,""cooldownOverrideMinFlux"":0.027171,""cooldownOverrideMinBandRatio"":0.058135,""analyzeIntervalMs"":42}"
469,r003-0071-2fe60579,3,196,5,5,4,0,112,"{""relativeReattackFactor"":3.738562,""relativeReattackMinDelta"":0.013442,""relativeFluxFactor"":2.4343,""spectralNoveltyRatio"":3.179438,""spectralNoveltyMinBins"":45,""cooldownFrames"":5,""cooldownOverrideFactor"":2.605539,""cooldownOverrideMinFlux"":0.027958,""cooldownOverrideMinBandRatio"":0.064334,""analyzeIntervalMs"":42}"
470,r002-0008-b05f2a72,2,196,5,3,5,0,121,"{""relativeReattackFactor"":3.512048,""relativeReattackMinDelta"":0.017094,""relativeFluxFactor"":1.4,""spectralNoveltyRatio"":4.197624,""spectralNoveltyMinBins"":42,""cooldownFrames"":5,""cooldownOverrideFactor"":3.253101,""cooldownOverrideMinFlux"":0.029,""cooldownOverrideMinBandRatio"":0.057581,""analyzeIntervalMs"":37}"
471,r004-0017-b6350612,4,196,5,3,5,0,114,"{""relativeReattackFactor"":3.848833,""relativeReattackMinDelta"":0.01653,""relativeFluxFactor"":2.011158,""spectralNoveltyRatio"":2.965667,""spectralNoveltyMinBins"":48,""cooldownFrames"":5,""cooldownOverrideFactor"":2.31679,""cooldownOverrideMinFlux"":0.025174,""cooldownOverrideMinBandRatio"":0.053918,""analyzeIntervalMs"":42}"
472,r004-0021-67e12c02,4,196,5,3,5,0,115,"{""relativeReattackFactor"":3.339186,""relativeReattackMinDelta"":0.014325,""relativeFluxFactor"":1.961052,""spectralNoveltyRatio"":2.559194,""spectralNoveltyMinBins"":48,""cooldownFrames"":5,""cooldownOverrideFactor"":2.397452,""cooldownOverrideMinFlux"":0.029071,""cooldownOverrideMinBandRatio"":0.057509,""analyzeIntervalMs"":42}"
473,r004-0033-6a45196a,4,196,5,3,5,0,114,"{""relativeReattackFactor"":3.576839,""relativeReattackMinDelta"":0.012098,""relativeFluxFactor"":1.956825,""spectralNoveltyRatio"":3.008035,""spectralNoveltyMinBins"":49,""cooldownFrames"":5,""cooldownOverrideFactor"":2.486339,""cooldownOverrideMinFlux"":0.025291,""cooldownOverrideMinBandRatio"":0.063529,""analyzeIntervalMs"":42}"
474,r005-0022-d8613e68,5,196,5,3,5,0,115,"{""relativeReattackFactor"":3.555844,""relativeReattackMinDelta"":0.016154,""relativeFluxFactor"":1.878647,""spectralNoveltyRatio"":2.89226,""spectralNoveltyMinBins"":47,""cooldownFrames"":5,""cooldownOverrideFactor"":2.365714,""cooldownOverrideMinFlux"":0.027655,""cooldownOverrideMinBandRatio"":0.058327,""analyzeIntervalMs"":42}"
475,r005-0056-4482374c,5,196,5,3,5,0,114,"{""relativeReattackFactor"":3.644846,""relativeReattackMinDelta"":0.01305,""relativeFluxFactor"":1.94643,""spectralNoveltyRatio"":2.970944,""spectralNoveltyMinBins"":47,""cooldownFrames"":5,""cooldownOverrideFactor"":2.584861,""cooldownOverrideMinFlux"":0.029322,""cooldownOverrideMinBandRatio"":0.058934,""analyzeIntervalMs"":42}"
476,r005-0059-bb003441,5,196,5,3,5,0,115,"{""relativeReattackFactor"":3.50163,""relativeReattackMinDelta"":0.01291,""relativeFluxFactor"":2.024666,""spectralNoveltyRatio"":2.485902,""spectralNoveltyMinBins"":48,""cooldownFrames"":5,""cooldownOverrideFactor"":2.788266,""cooldownOverrideMinFlux"":0.028193,""cooldownOverrideMinBandRatio"":0.063171,""analyzeIntervalMs"":42}"
477,r005-0067-5caf0df3,5,196,5,3,5,0,115,"{""relativeReattackFactor"":3.732682,""relativeReattackMinDelta"":0.01646,""relativeFluxFactor"":2.032471,""spectralNoveltyRatio"":2.726926,""spectralNoveltyMinBins"":47,""cooldownFrames"":5,""cooldownOverrideFactor"":2.568021,""cooldownOverrideMinFlux"":0.028403,""cooldownOverrideMinBandRatio"":0.062679,""analyzeIntervalMs"":42}"
478,r006-0012-fdacc4e4,6,196,5,3,5,0,114,"{""relativeReattackFactor"":3.387431,""relativeReattackMinDelta"":0.014906,""relativeFluxFactor"":1.960333,""spectralNoveltyRatio"":2.860978,""spectralNoveltyMinBins"":49,""cooldownFrames"":5,""cooldownOverrideFactor"":2.238847,""cooldownOverrideMinFlux"":0.029702,""cooldownOverrideMinBandRatio"":0.059948,""analyzeIntervalMs"":42}"
479,r006-0027-d79c0ae0,6,196,5,3,5,0,115,"{""relativeReattackFactor"":3.548506,""relativeReattackMinDelta"":0.013024,""relativeFluxFactor"":2.02646,""spectralNoveltyRatio"":2.726664,""spectralNoveltyMinBins"":49,""cooldownFrames"":5,""cooldownOverrideFactor"":2.50929,""cooldownOverrideMinFlux"":0.027684,""cooldownOverrideMinBandRatio"":0.057849,""analyzeIntervalMs"":42}"
480,r006-0037-9b560c4b,6,196,5,3,5,0,116,"{""relativeReattackFactor"":3.528406,""relativeReattackMinDelta"":0.013373,""relativeFluxFactor"":1.899992,""spectralNoveltyRatio"":2.707454,""spectralNoveltyMinBins"":48,""cooldownFrames"":5,""cooldownOverrideFactor"":2.540296,""cooldownOverrideMinFlux"":0.029174,""cooldownOverrideMinBandRatio"":0.057047,""analyzeIntervalMs"":42}"
481,r006-0059-836f263d,6,196,5,3,5,0,115,"{""relativeReattackFactor"":3.496564,""relativeReattackMinDelta"":0.012381,""relativeFluxFactor"":1.879516,""spectralNoveltyRatio"":2.881856,""spectralNoveltyMinBins"":47,""cooldownFrames"":5,""cooldownOverrideFactor"":2.44235,""cooldownOverrideMinFlux"":0.028152,""cooldownOverrideMinBandRatio"":0.06212,""analyzeIntervalMs"":42}"
482,r006-0063-e5eb013f,6,196,5,3,5,0,114,"{""relativeReattackFactor"":3.484879,""relativeReattackMinDelta"":0.015635,""relativeFluxFactor"":2.021566,""spectralNoveltyRatio"":3.008555,""spectralNoveltyMinBins"":49,""cooldownFrames"":5,""cooldownOverrideFactor"":2.547604,""cooldownOverrideMinFlux"":0.027407,""cooldownOverrideMinBandRatio"":0.061451,""analyzeIntervalMs"":42}"
483,r006-0070-2a26bbf4,6,196,5,3,5,0,115,"{""relativeReattackFactor"":3.300185,""relativeReattackMinDelta"":0.012962,""relativeFluxFactor"":2.007924,""spectralNoveltyRatio"":2.431615,""spectralNoveltyMinBins"":48,""cooldownFrames"":5,""cooldownOverrideFactor"":2.810935,""cooldownOverrideMinFlux"":0.029352,""cooldownOverrideMinBandRatio"":0.058646,""analyzeIntervalMs"":42}"
484,r007-0003-d20c77c0,7,196,5,3,5,0,114,"{""relativeReattackFactor"":3.641161,""relativeReattackMinDelta"":0.016301,""relativeFluxFactor"":2.040573,""spectralNoveltyRatio"":2.804862,""spectralNoveltyMinBins"":49,""cooldownFrames"":5,""cooldownOverrideFactor"":2.685417,""cooldownOverrideMinFlux"":0.027318,""cooldownOverrideMinBandRatio"":0.058503,""analyzeIntervalMs"":42}"
485,r007-0025-ad07985c,7,196,5,3,5,0,116,"{""relativeReattackFactor"":3.315397,""relativeReattackMinDelta"":0.011559,""relativeFluxFactor"":1.886193,""spectralNoveltyRatio"":2.484037,""spectralNoveltyMinBins"":48,""cooldownFrames"":5,""cooldownOverrideFactor"":2.50088,""cooldownOverrideMinFlux"":0.027406,""cooldownOverrideMinBandRatio"":0.055291,""analyzeIntervalMs"":42}"
486,r007-0048-ab413d8a,7,196,5,3,5,0,114,"{""relativeReattackFactor"":3.570869,""relativeReattackMinDelta"":0.015961,""relativeFluxFactor"":1.928772,""spectralNoveltyRatio"":3.152296,""spectralNoveltyMinBins"":48,""cooldownFrames"":5,""cooldownOverrideFactor"":2.538442,""cooldownOverrideMinFlux"":0.026436,""cooldownOverrideMinBandRatio"":0.062102,""analyzeIntervalMs"":42}"
487,r007-0058-ac826c80,7,196,5,3,5,0,114,"{""relativeReattackFactor"":3.747846,""relativeReattackMinDelta"":0.015706,""relativeFluxFactor"":2.089787,""spectralNoveltyRatio"":3.133848,""spectralNoveltyMinBins"":48,""cooldownFrames"":5,""cooldownOverrideFactor"":2.421428,""cooldownOverrideMinFlux"":0.02618,""cooldownOverrideMinBandRatio"":0.060306,""analyzeIntervalMs"":42}"
488,r007-0060-c4eebaaa,7,196,5,3,5,0,116,"{""relativeReattackFactor"":3.487154,""relativeReattackMinDelta"":0.013177,""relativeFluxFactor"":1.836552,""spectralNoveltyRatio"":2.652205,""spectralNoveltyMinBins"":48,""cooldownFrames"":5,""cooldownOverrideFactor"":2.795823,""cooldownOverrideMinFlux"":0.029414,""cooldownOverrideMinBandRatio"":0.060601,""analyzeIntervalMs"":42}"
489,r007-0068-c5ee7f5e,7,196,5,3,5,0,114,"{""relativeReattackFactor"":3.538213,""relativeReattackMinDelta"":0.015101,""relativeFluxFactor"":1.92373,""spectralNoveltyRatio"":2.894784,""spectralNoveltyMinBins"":49,""cooldownFrames"":5,""cooldownOverrideFactor"":2.65173,""cooldownOverrideMinFlux"":0.027562,""cooldownOverrideMinBandRatio"":0.0623,""analyzeIntervalMs"":42}"
490,r007-0070-8546dafb,7,196,5,3,5,0,116,"{""relativeReattackFactor"":3.345235,""relativeReattackMinDelta"":0.011271,""relativeFluxFactor"":1.880597,""spectralNoveltyRatio"":2.586705,""spectralNoveltyMinBins"":49,""cooldownFrames"":5,""cooldownOverrideFactor"":2.739002,""cooldownOverrideMinFlux"":0.027831,""cooldownOverrideMinBandRatio"":0.059842,""analyzeIntervalMs"":42}"
491,r007-0075-ca8c22ad,7,196,5,3,5,0,115,"{""relativeReattackFactor"":3.439879,""relativeReattackMinDelta"":0.012999,""relativeFluxFactor"":1.94586,""spectralNoveltyRatio"":2.689415,""spectralNoveltyMinBins"":47,""cooldownFrames"":5,""cooldownOverrideFactor"":2.726322,""cooldownOverrideMinFlux"":0.0287,""cooldownOverrideMinBandRatio"":0.055376,""analyzeIntervalMs"":42}"
492,r005-0044-47677157,5,196,5,2,6,0,117,"{""relativeReattackFactor"":3.562949,""relativeReattackMinDelta"":0.012791,""relativeFluxFactor"":1.937136,""spectralNoveltyRatio"":2.961988,""spectralNoveltyMinBins"":43,""cooldownFrames"":5,""cooldownOverrideFactor"":2.454951,""cooldownOverrideMinFlux"":0.027893,""cooldownOverrideMinBandRatio"":0.05904,""analyzeIntervalMs"":42}"
493,r007-0045-470e7e78,7,196,5,2,6,0,118,"{""relativeReattackFactor"":3.420657,""relativeReattackMinDelta"":0.011278,""relativeFluxFactor"":1.806628,""spectralNoveltyRatio"":2.484382,""spectralNoveltyMinBins"":47,""cooldownFrames"":5,""cooldownOverrideFactor"":2.608209,""cooldownOverrideMinFlux"":0.029593,""cooldownOverrideMinBandRatio"":0.059606,""analyzeIntervalMs"":42}"
494,r007-0055-30e6d63b,7,196,5,2,6,0,118,"{""relativeReattackFactor"":3.551916,""relativeReattackMinDelta"":0.011591,""relativeFluxFactor"":1.823807,""spectralNoveltyRatio"":2.580812,""spectralNoveltyMinBins"":46,""cooldownFrames"":5,""cooldownOverrideFactor"":2.551014,""cooldownOverrideMinFlux"":0.029631,""cooldownOverrideMinBandRatio"":0.058984,""analyzeIntervalMs"":42}"
495,r002-0077-d6cffd9b,2,194,6,11,0,0,102,"{""relativeReattackFactor"":3.212909,""relativeReattackMinDelta"":0.012821,""relativeFluxFactor"":3.313891,""spectralNoveltyRatio"":4.826062,""spectralNoveltyMinBins"":64,""cooldownFrames"":5,""cooldownOverrideFactor"":4.630886,""cooldownOverrideMinFlux"":0.01712,""cooldownOverrideMinBandRatio"":0.043341,""analyzeIntervalMs"":44}"
496,r003-0039-b45cd371,3,194,6,11,0,0,102,"{""relativeReattackFactor"":3.22721,""relativeReattackMinDelta"":0.010476,""relativeFluxFactor"":3.395039,""spectralNoveltyRatio"":4.859,""spectralNoveltyMinBins"":64,""cooldownFrames"":5,""cooldownOverrideFactor"":4.269006,""cooldownOverrideMinFlux"":0.015595,""cooldownOverrideMinBandRatio"":0.03632,""analyzeIntervalMs"":44}"
497,r004-0029-9a4392bf,4,193,5,9,1,0,104,"{""relativeReattackFactor"":3.716644,""relativeReattackMinDelta"":0.012826,""relativeFluxFactor"":2.15236,""spectralNoveltyRatio"":2.680776,""spectralNoveltyMinBins"":59,""cooldownFrames"":5,""cooldownOverrideFactor"":2.073463,""cooldownOverrideMinFlux"":0.028671,""cooldownOverrideMinBandRatio"":0.049103,""analyzeIntervalMs"":44}"
498,r002-0061-7f318efc,2,193,5,6,3,0,111,"{""relativeReattackFactor"":3.990191,""relativeReattackMinDelta"":0.024421,""relativeFluxFactor"":3.352496,""spectralNoveltyRatio"":6,""spectralNoveltyMinBins"":37,""cooldownFrames"":5,""cooldownOverrideFactor"":2.029576,""cooldownOverrideMinFlux"":0.012441,""cooldownOverrideMinBandRatio"":0.029931,""analyzeIntervalMs"":37}"
499,r003-0010-3d077fa7,3,193,5,6,3,0,112,"{""relativeReattackFactor"":4,""relativeReattackMinDelta"":0.024512,""relativeFluxFactor"":3.192744,""spectralNoveltyRatio"":6,""spectralNoveltyMinBins"":36,""cooldownFrames"":5,""cooldownOverrideFactor"":1.8,""cooldownOverrideMinFlux"":0.014635,""cooldownOverrideMinBandRatio"":0.033873,""analyzeIntervalMs"":37}"
500,r003-0035-73ef042e,3,193,5,6,3,0,111,"{""relativeReattackFactor"":4,""relativeReattackMinDelta"":0.022453,""relativeFluxFactor"":3.415455,""spectralNoveltyRatio"":5.658639,""spectralNoveltyMinBins"":34,""cooldownFrames"":5,""cooldownOverrideFactor"":2.367438,""cooldownOverrideMinFlux"":0.010066,""cooldownOverrideMinBandRatio"":0.036403,""analyzeIntervalMs"":37}"
501,r002-0058-5504f1c9,2,190,5,4,5,0,118,"{""relativeReattackFactor"":3.216276,""relativeReattackMinDelta"":0.012153,""relativeFluxFactor"":2.096885,""spectralNoveltyRatio"":3.342757,""spectralNoveltyMinBins"":49,""cooldownFrames"":5,""cooldownOverrideFactor"":2.285775,""cooldownOverrideMinFlux"":0.02628,""cooldownOverrideMinBandRatio"":0.039169,""analyzeIntervalMs"":37}"
502,r003-0013-edfab0bb,3,190,5,4,5,0,118,"{""relativeReattackFactor"":3.700469,""relativeReattackMinDelta"":0.016817,""relativeFluxFactor"":1.4,""spectralNoveltyRatio"":3.758905,""spectralNoveltyMinBins"":44,""cooldownFrames"":5,""cooldownOverrideFactor"":3.403302,""cooldownOverrideMinFlux"":0.027407,""cooldownOverrideMinBandRatio"":0.065085,""analyzeIntervalMs"":37}"
503,r003-0023-a9981f72,3,190,5,4,5,0,119,"{""relativeReattackFactor"":3.630904,""relativeReattackMinDelta"":0.016838,""relativeFluxFactor"":1.500267,""spectralNoveltyRatio"":3.851587,""spectralNoveltyMinBins"":46,""cooldownFrames"":5,""cooldownOverrideFactor"":3.49184,""cooldownOverrideMinFlux"":0.03,""cooldownOverrideMinBandRatio"":0.057733,""analyzeIntervalMs"":37}"
504,r003-0048-b4075d0f,3,190,5,4,5,0,119,"{""relativeReattackFactor"":3.466083,""relativeReattackMinDelta"":0.017098,""relativeFluxFactor"":1.662963,""spectralNoveltyRatio"":3.915769,""spectralNoveltyMinBins"":48,""cooldownFrames"":5,""cooldownOverrideFactor"":2.974055,""cooldownOverrideMinFlux"":0.03,""cooldownOverrideMinBandRatio"":0.059147,""analyzeIntervalMs"":37}"
505,r003-0063-cef901fa,3,190,5,4,5,0,119,"{""relativeReattackFactor"":3.492193,""relativeReattackMinDelta"":0.015739,""relativeFluxFactor"":1.78977,""spectralNoveltyRatio"":4.332254,""spectralNoveltyMinBins"":44,""cooldownFrames"":5,""cooldownOverrideFactor"":3.289383,""cooldownOverrideMinFlux"":0.027457,""cooldownOverrideMinBandRatio"":0.065253,""analyzeIntervalMs"":37}"
506,r003-0033-3340612b,3,190,5,3,6,0,122,"{""relativeReattackFactor"":3.72266,""relativeReattackMinDelta"":0.017742,""relativeFluxFactor"":1.785573,""spectralNoveltyRatio"":3.894192,""spectralNoveltyMinBins"":40,""cooldownFrames"":5,""cooldownOverrideFactor"":3.356684,""cooldownOverrideMinFlux"":0.029018,""cooldownOverrideMinBandRatio"":0.056271,""analyzeIntervalMs"":37}"
507,r006-0029-b62b3925,6,190,5,3,6,0,116,"{""relativeReattackFactor"":3.642789,""relativeReattackMinDelta"":0.011211,""relativeFluxFactor"":1.727983,""spectralNoveltyRatio"":2.995397,""spectralNoveltyMinBins"":49,""cooldownFrames"":5,""cooldownOverrideFactor"":2.207008,""cooldownOverrideMinFlux"":0.026451,""cooldownOverrideMinBandRatio"":0.064508,""analyzeIntervalMs"":42}"
508,r006-0050-e8fbfad9,6,190,5,3,6,0,117,"{""relativeReattackFactor"":3.423269,""relativeReattackMinDelta"":0.012894,""relativeFluxFactor"":1.814033,""spectralNoveltyRatio"":2.893888,""spectralNoveltyMinBins"":46,""cooldownFrames"":5,""cooldownOverrideFactor"":2.658778,""cooldownOverrideMinFlux"":0.027249,""cooldownOverrideMinBandRatio"":0.061224,""analyzeIntervalMs"":42}"
509,r006-0079-fd0e28c6,6,190,5,3,6,0,117,"{""relativeReattackFactor"":3.677536,""relativeReattackMinDelta"":0.012147,""relativeFluxFactor"":1.851381,""spectralNoveltyRatio"":2.894475,""spectralNoveltyMinBins"":46,""cooldownFrames"":5,""cooldownOverrideFactor"":2.163707,""cooldownOverrideMinFlux"":0.025967,""cooldownOverrideMinBandRatio"":0.064579,""analyzeIntervalMs"":42}"
510,r007-0039-f57b9641,7,190,5,3,6,0,116,"{""relativeReattackFactor"":3.411432,""relativeReattackMinDelta"":0.012577,""relativeFluxFactor"":1.747187,""spectralNoveltyRatio"":3.065519,""spectralNoveltyMinBins"":48,""cooldownFrames"":5,""cooldownOverrideFactor"":2.292311,""cooldownOverrideMinFlux"":0.027072,""cooldownOverrideMinBandRatio"":0.064324,""analyzeIntervalMs"":42}"
511,r007-0040-a1c5ac3f,7,190,5,3,6,0,117,"{""relativeReattackFactor"":3.455097,""relativeReattackMinDelta"":0.01191,""relativeFluxFactor"":1.724005,""spectralNoveltyRatio"":2.622474,""spectralNoveltyMinBins"":48,""cooldownFrames"":5,""cooldownOverrideFactor"":2.605316,""cooldownOverrideMinFlux"":0.027741,""cooldownOverrideMinBandRatio"":0.060644,""analyzeIntervalMs"":42}"
512,r003-0014-6a7e33ee,3,187,5,9,1,0,105,"{""relativeReattackFactor"":3.231169,""relativeReattackMinDelta"":0.013973,""relativeFluxFactor"":3.049245,""spectralNoveltyRatio"":5.137097,""spectralNoveltyMinBins"":59,""cooldownFrames"":5,""cooldownOverrideFactor"":4.491538,""cooldownOverrideMinFlux"":0.018487,""cooldownOverrideMinBandRatio"":0.047916,""analyzeIntervalMs"":44}"
513,r004-0019-e57ed41f,4,187,5,8,3,0,108,"{""relativeReattackFactor"":3.603583,""relativeReattackMinDelta"":0.013499,""relativeFluxFactor"":2.311107,""spectralNoveltyRatio"":2.603685,""spectralNoveltyMinBins"":54,""cooldownFrames"":5,""cooldownOverrideFactor"":2.520471,""cooldownOverrideMinFlux"":0.03,""cooldownOverrideMinBandRatio"":0.055948,""analyzeIntervalMs"":44}"
514,r003-0052-15415909,3,187,5,6,4,0,109,"{""relativeReattackFactor"":3.599155,""relativeReattackMinDelta"":0.02165,""relativeFluxFactor"":3.266689,""spectralNoveltyRatio"":5.71813,""spectralNoveltyMinBins"":42,""cooldownFrames"":5,""cooldownOverrideFactor"":2.435572,""cooldownOverrideMinFlux"":0.011712,""cooldownOverrideMinBandRatio"":0.02463,""analyzeIntervalMs"":42}"
515,r004-0006-1b4bbe20,4,186,5,4,2,0,114,"{""relativeReattackFactor"":3.58889,""relativeReattackMinDelta"":0.013399,""relativeFluxFactor"":1.900922,""spectralNoveltyRatio"":2.562799,""spectralNoveltyMinBins"":51,""cooldownFrames"":5,""cooldownOverrideFactor"":2.587656,""cooldownOverrideMinFlux"":0.026261,""cooldownOverrideMinBandRatio"":0.058724,""analyzeIntervalMs"":43}"
516,r004-0011-3c15f382,4,186,5,4,2,0,114,"{""relativeReattackFactor"":3.721645,""relativeReattackMinDelta"":0.014174,""relativeFluxFactor"":1.759646,""spectralNoveltyRatio"":2.592271,""spectralNoveltyMinBins"":50,""cooldownFrames"":5,""cooldownOverrideFactor"":2.463075,""cooldownOverrideMinFlux"":0.028314,""cooldownOverrideMinBandRatio"":0.05661,""analyzeIntervalMs"":43}"
517,r004-0073-3242fd61,4,186,5,4,2,0,117,"{""relativeReattackFactor"":3.465154,""relativeReattackMinDelta"":0.013273,""relativeFluxFactor"":1.714416,""spectralNoveltyRatio"":2.867497,""spectralNoveltyMinBins"":48,""cooldownFrames"":5,""cooldownOverrideFactor"":2.323173,""cooldownOverrideMinFlux"":0.026053,""cooldownOverrideMinBandRatio"":0.060165,""analyzeIntervalMs"":43}"
518,r004-0077-c40b9862,4,186,5,4,2,0,113,"{""relativeReattackFactor"":3.658464,""relativeReattackMinDelta"":0.016261,""relativeFluxFactor"":1.793253,""spectralNoveltyRatio"":2.785071,""spectralNoveltyMinBins"":51,""cooldownFrames"":5,""cooldownOverrideFactor"":2.842153,""cooldownOverrideMinFlux"":0.027877,""cooldownOverrideMinBandRatio"":0.062081,""analyzeIntervalMs"":43}"
519,r005-0077-83866ea0,5,186,5,4,2,0,115,"{""relativeReattackFactor"":3.507907,""relativeReattackMinDelta"":0.015551,""relativeFluxFactor"":1.861103,""spectralNoveltyRatio"":2.891638,""spectralNoveltyMinBins"":48,""cooldownFrames"":5,""cooldownOverrideFactor"":2.708635,""cooldownOverrideMinFlux"":0.027699,""cooldownOverrideMinBandRatio"":0.062697,""analyzeIntervalMs"":43}"
520,r005-0028-9630a508,5,186,5,3,3,0,120,"{""relativeReattackFactor"":3.666056,""relativeReattackMinDelta"":0.011923,""relativeFluxFactor"":1.465563,""spectralNoveltyRatio"":2.988953,""spectralNoveltyMinBins"":44,""cooldownFrames"":5,""cooldownOverrideFactor"":2.204595,""cooldownOverrideMinFlux"":0.026504,""cooldownOverrideMinBandRatio"":0.063374,""analyzeIntervalMs"":43}"
521,r003-0080-242f8cc5,3,184,5,7,3,0,110,"{""relativeReattackFactor"":3.928827,""relativeReattackMinDelta"":0.025,""relativeFluxFactor"":3.681543,""spectralNoveltyRatio"":5.655986,""spectralNoveltyMinBins"":34,""cooldownFrames"":5,""cooldownOverrideFactor"":2.320202,""cooldownOverrideMinFlux"":0.012554,""cooldownOverrideMinBandRatio"":0.035914,""analyzeIntervalMs"":37}"
522,r003-0066-24cc242a,3,184,5,5,5,0,114,"{""relativeReattackFactor"":3.360338,""relativeReattackMinDelta"":0.012027,""relativeFluxFactor"":1.922675,""spectralNoveltyRatio"":3.007578,""spectralNoveltyMinBins"":48,""cooldownFrames"":5,""cooldownOverrideFactor"":2.771859,""cooldownOverrideMinFlux"":0.026323,""cooldownOverrideMinBandRatio"":0.064092,""analyzeIntervalMs"":44}"
523,r004-0038-fc828670,4,184,5,3,7,0,119,"{""relativeReattackFactor"":3.392041,""relativeReattackMinDelta"":0.01406,""relativeFluxFactor"":1.472087,""spectralNoveltyRatio"":2.606071,""spectralNoveltyMinBins"":48,""cooldownFrames"":5,""cooldownOverrideFactor"":2.424913,""cooldownOverrideMinFlux"":0.026584,""cooldownOverrideMinBandRatio"":0.06259,""analyzeIntervalMs"":42}"
524,r004-0067-769f9411,4,184,5,3,7,0,118,"{""relativeReattackFactor"":3.630526,""relativeReattackMinDelta"":0.016975,""relativeFluxFactor"":1.74094,""spectralNoveltyRatio"":3.116421,""spectralNoveltyMinBins"":46,""cooldownFrames"":5,""cooldownOverrideFactor"":2.538816,""cooldownOverrideMinFlux"":0.025434,""cooldownOverrideMinBandRatio"":0.062385,""analyzeIntervalMs"":42}"
525,r005-0033-45096c1a,5,184,5,3,7,0,118,"{""relativeReattackFactor"":3.663241,""relativeReattackMinDelta"":0.011671,""relativeFluxFactor"":1.591506,""spectralNoveltyRatio"":2.760595,""spectralNoveltyMinBins"":48,""cooldownFrames"":5,""cooldownOverrideFactor"":2.235641,""cooldownOverrideMinFlux"":0.02805,""cooldownOverrideMinBandRatio"":0.063953,""analyzeIntervalMs"":42}"
526,r005-0065-1027617a,5,184,5,3,7,0,119,"{""relativeReattackFactor"":3.522502,""relativeReattackMinDelta"":0.011704,""relativeFluxFactor"":1.4,""spectralNoveltyRatio"":3.060634,""spectralNoveltyMinBins"":47,""cooldownFrames"":5,""cooldownOverrideFactor"":2.361803,""cooldownOverrideMinFlux"":0.027847,""cooldownOverrideMinBandRatio"":0.067093,""analyzeIntervalMs"":42}"
527,r006-0015-457cb657,6,184,5,3,7,0,118,"{""relativeReattackFactor"":3.475223,""relativeReattackMinDelta"":0.011574,""relativeFluxFactor"":1.685556,""spectralNoveltyRatio"":2.615476,""spectralNoveltyMinBins"":47,""cooldownFrames"":5,""cooldownOverrideFactor"":2.681646,""cooldownOverrideMinFlux"":0.028578,""cooldownOverrideMinBandRatio"":0.054294,""analyzeIntervalMs"":42}"
528,r006-0044-6f4e07ac,6,184,5,3,7,0,117,"{""relativeReattackFactor"":3.533004,""relativeReattackMinDelta"":0.012657,""relativeFluxFactor"":1.676605,""spectralNoveltyRatio"":2.985474,""spectralNoveltyMinBins"":48,""cooldownFrames"":5,""cooldownOverrideFactor"":2.426203,""cooldownOverrideMinFlux"":0.027656,""cooldownOverrideMinBandRatio"":0.064822,""analyzeIntervalMs"":42}"
529,r006-0054-69a46101,6,184,5,3,7,0,118,"{""relativeReattackFactor"":3.443529,""relativeReattackMinDelta"":0.012133,""relativeFluxFactor"":1.750384,""spectralNoveltyRatio"":3.118148,""spectralNoveltyMinBins"":45,""cooldownFrames"":5,""cooldownOverrideFactor"":2.261809,""cooldownOverrideMinFlux"":0.026026,""cooldownOverrideMinBandRatio"":0.063292,""analyzeIntervalMs"":42}"
530,r007-0029-c065ce6c,7,184,5,3,7,0,119,"{""relativeReattackFactor"":3.609498,""relativeReattackMinDelta"":0.013155,""relativeFluxFactor"":1.531696,""spectralNoveltyRatio"":2.775677,""spectralNoveltyMinBins"":47,""cooldownFrames"":5,""cooldownOverrideFactor"":2.411923,""cooldownOverrideMinFlux"":0.027099,""cooldownOverrideMinBandRatio"":0.062035,""analyzeIntervalMs"":42}"
531,r004-0008-dbbe9a2f,4,184,5,2,8,0,120,"{""relativeReattackFactor"":3.56247,""relativeReattackMinDelta"":0.012654,""relativeFluxFactor"":1.654045,""spectralNoveltyRatio"":2.85978,""spectralNoveltyMinBins"":44,""cooldownFrames"":5,""cooldownOverrideFactor"":2.449347,""cooldownOverrideMinFlux"":0.026157,""cooldownOverrideMinBandRatio"":0.067452,""analyzeIntervalMs"":42}"
532,r005-0004-c3fbefd1,5,184,5,2,8,0,122,"{""relativeReattackFactor"":3.564083,""relativeReattackMinDelta"":0.012141,""relativeFluxFactor"":1.788296,""spectralNoveltyRatio"":2.47549,""spectralNoveltyMinBins"":44,""cooldownFrames"":5,""cooldownOverrideFactor"":2.836264,""cooldownOverrideMinFlux"":0.027207,""cooldownOverrideMinBandRatio"":0.059187,""analyzeIntervalMs"":42}"
533,r005-0039-efd3731e,5,184,5,2,8,0,122,"{""relativeReattackFactor"":3.416281,""relativeReattackMinDelta"":0.010866,""relativeFluxFactor"":1.752427,""spectralNoveltyRatio"":2.545512,""spectralNoveltyMinBins"":44,""cooldownFrames"":5,""cooldownOverrideFactor"":2.487968,""cooldownOverrideMinFlux"":0.028872,""cooldownOverrideMinBandRatio"":0.056574,""analyzeIntervalMs"":42}"
534,r007-0024-6f96759f,7,184,5,2,8,0,121,"{""relativeReattackFactor"":3.535386,""relativeReattackMinDelta"":0.011995,""relativeFluxFactor"":1.513107,""spectralNoveltyRatio"":2.771725,""spectralNoveltyMinBins"":45,""cooldownFrames"":5,""cooldownOverrideFactor"":2.391411,""cooldownOverrideMinFlux"":0.027033,""cooldownOverrideMinBandRatio"":0.060784,""analyzeIntervalMs"":42}"
535,r007-0074-539bfea0,7,184,5,2,8,0,121,"{""relativeReattackFactor"":3.530322,""relativeReattackMinDelta"":0.012846,""relativeFluxFactor"":1.548845,""spectralNoveltyRatio"":3.024289,""spectralNoveltyMinBins"":44,""cooldownFrames"":5,""cooldownOverrideFactor"":2.284863,""cooldownOverrideMinFlux"":0.026036,""cooldownOverrideMinBandRatio"":0.064619,""analyzeIntervalMs"":42}"
536,r005-0072-4b56bb2c,5,180,5,5,2,0,114,"{""relativeReattackFactor"":3.715303,""relativeReattackMinDelta"":0.016126,""relativeFluxFactor"":2.03093,""spectralNoveltyRatio"":3.039944,""spectralNoveltyMinBins"":54,""cooldownFrames"":5,""cooldownOverrideFactor"":2.719556,""cooldownOverrideMinFlux"":0.026209,""cooldownOverrideMinBandRatio"":0.061971,""analyzeIntervalMs"":40}"
537,r012-0028-f280a706,12,180,5,5,2,0,115,"{""relativeReattackFactor"":3.686443,""relativeReattackMinDelta"":0.012306,""relativeFluxFactor"":1.469259,""spectralNoveltyRatio"":3.047987,""spectralNoveltyMinBins"":55,""cooldownFrames"":5,""cooldownOverrideFactor"":2.679282,""cooldownOverrideMinFlux"":0.03,""cooldownOverrideMinBandRatio"":0.070433,""analyzeIntervalMs"":40}"
538,r012-0043-a4745cf4,12,180,5,5,2,0,115,"{""relativeReattackFactor"":3.684054,""relativeReattackMinDelta"":0.011138,""relativeFluxFactor"":1.515318,""spectralNoveltyRatio"":3.127427,""spectralNoveltyMinBins"":55,""cooldownFrames"":5,""cooldownOverrideFactor"":2.542622,""cooldownOverrideMinFlux"":0.03,""cooldownOverrideMinBandRatio"":0.069988,""analyzeIntervalMs"":40}"
539,r004-0028-ad29dd13,4,180,5,3,4,0,116,"{""relativeReattackFactor"":3.60765,""relativeReattackMinDelta"":0.012202,""relativeFluxFactor"":1.640167,""spectralNoveltyRatio"":2.553116,""spectralNoveltyMinBins"":49,""cooldownFrames"":5,""cooldownOverrideFactor"":2.206723,""cooldownOverrideMinFlux"":0.027759,""cooldownOverrideMinBandRatio"":0.058274,""analyzeIntervalMs"":39}"
540,r003-0028-04058a4f,3,180,5,2,5,0,119,"{""relativeReattackFactor"":3.707566,""relativeReattackMinDelta"":0.016635,""relativeFluxFactor"":1.594319,""spectralNoveltyRatio"":3.687547,""spectralNoveltyMinBins"":40,""cooldownFrames"":5,""cooldownOverrideFactor"":3.269889,""cooldownOverrideMinFlux"":0.026921,""cooldownOverrideMinBandRatio"":0.052794,""analyzeIntervalMs"":35}"
541,r002-0042-c16d177f,2,178,5,10,1,0,104,"{""relativeReattackFactor"":3.149911,""relativeReattackMinDelta"":0.011305,""relativeFluxFactor"":4.102373,""spectralNoveltyRatio"":5.475857,""spectralNoveltyMinBins"":55,""cooldownFrames"":5,""cooldownOverrideFactor"":5,""cooldownOverrideMinFlux"":0.021144,""cooldownOverrideMinBandRatio"":0.060571,""analyzeIntervalMs"":44}"
542,r003-0007-b18aa28e,3,178,5,10,1,0,107,"{""relativeReattackFactor"":3.34931,""relativeReattackMinDelta"":0.023906,""relativeFluxFactor"":3.646104,""spectralNoveltyRatio"":5.500226,""spectralNoveltyMinBins"":36,""cooldownFrames"":5,""cooldownOverrideFactor"":1.881945,""cooldownOverrideMinFlux"":0.012644,""cooldownOverrideMinBandRatio"":0.030901,""analyzeIntervalMs"":44}"
543,r003-0044-f308ccd6,3,178,5,10,1,0,104,"{""relativeReattackFactor"":3.087758,""relativeReattackMinDelta"":0.011262,""relativeFluxFactor"":3.303998,""spectralNoveltyRatio"":4.398951,""spectralNoveltyMinBins"":60,""cooldownFrames"":5,""cooldownOverrideFactor"":4.938722,""cooldownOverrideMinFlux"":0.015207,""cooldownOverrideMinBandRatio"":0.04367,""analyzeIntervalMs"":44}"
544,r007-0079-c41d02ab,7,178,5,3,8,0,120,"{""relativeReattackFactor"":3.435071,""relativeReattackMinDelta"":0.01139,""relativeFluxFactor"":1.573173,""spectralNoveltyRatio"":3.029056,""spectralNoveltyMinBins"":45,""cooldownFrames"":5,""cooldownOverrideFactor"":2.394895,""cooldownOverrideMinFlux"":0.0262,""cooldownOverrideMinBandRatio"":0.062982,""analyzeIntervalMs"":42}"
545,r004-0058-a7ab1174,4,178,5,2,9,0,125,"{""relativeReattackFactor"":3.462772,""relativeReattackMinDelta"":0.010944,""relativeFluxFactor"":1.455747,""spectralNoveltyRatio"":2.591001,""spectralNoveltyMinBins"":42,""cooldownFrames"":5,""cooldownOverrideFactor"":2.394527,""cooldownOverrideMinFlux"":0.028841,""cooldownOverrideMinBandRatio"":0.060333,""analyzeIntervalMs"":42}"
546,r003-0029-a3dd047b,3,175,5,8,4,0,106,"{""relativeReattackFactor"":3.361945,""relativeReattackMinDelta"":0.013126,""relativeFluxFactor"":3.13931,""spectralNoveltyRatio"":5.03111,""spectralNoveltyMinBins"":64,""cooldownFrames"":5,""cooldownOverrideFactor"":4.544207,""cooldownOverrideMinFlux"":0.014748,""cooldownOverrideMinBandRatio"":0.049421,""analyzeIntervalMs"":42}"
547,r004-0042-24b2a8dc,4,174,5,5,3,0,114,"{""relativeReattackFactor"":3.821595,""relativeReattackMinDelta"":0.015463,""relativeFluxFactor"":1.695931,""spectralNoveltyRatio"":3.065576,""spectralNoveltyMinBins"":47,""cooldownFrames"":5,""cooldownOverrideFactor"":2.546374,""cooldownOverrideMinFlux"":0.028395,""cooldownOverrideMinBandRatio"":0.064834,""analyzeIntervalMs"":40}"
548,r005-0045-f4ac49e3,5,174,5,5,3,0,113,"{""relativeReattackFactor"":3.636097,""relativeReattackMinDelta"":0.012878,""relativeFluxFactor"":1.4,""spectralNoveltyRatio"":3.310811,""spectralNoveltyMinBins"":50,""cooldownFrames"":5,""cooldownOverrideFactor"":2.45818,""cooldownOverrideMinFlux"":0.029558,""cooldownOverrideMinBandRatio"":0.07079,""analyzeIntervalMs"":39}"
549,r006-0003-041d442b,6,174,5,5,3,0,115,"{""relativeReattackFactor"":3.749469,""relativeReattackMinDelta"":0.015477,""relativeFluxFactor"":2.090019,""spectralNoveltyRatio"":3.190396,""spectralNoveltyMinBins"":48,""cooldownFrames"":5,""cooldownOverrideFactor"":2.636484,""cooldownOverrideMinFlux"":0.026314,""cooldownOverrideMinBandRatio"":0.059491,""analyzeIntervalMs"":40}"
550,r006-0023-a4ba85f5,6,174,5,5,3,0,115,"{""relativeReattackFactor"":3.709725,""relativeReattackMinDelta"":0.015896,""relativeFluxFactor"":1.864766,""spectralNoveltyRatio"":3.145821,""spectralNoveltyMinBins"":48,""cooldownFrames"":5,""cooldownOverrideFactor"":2.640844,""cooldownOverrideMinFlux"":0.026427,""cooldownOverrideMinBandRatio"":0.062594,""analyzeIntervalMs"":40}"
551,r007-0008-d3d41ff3,7,174,5,5,3,0,115,"{""relativeReattackFactor"":3.734853,""relativeReattackMinDelta"":0.015921,""relativeFluxFactor"":1.819597,""spectralNoveltyRatio"":3.070096,""spectralNoveltyMinBins"":48,""cooldownFrames"":5,""cooldownOverrideFactor"":2.651276,""cooldownOverrideMinFlux"":0.027936,""cooldownOverrideMinBandRatio"":0.058655,""analyzeIntervalMs"":40}"
552,r007-0078-1eb5e74a,7,174,5,5,3,0,115,"{""relativeReattackFactor"":3.737376,""relativeReattackMinDelta"":0.0155,""relativeFluxFactor"":2.164798,""spectralNoveltyRatio"":2.824382,""spectralNoveltyMinBins"":50,""cooldownFrames"":5,""cooldownOverrideFactor"":2.51526,""cooldownOverrideMinFlux"":0.027076,""cooldownOverrideMinBandRatio"":0.056224,""analyzeIntervalMs"":40}"
553,r004-0024-35e6ef1b,4,174,5,4,4,0,116,"{""relativeReattackFactor"":3.66796,""relativeReattackMinDelta"":0.012179,""relativeFluxFactor"":1.717969,""spectralNoveltyRatio"":2.967316,""spectralNoveltyMinBins"":60,""cooldownFrames"":5,""cooldownOverrideFactor"":2.118536,""cooldownOverrideMinFlux"":0.029756,""cooldownOverrideMinBandRatio"":0.047841,""analyzeIntervalMs"":45}"
554,r003-0074-d20b9894,3,166,5,9,4,0,107,"{""relativeReattackFactor"":3.070049,""relativeReattackMinDelta"":0.014719,""relativeFluxFactor"":3.671753,""spectralNoveltyRatio"":4.561235,""spectralNoveltyMinBins"":62,""cooldownFrames"":5,""cooldownOverrideFactor"":4.582494,""cooldownOverrideMinFlux"":0.016657,""cooldownOverrideMinBandRatio"":0.040062,""analyzeIntervalMs"":42}"
555,r005-0038-11c82334,5,162,5,2,5,0,119,"{""relativeReattackFactor"":3.67944,""relativeReattackMinDelta"":0.012928,""relativeFluxFactor"":1.452142,""spectralNoveltyRatio"":3.054034,""spectralNoveltyMinBins"":43,""cooldownFrames"":5,""cooldownOverrideFactor"":2.537611,""cooldownOverrideMinFlux"":0.026084,""cooldownOverrideMinBandRatio"":0.063529,""analyzeIntervalMs"":39}"
556,r002-0026-eacba766,2,158,5,2,5,0,122,"{""relativeReattackFactor"":3.344032,""relativeReattackMinDelta"":0.021664,""relativeFluxFactor"":3.093974,""spectralNoveltyRatio"":5.886873,""spectralNoveltyMinBins"":25,""cooldownFrames"":5,""cooldownOverrideFactor"":2.627491,""cooldownOverrideMinFlux"":0.009482,""cooldownOverrideMinBandRatio"":0.02675,""analyzeIntervalMs"":41}"
557,r003-0008-58d2a313,3,156,5,2,6,0,121,"{""relativeReattackFactor"":3.314448,""relativeReattackMinDelta"":0.015149,""relativeFluxFactor"":1.523536,""spectralNoveltyRatio"":3.813913,""spectralNoveltyMinBins"":40,""cooldownFrames"":5,""cooldownOverrideFactor"":3.261896,""cooldownOverrideMinFlux"":0.03,""cooldownOverrideMinBandRatio"":0.051142,""analyzeIntervalMs"":35}"
558,r003-0058-061ef191,3,156,5,2,6,0,120,"{""relativeReattackFactor"":3.435107,""relativeReattackMinDelta"":0.018884,""relativeFluxFactor"":1.462469,""spectralNoveltyRatio"":4.329018,""spectralNoveltyMinBins"":41,""cooldownFrames"":5,""cooldownOverrideFactor"":3.600445,""cooldownOverrideMinFlux"":0.029303,""cooldownOverrideMinBandRatio"":0.057477,""analyzeIntervalMs"":35}"
559,r004-0015-effb501a,4,151,5,5,1,0,112,"{""relativeReattackFactor"":3.541056,""relativeReattackMinDelta"":0.012699,""relativeFluxFactor"":2.040073,""spectralNoveltyRatio"":3.255729,""spectralNoveltyMinBins"":51,""cooldownFrames"":5,""cooldownOverrideFactor"":2.503947,""cooldownOverrideMinFlux"":0.026943,""cooldownOverrideMinBandRatio"":0.060607,""analyzeIntervalMs"":43}"
560,r005-0027-ab6e6171,5,151,5,5,1,0,112,"{""relativeReattackFactor"":3.677545,""relativeReattackMinDelta"":0.015519,""relativeFluxFactor"":2.249142,""spectralNoveltyRatio"":3.14117,""spectralNoveltyMinBins"":47,""cooldownFrames"":5,""cooldownOverrideFactor"":2.399277,""cooldownOverrideMinFlux"":0.027748,""cooldownOverrideMinBandRatio"":0.060007,""analyzeIntervalMs"":43}"
561,r004-0020-e5395c16,4,145,5,6,1,0,111,"{""relativeReattackFactor"":3.458038,""relativeReattackMinDelta"":0.013949,""relativeFluxFactor"":2.257363,""spectralNoveltyRatio"":3.570228,""spectralNoveltyMinBins"":53,""cooldownFrames"":5,""cooldownOverrideFactor"":2.711909,""cooldownOverrideMinFlux"":0.028746,""cooldownOverrideMinBandRatio"":0.055746,""analyzeIntervalMs"":43}"
562,r001-0025-b0df2fc6,1,139,4,4,4,0,117,"{""relativeReattackFactor"":3.706787,""relativeReattackMinDelta"":0.024828,""relativeFluxFactor"":3.581258,""spectralNoveltyRatio"":5.679127,""spectralNoveltyMinBins"":30,""cooldownFrames"":5,""cooldownOverrideFactor"":2.322659,""cooldownOverrideMinFlux"":0.012745,""cooldownOverrideMinBandRatio"":0.027001,""analyzeIntervalMs"":37}"
563,r004-0071-db75cd75,4,139,4,4,5,0,114,"{""relativeReattackFactor"":3.562137,""relativeReattackMinDelta"":0.012469,""relativeFluxFactor"":2.184925,""spectralNoveltyRatio"":2.656817,""spectralNoveltyMinBins"":49,""cooldownFrames"":5,""cooldownOverrideFactor"":2.387601,""cooldownOverrideMinFlux"":0.029819,""cooldownOverrideMinBandRatio"":0.053537,""analyzeIntervalMs"":42}"
564,r005-0006-b17367c3,5,139,4,4,5,0,113,"{""relativeReattackFactor"":3.438269,""relativeReattackMinDelta"":0.014289,""relativeFluxFactor"":2.130723,""spectralNoveltyRatio"":3.130309,""spectralNoveltyMinBins"":48,""cooldownFrames"":5,""cooldownOverrideFactor"":2.636339,""cooldownOverrideMinFlux"":0.028668,""cooldownOverrideMinBandRatio"":0.059409,""analyzeIntervalMs"":42}"
565,r004-0065-fc73d8c9,4,136,5,5,2,0,114,"{""relativeReattackFactor"":3.277142,""relativeReattackMinDelta"":0.014043,""relativeFluxFactor"":1.802682,""spectralNoveltyRatio"":3.69582,""spectralNoveltyMinBins"":54,""cooldownFrames"":5,""cooldownOverrideFactor"":2.269662,""cooldownOverrideMinFlux"":0.02676,""cooldownOverrideMinBandRatio"":0.051898,""analyzeIntervalMs"":43}"
566,r003-0077-150356f0,3,132,4,3,3,0,118,"{""relativeReattackFactor"":3.584534,""relativeReattackMinDelta"":0.025,""relativeFluxFactor"":3.187505,""spectralNoveltyRatio"":4.995521,""spectralNoveltyMinBins"":32,""cooldownFrames"":5,""cooldownOverrideFactor"":2.275165,""cooldownOverrideMinFlux"":0.010393,""cooldownOverrideMinBandRatio"":0.037306,""analyzeIntervalMs"":41}"
567,r004-0022-167c0edd,4,129,4,5,2,0,113,"{""relativeReattackFactor"":3.477583,""relativeReattackMinDelta"":0.0172,""relativeFluxFactor"":2.030848,""spectralNoveltyRatio"":2.937363,""spectralNoveltyMinBins"":49,""cooldownFrames"":5,""cooldownOverrideFactor"":2.779639,""cooldownOverrideMinFlux"":0.025778,""cooldownOverrideMinBandRatio"":0.055639,""analyzeIntervalMs"":43}"
568,r004-0052-bb1ed5f2,4,129,4,5,2,0,114,"{""relativeReattackFactor"":3.683724,""relativeReattackMinDelta"":0.015149,""relativeFluxFactor"":2.131421,""spectralNoveltyRatio"":2.707048,""spectralNoveltyMinBins"":45,""cooldownFrames"":5,""cooldownOverrideFactor"":2.536878,""cooldownOverrideMinFlux"":0.026544,""cooldownOverrideMinBandRatio"":0.057678,""analyzeIntervalMs"":43}"
569,r002-0011-d79042fd,2,127,4,6,4,0,112,"{""relativeReattackFactor"":3.799056,""relativeReattackMinDelta"":0.022075,""relativeFluxFactor"":3.3803,""spectralNoveltyRatio"":4.989445,""spectralNoveltyMinBins"":38,""cooldownFrames"":5,""cooldownOverrideFactor"":2.861957,""cooldownOverrideMinFlux"":0.015946,""cooldownOverrideMinBandRatio"":0.023838,""analyzeIntervalMs"":37}"
570,r003-0025-2593ffeb,3,127,4,6,4,0,112,"{""relativeReattackFactor"":3.777283,""relativeReattackMinDelta"":0.025,""relativeFluxFactor"":3.459055,""spectralNoveltyRatio"":6,""spectralNoveltyMinBins"":42,""cooldownFrames"":5,""cooldownOverrideFactor"":2.279672,""cooldownOverrideMinFlux"":0.015154,""cooldownOverrideMinBandRatio"":0.026782,""analyzeIntervalMs"":37}"
571,r005-0014-066cbdf6,5,126,4,2,4,0,120,"{""relativeReattackFactor"":3.560861,""relativeReattackMinDelta"":0.012305,""relativeFluxFactor"":1.98407,""spectralNoveltyRatio"":2.393606,""spectralNoveltyMinBins"":44,""cooldownFrames"":5,""cooldownOverrideFactor"":2.563791,""cooldownOverrideMinFlux"":0.03,""cooldownOverrideMinBandRatio"":0.056861,""analyzeIntervalMs"":40}"
572,r002-0051-a875189a,2,126,4,3,4,0,118,"{""relativeReattackFactor"":3.880737,""relativeReattackMinDelta"":0.025,""relativeFluxFactor"":3.313096,""spectralNoveltyRatio"":5.297403,""spectralNoveltyMinBins"":32,""cooldownFrames"":5,""cooldownOverrideFactor"":2.377729,""cooldownOverrideMinFlux"":0.012152,""cooldownOverrideMinBandRatio"":0.036972,""analyzeIntervalMs"":35}"
573,r003-0076-7117d4b5,3,124,4,8,3,0,110,"{""relativeReattackFactor"":3.621951,""relativeReattackMinDelta"":0.015826,""relativeFluxFactor"":2.429838,""spectralNoveltyRatio"":3.084171,""spectralNoveltyMinBins"":45,""cooldownFrames"":5,""cooldownOverrideFactor"":2.436125,""cooldownOverrideMinFlux"":0.026493,""cooldownOverrideMinBandRatio"":0.04992,""analyzeIntervalMs"":44}"
574,r004-0057-eb310c33,4,123,4,6,2,0,113,"{""relativeReattackFactor"":3.703143,""relativeReattackMinDelta"":0.014326,""relativeFluxFactor"":2.262683,""spectralNoveltyRatio"":2.981977,""spectralNoveltyMinBins"":53,""cooldownFrames"":5,""cooldownOverrideFactor"":2.559491,""cooldownOverrideMinFlux"":0.026692,""cooldownOverrideMinBandRatio"":0.064105,""analyzeIntervalMs"":40}"
575,r005-0034-1236bd48,5,120,4,3,4,0,118,"{""relativeReattackFactor"":3.586358,""relativeReattackMinDelta"":0.010916,""relativeFluxFactor"":1.839797,""spectralNoveltyRatio"":2.474994,""spectralNoveltyMinBins"":46,""cooldownFrames"":5,""cooldownOverrideFactor"":2.723158,""cooldownOverrideMinFlux"":0.027158,""cooldownOverrideMinBandRatio"":0.055159,""analyzeIntervalMs"":40}"
576,r003-0020-d4342661,3,120,4,4,4,0,117,"{""relativeReattackFactor"":3.822392,""relativeReattackMinDelta"":0.025,""relativeFluxFactor"":3.154454,""spectralNoveltyRatio"":5.892047,""spectralNoveltyMinBins"":32,""cooldownFrames"":5,""cooldownOverrideFactor"":2.379388,""cooldownOverrideMinFlux"":0.013437,""cooldownOverrideMinBandRatio"":0.023835,""analyzeIntervalMs"":35}"
577,r003-0060-93286f9e,3,117,4,6,2,0,113,"{""relativeReattackFactor"":3.804772,""relativeReattackMinDelta"":0.025,""relativeFluxFactor"":3.473553,""spectralNoveltyRatio"":6,""spectralNoveltyMinBins"":31,""cooldownFrames"":5,""cooldownOverrideFactor"":2.141033,""cooldownOverrideMinFlux"":0.009466,""cooldownOverrideMinBandRatio"":0.030824,""analyzeIntervalMs"":40}"
578,r004-0045-7a1baf28,4,117,4,6,3,0,111,"{""relativeReattackFactor"":3.473152,""relativeReattackMinDelta"":0.013359,""relativeFluxFactor"":2.13456,""spectralNoveltyRatio"":3.607261,""spectralNoveltyMinBins"":52,""cooldownFrames"":5,""cooldownOverrideFactor"":2.413613,""cooldownOverrideMinFlux"":0.026703,""cooldownOverrideMinBandRatio"":0.051447,""analyzeIntervalMs"":39}"
579,r002-0001-039ac7c1,2,117,4,4,4,0,117,"{""relativeReattackFactor"":4,""relativeReattackMinDelta"":0.023855,""relativeFluxFactor"":3.485781,""spectralNoveltyRatio"":5.749753,""spectralNoveltyMinBins"":30,""cooldownFrames"":5,""cooldownOverrideFactor"":2.271283,""cooldownOverrideMinFlux"":0.017007,""cooldownOverrideMinBandRatio"":0.031283,""analyzeIntervalMs"":35}"
580,r004-0012-8a653757,4,117,4,5,4,0,113,"{""relativeReattackFactor"":3.634554,""relativeReattackMinDelta"":0.015087,""relativeFluxFactor"":1.912449,""spectralNoveltyRatio"":3.184103,""spectralNoveltyMinBins"":46,""cooldownFrames"":5,""cooldownOverrideFactor"":2.374366,""cooldownOverrideMinFlux"":0.026772,""cooldownOverrideMinBandRatio"":0.054336,""analyzeIntervalMs"":39}"
581,r005-0007-83997298,5,117,4,5,4,0,114,"{""relativeReattackFactor"":3.502614,""relativeReattackMinDelta"":0.016047,""relativeFluxFactor"":2.037936,""spectralNoveltyRatio"":3.036165,""spectralNoveltyMinBins"":49,""cooldownFrames"":5,""cooldownOverrideFactor"":2.764884,""cooldownOverrideMinFlux"":0.026606,""cooldownOverrideMinBandRatio"":0.057584,""analyzeIntervalMs"":39}"
582,r005-0011-7abcec2e,5,117,4,5,4,0,114,"{""relativeReattackFactor"":3.550467,""relativeReattackMinDelta"":0.013668,""relativeFluxFactor"":2.010226,""spectralNoveltyRatio"":2.873841,""spectralNoveltyMinBins"":48,""cooldownFrames"":5,""cooldownOverrideFactor"":2.308391,""cooldownOverrideMinFlux"":0.028574,""cooldownOverrideMinBandRatio"":0.055138,""analyzeIntervalMs"":39}"
583,r002-0034-ff2a2580,2,114,4,5,3,0,116,"{""relativeReattackFactor"":3.869524,""relativeReattackMinDelta"":0.004,""relativeFluxFactor"":4.282641,""spectralNoveltyRatio"":2.778767,""spectralNoveltyMinBins"":41,""cooldownFrames"":4,""cooldownOverrideFactor"":5,""cooldownOverrideMinFlux"":0.027719,""cooldownOverrideMinBandRatio"":0.053891,""analyzeIntervalMs"":41}"
584,r005-0017-5513b0d3,5,114,4,5,3,0,115,"{""relativeReattackFactor"":3.665935,""relativeReattackMinDelta"":0.016405,""relativeFluxFactor"":2.212677,""spectralNoveltyRatio"":2.7951,""spectralNoveltyMinBins"":54,""cooldownFrames"":5,""cooldownOverrideFactor"":2.581549,""cooldownOverrideMinFlux"":0.026947,""cooldownOverrideMinBandRatio"":0.055675,""analyzeIntervalMs"":40}"
585,r005-0060-aba4af89,5,114,4,5,3,0,118,"{""relativeReattackFactor"":3.622922,""relativeReattackMinDelta"":0.011863,""relativeFluxFactor"":1.4,""spectralNoveltyRatio"":2.964957,""spectralNoveltyMinBins"":50,""cooldownFrames"":5,""cooldownOverrideFactor"":2.522184,""cooldownOverrideMinFlux"":0.027989,""cooldownOverrideMinBandRatio"":0.070439,""analyzeIntervalMs"":40}"
586,r006-0008-f69938bc,6,114,4,5,3,0,115,"{""relativeReattackFactor"":3.680129,""relativeReattackMinDelta"":0.016211,""relativeFluxFactor"":2.160713,""spectralNoveltyRatio"":3.063106,""spectralNoveltyMinBins"":49,""cooldownFrames"":5,""cooldownOverrideFactor"":2.448412,""cooldownOverrideMinFlux"":0.027884,""cooldownOverrideMinBandRatio"":0.062998,""analyzeIntervalMs"":40}"
587,r006-0011-55227131,6,114,4,5,3,0,116,"{""relativeReattackFactor"":3.563778,""relativeReattackMinDelta"":0.011891,""relativeFluxFactor"":1.636908,""spectralNoveltyRatio"":3.655489,""spectralNoveltyMinBins"":51,""cooldownFrames"":5,""cooldownOverrideFactor"":2.664238,""cooldownOverrideMinFlux"":0.03,""cooldownOverrideMinBandRatio"":0.065444,""analyzeIntervalMs"":40}"
588,r006-0062-fe1fe719,6,114,4,5,3,0,115,"{""relativeReattackFactor"":3.562172,""relativeReattackMinDelta"":0.01498,""relativeFluxFactor"":2.196687,""spectralNoveltyRatio"":3.008368,""spectralNoveltyMinBins"":52,""cooldownFrames"":5,""cooldownOverrideFactor"":2.532848,""cooldownOverrideMinFlux"":0.028077,""cooldownOverrideMinBandRatio"":0.053599,""analyzeIntervalMs"":40}"
589,r007-0001-16dcdcf0,7,114,4,5,3,0,116,"{""relativeReattackFactor"":3.564958,""relativeReattackMinDelta"":0.011052,""relativeFluxFactor"":1.629051,""spectralNoveltyRatio"":3.391608,""spectralNoveltyMinBins"":55,""cooldownFrames"":5,""cooldownOverrideFactor"":2.639503,""cooldownOverrideMinFlux"":0.029471,""cooldownOverrideMinBandRatio"":0.067494,""analyzeIntervalMs"":40}"
590,r007-0022-eeccb75b,7,114,4,5,3,0,115,"{""relativeReattackFactor"":3.553108,""relativeReattackMinDelta"":0.01383,""relativeFluxFactor"":1.862216,""spectralNoveltyRatio"":3.031221,""spectralNoveltyMinBins"":49,""cooldownFrames"":5,""cooldownOverrideFactor"":2.537658,""cooldownOverrideMinFlux"":0.029484,""cooldownOverrideMinBandRatio"":0.054417,""analyzeIntervalMs"":40}"
591,r007-0023-7a8fb6a9,7,114,4,5,3,0,115,"{""relativeReattackFactor"":3.549956,""relativeReattackMinDelta"":0.016339,""relativeFluxFactor"":2.142904,""spectralNoveltyRatio"":2.782875,""spectralNoveltyMinBins"":52,""cooldownFrames"":5,""cooldownOverrideFactor"":2.505648,""cooldownOverrideMinFlux"":0.026689,""cooldownOverrideMinBandRatio"":0.060863,""analyzeIntervalMs"":40}"
592,r007-0026-dc0d90c9,7,114,4,5,3,0,118,"{""relativeReattackFactor"":3.568253,""relativeReattackMinDelta"":0.010651,""relativeFluxFactor"":1.4,""spectralNoveltyRatio"":3.312475,""spectralNoveltyMinBins"":56,""cooldownFrames"":5,""cooldownOverrideFactor"":2.556869,""cooldownOverrideMinFlux"":0.029884,""cooldownOverrideMinBandRatio"":0.069639,""analyzeIntervalMs"":40}"
593,r007-0031-7f1a8bf2,7,114,4,5,3,0,118,"{""relativeReattackFactor"":3.561573,""relativeReattackMinDelta"":0.010246,""relativeFluxFactor"":1.4,""spectralNoveltyRatio"":3.212376,""spectralNoveltyMinBins"":54,""cooldownFrames"":5,""cooldownOverrideFactor"":2.649026,""cooldownOverrideMinFlux"":0.03,""cooldownOverrideMinBandRatio"":0.066207,""analyzeIntervalMs"":40}"
594,r008-0024-99030c77,8,114,4,5,3,0,116,"{""relativeReattackFactor"":3.612131,""relativeReattackMinDelta"":0.010031,""relativeFluxFactor"":1.545007,""spectralNoveltyRatio"":3.251308,""spectralNoveltyMinBins"":51,""cooldownFrames"":5,""cooldownOverrideFactor"":2.581243,""cooldownOverrideMinFlux"":0.03,""cooldownOverrideMinBandRatio"":0.067444,""analyzeIntervalMs"":40}"
595,r008-0034-eacbdf55,8,114,4,5,3,0,116,"{""relativeReattackFactor"":3.610848,""relativeReattackMinDelta"":0.011376,""relativeFluxFactor"":1.494146,""spectralNoveltyRatio"":3.159366,""spectralNoveltyMinBins"":55,""cooldownFrames"":5,""cooldownOverrideFactor"":2.468823,""cooldownOverrideMinFlux"":0.029943,""cooldownOverrideMinBandRatio"":0.068429,""analyzeIntervalMs"":40}"
596,r008-0037-d27cf5ba,8,114,4,5,3,0,116,"{""relativeReattackFactor"":3.567328,""relativeReattackMinDelta"":0.01065,""relativeFluxFactor"":1.567895,""spectralNoveltyRatio"":3.395513,""spectralNoveltyMinBins"":57,""cooldownFrames"":5,""cooldownOverrideFactor"":2.670032,""cooldownOverrideMinFlux"":0.029579,""cooldownOverrideMinBandRatio"":0.073059,""analyzeIntervalMs"":40}"
597,r008-0062-e800c8c6,8,114,4,5,3,0,115,"{""relativeReattackFactor"":3.567991,""relativeReattackMinDelta"":0.011265,""relativeFluxFactor"":1.661118,""spectralNoveltyRatio"":3.681308,""spectralNoveltyMinBins"":56,""cooldownFrames"":5,""cooldownOverrideFactor"":2.649837,""cooldownOverrideMinFlux"":0.03,""cooldownOverrideMinBandRatio"":0.069325,""analyzeIntervalMs"":40}"
598,r009-0013-86dadd6a,9,114,4,5,3,0,115,"{""relativeReattackFactor"":3.589997,""relativeReattackMinDelta"":0.011717,""relativeFluxFactor"":1.538162,""spectralNoveltyRatio"":3.235831,""spectralNoveltyMinBins"":59,""cooldownFrames"":5,""cooldownOverrideFactor"":2.573441,""cooldownOverrideMinFlux"":0.029867,""cooldownOverrideMinBandRatio"":0.069595,""analyzeIntervalMs"":40}"
599,r009-0043-41282f38,9,114,4,5,3,0,116,"{""relativeReattackFactor"":3.56135,""relativeReattackMinDelta"":0.011195,""relativeFluxFactor"":1.536331,""spectralNoveltyRatio"":2.994338,""spectralNoveltyMinBins"":57,""cooldownFrames"":5,""cooldownOverrideFactor"":2.569603,""cooldownOverrideMinFlux"":0.029078,""cooldownOverrideMinBandRatio"":0.069707,""analyzeIntervalMs"":40}"
600,r009-0053-fb9bb09c,9,114,4,5,3,0,118,"{""relativeReattackFactor"":3.662547,""relativeReattackMinDelta"":0.012306,""relativeFluxFactor"":1.4,""spectralNoveltyRatio"":3.288709,""spectralNoveltyMinBins"":57,""cooldownFrames"":5,""cooldownOverrideFactor"":2.545592,""cooldownOverrideMinFlux"":0.03,""cooldownOverrideMinBandRatio"":0.066765,""analyzeIntervalMs"":40}"
601,r010-0010-21df562b,10,114,4,5,3,0,116,"{""relativeReattackFactor"":3.581081,""relativeReattackMinDelta"":0.010405,""relativeFluxFactor"":1.521937,""spectralNoveltyRatio"":3.213211,""spectralNoveltyMinBins"":55,""cooldownFrames"":5,""cooldownOverrideFactor"":2.780466,""cooldownOverrideMinFlux"":0.029271,""cooldownOverrideMinBandRatio"":0.070924,""analyzeIntervalMs"":40}"
602,r010-0020-0fb3420a,10,114,4,5,3,0,118,"{""relativeReattackFactor"":3.604421,""relativeReattackMinDelta"":0.010627,""relativeFluxFactor"":1.4,""spectralNoveltyRatio"":3.375406,""spectralNoveltyMinBins"":58,""cooldownFrames"":5,""cooldownOverrideFactor"":2.600601,""cooldownOverrideMinFlux"":0.03,""cooldownOverrideMinBandRatio"":0.068262,""analyzeIntervalMs"":40}"
603,r010-0043-0d6e63b6,10,114,4,5,3,0,116,"{""relativeReattackFactor"":3.54451,""relativeReattackMinDelta"":0.01232,""relativeFluxFactor"":1.474565,""spectralNoveltyRatio"":3.100779,""spectralNoveltyMinBins"":58,""cooldownFrames"":5,""cooldownOverrideFactor"":2.658088,""cooldownOverrideMinFlux"":0.03,""cooldownOverrideMinBandRatio"":0.066668,""analyzeIntervalMs"":40}"
604,r011-0001-d2acc9c3,11,114,4,5,3,0,116,"{""relativeReattackFactor"":3.545608,""relativeReattackMinDelta"":0.010774,""relativeFluxFactor"":1.534469,""spectralNoveltyRatio"":3.250931,""spectralNoveltyMinBins"":54,""cooldownFrames"":5,""cooldownOverrideFactor"":2.460635,""cooldownOverrideMinFlux"":0.03,""cooldownOverrideMinBandRatio"":0.064194,""analyzeIntervalMs"":40}"
605,r011-0038-66af0287,11,114,4,5,3,0,118,"{""relativeReattackFactor"":3.575967,""relativeReattackMinDelta"":0.011477,""relativeFluxFactor"":1.4,""spectralNoveltyRatio"":3.195972,""spectralNoveltyMinBins"":57,""cooldownFrames"":5,""cooldownOverrideFactor"":2.719367,""cooldownOverrideMinFlux"":0.03,""cooldownOverrideMinBandRatio"":0.070386,""analyzeIntervalMs"":40}"
606,r011-0070-3310e46e,11,114,4,5,3,0,118,"{""relativeReattackFactor"":3.644092,""relativeReattackMinDelta"":0.009732,""relativeFluxFactor"":1.4,""spectralNoveltyRatio"":3.270895,""spectralNoveltyMinBins"":56,""cooldownFrames"":5,""cooldownOverrideFactor"":2.772579,""cooldownOverrideMinFlux"":0.03,""cooldownOverrideMinBandRatio"":0.069806,""analyzeIntervalMs"":40}"
607,r005-0021-031477ff,5,114,4,4,4,0,117,"{""relativeReattackFactor"":3.680181,""relativeReattackMinDelta"":0.013796,""relativeFluxFactor"":2.246236,""spectralNoveltyRatio"":2.683091,""spectralNoveltyMinBins"":47,""cooldownFrames"":5,""cooldownOverrideFactor"":2.35262,""cooldownOverrideMinFlux"":0.029858,""cooldownOverrideMinBandRatio"":0.057881,""analyzeIntervalMs"":40}"
608,r005-0023-d13d323e,5,114,4,4,4,0,117,"{""relativeReattackFactor"":3.561097,""relativeReattackMinDelta"":0.013246,""relativeFluxFactor"":1.670962,""spectralNoveltyRatio"":3.0089,""spectralNoveltyMinBins"":45,""cooldownFrames"":5,""cooldownOverrideFactor"":2.150761,""cooldownOverrideMinFlux"":0.027651,""cooldownOverrideMinBandRatio"":0.066437,""analyzeIntervalMs"":40}"
609,r005-0047-41d9e022,5,114,4,4,4,0,117,"{""relativeReattackFactor"":3.612538,""relativeReattackMinDelta"":0.016025,""relativeFluxFactor"":2.208556,""spectralNoveltyRatio"":2.724084,""spectralNoveltyMinBins"":46,""cooldownFrames"":5,""cooldownOverrideFactor"":2.579422,""cooldownOverrideMinFlux"":0.025589,""cooldownOverrideMinBandRatio"":0.05897,""analyzeIntervalMs"":40}"
610,r006-0009-6f4b6df1,6,114,4,4,4,0,118,"{""relativeReattackFactor"":3.546932,""relativeReattackMinDelta"":0.013069,""relativeFluxFactor"":1.541112,""spectralNoveltyRatio"":2.692628,""spectralNoveltyMinBins"":45,""cooldownFrames"":5,""cooldownOverrideFactor"":2.25291,""cooldownOverrideMinFlux"":0.027399,""cooldownOverrideMinBandRatio"":0.060189,""analyzeIntervalMs"":40}"
611,r005-0026-5e0c1119,5,114,4,5,4,0,114,"{""relativeReattackFactor"":3.525621,""relativeReattackMinDelta"":0.012777,""relativeFluxFactor"":2.218711,""spectralNoveltyRatio"":2.699658,""spectralNoveltyMinBins"":48,""cooldownFrames"":5,""cooldownOverrideFactor"":2.326505,""cooldownOverrideMinFlux"":0.028262,""cooldownOverrideMinBandRatio"":0.061116,""analyzeIntervalMs"":39}"
612,r001-0067-52b502c6,1,112,5,10,1,0,106,"{""relativeReattackFactor"":3.412367,""relativeReattackMinDelta"":0.011273,""relativeFluxFactor"":3.660507,""spectralNoveltyRatio"":4.749619,""spectralNoveltyMinBins"":59,""cooldownFrames"":5,""cooldownOverrideFactor"":4.742349,""cooldownOverrideMinFlux"":0.016657,""cooldownOverrideMinBandRatio"":0.055442,""analyzeIntervalMs"":43}"
613,r004-0056-44072350,4,111,4,6,4,0,113,"{""relativeReattackFactor"":3.600909,""relativeReattackMinDelta"":0.012131,""relativeFluxFactor"":1.850957,""spectralNoveltyRatio"":2.800835,""spectralNoveltyMinBins"":52,""cooldownFrames"":5,""cooldownOverrideFactor"":2.659498,""cooldownOverrideMinFlux"":0.026395,""cooldownOverrideMinBandRatio"":0.05482,""analyzeIntervalMs"":39}"
614,r005-0005-de583360,5,111,4,6,4,0,112,"{""relativeReattackFactor"":3.72939,""relativeReattackMinDelta"":0.010357,""relativeFluxFactor"":1.586793,""spectralNoveltyRatio"":3.222897,""spectralNoveltyMinBins"":50,""cooldownFrames"":5,""cooldownOverrideFactor"":2.597926,""cooldownOverrideMinFlux"":0.028668,""cooldownOverrideMinBandRatio"":0.067362,""analyzeIntervalMs"":39}"
615,r002-0070-daed4f2f,2,108,4,9,1,0,108,"{""relativeReattackFactor"":3.37745,""relativeReattackMinDelta"":0.011959,""relativeFluxFactor"":4.704895,""spectralNoveltyRatio"":4.215763,""spectralNoveltyMinBins"":57,""cooldownFrames"":4,""cooldownOverrideFactor"":1.978491,""cooldownOverrideMinFlux"":0.020412,""cooldownOverrideMinBandRatio"":0.078508,""analyzeIntervalMs"":49}"
616,r003-0031-a0d39cda,3,108,4,5,4,0,116,"{""relativeReattackFactor"":3.649042,""relativeReattackMinDelta"":0.013106,""relativeFluxFactor"":1.734732,""spectralNoveltyRatio"":2.457986,""spectralNoveltyMinBins"":49,""cooldownFrames"":5,""cooldownOverrideFactor"":2.078532,""cooldownOverrideMinFlux"":0.029339,""cooldownOverrideMinBandRatio"":0.056563,""analyzeIntervalMs"":40}"
617,r005-0001-b750aea2,5,108,4,5,4,0,116,"{""relativeReattackFactor"":3.65326,""relativeReattackMinDelta"":0.012948,""relativeFluxFactor"":2.191371,""spectralNoveltyRatio"":2.674884,""spectralNoveltyMinBins"":53,""cooldownFrames"":5,""cooldownOverrideFactor"":2.249701,""cooldownOverrideMinFlux"":0.028705,""cooldownOverrideMinBandRatio"":0.059508,""analyzeIntervalMs"":40}"
618,r005-0016-371f4df2,5,108,4,5,4,0,116,"{""relativeReattackFactor"":3.631463,""relativeReattackMinDelta"":0.013047,""relativeFluxFactor"":2.192895,""spectralNoveltyRatio"":2.733398,""spectralNoveltyMinBins"":49,""cooldownFrames"":5,""cooldownOverrideFactor"":2.39574,""cooldownOverrideMinFlux"":0.027907,""cooldownOverrideMinBandRatio"":0.053765,""analyzeIntervalMs"":40}"
619,r005-0037-200ba9ea,5,108,4,5,4,0,116,"{""relativeReattackFactor"":3.616194,""relativeReattackMinDelta"":0.014859,""relativeFluxFactor"":1.971581,""spectralNoveltyRatio"":2.73608,""spectralNoveltyMinBins"":50,""cooldownFrames"":5,""cooldownOverrideFactor"":2.64309,""cooldownOverrideMinFlux"":0.026452,""cooldownOverrideMinBandRatio"":0.061437,""analyzeIntervalMs"":40}"
620,r005-0062-de2bf434,5,108,4,5,4,0,116,"{""relativeReattackFactor"":3.623394,""relativeReattackMinDelta"":0.015736,""relativeFluxFactor"":2.10444,""spectralNoveltyRatio"":2.672804,""spectralNoveltyMinBins"":50,""cooldownFrames"":5,""cooldownOverrideFactor"":2.480072,""cooldownOverrideMinFlux"":0.025524,""cooldownOverrideMinBandRatio"":0.058454,""analyzeIntervalMs"":40}"
621,r005-0068-31c2fd63,5,108,4,5,4,0,116,"{""relativeReattackFactor"":3.651714,""relativeReattackMinDelta"":0.012545,""relativeFluxFactor"":1.748883,""spectralNoveltyRatio"":2.69196,""spectralNoveltyMinBins"":49,""cooldownFrames"":5,""cooldownOverrideFactor"":2.550092,""cooldownOverrideMinFlux"":0.026331,""cooldownOverrideMinBandRatio"":0.066006,""analyzeIntervalMs"":40}"
622,r005-0080-10e002a6,5,108,4,5,4,0,119,"{""relativeReattackFactor"":3.646031,""relativeReattackMinDelta"":0.013147,""relativeFluxFactor"":1.4,""spectralNoveltyRatio"":2.946108,""spectralNoveltyMinBins"":47,""cooldownFrames"":5,""cooldownOverrideFactor"":2.435829,""cooldownOverrideMinFlux"":0.029734,""cooldownOverrideMinBandRatio"":0.062779,""analyzeIntervalMs"":40}"
623,r006-0032-b6c4c753,6,108,4,5,4,0,116,"{""relativeReattackFactor"":3.624131,""relativeReattackMinDelta"":0.014103,""relativeFluxFactor"":2.111498,""spectralNoveltyRatio"":2.802396,""spectralNoveltyMinBins"":49,""cooldownFrames"":5,""cooldownOverrideFactor"":2.505403,""cooldownOverrideMinFlux"":0.028566,""cooldownOverrideMinBandRatio"":0.059081,""analyzeIntervalMs"":40}"
624,r006-0072-a73503dc,6,108,4,5,4,0,116,"{""relativeReattackFactor"":3.610798,""relativeReattackMinDelta"":0.012851,""relativeFluxFactor"":1.909683,""spectralNoveltyRatio"":3.065628,""spectralNoveltyMinBins"":48,""cooldownFrames"":5,""cooldownOverrideFactor"":2.24765,""cooldownOverrideMinFlux"":0.028903,""cooldownOverrideMinBandRatio"":0.054583,""analyzeIntervalMs"":40}"
625,r006-0077-32b60c61,6,108,4,5,4,0,116,"{""relativeReattackFactor"":3.626455,""relativeReattackMinDelta"":0.013171,""relativeFluxFactor"":2.177159,""spectralNoveltyRatio"":2.760302,""spectralNoveltyMinBins"":47,""cooldownFrames"":5,""cooldownOverrideFactor"":2.292034,""cooldownOverrideMinFlux"":0.028628,""cooldownOverrideMinBandRatio"":0.060202,""analyzeIntervalMs"":40}"
626,r007-0012-5e52bdaf,7,108,4,5,4,0,116,"{""relativeReattackFactor"":3.601847,""relativeReattackMinDelta"":0.013257,""relativeFluxFactor"":1.944019,""spectralNoveltyRatio"":2.846713,""spectralNoveltyMinBins"":51,""cooldownFrames"":5,""cooldownOverrideFactor"":2.556263,""cooldownOverrideMinFlux"":0.027555,""cooldownOverrideMinBandRatio"":0.058577,""analyzeIntervalMs"":40}"
627,r001-0028-bce7ba4d,1,108,4,3,6,0,123,"{""relativeReattackFactor"":3.095055,""relativeReattackMinDelta"":0.014577,""relativeFluxFactor"":1.556841,""spectralNoveltyRatio"":3.479327,""spectralNoveltyMinBins"":41,""cooldownFrames"":5,""cooldownOverrideFactor"":2.79824,""cooldownOverrideMinFlux"":0.029905,""cooldownOverrideMinBandRatio"":0.051223,""analyzeIntervalMs"":37}"
628,r002-0030-3bb947b1,2,105,4,7,2,0,110,"{""relativeReattackFactor"":4,""relativeReattackMinDelta"":0.013753,""relativeFluxFactor"":4.867965,""spectralNoveltyRatio"":3.760328,""spectralNoveltyMinBins"":45,""cooldownFrames"":4,""cooldownOverrideFactor"":2.290871,""cooldownOverrideMinFlux"":0.029238,""cooldownOverrideMinBandRatio"":0.072966,""analyzeIntervalMs"":50}"
629,r002-0014-ac5bd7e9,2,105,4,6,3,0,114,"{""relativeReattackFactor"":3.999438,""relativeReattackMinDelta"":0.005724,""relativeFluxFactor"":4.274907,""spectralNoveltyRatio"":3.265578,""spectralNoveltyMinBins"":39,""cooldownFrames"":4,""cooldownOverrideFactor"":5,""cooldownOverrideMinFlux"":0.021541,""cooldownOverrideMinBandRatio"":0.058008,""analyzeIntervalMs"":41}"
630,r001-0053-b0094577,1,103,4,6,6,0,117,"{""relativeReattackFactor"":3.757331,""relativeReattackMinDelta"":0.005182,""relativeFluxFactor"":3.769466,""spectralNoveltyRatio"":2.943931,""spectralNoveltyMinBins"":38,""cooldownFrames"":4,""cooldownOverrideFactor"":4.806779,""cooldownOverrideMinFlux"":0.02555,""cooldownOverrideMinBandRatio"":0.050232,""analyzeIntervalMs"":37}"
631,r002-0044-4da7b368,2,103,4,5,7,0,120,"{""relativeReattackFactor"":3.95503,""relativeReattackMinDelta"":0.004,""relativeFluxFactor"":4.309925,""spectralNoveltyRatio"":2.718675,""spectralNoveltyMinBins"":36,""cooldownFrames"":4,""cooldownOverrideFactor"":5,""cooldownOverrideMinFlux"":0.028548,""cooldownOverrideMinBandRatio"":0.046384,""analyzeIntervalMs"":37}"
632,r004-0002-d40f00ae,4,102,4,7,4,0,111,"{""relativeReattackFactor"":3.761373,""relativeReattackMinDelta"":0.01696,""relativeFluxFactor"":2.29396,""spectralNoveltyRatio"":2.615818,""spectralNoveltyMinBins"":52,""cooldownFrames"":5,""cooldownOverrideFactor"":2.400333,""cooldownOverrideMinFlux"":0.026736,""cooldownOverrideMinBandRatio"":0.057945,""analyzeIntervalMs"":39}"
633,r004-0066-bd031d81,4,102,4,7,4,0,111,"{""relativeReattackFactor"":3.717269,""relativeReattackMinDelta"":0.012166,""relativeFluxFactor"":2.289006,""spectralNoveltyRatio"":2.861549,""spectralNoveltyMinBins"":51,""cooldownFrames"":5,""cooldownOverrideFactor"":2.359064,""cooldownOverrideMinFlux"":0.029428,""cooldownOverrideMinBandRatio"":0.053075,""analyzeIntervalMs"":39}"
634,r003-0038-98ee9b5b,3,102,4,1,6,0,121,"{""relativeReattackFactor"":3.46101,""relativeReattackMinDelta"":0.016009,""relativeFluxFactor"":1.645021,""spectralNoveltyRatio"":4.126176,""spectralNoveltyMinBins"":36,""cooldownFrames"":5,""cooldownOverrideFactor"":3.262907,""cooldownOverrideMinFlux"":0.026431,""cooldownOverrideMinBandRatio"":0.049928,""analyzeIntervalMs"":39}"
635,r002-0033-7f694000,2,102,4,3,7,0,124,"{""relativeReattackFactor"":3.203313,""relativeReattackMinDelta"":0.011869,""relativeFluxFactor"":1.621823,""spectralNoveltyRatio"":3.672942,""spectralNoveltyMinBins"":37,""cooldownFrames"":5,""cooldownOverrideFactor"":2.692992,""cooldownOverrideMinFlux"":0.027238,""cooldownOverrideMinBandRatio"":0.048928,""analyzeIntervalMs"":37}"
636,r003-0050-c6915b15,3,99,4,7,4,0,111,"{""relativeReattackFactor"":4,""relativeReattackMinDelta"":0.025,""relativeFluxFactor"":3.668394,""spectralNoveltyRatio"":6,""spectralNoveltyMinBins"":40,""cooldownFrames"":5,""cooldownOverrideFactor"":1.8,""cooldownOverrideMinFlux"":0.013111,""cooldownOverrideMinBandRatio"":0.03464,""analyzeIntervalMs"":39}"
637,r004-0059-6d2fe4a2,4,94,3,4,3,0,111,"{""relativeReattackFactor"":3.808617,""relativeReattackMinDelta"":0.012224,""relativeFluxFactor"":2.246482,""spectralNoveltyRatio"":2.636717,""spectralNoveltyMinBins"":52,""cooldownFrames"":5,""cooldownOverrideFactor"":2.200756,""cooldownOverrideMinFlux"":0.028246,""cooldownOverrideMinBandRatio"":0.055852,""analyzeIntervalMs"":46}"
638,r002-0040-444312d7,2,93,4,9,2,0,108,"{""relativeReattackFactor"":3.790349,""relativeReattackMinDelta"":0.009909,""relativeFluxFactor"":4.647522,""spectralNoveltyRatio"":4.529662,""spectralNoveltyMinBins"":58,""cooldownFrames"":4,""cooldownOverrideFactor"":2.369667,""cooldownOverrideMinFlux"":0.026221,""cooldownOverrideMinBandRatio"":0.079202,""analyzeIntervalMs"":50}"
639,r004-0016-a2accf42,4,90,4,5,4,0,116,"{""relativeReattackFactor"":3.538949,""relativeReattackMinDelta"":0.013589,""relativeFluxFactor"":1.790549,""spectralNoveltyRatio"":3.024772,""spectralNoveltyMinBins"":51,""cooldownFrames"":5,""cooldownOverrideFactor"":2.508661,""cooldownOverrideMinFlux"":0.026984,""cooldownOverrideMinBandRatio"":0.053624,""analyzeIntervalMs"":40}"
640,r006-0043-9caede22,6,90,4,5,4,0,116,"{""relativeReattackFactor"":3.533384,""relativeReattackMinDelta"":0.015439,""relativeFluxFactor"":2.123996,""spectralNoveltyRatio"":2.87338,""spectralNoveltyMinBins"":52,""cooldownFrames"":5,""cooldownOverrideFactor"":2.642251,""cooldownOverrideMinFlux"":0.025907,""cooldownOverrideMinBandRatio"":0.058144,""analyzeIntervalMs"":40}"
641,r007-0016-044a93cc,7,90,4,5,4,0,118,"{""relativeReattackFactor"":3.534304,""relativeReattackMinDelta"":0.011276,""relativeFluxFactor"":1.460398,""spectralNoveltyRatio"":3.198076,""spectralNoveltyMinBins"":52,""cooldownFrames"":5,""cooldownOverrideFactor"":2.5267,""cooldownOverrideMinFlux"":0.03,""cooldownOverrideMinBandRatio"":0.07069,""analyzeIntervalMs"":40}"
642,r009-0058-5436d0de,9,90,4,5,4,0,117,"{""relativeReattackFactor"":3.536631,""relativeReattackMinDelta"":0.011132,""relativeFluxFactor"":1.547221,""spectralNoveltyRatio"":3.015816,""spectralNoveltyMinBins"":55,""cooldownFrames"":5,""cooldownOverrideFactor"":2.695399,""cooldownOverrideMinFlux"":0.03,""cooldownOverrideMinBandRatio"":0.067538,""analyzeIntervalMs"":40}"
643,r010-0079-09b79653,10,90,4,5,4,0,118,"{""relativeReattackFactor"":3.536243,""relativeReattackMinDelta"":0.010072,""relativeFluxFactor"":1.4,""spectralNoveltyRatio"":3.393478,""spectralNoveltyMinBins"":59,""cooldownFrames"":5,""cooldownOverrideFactor"":2.509387,""cooldownOverrideMinFlux"":0.03,""cooldownOverrideMinBandRatio"":0.070405,""analyzeIntervalMs"":40}"
644,r011-0005-9816c121,11,90,4,5,4,0,117,"{""relativeReattackFactor"":3.534576,""relativeReattackMinDelta"":0.009789,""relativeFluxFactor"":1.570827,""spectralNoveltyRatio"":3.519496,""spectralNoveltyMinBins"":55,""cooldownFrames"":5,""cooldownOverrideFactor"":2.616,""cooldownOverrideMinFlux"":0.029781,""cooldownOverrideMinBandRatio"":0.06862,""analyzeIntervalMs"":40}"
645,r002-0012-83a34268,2,90,4,8,4,0,110,"{""relativeReattackFactor"":3.670761,""relativeReattackMinDelta"":0.013447,""relativeFluxFactor"":3.397419,""spectralNoveltyRatio"":4.533801,""spectralNoveltyMinBins"":64,""cooldownFrames"":5,""cooldownOverrideFactor"":4.409065,""cooldownOverrideMinFlux"":0.012406,""cooldownOverrideMinBandRatio"":0.052165,""analyzeIntervalMs"":45}"
646,r005-0058-7f9a082b,5,86,4,4,5,0,116,"{""relativeReattackFactor"":3.415363,""relativeReattackMinDelta"":0.013495,""relativeFluxFactor"":1.705028,""spectralNoveltyRatio"":2.967089,""spectralNoveltyMinBins"":47,""cooldownFrames"":5,""cooldownOverrideFactor"":2.53532,""cooldownOverrideMinFlux"":0.025651,""cooldownOverrideMinBandRatio"":0.06554,""analyzeIntervalMs"":39}"
647,r005-0051-6494edd2,5,84,4,5,5,0,117,"{""relativeReattackFactor"":3.530809,""relativeReattackMinDelta"":0.013926,""relativeFluxFactor"":1.941032,""spectralNoveltyRatio"":2.785725,""spectralNoveltyMinBins"":50,""cooldownFrames"":5,""cooldownOverrideFactor"":2.351715,""cooldownOverrideMinFlux"":0.028657,""cooldownOverrideMinBandRatio"":0.059958,""analyzeIntervalMs"":40}"
648,r006-0034-2aceec36,6,84,4,5,5,0,118,"{""relativeReattackFactor"":3.533993,""relativeReattackMinDelta"":0.012964,""relativeFluxFactor"":1.501637,""spectralNoveltyRatio"":3.178891,""spectralNoveltyMinBins"":48,""cooldownFrames"":5,""cooldownOverrideFactor"":2.187685,""cooldownOverrideMinFlux"":0.026024,""cooldownOverrideMinBandRatio"":0.066457,""analyzeIntervalMs"":40}"
649,r002-0078-e1d4ec62,2,83,4,1,6,0,124,"{""relativeReattackFactor"":3.173437,""relativeReattackMinDelta"":0.016983,""relativeFluxFactor"":2.119721,""spectralNoveltyRatio"":3.452446,""spectralNoveltyMinBins"":34,""cooldownFrames"":5,""cooldownOverrideFactor"":2.998848,""cooldownOverrideMinFlux"":0.02614,""cooldownOverrideMinBandRatio"":0.043002,""analyzeIntervalMs"":41}"
650,r002-0060-b69f7788,2,81,4,7,3,0,111,"{""relativeReattackFactor"":3.995911,""relativeReattackMinDelta"":0.010018,""relativeFluxFactor"":4.39592,""spectralNoveltyRatio"":3.548862,""spectralNoveltyMinBins"":45,""cooldownFrames"":4,""cooldownOverrideFactor"":2.296488,""cooldownOverrideMinFlux"":0.027402,""cooldownOverrideMinBandRatio"":0.064536,""analyzeIntervalMs"":50}"
651,r002-0075-146c955e,2,81,4,7,3,0,112,"{""relativeReattackFactor"":3.939572,""relativeReattackMinDelta"":0.013642,""relativeFluxFactor"":4.813489,""spectralNoveltyRatio"":3.71459,""spectralNoveltyMinBins"":44,""cooldownFrames"":4,""cooldownOverrideFactor"":2.264042,""cooldownOverrideMinFlux"":0.020699,""cooldownOverrideMinBandRatio"":0.06497,""analyzeIntervalMs"":50}"
652,r002-0027-2b480d2e,2,80,4,10,1,0,104,"{""relativeReattackFactor"":3.593101,""relativeReattackMinDelta"":0.010555,""relativeFluxFactor"":4.264093,""spectralNoveltyRatio"":5.424764,""spectralNoveltyMinBins"":59,""cooldownFrames"":5,""cooldownOverrideFactor"":4.501763,""cooldownOverrideMinFlux"":0.016766,""cooldownOverrideMinBandRatio"":0.058519,""analyzeIntervalMs"":39}"
653,r004-0048-edc64ed1,4,80,4,5,5,0,115,"{""relativeReattackFactor"":3.33128,""relativeReattackMinDelta"":0.012054,""relativeFluxFactor"":1.724876,""spectralNoveltyRatio"":2.644288,""spectralNoveltyMinBins"":52,""cooldownFrames"":5,""cooldownOverrideFactor"":2.244949,""cooldownOverrideMinFlux"":0.025222,""cooldownOverrideMinBandRatio"":0.068796,""analyzeIntervalMs"":39}"
654,r004-0025-598e9cc4,4,79,4,6,2,0,112,"{""relativeReattackFactor"":3.205998,""relativeReattackMinDelta"":0.013586,""relativeFluxFactor"":1.790855,""spectralNoveltyRatio"":3.467859,""spectralNoveltyMinBins"":59,""cooldownFrames"":5,""cooldownOverrideFactor"":2.210379,""cooldownOverrideMinFlux"":0.026505,""cooldownOverrideMinBandRatio"":0.051502,""analyzeIntervalMs"":43}"
655,r004-0034-b8bb4dab,4,75,4,7,5,0,114,"{""relativeReattackFactor"":3.523026,""relativeReattackMinDelta"":0.012575,""relativeFluxFactor"":2.023269,""spectralNoveltyRatio"":2.905854,""spectralNoveltyMinBins"":56,""cooldownFrames"":5,""cooldownOverrideFactor"":2.390212,""cooldownOverrideMinFlux"":0.029522,""cooldownOverrideMinBandRatio"":0.055619,""analyzeIntervalMs"":45}"
656,r004-0044-63bc9c51,4,75,4,7,5,0,114,"{""relativeReattackFactor"":3.585238,""relativeReattackMinDelta"":0.013314,""relativeFluxFactor"":2.079954,""spectralNoveltyRatio"":2.938039,""spectralNoveltyMinBins"":57,""cooldownFrames"":5,""cooldownOverrideFactor"":2.258861,""cooldownOverrideMinFlux"":0.027175,""cooldownOverrideMinBandRatio"":0.053433,""analyzeIntervalMs"":45}"
657,r004-0078-f2449754,4,72,4,3,6,0,123,"{""relativeReattackFactor"":3.361923,""relativeReattackMinDelta"":0.013443,""relativeFluxFactor"":1.433241,""spectralNoveltyRatio"":2.630172,""spectralNoveltyMinBins"":44,""cooldownFrames"":5,""cooldownOverrideFactor"":2.223768,""cooldownOverrideMinFlux"":0.028227,""cooldownOverrideMinBandRatio"":0.068482,""analyzeIntervalMs"":40}"
658,r006-0014-ad095299,6,72,4,3,6,0,122,"{""relativeReattackFactor"":3.468289,""relativeReattackMinDelta"":0.011489,""relativeFluxFactor"":1.53131,""spectralNoveltyRatio"":2.761406,""spectralNoveltyMinBins"":44,""cooldownFrames"":5,""cooldownOverrideFactor"":2.52757,""cooldownOverrideMinFlux"":0.027308,""cooldownOverrideMinBandRatio"":0.067586,""analyzeIntervalMs"":40}"
659,r003-0079-22423425,3,71,3,9,3,0,108,"{""relativeReattackFactor"":3.216523,""relativeReattackMinDelta"":0.011669,""relativeFluxFactor"":3.04888,""spectralNoveltyRatio"":4.421999,""spectralNoveltyMinBins"":60,""cooldownFrames"":5,""cooldownOverrideFactor"":4.692369,""cooldownOverrideMinFlux"":0.014393,""cooldownOverrideMinBandRatio"":0.040021,""analyzeIntervalMs"":47}"
660,r001-0066-6ab213e6,1,68,3,9,3,0,108,"{""relativeReattackFactor"":3.832326,""relativeReattackMinDelta"":0.012079,""relativeFluxFactor"":4.56038,""spectralNoveltyRatio"":4.219966,""spectralNoveltyMinBins"":51,""cooldownFrames"":4,""cooldownOverrideFactor"":2.299055,""cooldownOverrideMinFlux"":0.024719,""cooldownOverrideMinBandRatio"":0.075116,""analyzeIntervalMs"":47}"
661,r002-0005-5871fa1d,2,68,3,9,3,0,108,"{""relativeReattackFactor"":3.897976,""relativeReattackMinDelta"":0.00945,""relativeFluxFactor"":4.627626,""spectralNoveltyRatio"":4.309151,""spectralNoveltyMinBins"":51,""cooldownFrames"":4,""cooldownOverrideFactor"":2.52066,""cooldownOverrideMinFlux"":0.024245,""cooldownOverrideMinBandRatio"":0.078582,""analyzeIntervalMs"":47}"
662,r003-0056-da9536a1,3,66,4,5,5,0,117,"{""relativeReattackFactor"":3.433332,""relativeReattackMinDelta"":0.013325,""relativeFluxFactor"":1.853036,""spectralNoveltyRatio"":3.131882,""spectralNoveltyMinBins"":49,""cooldownFrames"":5,""cooldownOverrideFactor"":2.365168,""cooldownOverrideMinFlux"":0.029272,""cooldownOverrideMinBandRatio"":0.057956,""analyzeIntervalMs"":40}"
663,r004-0005-30243275,4,66,4,5,5,0,117,"{""relativeReattackFactor"":3.367647,""relativeReattackMinDelta"":0.014205,""relativeFluxFactor"":2.149737,""spectralNoveltyRatio"":3.149997,""spectralNoveltyMinBins"":54,""cooldownFrames"":5,""cooldownOverrideFactor"":2.463757,""cooldownOverrideMinFlux"":0.02953,""cooldownOverrideMinBandRatio"":0.053219,""analyzeIntervalMs"":40}"
664,r004-0031-ec6804c3,4,66,4,5,5,0,117,"{""relativeReattackFactor"":3.495896,""relativeReattackMinDelta"":0.01502,""relativeFluxFactor"":1.776913,""spectralNoveltyRatio"":2.872496,""spectralNoveltyMinBins"":54,""cooldownFrames"":5,""cooldownOverrideFactor"":2.262697,""cooldownOverrideMinFlux"":0.029776,""cooldownOverrideMinBandRatio"":0.057007,""analyzeIntervalMs"":40}"
665,r004-0036-5a5d082c,4,66,4,5,5,0,117,"{""relativeReattackFactor"":3.408566,""relativeReattackMinDelta"":0.015492,""relativeFluxFactor"":2.220875,""spectralNoveltyRatio"":3.120991,""spectralNoveltyMinBins"":50,""cooldownFrames"":5,""cooldownOverrideFactor"":2.634267,""cooldownOverrideMinFlux"":0.028166,""cooldownOverrideMinBandRatio"":0.060048,""analyzeIntervalMs"":40}"
666,r004-0041-a0b1d89c,4,66,4,5,5,0,117,"{""relativeReattackFactor"":3.293717,""relativeReattackMinDelta"":0.01224,""relativeFluxFactor"":1.762986,""spectralNoveltyRatio"":2.954453,""spectralNoveltyMinBins"":50,""cooldownFrames"":5,""cooldownOverrideFactor"":2.690314,""cooldownOverrideMinFlux"":0.027057,""cooldownOverrideMinBandRatio"":0.058154,""analyzeIntervalMs"":40}"
667,r004-0043-0cb5fc20,4,66,4,5,5,0,118,"{""relativeReattackFactor"":3.301142,""relativeReattackMinDelta"":0.011449,""relativeFluxFactor"":1.511377,""spectralNoveltyRatio"":3.25068,""spectralNoveltyMinBins"":49,""cooldownFrames"":5,""cooldownOverrideFactor"":2.298664,""cooldownOverrideMinFlux"":0.029416,""cooldownOverrideMinBandRatio"":0.069494,""analyzeIntervalMs"":40}"
668,r004-0050-eb160e86,4,66,4,5,5,0,117,"{""relativeReattackFactor"":3.387914,""relativeReattackMinDelta"":0.014551,""relativeFluxFactor"":1.969168,""spectralNoveltyRatio"":3.483709,""spectralNoveltyMinBins"":57,""cooldownFrames"":5,""cooldownOverrideFactor"":2.455377,""cooldownOverrideMinFlux"":0.025729,""cooldownOverrideMinBandRatio"":0.061758,""analyzeIntervalMs"":40}"
669,r005-0012-7a39246b,5,66,4,5,5,0,117,"{""relativeReattackFactor"":3.457222,""relativeReattackMinDelta"":0.015608,""relativeFluxFactor"":2.072971,""spectralNoveltyRatio"":3.092884,""spectralNoveltyMinBins"":52,""cooldownFrames"":5,""cooldownOverrideFactor"":2.61703,""cooldownOverrideMinFlux"":0.028441,""cooldownOverrideMinBandRatio"":0.055847,""analyzeIntervalMs"":40}"
670,r005-0036-2986b508,5,66,4,5,5,0,117,"{""relativeReattackFactor"":3.415446,""relativeReattackMinDelta"":0.015033,""relativeFluxFactor"":1.787797,""spectralNoveltyRatio"":3.128579,""spectralNoveltyMinBins"":51,""cooldownFrames"":5,""cooldownOverrideFactor"":2.630861,""cooldownOverrideMinFlux"":0.03,""cooldownOverrideMinBandRatio"":0.060885,""analyzeIntervalMs"":40}"
671,r005-0063-73439550,5,66,4,5,5,0,117,"{""relativeReattackFactor"":3.370664,""relativeReattackMinDelta"":0.012302,""relativeFluxFactor"":1.695673,""spectralNoveltyRatio"":3.048923,""spectralNoveltyMinBins"":50,""cooldownFrames"":5,""cooldownOverrideFactor"":2.237113,""cooldownOverrideMinFlux"":0.028621,""cooldownOverrideMinBandRatio"":0.059938,""analyzeIntervalMs"":40}"
672,r006-0001-30715fcb,6,66,4,5,5,0,119,"{""relativeReattackFactor"":3.44584,""relativeReattackMinDelta"":0.011426,""relativeFluxFactor"":1.462348,""spectralNoveltyRatio"":3.155064,""spectralNoveltyMinBins"":53,""cooldownFrames"":5,""cooldownOverrideFactor"":2.411519,""cooldownOverrideMinFlux"":0.03,""cooldownOverrideMinBandRatio"":0.07158,""analyzeIntervalMs"":40}"
673,r006-0016-425ced84,6,66,4,5,5,0,118,"{""relativeReattackFactor"":3.48092,""relativeReattackMinDelta"":0.010274,""relativeFluxFactor"":1.624129,""spectralNoveltyRatio"":3.571509,""spectralNoveltyMinBins"":55,""cooldownFrames"":5,""cooldownOverrideFactor"":2.551936,""cooldownOverrideMinFlux"":0.03,""cooldownOverrideMinBandRatio"":0.069879,""analyzeIntervalMs"":40}"
674,r006-0046-d894e074,6,66,4,5,5,0,119,"{""relativeReattackFactor"":3.486371,""relativeReattackMinDelta"":0.011363,""relativeFluxFactor"":1.453713,""spectralNoveltyRatio"":3.287601,""spectralNoveltyMinBins"":54,""cooldownFrames"":5,""cooldownOverrideFactor"":2.411251,""cooldownOverrideMinFlux"":0.029186,""cooldownOverrideMinBandRatio"":0.06671,""analyzeIntervalMs"":40}"
675,r006-0047-3f4d3c07,6,66,4,5,5,0,117,"{""relativeReattackFactor"":3.355516,""relativeReattackMinDelta"":0.014378,""relativeFluxFactor"":2.016617,""spectralNoveltyRatio"":3.016656,""spectralNoveltyMinBins"":52,""cooldownFrames"":5,""cooldownOverrideFactor"":2.514493,""cooldownOverrideMinFlux"":0.028549,""cooldownOverrideMinBandRatio"":0.057829,""analyzeIntervalMs"":40}"
676,r006-0056-4827224e,6,66,4,5,5,0,120,"{""relativeReattackFactor"":3.506589,""relativeReattackMinDelta"":0.011311,""relativeFluxFactor"":1.4,""spectralNoveltyRatio"":3.363303,""spectralNoveltyMinBins"":53,""cooldownFrames"":5,""cooldownOverrideFactor"":2.375465,""cooldownOverrideMinFlux"":0.028537,""cooldownOverrideMinBandRatio"":0.071253,""analyzeIntervalMs"":40}"
677,r006-0071-1183c9b4,6,66,4,5,5,0,119,"{""relativeReattackFactor"":3.324119,""relativeReattackMinDelta"":0.011009,""relativeFluxFactor"":1.445616,""spectralNoveltyRatio"":3.495927,""spectralNoveltyMinBins"":56,""cooldownFrames"":5,""cooldownOverrideFactor"":2.582042,""cooldownOverrideMinFlux"":0.03,""cooldownOverrideMinBandRatio"":0.067424,""analyzeIntervalMs"":40}"
678,r006-0076-d1665953,6,66,4,5,5,0,119,"{""relativeReattackFactor"":3.335863,""relativeReattackMinDelta"":0.010913,""relativeFluxFactor"":1.451975,""spectralNoveltyRatio"":3.348684,""spectralNoveltyMinBins"":55,""cooldownFrames"":5,""cooldownOverrideFactor"":2.370547,""cooldownOverrideMinFlux"":0.03,""cooldownOverrideMinBandRatio"":0.06487,""analyzeIntervalMs"":40}"
679,r007-0033-372398db,7,66,4,5,5,0,117,"{""relativeReattackFactor"":3.524125,""relativeReattackMinDelta"":0.016475,""relativeFluxFactor"":1.874609,""spectralNoveltyRatio"":3.123282,""spectralNoveltyMinBins"":52,""cooldownFrames"":5,""cooldownOverrideFactor"":2.673537,""cooldownOverrideMinFlux"":0.026849,""cooldownOverrideMinBandRatio"":0.060371,""analyzeIntervalMs"":40}"
680,r007-0041-7155dac7,7,66,4,5,5,0,120,"{""relativeReattackFactor"":3.506407,""relativeReattackMinDelta"":0.01173,""relativeFluxFactor"":1.4,""spectralNoveltyRatio"":3.469714,""spectralNoveltyMinBins"":54,""cooldownFrames"":5,""cooldownOverrideFactor"":2.36949,""cooldownOverrideMinFlux"":0.029512,""cooldownOverrideMinBandRatio"":0.066114,""analyzeIntervalMs"":40}"
681,r007-0066-2402d666,7,66,4,5,5,0,120,"{""relativeReattackFactor"":3.392941,""relativeReattackMinDelta"":0.011898,""relativeFluxFactor"":1.4,""spectralNoveltyRatio"":3.486384,""spectralNoveltyMinBins"":53,""cooldownFrames"":5,""cooldownOverrideFactor"":2.494736,""cooldownOverrideMinFlux"":0.03,""cooldownOverrideMinBandRatio"":0.067381,""analyzeIntervalMs"":40}"
682,r008-0001-f10543b6,8,66,4,5,5,0,120,"{""relativeReattackFactor"":3.35558,""relativeReattackMinDelta"":0.010788,""relativeFluxFactor"":1.414819,""spectralNoveltyRatio"":3.310437,""spectralNoveltyMinBins"":54,""cooldownFrames"":5,""cooldownOverrideFactor"":2.655352,""cooldownOverrideMinFlux"":0.029543,""cooldownOverrideMinBandRatio"":0.069382,""analyzeIntervalMs"":40}"
683,r008-0016-968c18de,8,66,4,5,5,0,120,"{""relativeReattackFactor"":3.364352,""relativeReattackMinDelta"":0.011067,""relativeFluxFactor"":1.4,""spectralNoveltyRatio"":3.339976,""spectralNoveltyMinBins"":54,""cooldownFrames"":5,""cooldownOverrideFactor"":2.585597,""cooldownOverrideMinFlux"":0.03,""cooldownOverrideMinBandRatio"":0.069086,""analyzeIntervalMs"":40}"
684,r008-0018-a0827279,8,66,4,5,5,0,120,"{""relativeReattackFactor"":3.477173,""relativeReattackMinDelta"":0.011157,""relativeFluxFactor"":1.4,""spectralNoveltyRatio"":3.299651,""spectralNoveltyMinBins"":56,""cooldownFrames"":5,""cooldownOverrideFactor"":2.546613,""cooldownOverrideMinFlux"":0.03,""cooldownOverrideMinBandRatio"":0.067211,""analyzeIntervalMs"":40}"
685,r008-0021-3c451855,8,66,4,5,5,0,120,"{""relativeReattackFactor"":3.409705,""relativeReattackMinDelta"":0.011875,""relativeFluxFactor"":1.4,""spectralNoveltyRatio"":3.234112,""spectralNoveltyMinBins"":56,""cooldownFrames"":5,""cooldownOverrideFactor"":2.63807,""cooldownOverrideMinFlux"":0.03,""cooldownOverrideMinBandRatio"":0.069014,""analyzeIntervalMs"":40}"
686,r008-0026-c033410f,8,66,4,5,5,0,120,"{""relativeReattackFactor"":3.3565,""relativeReattackMinDelta"":0.011714,""relativeFluxFactor"":1.4,""spectralNoveltyRatio"":3.336756,""spectralNoveltyMinBins"":54,""cooldownFrames"":5,""cooldownOverrideFactor"":2.459015,""cooldownOverrideMinFlux"":0.02977,""cooldownOverrideMinBandRatio"":0.068759,""analyzeIntervalMs"":40}"
687,r008-0028-97335a1b,8,66,4,5,5,0,119,"{""relativeReattackFactor"":3.434395,""relativeReattackMinDelta"":0.011082,""relativeFluxFactor"":1.42974,""spectralNoveltyRatio"":3.324827,""spectralNoveltyMinBins"":52,""cooldownFrames"":5,""cooldownOverrideFactor"":2.466136,""cooldownOverrideMinFlux"":0.029382,""cooldownOverrideMinBandRatio"":0.070617,""analyzeIntervalMs"":40}"
688,r008-0038-9722408f,8,66,4,5,5,0,120,"{""relativeReattackFactor"":3.398097,""relativeReattackMinDelta"":0.011058,""relativeFluxFactor"":1.4,""spectralNoveltyRatio"":3.271081,""spectralNoveltyMinBins"":56,""cooldownFrames"":5,""cooldownOverrideFactor"":2.587324,""cooldownOverrideMinFlux"":0.03,""cooldownOverrideMinBandRatio"":0.071555,""analyzeIntervalMs"":40}"
689,r008-0043-5b86ba10,8,66,4,5,5,0,118,"{""relativeReattackFactor"":3.515934,""relativeReattackMinDelta"":0.011902,""relativeFluxFactor"":1.512327,""spectralNoveltyRatio"":3.477516,""spectralNoveltyMinBins"":54,""cooldownFrames"":5,""cooldownOverrideFactor"":2.653313,""cooldownOverrideMinFlux"":0.0296,""cooldownOverrideMinBandRatio"":0.066738,""analyzeIntervalMs"":40}"
690,r008-0044-fea17d55,8,66,4,5,5,0,120,"{""relativeReattackFactor"":3.461759,""relativeReattackMinDelta"":0.010289,""relativeFluxFactor"":1.4,""spectralNoveltyRatio"":3.415986,""spectralNoveltyMinBins"":56,""cooldownFrames"":5,""cooldownOverrideFactor"":2.693248,""cooldownOverrideMinFlux"":0.028471,""cooldownOverrideMinBandRatio"":0.068268,""analyzeIntervalMs"":40}"
691,r008-0049-98e1409b,8,66,4,5,5,0,120,"{""relativeReattackFactor"":3.479251,""relativeReattackMinDelta"":0.01002,""relativeFluxFactor"":1.4,""spectralNoveltyRatio"":3.473678,""spectralNoveltyMinBins"":53,""cooldownFrames"":5,""cooldownOverrideFactor"":2.647936,""cooldownOverrideMinFlux"":0.028911,""cooldownOverrideMinBandRatio"":0.069069,""analyzeIntervalMs"":40}"
692,r008-0050-5c174aa2,8,66,4,5,5,0,118,"{""relativeReattackFactor"":3.394442,""relativeReattackMinDelta"":0.010159,""relativeFluxFactor"":1.564761,""spectralNoveltyRatio"":3.129088,""spectralNoveltyMinBins"":57,""cooldownFrames"":5,""cooldownOverrideFactor"":2.574659,""cooldownOverrideMinFlux"":0.029118,""cooldownOverrideMinBandRatio"":0.072,""analyzeIntervalMs"":40}"
693,r008-0053-85b348cd,8,66,4,5,5,0,119,"{""relativeReattackFactor"":3.40544,""relativeReattackMinDelta"":0.010427,""relativeFluxFactor"":1.443068,""spectralNoveltyRatio"":3.446882,""spectralNoveltyMinBins"":55,""cooldownFrames"":5,""cooldownOverrideFactor"":2.517865,""cooldownOverrideMinFlux"":0.029615,""cooldownOverrideMinBandRatio"":0.0661,""analyzeIntervalMs"":40}"
694,r008-0054-531fed43,8,66,4,5,5,0,119,"{""relativeReattackFactor"":3.450595,""relativeReattackMinDelta"":0.010009,""relativeFluxFactor"":1.450816,""spectralNoveltyRatio"":3.345626,""spectralNoveltyMinBins"":52,""cooldownFrames"":5,""cooldownOverrideFactor"":2.614091,""cooldownOverrideMinFlux"":0.028934,""cooldownOverrideMinBandRatio"":0.067683,""analyzeIntervalMs"":40}"
695,r008-0057-76945082,8,66,4,5,5,0,117,"{""relativeReattackFactor"":3.518195,""relativeReattackMinDelta"":0.010879,""relativeFluxFactor"":1.610332,""spectralNoveltyRatio"":3.622252,""spectralNoveltyMinBins"":58,""cooldownFrames"":5,""cooldownOverrideFactor"":2.652713,""cooldownOverrideMinFlux"":0.03,""cooldownOverrideMinBandRatio"":0.068342,""analyzeIntervalMs"":40}"
696,r008-0060-2f3af2e0,8,66,4,5,5,0,118,"{""relativeReattackFactor"":3.488333,""relativeReattackMinDelta"":0.01022,""relativeFluxFactor"":1.520459,""spectralNoveltyRatio"":3.388957,""spectralNoveltyMinBins"":52,""cooldownFrames"":5,""cooldownOverrideFactor"":2.504987,""cooldownOverrideMinFlux"":0.03,""cooldownOverrideMinBandRatio"":0.071997,""analyzeIntervalMs"":40}"
697,r008-0076-f26da349,8,66,4,5,5,0,118,"{""relativeReattackFactor"":3.470923,""relativeReattackMinDelta"":0.012124,""relativeFluxFactor"":1.491031,""spectralNoveltyRatio"":3.430198,""spectralNoveltyMinBins"":54,""cooldownFrames"":5,""cooldownOverrideFactor"":2.578458,""cooldownOverrideMinFlux"":0.03,""cooldownOverrideMinBandRatio"":0.064861,""analyzeIntervalMs"":40}"
698,r009-0007-e0b35d2d,9,66,4,5,5,0,118,"{""relativeReattackFactor"":3.340867,""relativeReattackMinDelta"":0.011377,""relativeFluxFactor"":1.531198,""spectralNoveltyRatio"":3.626253,""spectralNoveltyMinBins"":55,""cooldownFrames"":5,""cooldownOverrideFactor"":2.595352,""cooldownOverrideMinFlux"":0.029869,""cooldownOverrideMinBandRatio"":0.068076,""analyzeIntervalMs"":40}"
699,r009-0009-f120837c,9,66,4,5,5,0,119,"{""relativeReattackFactor"":3.420302,""relativeReattackMinDelta"":0.010835,""relativeFluxFactor"":1.4,""spectralNoveltyRatio"":3.385893,""spectralNoveltyMinBins"":59,""cooldownFrames"":5,""cooldownOverrideFactor"":2.538513,""cooldownOverrideMinFlux"":0.028581,""cooldownOverrideMinBandRatio"":0.066077,""analyzeIntervalMs"":40}"
700,r009-0010-26cb4c48,9,66,4,5,5,0,117,"{""relativeReattackFactor"":3.487104,""relativeReattackMinDelta"":0.010372,""relativeFluxFactor"":1.491872,""spectralNoveltyRatio"":3.500024,""spectralNoveltyMinBins"":58,""cooldownFrames"":5,""cooldownOverrideFactor"":2.66266,""cooldownOverrideMinFlux"":0.03,""cooldownOverrideMinBandRatio"":0.070317,""analyzeIntervalMs"":40}"
701,r009-0014-933fe91d,9,66,4,5,5,0,120,"{""relativeReattackFactor"":3.390057,""relativeReattackMinDelta"":0.011478,""relativeFluxFactor"":1.4,""spectralNoveltyRatio"":3.581154,""spectralNoveltyMinBins"":55,""cooldownFrames"":5,""cooldownOverrideFactor"":2.695451,""cooldownOverrideMinFlux"":0.028496,""cooldownOverrideMinBandRatio"":0.066941,""analyzeIntervalMs"":40}"
702,r009-0015-fee3e833,9,66,4,5,5,0,120,"{""relativeReattackFactor"":3.475303,""relativeReattackMinDelta"":0.010227,""relativeFluxFactor"":1.419271,""spectralNoveltyRatio"":3.28939,""spectralNoveltyMinBins"":54,""cooldownFrames"":5,""cooldownOverrideFactor"":2.691977,""cooldownOverrideMinFlux"":0.03,""cooldownOverrideMinBandRatio"":0.072546,""analyzeIntervalMs"":40}"
703,r009-0016-afaeac45,9,66,4,5,5,0,120,"{""relativeReattackFactor"":3.398398,""relativeReattackMinDelta"":0.01111,""relativeFluxFactor"":1.4,""spectralNoveltyRatio"":3.530096,""spectralNoveltyMinBins"":57,""cooldownFrames"":5,""cooldownOverrideFactor"":2.601651,""cooldownOverrideMinFlux"":0.029803,""cooldownOverrideMinBandRatio"":0.068015,""analyzeIntervalMs"":40}"
704,r009-0019-3be240ac,9,66,4,5,5,0,120,"{""relativeReattackFactor"":3.396441,""relativeReattackMinDelta"":0.010565,""relativeFluxFactor"":1.4,""spectralNoveltyRatio"":3.354096,""spectralNoveltyMinBins"":57,""cooldownFrames"":5,""cooldownOverrideFactor"":2.678363,""cooldownOverrideMinFlux"":0.029642,""cooldownOverrideMinBandRatio"":0.069607,""analyzeIntervalMs"":40}"
705,r009-0021-c4ae3a57,9,66,4,5,5,0,120,"{""relativeReattackFactor"":3.398354,""relativeReattackMinDelta"":0.011922,""relativeFluxFactor"":1.4,""spectralNoveltyRatio"":3.238852,""spectralNoveltyMinBins"":55,""cooldownFrames"":5,""cooldownOverrideFactor"":2.622367,""cooldownOverrideMinFlux"":0.03,""cooldownOverrideMinBandRatio"":0.069362,""analyzeIntervalMs"":40}"
706,r009-0022-4d6adb35,9,66,4,5,5,0,118,"{""relativeReattackFactor"":3.502148,""relativeReattackMinDelta"":0.010573,""relativeFluxFactor"":1.617526,""spectralNoveltyRatio"":3.692237,""spectralNoveltyMinBins"":53,""cooldownFrames"":5,""cooldownOverrideFactor"":2.550763,""cooldownOverrideMinFlux"":0.03,""cooldownOverrideMinBandRatio"":0.067376,""analyzeIntervalMs"":40}"
707,r009-0031-cbaaa71b,9,66,4,5,5,0,119,"{""relativeReattackFactor"":3.487557,""relativeReattackMinDelta"":0.011057,""relativeFluxFactor"":1.435341,""spectralNoveltyRatio"":3.240008,""spectralNoveltyMinBins"":55,""cooldownFrames"":5,""cooldownOverrideFactor"":2.56634,""cooldownOverrideMinFlux"":0.03,""cooldownOverrideMinBandRatio"":0.064791,""analyzeIntervalMs"":40}"
708,r009-0032-f8db20fd,9,66,4,5,5,0,120,"{""relativeReattackFactor"":3.418313,""relativeReattackMinDelta"":0.010441,""relativeFluxFactor"":1.419027,""spectralNoveltyRatio"":3.494482,""spectralNoveltyMinBins"":55,""cooldownFrames"":5,""cooldownOverrideFactor"":2.453393,""cooldownOverrideMinFlux"":0.028985,""cooldownOverrideMinBandRatio"":0.065297,""analyzeIntervalMs"":40}"
709,r009-0038-bf0183b1,9,66,4,5,5,0,120,"{""relativeReattackFactor"":3.507737,""relativeReattackMinDelta"":0.011609,""relativeFluxFactor"":1.4,""spectralNoveltyRatio"":3.044899,""spectralNoveltyMinBins"":59,""cooldownFrames"":5,""cooldownOverrideFactor"":2.621902,""cooldownOverrideMinFlux"":0.029806,""cooldownOverrideMinBandRatio"":0.067958,""analyzeIntervalMs"":40}"
710,r009-0049-77125201,9,66,4,5,5,0,120,"{""relativeReattackFactor"":3.50049,""relativeReattackMinDelta"":0.01067,""relativeFluxFactor"":1.4,""spectralNoveltyRatio"":3.621639,""spectralNoveltyMinBins"":55,""cooldownFrames"":5,""cooldownOverrideFactor"":2.513648,""cooldownOverrideMinFlux"":0.03,""cooldownOverrideMinBandRatio"":0.069903,""analyzeIntervalMs"":40}"
711,r009-0050-f9e39a88,9,66,4,5,5,0,118,"{""relativeReattackFactor"":3.449664,""relativeReattackMinDelta"":0.00924,""relativeFluxFactor"":1.587994,""spectralNoveltyRatio"":3.445588,""spectralNoveltyMinBins"":54,""cooldownFrames"":5,""cooldownOverrideFactor"":2.651633,""cooldownOverrideMinFlux"":0.03,""cooldownOverrideMinBandRatio"":0.071847,""analyzeIntervalMs"":40}"
712,r009-0051-59e96f75,9,66,4,5,5,0,118,"{""relativeReattackFactor"":3.37931,""relativeReattackMinDelta"":0.011457,""relativeFluxFactor"":1.498069,""spectralNoveltyRatio"":3.227669,""spectralNoveltyMinBins"":58,""cooldownFrames"":5,""cooldownOverrideFactor"":2.640304,""cooldownOverrideMinFlux"":0.029356,""cooldownOverrideMinBandRatio"":0.067629,""analyzeIntervalMs"":40}"
713,r009-0052-934adf2b,9,66,4,5,5,0,119,"{""relativeReattackFactor"":3.345321,""relativeReattackMinDelta"":0.010891,""relativeFluxFactor"":1.438373,""spectralNoveltyRatio"":3.446512,""spectralNoveltyMinBins"":53,""cooldownFrames"":5,""cooldownOverrideFactor"":2.523901,""cooldownOverrideMinFlux"":0.03,""cooldownOverrideMinBandRatio"":0.068406,""analyzeIntervalMs"":40}"
714,r009-0056-e7511717,9,66,4,5,5,0,119,"{""relativeReattackFactor"":3.474317,""relativeReattackMinDelta"":0.011846,""relativeFluxFactor"":1.449146,""spectralNoveltyRatio"":3.237772,""spectralNoveltyMinBins"":54,""cooldownFrames"":5,""cooldownOverrideFactor"":2.552933,""cooldownOverrideMinFlux"":0.03,""cooldownOverrideMinBandRatio"":0.065114,""analyzeIntervalMs"":40}"
715,r009-0057-8061a4be,9,66,4,5,5,0,120,"{""relativeReattackFactor"":3.481307,""relativeReattackMinDelta"":0.010747,""relativeFluxFactor"":1.4,""spectralNoveltyRatio"":3.554781,""spectralNoveltyMinBins"":57,""cooldownFrames"":5,""cooldownOverrideFactor"":2.66767,""cooldownOverrideMinFlux"":0.029795,""cooldownOverrideMinBandRatio"":0.067802,""analyzeIntervalMs"":40}"
716,r009-0061-848d94ec,9,66,4,5,5,0,118,"{""relativeReattackFactor"":3.509349,""relativeReattackMinDelta"":0.010886,""relativeFluxFactor"":1.484697,""spectralNoveltyRatio"":3.548438,""spectralNoveltyMinBins"":57,""cooldownFrames"":5,""cooldownOverrideFactor"":2.493015,""cooldownOverrideMinFlux"":0.03,""cooldownOverrideMinBandRatio"":0.066171,""analyzeIntervalMs"":40}"
717,r009-0069-078c6994,9,66,4,5,5,0,119,"{""relativeReattackFactor"":3.353287,""relativeReattackMinDelta"":0.01059,""relativeFluxFactor"":1.4,""spectralNoveltyRatio"":3.433513,""spectralNoveltyMinBins"":59,""cooldownFrames"":5,""cooldownOverrideFactor"":2.492448,""cooldownOverrideMinFlux"":0.029383,""cooldownOverrideMinBandRatio"":0.069521,""analyzeIntervalMs"":40}"
718,r009-0071-8c476432,9,66,4,5,5,0,119,"{""relativeReattackFactor"":3.497597,""relativeReattackMinDelta"":0.012063,""relativeFluxFactor"":1.4,""spectralNoveltyRatio"":3.489696,""spectralNoveltyMinBins"":58,""cooldownFrames"":5,""cooldownOverrideFactor"":2.600122,""cooldownOverrideMinFlux"":0.02921,""cooldownOverrideMinBandRatio"":0.066341,""analyzeIntervalMs"":40}"
719,r009-0072-786cd6ab,9,66,4,5,5,0,120,"{""relativeReattackFactor"":3.503275,""relativeReattackMinDelta"":0.010844,""relativeFluxFactor"":1.4,""spectralNoveltyRatio"":3.415348,""spectralNoveltyMinBins"":55,""cooldownFrames"":5,""cooldownOverrideFactor"":2.518649,""cooldownOverrideMinFlux"":0.02908,""cooldownOverrideMinBandRatio"":0.064749,""analyzeIntervalMs"":40}"
720,r009-0076-1b320346,9,66,4,5,5,0,120,"{""relativeReattackFactor"":3.495287,""relativeReattackMinDelta"":0.01204,""relativeFluxFactor"":1.4,""spectralNoveltyRatio"":3.558845,""spectralNoveltyMinBins"":57,""cooldownFrames"":5,""cooldownOverrideFactor"":2.543489,""cooldownOverrideMinFlux"":0.029623,""cooldownOverrideMinBandRatio"":0.067323,""analyzeIntervalMs"":40}"
721,r010-0006-af93c149,10,66,4,5,5,0,118,"{""relativeReattackFactor"":3.513798,""relativeReattackMinDelta"":0.011911,""relativeFluxFactor"":1.542062,""spectralNoveltyRatio"":3.421295,""spectralNoveltyMinBins"":55,""cooldownFrames"":5,""cooldownOverrideFactor"":2.633753,""cooldownOverrideMinFlux"":0.029398,""cooldownOverrideMinBandRatio"":0.065825,""analyzeIntervalMs"":40}"
722,r010-0014-0574bc7a,10,66,4,5,5,0,118,"{""relativeReattackFactor"":3.467763,""relativeReattackMinDelta"":0.011668,""relativeFluxFactor"":1.494041,""spectralNoveltyRatio"":3.472406,""spectralNoveltyMinBins"":56,""cooldownFrames"":5,""cooldownOverrideFactor"":2.69786,""cooldownOverrideMinFlux"":0.029897,""cooldownOverrideMinBandRatio"":0.065699,""analyzeIntervalMs"":40}"
723,r010-0021-35cff906,10,66,4,5,5,0,120,"{""relativeReattackFactor"":3.47436,""relativeReattackMinDelta"":0.010982,""relativeFluxFactor"":1.4,""spectralNoveltyRatio"":3.474342,""spectralNoveltyMinBins"":56,""cooldownFrames"":5,""cooldownOverrideFactor"":2.481754,""cooldownOverrideMinFlux"":0.029285,""cooldownOverrideMinBandRatio"":0.06771,""analyzeIntervalMs"":40}"
724,r010-0029-3d820b0f,10,66,4,5,5,0,119,"{""relativeReattackFactor"":3.415776,""relativeReattackMinDelta"":0.010183,""relativeFluxFactor"":1.4,""spectralNoveltyRatio"":3.642773,""spectralNoveltyMinBins"":58,""cooldownFrames"":5,""cooldownOverrideFactor"":2.520538,""cooldownOverrideMinFlux"":0.029215,""cooldownOverrideMinBandRatio"":0.069697,""analyzeIntervalMs"":40}"
725,r010-0034-bb737276,10,66,4,5,5,0,120,"{""relativeReattackFactor"":3.428637,""relativeReattackMinDelta"":0.010625,""relativeFluxFactor"":1.409261,""spectralNoveltyRatio"":3.346041,""spectralNoveltyMinBins"":56,""cooldownFrames"":5,""cooldownOverrideFactor"":2.584704,""cooldownOverrideMinFlux"":0.028679,""cooldownOverrideMinBandRatio"":0.070456,""analyzeIntervalMs"":40}"
726,r010-0037-981919c2,10,66,4,5,5,0,118,"{""relativeReattackFactor"":3.435856,""relativeReattackMinDelta"":0.011838,""relativeFluxFactor"":1.489694,""spectralNoveltyRatio"":3.673385,""spectralNoveltyMinBins"":55,""cooldownFrames"":5,""cooldownOverrideFactor"":2.446261,""cooldownOverrideMinFlux"":0.03,""cooldownOverrideMinBandRatio"":0.070095,""analyzeIntervalMs"":40}"
727,r010-0041-a48da12f,10,66,4,5,5,0,119,"{""relativeReattackFactor"":3.399827,""relativeReattackMinDelta"":0.011574,""relativeFluxFactor"":1.4,""spectralNoveltyRatio"":3.503945,""spectralNoveltyMinBins"":58,""cooldownFrames"":5,""cooldownOverrideFactor"":2.490458,""cooldownOverrideMinFlux"":0.03,""cooldownOverrideMinBandRatio"":0.065517,""analyzeIntervalMs"":40}"
728,r010-0044-920b8f48,10,66,4,5,5,0,117,"{""relativeReattackFactor"":3.509589,""relativeReattackMinDelta"":0.010405,""relativeFluxFactor"":1.496171,""spectralNoveltyRatio"":3.602312,""spectralNoveltyMinBins"":58,""cooldownFrames"":5,""cooldownOverrideFactor"":2.56671,""cooldownOverrideMinFlux"":0.03,""cooldownOverrideMinBandRatio"":0.066468,""analyzeIntervalMs"":40}"
729,r010-0047-bb578a10,10,66,4,5,5,0,118,"{""relativeReattackFactor"":3.401087,""relativeReattackMinDelta"":0.011779,""relativeFluxFactor"":1.525038,""spectralNoveltyRatio"":3.629788,""spectralNoveltyMinBins"":56,""cooldownFrames"":5,""cooldownOverrideFactor"":2.612224,""cooldownOverrideMinFlux"":0.03,""cooldownOverrideMinBandRatio"":0.068163,""analyzeIntervalMs"":40}"
730,r010-0060-c8dec059,10,66,4,5,5,0,118,"{""relativeReattackFactor"":3.482677,""relativeReattackMinDelta"":0.010005,""relativeFluxFactor"":1.571269,""spectralNoveltyRatio"":3.395037,""spectralNoveltyMinBins"":57,""cooldownFrames"":5,""cooldownOverrideFactor"":2.758055,""cooldownOverrideMinFlux"":0.03,""cooldownOverrideMinBandRatio"":0.072843,""analyzeIntervalMs"":40}"
731,r010-0061-374be124,10,66,4,5,5,0,120,"{""relativeReattackFactor"":3.434161,""relativeReattackMinDelta"":0.012134,""relativeFluxFactor"":1.408671,""spectralNoveltyRatio"":3.342991,""spectralNoveltyMinBins"":57,""cooldownFrames"":5,""cooldownOverrideFactor"":2.515288,""cooldownOverrideMinFlux"":0.03,""cooldownOverrideMinBandRatio"":0.064742,""analyzeIntervalMs"":40}"
732,r010-0065-dd53b98d,10,66,4,5,5,0,118,"{""relativeReattackFactor"":3.473829,""relativeReattackMinDelta"":0.010493,""relativeFluxFactor"":1.55495,""spectralNoveltyRatio"":3.40939,""spectralNoveltyMinBins"":56,""cooldownFrames"":5,""cooldownOverrideFactor"":2.637517,""cooldownOverrideMinFlux"":0.03,""cooldownOverrideMinBandRatio"":0.071293,""analyzeIntervalMs"":40}"
733,r010-0066-82ea7dc3,10,66,4,5,5,0,119,"{""relativeReattackFactor"":3.466397,""relativeReattackMinDelta"":0.011586,""relativeFluxFactor"":1.42289,""spectralNoveltyRatio"":3.297873,""spectralNoveltyMinBins"":54,""cooldownFrames"":5,""cooldownOverrideFactor"":2.42693,""cooldownOverrideMinFlux"":0.03,""cooldownOverrideMinBandRatio"":0.064991,""analyzeIntervalMs"":40}"
734,r010-0074-3dc07e4e,10,66,4,5,5,0,119,"{""relativeReattackFactor"":3.369652,""relativeReattackMinDelta"":0.010823,""relativeFluxFactor"":1.448713,""spectralNoveltyRatio"":3.538122,""spectralNoveltyMinBins"":57,""cooldownFrames"":5,""cooldownOverrideFactor"":2.689361,""cooldownOverrideMinFlux"":0.03,""cooldownOverrideMinBandRatio"":0.068657,""analyzeIntervalMs"":40}"
735,r010-0077-1ee2483f,10,66,4,5,5,0,118,"{""relativeReattackFactor"":3.442173,""relativeReattackMinDelta"":0.010412,""relativeFluxFactor"":1.59675,""spectralNoveltyRatio"":3.718371,""spectralNoveltyMinBins"":56,""cooldownFrames"":5,""cooldownOverrideFactor"":2.683412,""cooldownOverrideMinFlux"":0.029662,""cooldownOverrideMinBandRatio"":0.069124,""analyzeIntervalMs"":40}"
736,r011-0006-68f64c3f,11,66,4,5,5,0,119,"{""relativeReattackFactor"":3.468962,""relativeReattackMinDelta"":0.011598,""relativeFluxFactor"":1.446069,""spectralNoveltyRatio"":3.514735,""spectralNoveltyMinBins"":54,""cooldownFrames"":5,""cooldownOverrideFactor"":2.57256,""cooldownOverrideMinFlux"":0.029814,""cooldownOverrideMinBandRatio"":0.068234,""analyzeIntervalMs"":40}"
737,r011-0016-d004d2e0,11,66,4,5,5,0,120,"{""relativeReattackFactor"":3.484903,""relativeReattackMinDelta"":0.011257,""relativeFluxFactor"":1.4,""spectralNoveltyRatio"":3.302145,""spectralNoveltyMinBins"":55,""cooldownFrames"":5,""cooldownOverrideFactor"":2.608099,""cooldownOverrideMinFlux"":0.029793,""cooldownOverrideMinBandRatio"":0.065719,""analyzeIntervalMs"":40}"
738,r011-0024-ec249ad3,11,66,4,5,5,0,120,"{""relativeReattackFactor"":3.358929,""relativeReattackMinDelta"":0.010811,""relativeFluxFactor"":1.4,""spectralNoveltyRatio"":3.513285,""spectralNoveltyMinBins"":56,""cooldownFrames"":5,""cooldownOverrideFactor"":2.574472,""cooldownOverrideMinFlux"":0.03,""cooldownOverrideMinBandRatio"":0.066172,""analyzeIntervalMs"":40}"
739,r011-0036-bd280aa9,11,66,4,5,5,0,119,"{""relativeReattackFactor"":3.423667,""relativeReattackMinDelta"":0.010978,""relativeFluxFactor"":1.446873,""spectralNoveltyRatio"":3.423069,""spectralNoveltyMinBins"":55,""cooldownFrames"":5,""cooldownOverrideFactor"":2.487132,""cooldownOverrideMinFlux"":0.029206,""cooldownOverrideMinBandRatio"":0.065341,""analyzeIntervalMs"":40}"
740,r011-0046-737d078d,11,66,4,5,5,0,120,"{""relativeReattackFactor"":3.453668,""relativeReattackMinDelta"":0.011164,""relativeFluxFactor"":1.4,""spectralNoveltyRatio"":3.470855,""spectralNoveltyMinBins"":54,""cooldownFrames"":5,""cooldownOverrideFactor"":2.539503,""cooldownOverrideMinFlux"":0.03,""cooldownOverrideMinBandRatio"":0.06793,""analyzeIntervalMs"":40}"
741,r011-0054-9327cd27,11,66,4,5,5,0,120,"{""relativeReattackFactor"":3.343259,""relativeReattackMinDelta"":0.010583,""relativeFluxFactor"":1.4,""spectralNoveltyRatio"":3.378961,""spectralNoveltyMinBins"":58,""cooldownFrames"":5,""cooldownOverrideFactor"":2.589708,""cooldownOverrideMinFlux"":0.029529,""cooldownOverrideMinBandRatio"":0.065441,""analyzeIntervalMs"":40}"
742,r011-0059-4a3269e1,11,66,4,5,5,0,119,"{""relativeReattackFactor"":3.454364,""relativeReattackMinDelta"":0.010169,""relativeFluxFactor"":1.438284,""spectralNoveltyRatio"":3.384198,""spectralNoveltyMinBins"":55,""cooldownFrames"":5,""cooldownOverrideFactor"":2.572454,""cooldownOverrideMinFlux"":0.029668,""cooldownOverrideMinBandRatio"":0.068423,""analyzeIntervalMs"":40}"
743,r011-0060-a45266c4,11,66,4,5,5,0,118,"{""relativeReattackFactor"":3.480826,""relativeReattackMinDelta"":0.010198,""relativeFluxFactor"":1.483377,""spectralNoveltyRatio"":3.236989,""spectralNoveltyMinBins"":57,""cooldownFrames"":5,""cooldownOverrideFactor"":2.772611,""cooldownOverrideMinFlux"":0.03,""cooldownOverrideMinBandRatio"":0.069728,""analyzeIntervalMs"":40}"
744,r011-0061-722cbd66,11,66,4,5,5,0,120,"{""relativeReattackFactor"":3.413513,""relativeReattackMinDelta"":0.010665,""relativeFluxFactor"":1.4,""spectralNoveltyRatio"":3.420662,""spectralNoveltyMinBins"":56,""cooldownFrames"":5,""cooldownOverrideFactor"":2.439251,""cooldownOverrideMinFlux"":0.029341,""cooldownOverrideMinBandRatio"":0.064549,""analyzeIntervalMs"":40}"
745,r011-0066-60a5e4f7,11,66,4,5,5,0,118,"{""relativeReattackFactor"":3.450771,""relativeReattackMinDelta"":0.011641,""relativeFluxFactor"":1.471176,""spectralNoveltyRatio"":3.418518,""spectralNoveltyMinBins"":57,""cooldownFrames"":5,""cooldownOverrideFactor"":2.588097,""cooldownOverrideMinFlux"":0.0291,""cooldownOverrideMinBandRatio"":0.067916,""analyzeIntervalMs"":40}"
746,r011-0067-afce186a,11,66,4,5,5,0,120,"{""relativeReattackFactor"":3.430564,""relativeReattackMinDelta"":0.011323,""relativeFluxFactor"":1.4,""spectralNoveltyRatio"":3.548295,""spectralNoveltyMinBins"":53,""cooldownFrames"":5,""cooldownOverrideFactor"":2.648641,""cooldownOverrideMinFlux"":0.03,""cooldownOverrideMinBandRatio"":0.065083,""analyzeIntervalMs"":40}"
747,r011-0079-2efdb795,11,66,4,5,5,0,119,"{""relativeReattackFactor"":3.489393,""relativeReattackMinDelta"":0.011541,""relativeFluxFactor"":1.437702,""spectralNoveltyRatio"":3.601802,""spectralNoveltyMinBins"":55,""cooldownFrames"":5,""cooldownOverrideFactor"":2.651696,""cooldownOverrideMinFlux"":0.03,""cooldownOverrideMinBandRatio"":0.067188,""analyzeIntervalMs"":40}"
748,r012-0009-fac8ef80,12,66,4,5,5,0,120,"{""relativeReattackFactor"":3.361167,""relativeReattackMinDelta"":0.010179,""relativeFluxFactor"":1.4,""spectralNoveltyRatio"":3.425932,""spectralNoveltyMinBins"":57,""cooldownFrames"":5,""cooldownOverrideFactor"":2.515327,""cooldownOverrideMinFlux"":0.028891,""cooldownOverrideMinBandRatio"":0.069426,""analyzeIntervalMs"":40}"
749,r012-0010-bff23c2a,12,66,4,5,5,0,118,"{""relativeReattackFactor"":3.502777,""relativeReattackMinDelta"":0.010156,""relativeFluxFactor"":1.469202,""spectralNoveltyRatio"":3.348029,""spectralNoveltyMinBins"":55,""cooldownFrames"":5,""cooldownOverrideFactor"":2.660638,""cooldownOverrideMinFlux"":0.03,""cooldownOverrideMinBandRatio"":0.073658,""analyzeIntervalMs"":40}"
750,r012-0011-bd070381,12,66,4,5,5,0,117,"{""relativeReattackFactor"":3.40062,""relativeReattackMinDelta"":0.011496,""relativeFluxFactor"":1.495163,""spectralNoveltyRatio"":3.459975,""spectralNoveltyMinBins"":58,""cooldownFrames"":5,""cooldownOverrideFactor"":2.59994,""cooldownOverrideMinFlux"":0.029706,""cooldownOverrideMinBandRatio"":0.06616,""analyzeIntervalMs"":40}"
751,r012-0016-568cb59c,12,66,4,5,5,0,120,"{""relativeReattackFactor"":3.425356,""relativeReattackMinDelta"":0.011222,""relativeFluxFactor"":1.4,""spectralNoveltyRatio"":3.430617,""spectralNoveltyMinBins"":54,""cooldownFrames"":5,""cooldownOverrideFactor"":2.5629,""cooldownOverrideMinFlux"":0.029328,""cooldownOverrideMinBandRatio"":0.064448,""analyzeIntervalMs"":40}"
752,r012-0024-a247bdef,12,66,4,5,5,0,120,"{""relativeReattackFactor"":3.502108,""relativeReattackMinDelta"":0.010076,""relativeFluxFactor"":1.4,""spectralNoveltyRatio"":3.523328,""spectralNoveltyMinBins"":56,""cooldownFrames"":5,""cooldownOverrideFactor"":2.630764,""cooldownOverrideMinFlux"":0.029858,""cooldownOverrideMinBandRatio"":0.069566,""analyzeIntervalMs"":40}"
753,r012-0037-4a505540,12,66,4,5,5,0,120,"{""relativeReattackFactor"":3.381621,""relativeReattackMinDelta"":0.010408,""relativeFluxFactor"":1.403198,""spectralNoveltyRatio"":3.615027,""spectralNoveltyMinBins"":54,""cooldownFrames"":5,""cooldownOverrideFactor"":2.653174,""cooldownOverrideMinFlux"":0.03,""cooldownOverrideMinBandRatio"":0.066261,""analyzeIntervalMs"":40}"
754,r012-0046-710328e6,12,66,4,5,5,0,118,"{""relativeReattackFactor"":3.348561,""relativeReattackMinDelta"":0.011958,""relativeFluxFactor"":1.509485,""spectralNoveltyRatio"":3.445985,""spectralNoveltyMinBins"":54,""cooldownFrames"":5,""cooldownOverrideFactor"":2.603679,""cooldownOverrideMinFlux"":0.029681,""cooldownOverrideMinBandRatio"":0.066464,""analyzeIntervalMs"":40}"
755,r012-0047-f4e8b018,12,66,4,5,5,0,118,"{""relativeReattackFactor"":3.37493,""relativeReattackMinDelta"":0.011663,""relativeFluxFactor"":1.501857,""spectralNoveltyRatio"":3.701815,""spectralNoveltyMinBins"":54,""cooldownFrames"":5,""cooldownOverrideFactor"":2.652432,""cooldownOverrideMinFlux"":0.03,""cooldownOverrideMinBandRatio"":0.070197,""analyzeIntervalMs"":40}"
756,r012-0051-8c6a6681,12,66,4,5,5,0,120,"{""relativeReattackFactor"":3.488167,""relativeReattackMinDelta"":0.010866,""relativeFluxFactor"":1.4,""spectralNoveltyRatio"":3.342131,""spectralNoveltyMinBins"":54,""cooldownFrames"":5,""cooldownOverrideFactor"":2.5003,""cooldownOverrideMinFlux"":0.029233,""cooldownOverrideMinBandRatio"":0.063879,""analyzeIntervalMs"":40}"
757,r012-0052-c593acb2,12,66,4,5,5,0,120,"{""relativeReattackFactor"":3.349833,""relativeReattackMinDelta"":0.011343,""relativeFluxFactor"":1.4,""spectralNoveltyRatio"":3.473464,""spectralNoveltyMinBins"":56,""cooldownFrames"":5,""cooldownOverrideFactor"":2.504145,""cooldownOverrideMinFlux"":0.03,""cooldownOverrideMinBandRatio"":0.070034,""analyzeIntervalMs"":40}"
758,r012-0072-f0fdf2bf,12,66,4,5,5,0,118,"{""relativeReattackFactor"":3.493373,""relativeReattackMinDelta"":0.010629,""relativeFluxFactor"":1.552739,""spectralNoveltyRatio"":3.685595,""spectralNoveltyMinBins"":54,""cooldownFrames"":5,""cooldownOverrideFactor"":2.652713,""cooldownOverrideMinFlux"":0.03,""cooldownOverrideMinBandRatio"":0.066141,""analyzeIntervalMs"":40}"
759,r012-0075-ce94db33,12,66,4,5,5,0,119,"{""relativeReattackFactor"":3.467995,""relativeReattackMinDelta"":0.009677,""relativeFluxFactor"":1.43497,""spectralNoveltyRatio"":3.215214,""spectralNoveltyMinBins"":57,""cooldownFrames"":5,""cooldownOverrideFactor"":2.591385,""cooldownOverrideMinFlux"":0.029944,""cooldownOverrideMinBandRatio"":0.068523,""analyzeIntervalMs"":40}"
760,r012-0077-be98dc84,12,66,4,5,5,0,120,"{""relativeReattackFactor"":3.433591,""relativeReattackMinDelta"":0.011327,""relativeFluxFactor"":1.4,""spectralNoveltyRatio"":3.553979,""spectralNoveltyMinBins"":56,""cooldownFrames"":5,""cooldownOverrideFactor"":2.554907,""cooldownOverrideMinFlux"":0.03,""cooldownOverrideMinBandRatio"":0.067065,""analyzeIntervalMs"":40}"
761,r003-0004-08289330,3,66,4,8,5,0,111,"{""relativeReattackFactor"":3.411701,""relativeReattackMinDelta"":0.011251,""relativeFluxFactor"":3.644358,""spectralNoveltyRatio"":5.013951,""spectralNoveltyMinBins"":64,""cooldownFrames"":5,""cooldownOverrideFactor"":4.413644,""cooldownOverrideMinFlux"":0.020051,""cooldownOverrideMinBandRatio"":0.040171,""analyzeIntervalMs"":45}"
762,r003-0034-125a634c,3,66,4,8,5,0,111,"{""relativeReattackFactor"":3.43586,""relativeReattackMinDelta"":0.011133,""relativeFluxFactor"":3.516928,""spectralNoveltyRatio"":5.309041,""spectralNoveltyMinBins"":62,""cooldownFrames"":5,""cooldownOverrideFactor"":4.524308,""cooldownOverrideMinFlux"":0.014399,""cooldownOverrideMinBandRatio"":0.038347,""analyzeIntervalMs"":45}"
763,r003-0059-8469b9d1,3,66,4,8,5,0,111,"{""relativeReattackFactor"":3.441096,""relativeReattackMinDelta"":0.014902,""relativeFluxFactor"":3.543868,""spectralNoveltyRatio"":4.970599,""spectralNoveltyMinBins"":64,""cooldownFrames"":5,""cooldownOverrideFactor"":4.445478,""cooldownOverrideMinFlux"":0.016626,""cooldownOverrideMinBandRatio"":0.041904,""analyzeIntervalMs"":45}"
764,r005-0003-6d05a6c6,5,66,4,4,6,0,119,"{""relativeReattackFactor"":3.391822,""relativeReattackMinDelta"":0.011885,""relativeFluxFactor"":1.762188,""spectralNoveltyRatio"":2.826152,""spectralNoveltyMinBins"":45,""cooldownFrames"":5,""cooldownOverrideFactor"":2.27699,""cooldownOverrideMinFlux"":0.028787,""cooldownOverrideMinBandRatio"":0.0624,""analyzeIntervalMs"":40}"
765,r005-0019-a0e9983c,5,66,4,4,6,0,119,"{""relativeReattackFactor"":3.357075,""relativeReattackMinDelta"":0.011718,""relativeFluxFactor"":2.045554,""spectralNoveltyRatio"":2.439617,""spectralNoveltyMinBins"":47,""cooldownFrames"":5,""cooldownOverrideFactor"":2.69872,""cooldownOverrideMinFlux"":0.027594,""cooldownOverrideMinBandRatio"":0.061143,""analyzeIntervalMs"":40}"
766,r006-0004-b188cf52,6,66,4,4,6,0,119,"{""relativeReattackFactor"":3.445752,""relativeReattackMinDelta"":0.012663,""relativeFluxFactor"":1.819349,""spectralNoveltyRatio"":3.142867,""spectralNoveltyMinBins"":45,""cooldownFrames"":5,""cooldownOverrideFactor"":2.313358,""cooldownOverrideMinFlux"":0.026828,""cooldownOverrideMinBandRatio"":0.060411,""analyzeIntervalMs"":40}"
767,r006-0010-b56170f6,6,66,4,4,6,0,119,"{""relativeReattackFactor"":3.292936,""relativeReattackMinDelta"":0.01265,""relativeFluxFactor"":1.928748,""spectralNoveltyRatio"":2.806429,""spectralNoveltyMinBins"":45,""cooldownFrames"":5,""cooldownOverrideFactor"":2.537345,""cooldownOverrideMinFlux"":0.029901,""cooldownOverrideMinBandRatio"":0.062401,""analyzeIntervalMs"":40}"
768,r006-0020-4f64deed,6,66,4,4,6,0,119,"{""relativeReattackFactor"":3.511784,""relativeReattackMinDelta"":0.013268,""relativeFluxFactor"":1.896778,""spectralNoveltyRatio"":2.873481,""spectralNoveltyMinBins"":45,""cooldownFrames"":5,""cooldownOverrideFactor"":2.492657,""cooldownOverrideMinFlux"":0.028029,""cooldownOverrideMinBandRatio"":0.057938,""analyzeIntervalMs"":40}"
769,r006-0025-fdcb69cf,6,66,4,4,6,0,120,"{""relativeReattackFactor"":3.514244,""relativeReattackMinDelta"":0.011472,""relativeFluxFactor"":1.648059,""spectralNoveltyRatio"":2.630443,""spectralNoveltyMinBins"":48,""cooldownFrames"":5,""cooldownOverrideFactor"":2.640655,""cooldownOverrideMinFlux"":0.027334,""cooldownOverrideMinBandRatio"":0.060788,""analyzeIntervalMs"":40}"
770,r006-0035-dac3cfec,6,66,4,4,6,0,119,"{""relativeReattackFactor"":3.345997,""relativeReattackMinDelta"":0.01152,""relativeFluxFactor"":1.812348,""spectralNoveltyRatio"":2.568021,""spectralNoveltyMinBins"":46,""cooldownFrames"":5,""cooldownOverrideFactor"":2.799296,""cooldownOverrideMinFlux"":0.028033,""cooldownOverrideMinBandRatio"":0.05483,""analyzeIntervalMs"":40}"
771,r006-0055-a00d12bb,6,66,4,4,6,0,119,"{""relativeReattackFactor"":3.449127,""relativeReattackMinDelta"":0.012818,""relativeFluxFactor"":1.654575,""spectralNoveltyRatio"":2.757671,""spectralNoveltyMinBins"":45,""cooldownFrames"":5,""cooldownOverrideFactor"":2.692635,""cooldownOverrideMinFlux"":0.028176,""cooldownOverrideMinBandRatio"":0.059173,""analyzeIntervalMs"":40}"
772,r006-0064-8488960e,6,66,4,4,6,0,119,"{""relativeReattackFactor"":3.382364,""relativeReattackMinDelta"":0.012419,""relativeFluxFactor"":1.800717,""spectralNoveltyRatio"":3.166914,""spectralNoveltyMinBins"":45,""cooldownFrames"":5,""cooldownOverrideFactor"":2.206066,""cooldownOverrideMinFlux"":0.027628,""cooldownOverrideMinBandRatio"":0.064347,""analyzeIntervalMs"":40}"
773,r006-0074-d3eb280e,6,66,4,4,6,0,119,"{""relativeReattackFactor"":3.475514,""relativeReattackMinDelta"":0.012699,""relativeFluxFactor"":1.736394,""spectralNoveltyRatio"":3.005877,""spectralNoveltyMinBins"":45,""cooldownFrames"":5,""cooldownOverrideFactor"":2.358675,""cooldownOverrideMinFlux"":0.025805,""cooldownOverrideMinBandRatio"":0.065722,""analyzeIntervalMs"":40}"
774,r007-0005-e44ff1fe,7,66,4,4,6,0,119,"{""relativeReattackFactor"":3.515021,""relativeReattackMinDelta"":0.011633,""relativeFluxFactor"":1.675767,""spectralNoveltyRatio"":2.528188,""spectralNoveltyMinBins"":48,""cooldownFrames"":5,""cooldownOverrideFactor"":2.678659,""cooldownOverrideMinFlux"":0.027656,""cooldownOverrideMinBandRatio"":0.055278,""analyzeIntervalMs"":40}"
775,r007-0019-f7e346e9,7,66,4,4,6,0,120,"{""relativeReattackFactor"":3.410268,""relativeReattackMinDelta"":0.01143,""relativeFluxFactor"":1.540509,""spectralNoveltyRatio"":3.149389,""spectralNoveltyMinBins"":45,""cooldownFrames"":5,""cooldownOverrideFactor"":2.311307,""cooldownOverrideMinFlux"":0.028098,""cooldownOverrideMinBandRatio"":0.063494,""analyzeIntervalMs"":40}"
776,r007-0047-c9a28aa7,7,66,4,4,6,0,119,"{""relativeReattackFactor"":3.500184,""relativeReattackMinDelta"":0.013441,""relativeFluxFactor"":2.004589,""spectralNoveltyRatio"":2.726314,""spectralNoveltyMinBins"":47,""cooldownFrames"":5,""cooldownOverrideFactor"":2.371915,""cooldownOverrideMinFlux"":0.027415,""cooldownOverrideMinBandRatio"":0.058351,""analyzeIntervalMs"":40}"
777,r007-0054-5bb5356b,7,66,4,4,6,0,119,"{""relativeReattackFactor"":3.453043,""relativeReattackMinDelta"":0.011547,""relativeFluxFactor"":1.850194,""spectralNoveltyRatio"":2.891238,""spectralNoveltyMinBins"":45,""cooldownFrames"":5,""cooldownOverrideFactor"":2.323226,""cooldownOverrideMinFlux"":0.026592,""cooldownOverrideMinBandRatio"":0.06694,""analyzeIntervalMs"":40}"
778,r007-0065-caa16aee,7,66,4,4,6,0,119,"{""relativeReattackFactor"":3.51228,""relativeReattackMinDelta"":0.011579,""relativeFluxFactor"":1.6527,""spectralNoveltyRatio"":2.697132,""spectralNoveltyMinBins"":47,""cooldownFrames"":5,""cooldownOverrideFactor"":2.727508,""cooldownOverrideMinFlux"":0.027435,""cooldownOverrideMinBandRatio"":0.05575,""analyzeIntervalMs"":40}"
779,r002-0072-01fe0ae8,2,64,5,10,3,0,109,"{""relativeReattackFactor"":3.072083,""relativeReattackMinDelta"":0.014503,""relativeFluxFactor"":3.848358,""spectralNoveltyRatio"":4.07722,""spectralNoveltyMinBins"":64,""cooldownFrames"":5,""cooldownOverrideFactor"":4.54268,""cooldownOverrideMinFlux"":0.019063,""cooldownOverrideMinBandRatio"":0.066526,""analyzeIntervalMs"":40}"
780,r003-0001-6a330559,3,63,3,5,3,0,115,"{""relativeReattackFactor"":3.345534,""relativeReattackMinDelta"":0.014686,""relativeFluxFactor"":2.22467,""spectralNoveltyRatio"":2.427262,""spectralNoveltyMinBins"":50,""cooldownFrames"":5,""cooldownOverrideFactor"":2.702717,""cooldownOverrideMinFlux"":0.03,""cooldownOverrideMinBandRatio"":0.055129,""analyzeIntervalMs"":43}"
781,r002-0052-617d82b5,2,62,3,10,3,0,107,"{""relativeReattackFactor"":3.295731,""relativeReattackMinDelta"":0.014679,""relativeFluxFactor"":3.379221,""spectralNoveltyRatio"":4.542811,""spectralNoveltyMinBins"":64,""cooldownFrames"":5,""cooldownOverrideFactor"":4.59427,""cooldownOverrideMinFlux"":0.016158,""cooldownOverrideMinBandRatio"":0.06306,""analyzeIntervalMs"":47}"
782,r002-0039-89885069,2,62,4,4,5,0,119,"{""relativeReattackFactor"":4,""relativeReattackMinDelta"":0.004,""relativeFluxFactor"":3.966625,""spectralNoveltyRatio"":2.864647,""spectralNoveltyMinBins"":38,""cooldownFrames"":4,""cooldownOverrideFactor"":4.823151,""cooldownOverrideMinFlux"":0.02403,""cooldownOverrideMinBandRatio"":0.057852,""analyzeIntervalMs"":41}"
783,r002-0025-6922fe53,2,62,3,8,5,0,111,"{""relativeReattackFactor"":4,""relativeReattackMinDelta"":0.011387,""relativeFluxFactor"":4.838268,""spectralNoveltyRatio"":3.471368,""spectralNoveltyMinBins"":45,""cooldownFrames"":4,""cooldownOverrideFactor"":2.7362,""cooldownOverrideMinFlux"":0.023733,""cooldownOverrideMinBandRatio"":0.063123,""analyzeIntervalMs"":47}"
784,r003-0002-3d47e18d,3,61,4,8,2,0,111,"{""relativeReattackFactor"":3.60832,""relativeReattackMinDelta"":0.025,""relativeFluxFactor"":3.68199,""spectralNoveltyRatio"":5.389999,""spectralNoveltyMinBins"":40,""cooldownFrames"":5,""cooldownOverrideFactor"":2.078779,""cooldownOverrideMinFlux"":0.009817,""cooldownOverrideMinBandRatio"":0.02191,""analyzeIntervalMs"":40}"
785,r002-0041-8ddbd568,2,60,3,3,5,0,119,"{""relativeReattackFactor"":3.877955,""relativeReattackMinDelta"":0.025,""relativeFluxFactor"":3.215711,""spectralNoveltyRatio"":6,""spectralNoveltyMinBins"":27,""cooldownFrames"":5,""cooldownOverrideFactor"":2.555933,""cooldownOverrideMinFlux"":0.014674,""cooldownOverrideMinBandRatio"":0.02,""analyzeIntervalMs"":35}"
786,r005-0064-7d81d666,5,60,4,5,6,0,119,"{""relativeReattackFactor"":3.284135,""relativeReattackMinDelta"":0.011115,""relativeFluxFactor"":1.568187,""spectralNoveltyRatio"":2.631521,""spectralNoveltyMinBins"":50,""cooldownFrames"":5,""cooldownOverrideFactor"":2.593007,""cooldownOverrideMinFlux"":0.027535,""cooldownOverrideMinBandRatio"":0.060026,""analyzeIntervalMs"":40}"
787,r005-0074-e2042c47,5,60,4,5,6,0,118,"{""relativeReattackFactor"":3.362629,""relativeReattackMinDelta"":0.013204,""relativeFluxFactor"":1.796881,""spectralNoveltyRatio"":2.942511,""spectralNoveltyMinBins"":49,""cooldownFrames"":5,""cooldownOverrideFactor"":2.64898,""cooldownOverrideMinFlux"":0.027817,""cooldownOverrideMinBandRatio"":0.05439,""analyzeIntervalMs"":40}"
788,r006-0007-bb306416,6,60,4,5,6,0,118,"{""relativeReattackFactor"":3.502877,""relativeReattackMinDelta"":0.013814,""relativeFluxFactor"":2.126482,""spectralNoveltyRatio"":2.949389,""spectralNoveltyMinBins"":48,""cooldownFrames"":5,""cooldownOverrideFactor"":2.515543,""cooldownOverrideMinFlux"":0.027255,""cooldownOverrideMinBandRatio"":0.061281,""analyzeIntervalMs"":40}"
789,r006-0017-cf3ed60b,6,60,4,5,6,0,118,"{""relativeReattackFactor"":3.458072,""relativeReattackMinDelta"":0.014763,""relativeFluxFactor"":1.856888,""spectralNoveltyRatio"":2.771859,""spectralNoveltyMinBins"":48,""cooldownFrames"":5,""cooldownOverrideFactor"":2.30098,""cooldownOverrideMinFlux"":0.029563,""cooldownOverrideMinBandRatio"":0.055513,""analyzeIntervalMs"":40}"
790,r006-0042-0023f064,6,60,4,5,6,0,118,"{""relativeReattackFactor"":3.380072,""relativeReattackMinDelta"":0.014281,""relativeFluxFactor"":1.890228,""spectralNoveltyRatio"":2.878014,""spectralNoveltyMinBins"":49,""cooldownFrames"":5,""cooldownOverrideFactor"":2.554864,""cooldownOverrideMinFlux"":0.029357,""cooldownOverrideMinBandRatio"":0.056728,""analyzeIntervalMs"":40}"
791,r006-0060-b7b8d973,6,60,4,5,6,0,118,"{""relativeReattackFactor"":3.516816,""relativeReattackMinDelta"":0.012742,""relativeFluxFactor"":1.846792,""spectralNoveltyRatio"":2.565477,""spectralNoveltyMinBins"":50,""cooldownFrames"":5,""cooldownOverrideFactor"":2.794658,""cooldownOverrideMinFlux"":0.027624,""cooldownOverrideMinBandRatio"":0.061806,""analyzeIntervalMs"":40}"
792,r006-0080-a60c3834,6,60,4,5,6,0,119,"{""relativeReattackFactor"":3.465882,""relativeReattackMinDelta"":0.013223,""relativeFluxFactor"":1.591635,""spectralNoveltyRatio"":2.797457,""spectralNoveltyMinBins"":48,""cooldownFrames"":5,""cooldownOverrideFactor"":2.463778,""cooldownOverrideMinFlux"":0.027556,""cooldownOverrideMinBandRatio"":0.062369,""analyzeIntervalMs"":40}"
793,r007-0007-6121ec3a,7,60,4,5,6,0,118,"{""relativeReattackFactor"":3.492616,""relativeReattackMinDelta"":0.014148,""relativeFluxFactor"":2.142636,""spectralNoveltyRatio"":2.729676,""spectralNoveltyMinBins"":51,""cooldownFrames"":5,""cooldownOverrideFactor"":2.37036,""cooldownOverrideMinFlux"":0.028152,""cooldownOverrideMinBandRatio"":0.059322,""analyzeIntervalMs"":40}"
794,r007-0015-41b335f0,7,60,4,5,6,0,118,"{""relativeReattackFactor"":3.45227,""relativeReattackMinDelta"":0.011614,""relativeFluxFactor"":1.799927,""spectralNoveltyRatio"":2.839757,""spectralNoveltyMinBins"":49,""cooldownFrames"":5,""cooldownOverrideFactor"":2.502235,""cooldownOverrideMinFlux"":0.028807,""cooldownOverrideMinBandRatio"":0.056924,""analyzeIntervalMs"":40}"
795,r007-0032-e13f0536,7,60,4,5,6,0,118,"{""relativeReattackFactor"":3.410038,""relativeReattackMinDelta"":0.013991,""relativeFluxFactor"":2.183641,""spectralNoveltyRatio"":2.801693,""spectralNoveltyMinBins"":48,""cooldownFrames"":5,""cooldownOverrideFactor"":2.534194,""cooldownOverrideMinFlux"":0.028356,""cooldownOverrideMinBandRatio"":0.054924,""analyzeIntervalMs"":40}"
796,r007-0034-09f4b838,7,60,4,5,6,0,119,"{""relativeReattackFactor"":3.405611,""relativeReattackMinDelta"":0.012699,""relativeFluxFactor"":1.632639,""spectralNoveltyRatio"":3.082673,""spectralNoveltyMinBins"":46,""cooldownFrames"":5,""cooldownOverrideFactor"":2.212043,""cooldownOverrideMinFlux"":0.027608,""cooldownOverrideMinBandRatio"":0.061251,""analyzeIntervalMs"":40}"
797,r007-0042-028e5586,7,60,4,5,6,0,118,"{""relativeReattackFactor"":3.442827,""relativeReattackMinDelta"":0.014845,""relativeFluxFactor"":2.171536,""spectralNoveltyRatio"":3.149386,""spectralNoveltyMinBins"":48,""cooldownFrames"":5,""cooldownOverrideFactor"":2.510057,""cooldownOverrideMinFlux"":0.027265,""cooldownOverrideMinBandRatio"":0.060753,""analyzeIntervalMs"":40}"
798,r002-0031-c33c142d,2,58,3,3,7,0,123,"{""relativeReattackFactor"":3.612334,""relativeReattackMinDelta"":0.025,""relativeFluxFactor"":3.02252,""spectralNoveltyRatio"":6,""spectralNoveltyMinBins"":22,""cooldownFrames"":5,""cooldownOverrideFactor"":2.30526,""cooldownOverrideMinFlux"":0.011642,""cooldownOverrideMinBandRatio"":0.02,""analyzeIntervalMs"":37}"
799,r002-0037-2f97ff2c,2,57,4,5,2,0,111,"{""relativeReattackFactor"":2.98314,""relativeReattackMinDelta"":0.008117,""relativeFluxFactor"":3.312753,""spectralNoveltyRatio"":5.023636,""spectralNoveltyMinBins"":53,""cooldownFrames"":5,""cooldownOverrideFactor"":4.8626,""cooldownOverrideMinFlux"":0.02057,""cooldownOverrideMinBandRatio"":0.045854,""analyzeIntervalMs"":41}"
800,r002-0045-24e09188,2,52,4,9,2,0,106,"{""relativeReattackFactor"":3.89435,""relativeReattackMinDelta"":0.011976,""relativeFluxFactor"":5,""spectralNoveltyRatio"":3.441468,""spectralNoveltyMinBins"":57,""cooldownFrames"":4,""cooldownOverrideFactor"":2.022221,""cooldownOverrideMinFlux"":0.025402,""cooldownOverrideMinBandRatio"":0.086946,""analyzeIntervalMs"":43}"
801,r002-0002-8322ee78,2,46,4,10,2,0,108,"{""relativeReattackFactor"":3.231266,""relativeReattackMinDelta"":0.010455,""relativeFluxFactor"":3.42466,""spectralNoveltyRatio"":5.404782,""spectralNoveltyMinBins"":61,""cooldownFrames"":5,""cooldownOverrideFactor"":4.684376,""cooldownOverrideMinFlux"":0.015764,""cooldownOverrideMinBandRatio"":0.063267,""analyzeIntervalMs"":43}"
802,r002-0023-dbd40d9a,2,45,3,2,6,0,120,"{""relativeReattackFactor"":3.464567,""relativeReattackMinDelta"":0.013842,""relativeFluxFactor"":1.875709,""spectralNoveltyRatio"":2.854953,""spectralNoveltyMinBins"":37,""cooldownFrames"":5,""cooldownOverrideFactor"":2.48181,""cooldownOverrideMinFlux"":0.03,""cooldownOverrideMinBandRatio"":0.060717,""analyzeIntervalMs"":39}"
803,r003-0022-ff73d689,3,42,3,7,3,0,113,"{""relativeReattackFactor"":3.484953,""relativeReattackMinDelta"":0.022827,""relativeFluxFactor"":3.189881,""spectralNoveltyRatio"":4.997191,""spectralNoveltyMinBins"":38,""cooldownFrames"":5,""cooldownOverrideFactor"":1.98896,""cooldownOverrideMinFlux"":0.013121,""cooldownOverrideMinBandRatio"":0.026614,""analyzeIntervalMs"":43}"
804,r005-0054-522a2515,5,42,3,4,6,0,119,"{""relativeReattackFactor"":3.264058,""relativeReattackMinDelta"":0.011367,""relativeFluxFactor"":1.821621,""spectralNoveltyRatio"":2.387587,""spectralNoveltyMinBins"":47,""cooldownFrames"":5,""cooldownOverrideFactor"":2.557903,""cooldownOverrideMinFlux"":0.027754,""cooldownOverrideMinBandRatio"":0.054636,""analyzeIntervalMs"":43}"
805,r002-0032-37c4b665,2,42,4,8,6,0,112,"{""relativeReattackFactor"":3.152902,""relativeReattackMinDelta"":0.008354,""relativeFluxFactor"":3.190193,""spectralNoveltyRatio"":4.459423,""spectralNoveltyMinBins"":62,""cooldownFrames"":5,""cooldownOverrideFactor"":4.223281,""cooldownOverrideMinFlux"":0.020008,""cooldownOverrideMinBandRatio"":0.053524,""analyzeIntervalMs"":45}"
806,r003-0054-d1a49b3c,3,42,4,8,6,0,112,"{""relativeReattackFactor"":3.203886,""relativeReattackMinDelta"":0.012119,""relativeFluxFactor"":3.646989,""spectralNoveltyRatio"":4.911863,""spectralNoveltyMinBins"":64,""cooldownFrames"":5,""cooldownOverrideFactor"":4.519869,""cooldownOverrideMinFlux"":0.014878,""cooldownOverrideMinBandRatio"":0.048194,""analyzeIntervalMs"":45}"
807,r002-0080-fd9cf82b,2,39,4,8,6,0,114,"{""relativeReattackFactor"":3.500163,""relativeReattackMinDelta"":0.008697,""relativeFluxFactor"":4.880597,""spectralNoveltyRatio"":4.649819,""spectralNoveltyMinBins"":43,""cooldownFrames"":4,""cooldownOverrideFactor"":2.504453,""cooldownOverrideMinFlux"":0.027436,""cooldownOverrideMinBandRatio"":0.069143,""analyzeIntervalMs"":45}"
808,r002-0065-7a146447,2,34,4,9,3,0,108,"{""relativeReattackFactor"":3.696029,""relativeReattackMinDelta"":0.011583,""relativeFluxFactor"":4.676641,""spectralNoveltyRatio"":3.73794,""spectralNoveltyMinBins"":55,""cooldownFrames"":4,""cooldownOverrideFactor"":2.014792,""cooldownOverrideMinFlux"":0.0264,""cooldownOverrideMinBandRatio"":0.062934,""analyzeIntervalMs"":43}"
809,r002-0021-dfbac56f,2,30,3,6,4,0,117,"{""relativeReattackFactor"":3.671775,""relativeReattackMinDelta"":0.023235,""relativeFluxFactor"":4.08314,""spectralNoveltyRatio"":5.433844,""spectralNoveltyMinBins"":26,""cooldownFrames"":5,""cooldownOverrideFactor"":2.085657,""cooldownOverrideMinFlux"":0.0172,""cooldownOverrideMinBandRatio"":0.02523,""analyzeIntervalMs"":40}"
810,r004-0030-ca04370f,4,29,3,6,4,0,112,"{""relativeReattackFactor"":3.224121,""relativeReattackMinDelta"":0.012995,""relativeFluxFactor"":1.819802,""spectralNoveltyRatio"":3.354705,""spectralNoveltyMinBins"":55,""cooldownFrames"":5,""cooldownOverrideFactor"":2.49925,""cooldownOverrideMinFlux"":0.028045,""cooldownOverrideMinBandRatio"":0.05272,""analyzeIntervalMs"":39}"
811,r004-0040-c933a149,4,29,3,6,4,0,112,"{""relativeReattackFactor"":3.21373,""relativeReattackMinDelta"":0.013908,""relativeFluxFactor"":2.056049,""spectralNoveltyRatio"":3.239298,""spectralNoveltyMinBins"":56,""cooldownFrames"":5,""cooldownOverrideFactor"":2.261614,""cooldownOverrideMinFlux"":0.029615,""cooldownOverrideMinBandRatio"":0.061631,""analyzeIntervalMs"":39}"
812,r002-0067-44f9c1df,2,27,4,6,3,0,111,"{""relativeReattackFactor"":3.15411,""relativeReattackMinDelta"":0.010875,""relativeFluxFactor"":3.322016,""spectralNoveltyRatio"":3.971318,""spectralNoveltyMinBins"":60,""cooldownFrames"":4,""cooldownOverrideFactor"":5,""cooldownOverrideMinFlux"":0.020366,""cooldownOverrideMinBandRatio"":0.046888,""analyzeIntervalMs"":41}"
813,r003-0036-b5de0981,3,20,3,7,4,0,111,"{""relativeReattackFactor"":3.428519,""relativeReattackMinDelta"":0.015782,""relativeFluxFactor"":2.29366,""spectralNoveltyRatio"":3.016422,""spectralNoveltyMinBins"":52,""cooldownFrames"":5,""cooldownOverrideFactor"":2.09318,""cooldownOverrideMinFlux"":0.03,""cooldownOverrideMinBandRatio"":0.062788,""analyzeIntervalMs"":39}"
814,r003-0047-464d0afd,3,20,3,6,5,0,114,"{""relativeReattackFactor"":3.340522,""relativeReattackMinDelta"":0.023158,""relativeFluxFactor"":3.028211,""spectralNoveltyRatio"":4.85417,""spectralNoveltyMinBins"":42,""cooldownFrames"":5,""cooldownOverrideFactor"":2.075896,""cooldownOverrideMinFlux"":0.01122,""cooldownOverrideMinBandRatio"":0.025573,""analyzeIntervalMs"":39}"
815,r002-0015-a37964cc,2,17,3,7,3,0,113,"{""relativeReattackFactor"":3.594768,""relativeReattackMinDelta"":0.013545,""relativeFluxFactor"":5,""spectralNoveltyRatio"":4.616924,""spectralNoveltyMinBins"":45,""cooldownFrames"":4,""cooldownOverrideFactor"":1.891545,""cooldownOverrideMinFlux"":0.027631,""cooldownOverrideMinBandRatio"":0.071709,""analyzeIntervalMs"":50}"
816,r003-0073-e98c7f56,3,14,3,1,7,0,125,"{""relativeReattackFactor"":3.626494,""relativeReattackMinDelta"":0.017621,""relativeFluxFactor"":1.466136,""spectralNoveltyRatio"":4.355834,""spectralNoveltyMinBins"":46,""cooldownFrames"":5,""cooldownOverrideFactor"":3.623022,""cooldownOverrideMinFlux"":0.026083,""cooldownOverrideMinBandRatio"":0.055024,""analyzeIntervalMs"":36}"
817,r003-0024-f0e189e9,3,13,3,7,2,0,108,"{""relativeReattackFactor"":3.022083,""relativeReattackMinDelta"":0.010612,""relativeFluxFactor"":2.943171,""spectralNoveltyRatio"":4.978206,""spectralNoveltyMinBins"":64,""cooldownFrames"":5,""cooldownOverrideFactor"":4.538972,""cooldownOverrideMinFlux"":0.01566,""cooldownOverrideMinBandRatio"":0.047978,""analyzeIntervalMs"":41}"
818,r003-0049-551070ea,3,13,3,7,2,0,108,"{""relativeReattackFactor"":2.990294,""relativeReattackMinDelta"":0.014613,""relativeFluxFactor"":3.053653,""spectralNoveltyRatio"":4.584075,""spectralNoveltyMinBins"":64,""cooldownFrames"":5,""cooldownOverrideFactor"":4.840255,""cooldownOverrideMinFlux"":0.016958,""cooldownOverrideMinBandRatio"":0.043166,""analyzeIntervalMs"":41}"
819,r002-0062-35f0ae1c,2,13,4,8,4,0,113,"{""relativeReattackFactor"":3.095418,""relativeReattackMinDelta"":0.008932,""relativeFluxFactor"":3.431199,""spectralNoveltyRatio"":4.652711,""spectralNoveltyMinBins"":51,""cooldownFrames"":5,""cooldownOverrideFactor"":4.374847,""cooldownOverrideMinFlux"":0.018894,""cooldownOverrideMinBandRatio"":0.049725,""analyzeIntervalMs"":40}"
820,r003-0037-418aa57b,3,12,3,7,5,0,115,"{""relativeReattackFactor"":3.464474,""relativeReattackMinDelta"":0.023988,""relativeFluxFactor"":3.244472,""spectralNoveltyRatio"":4.828995,""spectralNoveltyMinBins"":34,""cooldownFrames"":5,""cooldownOverrideFactor"":1.970917,""cooldownOverrideMinFlux"":0.010343,""cooldownOverrideMinBandRatio"":0.036071,""analyzeIntervalMs"":43}"
821,r002-0057-19467b7c,2,11,3,8,4,0,110,"{""relativeReattackFactor"":3.303923,""relativeReattackMinDelta"":0.008659,""relativeFluxFactor"":3.528673,""spectralNoveltyRatio"":4.15528,""spectralNoveltyMinBins"":50,""cooldownFrames"":5,""cooldownOverrideFactor"":4.434374,""cooldownOverrideMinFlux"":0.019708,""cooldownOverrideMinBandRatio"":0.058288,""analyzeIntervalMs"":39}"
822,r003-0017-c21695fa,3,9,3,7,6,0,115,"{""relativeReattackFactor"":3.478757,""relativeReattackMinDelta"":0.023326,""relativeFluxFactor"":3.551144,""spectralNoveltyRatio"":5.620932,""spectralNoveltyMinBins"":33,""cooldownFrames"":5,""cooldownOverrideFactor"":1.905178,""cooldownOverrideMinFlux"":0.00914,""cooldownOverrideMinBandRatio"":0.027324,""analyzeIntervalMs"":39}"
823,r003-0064-0637e46b,3,8,3,8,4,0,109,"{""relativeReattackFactor"":2.960443,""relativeReattackMinDelta"":0.011975,""relativeFluxFactor"":3.499351,""spectralNoveltyRatio"":4.491344,""spectralNoveltyMinBins"":63,""cooldownFrames"":5,""cooldownOverrideFactor"":4.937599,""cooldownOverrideMinFlux"":0.018987,""cooldownOverrideMinBandRatio"":0.047608,""analyzeIntervalMs"":46}"
824,r002-0028-4d1c7e86,2,8,4,1,12,0,131,"{""relativeReattackFactor"":2.987458,""relativeReattackMinDelta"":0.013025,""relativeFluxFactor"":1.4,""spectralNoveltyRatio"":3.673966,""spectralNoveltyMinBins"":35,""cooldownFrames"":5,""cooldownOverrideFactor"":3.280145,""cooldownOverrideMinFlux"":0.027798,""cooldownOverrideMinBandRatio"":0.052288,""analyzeIntervalMs"":35}"
825,r002-0022-99ef63b5,2,7,4,9,4,0,111,"{""relativeReattackFactor"":3.400177,""relativeReattackMinDelta"":0.010983,""relativeFluxFactor"":3.409133,""spectralNoveltyRatio"":4.370371,""spectralNoveltyMinBins"":59,""cooldownFrames"":5,""cooldownOverrideFactor"":4.608493,""cooldownOverrideMinFlux"":0.014574,""cooldownOverrideMinBandRatio"":0.044636,""analyzeIntervalMs"":40}"
826,r004-0039-133cc0ce,4,6,2,4,4,0,112,"{""relativeReattackFactor"":3.550529,""relativeReattackMinDelta"":0.013602,""relativeFluxFactor"":2.176572,""spectralNoveltyRatio"":3.166086,""spectralNoveltyMinBins"":51,""cooldownFrames"":5,""cooldownOverrideFactor"":2.486631,""cooldownOverrideMinFlux"":0.03,""cooldownOverrideMinBandRatio"":0.050137,""analyzeIntervalMs"":46}"
827,r002-0007-984841eb,2,4,3,8,2,0,107,"{""relativeReattackFactor"":3.080569,""relativeReattackMinDelta"":0.011805,""relativeFluxFactor"":4.081753,""spectralNoveltyRatio"":4.442097,""spectralNoveltyMinBins"":64,""cooldownFrames"":5,""cooldownOverrideFactor"":5,""cooldownOverrideMinFlux"":0.014887,""cooldownOverrideMinBandRatio"":0.047927,""analyzeIntervalMs"":41}"
828,r003-0078-de68e437,3,2,3,3,7,0,122,"{""relativeReattackFactor"":3.661816,""relativeReattackMinDelta"":0.018725,""relativeFluxFactor"":1.4,""spectralNoveltyRatio"":3.732938,""spectralNoveltyMinBins"":48,""cooldownFrames"":5,""cooldownOverrideFactor"":3.205589,""cooldownOverrideMinFlux"":0.03,""cooldownOverrideMinBandRatio"":0.06379,""analyzeIntervalMs"":36}"
829,r004-0064-6e002771,4,0,2,6,3,0,109,"{""relativeReattackFactor"":3.656916,""relativeReattackMinDelta"":0.013107,""relativeFluxFactor"":2.17189,""spectralNoveltyRatio"":2.88276,""spectralNoveltyMinBins"":54,""cooldownFrames"":5,""cooldownOverrideFactor"":2.26254,""cooldownOverrideMinFlux"":0.03,""cooldownOverrideMinBandRatio"":0.051436,""analyzeIntervalMs"":46}"
830,r003-0062-c1efcc7b,3,0,3,6,6,0,117,"{""relativeReattackFactor"":3.221095,""relativeReattackMinDelta"":0.021904,""relativeFluxFactor"":3.30085,""spectralNoveltyRatio"":4.735166,""spectralNoveltyMinBins"":34,""cooldownFrames"":5,""cooldownOverrideFactor"":1.900936,""cooldownOverrideMinFlux"":0.00919,""cooldownOverrideMinBandRatio"":0.03421,""analyzeIntervalMs"":40}"
831,r002-0066-19008935,2,-9,3,5,6,0,120,"{""relativeReattackFactor"":3.260127,""relativeReattackMinDelta"":0.025,""relativeFluxFactor"":3.723631,""spectralNoveltyRatio"":6,""spectralNoveltyMinBins"":23,""cooldownFrames"":5,""cooldownOverrideFactor"":1.834007,""cooldownOverrideMinFlux"":0.014839,""cooldownOverrideMinBandRatio"":0.020362,""analyzeIntervalMs"":40}"
832,r003-0065-a6b3b47e,3,-9,3,6,7,0,117,"{""relativeReattackFactor"":3.888363,""relativeReattackMinDelta"":0.025,""relativeFluxFactor"":3.156115,""spectralNoveltyRatio"":5.66401,""spectralNoveltyMinBins"":39,""cooldownFrames"":5,""cooldownOverrideFactor"":2.128711,""cooldownOverrideMinFlux"":0.010498,""cooldownOverrideMinBandRatio"":0.036015,""analyzeIntervalMs"":38}"
833,r001-0021-56c5c6f9,1,-13,3,6,6,0,117,"{""relativeReattackFactor"":3.547821,""relativeReattackMinDelta"":0.014165,""relativeFluxFactor"":4.5225,""spectralNoveltyRatio"":2.511553,""spectralNoveltyMinBins"":30,""cooldownFrames"":4,""cooldownOverrideFactor"":2.697395,""cooldownOverrideMinFlux"":0.017611,""cooldownOverrideMinBandRatio"":0.057601,""analyzeIntervalMs"":46}"
834,r003-0032-e53abad5,3,-13,3,7,6,0,115,"{""relativeReattackFactor"":3.437677,""relativeReattackMinDelta"":0.025,""relativeFluxFactor"":3.585915,""spectralNoveltyRatio"":5.259491,""spectralNoveltyMinBins"":38,""cooldownFrames"":5,""cooldownOverrideFactor"":2.299803,""cooldownOverrideMinFlux"":0.014113,""cooldownOverrideMinBandRatio"":0.027984,""analyzeIntervalMs"":39}"
835,r002-0036-3e5d1459,2,-14,3,2,7,0,124,"{""relativeReattackFactor"":3.937132,""relativeReattackMinDelta"":0.025,""relativeFluxFactor"":3.00064,""spectralNoveltyRatio"":5.306583,""spectralNoveltyMinBins"":22,""cooldownFrames"":5,""cooldownOverrideFactor"":2.525278,""cooldownOverrideMinFlux"":0.01395,""cooldownOverrideMinBandRatio"":0.02866,""analyzeIntervalMs"":35}"
836,r003-0043-8a10dc9a,3,-16,3,1,9,0,127,"{""relativeReattackFactor"":3.660498,""relativeReattackMinDelta"":0.019069,""relativeFluxFactor"":1.4,""spectralNoveltyRatio"":4.557802,""spectralNoveltyMinBins"":35,""cooldownFrames"":5,""cooldownOverrideFactor"":3.188694,""cooldownOverrideMinFlux"":0.03,""cooldownOverrideMinBandRatio"":0.058865,""analyzeIntervalMs"":36}"
837,r003-0070-fa953213,3,-18,3,8,6,0,113,"{""relativeReattackFactor"":4,""relativeReattackMinDelta"":0.025,""relativeFluxFactor"":3.60987,""spectralNoveltyRatio"":6,""spectralNoveltyMinBins"":42,""cooldownFrames"":5,""cooldownOverrideFactor"":1.8,""cooldownOverrideMinFlux"":0.010652,""cooldownOverrideMinBandRatio"":0.022704,""analyzeIntervalMs"":38}"
838,r003-0045-e6929df5,3,-18,3,7,7,0,116,"{""relativeReattackFactor"":3.966675,""relativeReattackMinDelta"":0.022771,""relativeFluxFactor"":3.580005,""spectralNoveltyRatio"":5.842344,""spectralNoveltyMinBins"":37,""cooldownFrames"":5,""cooldownOverrideFactor"":1.8,""cooldownOverrideMinFlux"":0.014081,""cooldownOverrideMinBandRatio"":0.036064,""analyzeIntervalMs"":38}"
839,r002-0010-1f984626,2,-21,2,8,3,0,108,"{""relativeReattackFactor"":4,""relativeReattackMinDelta"":0.008679,""relativeFluxFactor"":4.491373,""spectralNoveltyRatio"":4.41774,""spectralNoveltyMinBins"":45,""cooldownFrames"":4,""cooldownOverrideFactor"":2.558998,""cooldownOverrideMinFlux"":0.021431,""cooldownOverrideMinBandRatio"":0.068997,""analyzeIntervalMs"":46}"
840,r002-0047-b7f07303,2,-25,3,8,7,0,113,"{""relativeReattackFactor"":3.078999,""relativeReattackMinDelta"":0.009094,""relativeFluxFactor"":3.734713,""spectralNoveltyRatio"":4.069486,""spectralNoveltyMinBins"":51,""cooldownFrames"":5,""cooldownOverrideFactor"":5,""cooldownOverrideMinFlux"":0.018531,""cooldownOverrideMinBandRatio"":0.06095,""analyzeIntervalMs"":39}"
841,r003-0069-f0d3dc57,3,-27,2,9,4,0,107,"{""relativeReattackFactor"":3.41564,""relativeReattackMinDelta"":0.012442,""relativeFluxFactor"":2.963764,""spectralNoveltyRatio"":5.157278,""spectralNoveltyMinBins"":64,""cooldownFrames"":5,""cooldownOverrideFactor"":4.334577,""cooldownOverrideMinFlux"":0.014573,""cooldownOverrideMinBandRatio"":0.048103,""analyzeIntervalMs"":46}"
842,r003-0009-e90a018e,3,-30,2,10,3,0,105,"{""relativeReattackFactor"":3.511165,""relativeReattackMinDelta"":0.012319,""relativeFluxFactor"":3.148844,""spectralNoveltyRatio"":4.953964,""spectralNoveltyMinBins"":64,""cooldownFrames"":5,""cooldownOverrideFactor"":4.356221,""cooldownOverrideMinFlux"":0.0147,""cooldownOverrideMinBandRatio"":0.036817,""analyzeIntervalMs"":46}"
843,r003-0053-67c279ff,3,-30,3,2,12,0,130,"{""relativeReattackFactor"":3.261165,""relativeReattackMinDelta"":0.018901,""relativeFluxFactor"":1.4,""spectralNoveltyRatio"":3.903715,""spectralNoveltyMinBins"":40,""cooldownFrames"":5,""cooldownOverrideFactor"":2.978878,""cooldownOverrideMinFlux"":0.028982,""cooldownOverrideMinBandRatio"":0.059781,""analyzeIntervalMs"":38}"
844,r001-0074-c3ca26e3,1,-31,3,1,10,0,129,"{""relativeReattackFactor"":3.978575,""relativeReattackMinDelta"":0.021756,""relativeFluxFactor"":2.388226,""spectralNoveltyRatio"":2.271537,""spectralNoveltyMinBins"":35,""cooldownFrames"":5,""cooldownOverrideFactor"":4.440401,""cooldownOverrideMinFlux"":0.020073,""cooldownOverrideMinBandRatio"":0.058306,""analyzeIntervalMs"":38}"
845,r002-0035-7a688156,2,-33,2,10,3,0,106,"{""relativeReattackFactor"":4,""relativeReattackMinDelta"":0.012529,""relativeFluxFactor"":5,""spectralNoveltyRatio"":4.295357,""spectralNoveltyMinBins"":59,""cooldownFrames"":4,""cooldownOverrideFactor"":2.289183,""cooldownOverrideMinFlux"":0.027378,""cooldownOverrideMinBandRatio"":0.068125,""analyzeIntervalMs"":46}"
846,r003-0068-4da3fb17,3,-36,3,4,11,0,124,"{""relativeReattackFactor"":3.281657,""relativeReattackMinDelta"":0.015473,""relativeFluxFactor"":1.4,""spectralNoveltyRatio"":3.923947,""spectralNoveltyMinBins"":47,""cooldownFrames"":5,""cooldownOverrideFactor"":3.568185,""cooldownOverrideMinFlux"":0.026963,""cooldownOverrideMinBandRatio"":0.062298,""analyzeIntervalMs"":38}"
847,r003-0019-cd5f5d94,3,-46,3,8,7,0,113,"{""relativeReattackFactor"":3.14582,""relativeReattackMinDelta"":0.013006,""relativeFluxFactor"":3.281648,""spectralNoveltyRatio"":4.72835,""spectralNoveltyMinBins"":64,""cooldownFrames"":5,""cooldownOverrideFactor"":4.414408,""cooldownOverrideMinFlux"":0.017614,""cooldownOverrideMinBandRatio"":0.043312,""analyzeIntervalMs"":45}"
848,r001-0046-53f12b5e,1,-48,2,6,6,0,117,"{""relativeReattackFactor"":3.587405,""relativeReattackMinDelta"":0.005051,""relativeFluxFactor"":3.805196,""spectralNoveltyRatio"":3.226097,""spectralNoveltyMinBins"":29,""cooldownFrames"":5,""cooldownOverrideFactor"":4.754998,""cooldownOverrideMinFlux"":0.021635,""cooldownOverrideMinBandRatio"":0.042894,""analyzeIntervalMs"":49}"
849,r002-0017-d83eed4d,2,-49,3,8,8,0,115,"{""relativeReattackFactor"":2.969924,""relativeReattackMinDelta"":0.012483,""relativeFluxFactor"":3.946978,""spectralNoveltyRatio"":4.875895,""spectralNoveltyMinBins"":50,""cooldownFrames"":5,""cooldownOverrideFactor"":4.6003,""cooldownOverrideMinFlux"":0.012316,""cooldownOverrideMinBandRatio"":0.04779,""analyzeIntervalMs"":39}"
850,r001-0017-632c027d,1,-56,3,4,8,0,124,"{""relativeReattackFactor"":3.561571,""relativeReattackMinDelta"":0.010028,""relativeFluxFactor"":4.394056,""spectralNoveltyRatio"":5.295592,""spectralNoveltyMinBins"":20,""cooldownFrames"":2,""cooldownOverrideFactor"":4.250756,""cooldownOverrideMinFlux"":0.024661,""cooldownOverrideMinBandRatio"":0.068589,""analyzeIntervalMs"":41}"
851,r002-0013-348acd75,2,-58,4,1,8,1,128,"{""relativeReattackFactor"":3.487919,""relativeReattackMinDelta"":0.011133,""relativeFluxFactor"":1.4,""spectralNoveltyRatio"":3.540474,""spectralNoveltyMinBins"":36,""cooldownFrames"":5,""cooldownOverrideFactor"":3.034146,""cooldownOverrideMinFlux"":0.02628,""cooldownOverrideMinBandRatio"":0.045707,""analyzeIntervalMs"":40}"
852,r002-0050-fbc5616a,2,-63,2,10,5,0,108,"{""relativeReattackFactor"":3.426672,""relativeReattackMinDelta"":0.009006,""relativeFluxFactor"":4.809487,""spectralNoveltyRatio"":4.255085,""spectralNoveltyMinBins"":56,""cooldownFrames"":4,""cooldownOverrideFactor"":2.286153,""cooldownOverrideMinFlux"":0.024888,""cooldownOverrideMinBandRatio"":0.074242,""analyzeIntervalMs"":46}"
853,r003-0042-f755c59d,3,-64,2,5,7,0,118,"{""relativeReattackFactor"":3.407474,""relativeReattackMinDelta"":0.024546,""relativeFluxFactor"":3.082708,""spectralNoveltyRatio"":5.020628,""spectralNoveltyMinBins"":35,""cooldownFrames"":5,""cooldownOverrideFactor"":2.366562,""cooldownOverrideMinFlux"":0.01402,""cooldownOverrideMinBandRatio"":0.035935,""analyzeIntervalMs"":39}"
854,r002-0020-a3f52719,2,-68,4,10,4,1,110,"{""relativeReattackFactor"":3.453841,""relativeReattackMinDelta"":0.010579,""relativeFluxFactor"":4.600185,""spectralNoveltyRatio"":4.153559,""spectralNoveltyMinBins"":57,""cooldownFrames"":4,""cooldownOverrideFactor"":1.890219,""cooldownOverrideMinFlux"":0.023524,""cooldownOverrideMinBandRatio"":0.084317,""analyzeIntervalMs"":43}"
855,r001-0049-6d7f1206,1,-72,2,7,7,0,117,"{""relativeReattackFactor"":3.999038,""relativeReattackMinDelta"":0.020772,""relativeFluxFactor"":3.239739,""spectralNoveltyRatio"":2.094892,""spectralNoveltyMinBins"":57,""cooldownFrames"":2,""cooldownOverrideFactor"":2.124758,""cooldownOverrideMinFlux"":0.020449,""cooldownOverrideMinBandRatio"":0.038009,""analyzeIntervalMs"":40}"
856,r002-0055-f213b4b8,2,-73,2,7,5,0,115,"{""relativeReattackFactor"":3.433217,""relativeReattackMinDelta"":0.010829,""relativeFluxFactor"":5,""spectralNoveltyRatio"":3.554525,""spectralNoveltyMinBins"":48,""cooldownFrames"":4,""cooldownOverrideFactor"":2.1824,""cooldownOverrideMinFlux"":0.023249,""cooldownOverrideMinBandRatio"":0.08293,""analyzeIntervalMs"":50}"
857,r003-0055-c4e93b63,3,-73,2,5,8,0,120,"{""relativeReattackFactor"":4,""relativeReattackMinDelta"":0.024289,""relativeFluxFactor"":3.087813,""spectralNoveltyRatio"":6,""spectralNoveltyMinBins"":39,""cooldownFrames"":5,""cooldownOverrideFactor"":1.888404,""cooldownOverrideMinFlux"":0.015218,""cooldownOverrideMinBandRatio"":0.029226,""analyzeIntervalMs"":36}"
858,r003-0005-ee229d99,3,-82,2,7,7,0,117,"{""relativeReattackFactor"":4,""relativeReattackMinDelta"":0.024066,""relativeFluxFactor"":3.470271,""spectralNoveltyRatio"":6,""spectralNoveltyMinBins"":40,""cooldownFrames"":5,""cooldownOverrideFactor"":1.8279,""cooldownOverrideMinFlux"":0.013708,""cooldownOverrideMinBandRatio"":0.037644,""analyzeIntervalMs"":36}"
859,r003-0021-19f6d040,3,-85,2,4,9,0,122,"{""relativeReattackFactor"":3.649144,""relativeReattackMinDelta"":0.015416,""relativeFluxFactor"":1.999219,""spectralNoveltyRatio"":2.816848,""spectralNoveltyMinBins"":46,""cooldownFrames"":5,""cooldownOverrideFactor"":2.101705,""cooldownOverrideMinFlux"":0.029268,""cooldownOverrideMinBandRatio"":0.054565,""analyzeIntervalMs"":38}"
860,r003-0040-cc375953,3,-91,2,4,9,0,122,"{""relativeReattackFactor"":3.783835,""relativeReattackMinDelta"":0.02272,""relativeFluxFactor"":3.634589,""spectralNoveltyRatio"":6,""spectralNoveltyMinBins"":31,""cooldownFrames"":5,""cooldownOverrideFactor"":2.057903,""cooldownOverrideMinFlux"":0.011485,""cooldownOverrideMinBandRatio"":0.027112,""analyzeIntervalMs"":36}"
861,r001-0039-69678ac0,1,-97,2,4,9,0,120,"{""relativeReattackFactor"":2.836598,""relativeReattackMinDelta"":0.017975,""relativeFluxFactor"":1.719821,""spectralNoveltyRatio"":5.587467,""spectralNoveltyMinBins"":61,""cooldownFrames"":3,""cooldownOverrideFactor"":2.091702,""cooldownOverrideMinFlux"":0.018656,""cooldownOverrideMinBandRatio"":0.042646,""analyzeIntervalMs"":41}"
862,r002-0016-3620fd18,2,-97,2,5,9,0,122,"{""relativeReattackFactor"":4,""relativeReattackMinDelta"":0.022514,""relativeFluxFactor"":3.425392,""spectralNoveltyRatio"":5.511289,""spectralNoveltyMinBins"":22,""cooldownFrames"":5,""cooldownOverrideFactor"":1.843202,""cooldownOverrideMinFlux"":0.009703,""cooldownOverrideMinBandRatio"":0.023294,""analyzeIntervalMs"":39}"
863,r002-0076-87f4b615,2,-99,2,5,11,0,123,"{""relativeReattackFactor"":3.306721,""relativeReattackMinDelta"":0.024114,""relativeFluxFactor"":3.415706,""spectralNoveltyRatio"":5.761032,""spectralNoveltyMinBins"":36,""cooldownFrames"":5,""cooldownOverrideFactor"":1.971315,""cooldownOverrideMinFlux"":0.010079,""cooldownOverrideMinBandRatio"":0.035625,""analyzeIntervalMs"":38}"
864,r003-0015-40805de0,3,-103,2,4,9,0,122,"{""relativeReattackFactor"":3.869565,""relativeReattackMinDelta"":0.022436,""relativeFluxFactor"":3.23563,""spectralNoveltyRatio"":5.504963,""spectralNoveltyMinBins"":33,""cooldownFrames"":5,""cooldownOverrideFactor"":1.94173,""cooldownOverrideMinFlux"":0.01228,""cooldownOverrideMinBandRatio"":0.033916,""analyzeIntervalMs"":38}"
865,r001-0069-308aba2f,1,-106,2,7,12,0,123,"{""relativeReattackFactor"":3.368911,""relativeReattackMinDelta"":0.013946,""relativeFluxFactor"":3.304458,""spectralNoveltyRatio"":5.336698,""spectralNoveltyMinBins"":35,""cooldownFrames"":4,""cooldownOverrideFactor"":1.843548,""cooldownOverrideMinFlux"":0.009687,""cooldownOverrideMinBandRatio"":0.062434,""analyzeIntervalMs"":29}"
866,r003-0067-9205402d,3,-109,2,4,10,0,123,"{""relativeReattackFactor"":3.666278,""relativeReattackMinDelta"":0.023597,""relativeFluxFactor"":3.295859,""spectralNoveltyRatio"":5.453451,""spectralNoveltyMinBins"":33,""cooldownFrames"":5,""cooldownOverrideFactor"":1.957103,""cooldownOverrideMinFlux"":0.009231,""cooldownOverrideMinBandRatio"":0.033115,""analyzeIntervalMs"":38}"
867,r002-0053-af869a1f,2,-120,4,0,10,1,131,"{""relativeReattackFactor"":2.761342,""relativeReattackMinDelta"":0.0116,""relativeFluxFactor"":1.457468,""spectralNoveltyRatio"":3.757409,""spectralNoveltyMinBins"":47,""cooldownFrames"":5,""cooldownOverrideFactor"":2.307788,""cooldownOverrideMinFlux"":0.025551,""cooldownOverrideMinBandRatio"":0.052172,""analyzeIntervalMs"":36}"
868,r001-0060-e9e2e10f,1,-138,4,4,9,1,125,"{""relativeReattackFactor"":2.81923,""relativeReattackMinDelta"":0.013061,""relativeFluxFactor"":3.17168,""spectralNoveltyRatio"":4.471692,""spectralNoveltyMinBins"":12,""cooldownFrames"":5,""cooldownOverrideFactor"":1.882945,""cooldownOverrideMinFlux"":0.011594,""cooldownOverrideMinBandRatio"":0.055202,""analyzeIntervalMs"":46}"
869,r003-0003-98240ffc,3,-145,3,4,11,1,123,"{""relativeReattackFactor"":3.707049,""relativeReattackMinDelta"":0.016753,""relativeFluxFactor"":1.4,""spectralNoveltyRatio"":3.743362,""spectralNoveltyMinBins"":46,""cooldownFrames"":5,""cooldownOverrideFactor"":3.409147,""cooldownOverrideMinFlux"":0.02879,""cooldownOverrideMinBandRatio"":0.059846,""analyzeIntervalMs"":34}"
870,r002-0059-0c0f2ba5,2,-163,2,3,12,1,127,"{""relativeReattackFactor"":3.381359,""relativeReattackMinDelta"":0.004564,""relativeFluxFactor"":3.336318,""spectralNoveltyRatio"":2.793673,""spectralNoveltyMinBins"":33,""cooldownFrames"":4,""cooldownOverrideFactor"":4.544727,""cooldownOverrideMinFlux"":0.021387,""cooldownOverrideMinBandRatio"":0.049989,""analyzeIntervalMs"":37}"
871,r001-0075-71dab34a,1,-165,1,10,11,0,117,"{""relativeReattackFactor"":3.774391,""relativeReattackMinDelta"":0.006991,""relativeFluxFactor"":4.528996,""spectralNoveltyRatio"":2.060465,""spectralNoveltyMinBins"":62,""cooldownFrames"":4,""cooldownOverrideFactor"":4.901904,""cooldownOverrideMinFlux"":0.029901,""cooldownOverrideMinBandRatio"":0.080858,""analyzeIntervalMs"":29}"
872,r002-0019-ee0e45d3,2,-169,2,3,10,1,124,"{""relativeReattackFactor"":3.329767,""relativeReattackMinDelta"":0.004,""relativeFluxFactor"":3.157344,""spectralNoveltyRatio"":3.714987,""spectralNoveltyMinBins"":36,""cooldownFrames"":4,""cooldownOverrideFactor"":4.626785,""cooldownOverrideMinFlux"":0.02202,""cooldownOverrideMinBandRatio"":0.046657,""analyzeIntervalMs"":35}"
873,r002-0063-2cd369d0,2,-188,3,1,12,1,131,"{""relativeReattackFactor"":3.273721,""relativeReattackMinDelta"":0.017238,""relativeFluxFactor"":1.4,""spectralNoveltyRatio"":2.98551,""spectralNoveltyMinBins"":42,""cooldownFrames"":5,""cooldownOverrideFactor"":3.066415,""cooldownOverrideMinFlux"":0.026629,""cooldownOverrideMinBandRatio"":0.04961,""analyzeIntervalMs"":36}"
874,r001-0061-f3b7fd14,1,-193,1,6,12,0,122,"{""relativeReattackFactor"":3.797426,""relativeReattackMinDelta"":0.023495,""relativeFluxFactor"":1.749223,""spectralNoveltyRatio"":3.780636,""spectralNoveltyMinBins"":51,""cooldownFrames"":2,""cooldownOverrideFactor"":4.911979,""cooldownOverrideMinFlux"":0.006975,""cooldownOverrideMinBandRatio"":0.061018,""analyzeIntervalMs"":39}"
875,r001-0047-70bff60b,1,-204,1,9,7,1,114,"{""relativeReattackFactor"":3.7797,""relativeReattackMinDelta"":0.007792,""relativeFluxFactor"":3.58469,""spectralNoveltyRatio"":2.11661,""spectralNoveltyMinBins"":62,""cooldownFrames"":3,""cooldownOverrideFactor"":3.311698,""cooldownOverrideMinFlux"":0.00699,""cooldownOverrideMinBandRatio"":0.068657,""analyzeIntervalMs"":35}"
876,r003-0018-53058228,3,-205,3,6,13,1,123,"{""relativeReattackFactor"":3.374227,""relativeReattackMinDelta"":0.017127,""relativeFluxFactor"":1.433271,""spectralNoveltyRatio"":4.507667,""spectralNoveltyMinBins"":44,""cooldownFrames"":5,""cooldownOverrideFactor"":3.074907,""cooldownOverrideMinFlux"":0.03,""cooldownOverrideMinBandRatio"":0.049678,""analyzeIntervalMs"":34}"
877,r003-0075-8f7416c7,3,-208,2,8,11,1,118,"{""relativeReattackFactor"":3.8977,""relativeReattackMinDelta"":0.023393,""relativeFluxFactor"":3.598491,""spectralNoveltyRatio"":5.549461,""spectralNoveltyMinBins"":38,""cooldownFrames"":5,""cooldownOverrideFactor"":2.031381,""cooldownOverrideMinFlux"":0.009896,""cooldownOverrideMinBandRatio"":0.026499,""analyzeIntervalMs"":34}"
878,r002-0071-bce907a4,2,-235,2,4,14,1,127,"{""relativeReattackFactor"":3.700134,""relativeReattackMinDelta"":0.021969,""relativeFluxFactor"":3.165096,""spectralNoveltyRatio"":6,""spectralNoveltyMinBins"":28,""cooldownFrames"":5,""cooldownOverrideFactor"":1.8,""cooldownOverrideMinFlux"":0.011001,""cooldownOverrideMinBandRatio"":0.026127,""analyzeIntervalMs"":34}"
879,r002-0069-d7da5272,2,-247,3,3,14,2,129,"{""relativeReattackFactor"":4,""relativeReattackMinDelta"":0.006424,""relativeFluxFactor"":3.857767,""spectralNoveltyRatio"":3.355723,""spectralNoveltyMinBins"":30,""cooldownFrames"":4,""cooldownOverrideFactor"":4.95325,""cooldownOverrideMinFlux"":0.023622,""cooldownOverrideMinBandRatio"":0.042892,""analyzeIntervalMs"":38}"
880,r001-0022-5bd3006f,1,-284,2,7,12,1,122,"{""relativeReattackFactor"":2.349327,""relativeReattackMinDelta"":0.011588,""relativeFluxFactor"":4.246667,""spectralNoveltyRatio"":5.907741,""spectralNoveltyMinBins"":44,""cooldownFrames"":4,""cooldownOverrideFactor"":4.432983,""cooldownOverrideMinFlux"":0.010136,""cooldownOverrideMinBandRatio"":0.043372,""analyzeIntervalMs"":46}"
881,r001-0077-18c00541,1,-285,3,8,11,3,119,"{""relativeReattackFactor"":3.246095,""relativeReattackMinDelta"":0.023129,""relativeFluxFactor"":3.622664,""spectralNoveltyRatio"":5.995225,""spectralNoveltyMinBins"":50,""cooldownFrames"":3,""cooldownOverrideFactor"":3.021257,""cooldownOverrideMinFlux"":0.012712,""cooldownOverrideMinBandRatio"":0.051119,""analyzeIntervalMs"":37}"
882,r001-0035-8649621c,1,-292,2,3,15,2,131,"{""relativeReattackFactor"":3.049814,""relativeReattackMinDelta"":0.005243,""relativeFluxFactor"":2.051625,""spectralNoveltyRatio"":1.755524,""spectralNoveltyMinBins"":46,""cooldownFrames"":4,""cooldownOverrideFactor"":3.613717,""cooldownOverrideMinFlux"":0.01018,""cooldownOverrideMinBandRatio"":0.071798,""analyzeIntervalMs"":37}"
883,r001-0030-6d3434e0,1,-309,2,3,14,1,132,"{""relativeReattackFactor"":2.306319,""relativeReattackMinDelta"":0.007298,""relativeFluxFactor"":3.314501,""spectralNoveltyRatio"":5.118854,""spectralNoveltyMinBins"":20,""cooldownFrames"":5,""cooldownOverrideFactor"":4.07204,""cooldownOverrideMinFlux"":0.007233,""cooldownOverrideMinBandRatio"":0.064844,""analyzeIntervalMs"":45}"
884,r001-0034-692a6324,1,-320,1,10,11,1,120,"{""relativeReattackFactor"":2.444321,""relativeReattackMinDelta"":0.024755,""relativeFluxFactor"":2.823624,""spectralNoveltyRatio"":2.072627,""spectralNoveltyMinBins"":62,""cooldownFrames"":4,""cooldownOverrideFactor"":3.963669,""cooldownOverrideMinFlux"":0.014741,""cooldownOverrideMinBandRatio"":0.038319,""analyzeIntervalMs"":48}"
885,r002-0048-4bfe3f8e,2,-349,4,3,11,4,124,"{""relativeReattackFactor"":3.218481,""relativeReattackMinDelta"":0.010977,""relativeFluxFactor"":1.4,""spectralNoveltyRatio"":3.395939,""spectralNoveltyMinBins"":47,""cooldownFrames"":5,""cooldownOverrideFactor"":3.079938,""cooldownOverrideMinFlux"":0.025895,""cooldownOverrideMinBandRatio"":0.04301,""analyzeIntervalMs"":33}"
886,r002-0079-54548d14,2,-368,2,5,15,2,126,"{""relativeReattackFactor"":3.477572,""relativeReattackMinDelta"":0.004,""relativeFluxFactor"":4.234219,""spectralNoveltyRatio"":2.161504,""spectralNoveltyMinBins"":45,""cooldownFrames"":4,""cooldownOverrideFactor"":4.745109,""cooldownOverrideMinFlux"":0.022087,""cooldownOverrideMinBandRatio"":0.044977,""analyzeIntervalMs"":36}"
887,r002-0056-8dc1b6a3,2,-377,4,2,13,4,129,"{""relativeReattackFactor"":3.596549,""relativeReattackMinDelta"":0.025,""relativeFluxFactor"":3.361464,""spectralNoveltyRatio"":6,""spectralNoveltyMinBins"":21,""cooldownFrames"":5,""cooldownOverrideFactor"":2.061505,""cooldownOverrideMinFlux"":0.013411,""cooldownOverrideMinBandRatio"":0.02,""analyzeIntervalMs"":33}"
888,r002-0054-dc819192,2,-378,3,5,10,4,120,"{""relativeReattackFactor"":3.761891,""relativeReattackMinDelta"":0.007331,""relativeFluxFactor"":3.329808,""spectralNoveltyRatio"":3.335977,""spectralNoveltyMinBins"":45,""cooldownFrames"":4,""cooldownOverrideFactor"":5,""cooldownOverrideMinFlux"":0.026771,""cooldownOverrideMinBandRatio"":0.050279,""analyzeIntervalMs"":33}"
889,r002-0074-9f7c0351,2,-387,3,6,10,4,119,"{""relativeReattackFactor"":3.711641,""relativeReattackMinDelta"":0.004,""relativeFluxFactor"":4.03813,""spectralNoveltyRatio"":3.262367,""spectralNoveltyMinBins"":45,""cooldownFrames"":4,""cooldownOverrideFactor"":4.405741,""cooldownOverrideMinFlux"":0.021183,""cooldownOverrideMinBandRatio"":0.048141,""analyzeIntervalMs"":33}"
890,r001-0068-d292ea90,1,-391,1,4,16,2,132,"{""relativeReattackFactor"":2.189305,""relativeReattackMinDelta"":0.022215,""relativeFluxFactor"":3.802767,""spectralNoveltyRatio"":2.513377,""spectralNoveltyMinBins"":47,""cooldownFrames"":5,""cooldownOverrideFactor"":4.395927,""cooldownOverrideMinFlux"":0.012587,""cooldownOverrideMinBandRatio"":0.054442,""analyzeIntervalMs"":38}"
891,r001-0040-73dc2fc7,1,-392,2,6,14,2,126,"{""relativeReattackFactor"":3.40113,""relativeReattackMinDelta"":0.017725,""relativeFluxFactor"":4.453541,""spectralNoveltyRatio"":3.015251,""spectralNoveltyMinBins"":25,""cooldownFrames"":3,""cooldownOverrideFactor"":1.853826,""cooldownOverrideMinFlux"":0.022162,""cooldownOverrideMinBandRatio"":0.079599,""analyzeIntervalMs"":46}"
892,r002-0006-7e5a8139,2,-392,2,5,16,2,129,"{""relativeReattackFactor"":3.574919,""relativeReattackMinDelta"":0.025,""relativeFluxFactor"":3.693441,""spectralNoveltyRatio"":5.863471,""spectralNoveltyMinBins"":28,""cooldownFrames"":5,""cooldownOverrideFactor"":2.155755,""cooldownOverrideMinFlux"":0.016763,""cooldownOverrideMinBandRatio"":0.026693,""analyzeIntervalMs"":34}"
893,r001-0062-a427c7b2,1,-415,3,5,11,4,120,"{""relativeReattackFactor"":3.930604,""relativeReattackMinDelta"":0.024137,""relativeFluxFactor"":3.873851,""spectralNoveltyRatio"":2.239899,""spectralNoveltyMinBins"":44,""cooldownFrames"":2,""cooldownOverrideFactor"":2.383074,""cooldownOverrideMinFlux"":0.00602,""cooldownOverrideMinBandRatio"":0.033795,""analyzeIntervalMs"":33}"
894,r002-0009-450aa29c,2,-448,3,3,16,3,131,"{""relativeReattackFactor"":4,""relativeReattackMinDelta"":0.004,""relativeFluxFactor"":3.489708,""spectralNoveltyRatio"":3.462034,""spectralNoveltyMinBins"":28,""cooldownFrames"":4,""cooldownOverrideFactor"":4.639069,""cooldownOverrideMinFlux"":0.028509,""cooldownOverrideMinBandRatio"":0.052595,""analyzeIntervalMs"":36}"
895,r002-0018-6c7214eb,2,-453,3,4,17,3,134,"{""relativeReattackFactor"":2.84236,""relativeReattackMinDelta"":0.012915,""relativeFluxFactor"":1.4,""spectralNoveltyRatio"":3.414071,""spectralNoveltyMinBins"":45,""cooldownFrames"":5,""cooldownOverrideFactor"":2.252487,""cooldownOverrideMinFlux"":0.026909,""cooldownOverrideMinBandRatio"":0.042339,""analyzeIntervalMs"":34}"
896,r002-0043-00b1550f,2,-467,3,2,15,4,132,"{""relativeReattackFactor"":2.893241,""relativeReattackMinDelta"":0.012873,""relativeFluxFactor"":1.675533,""spectralNoveltyRatio"":3.411317,""spectralNoveltyMinBins"":40,""cooldownFrames"":5,""cooldownOverrideFactor"":2.757802,""cooldownOverrideMinFlux"":0.027609,""cooldownOverrideMinBandRatio"":0.060202,""analyzeIntervalMs"":33}"
897,r002-0049-a07c909a,2,-469,3,2,18,3,134,"{""relativeReattackFactor"":3.306911,""relativeReattackMinDelta"":0.004,""relativeFluxFactor"":3.669114,""spectralNoveltyRatio"":3.013986,""spectralNoveltyMinBins"":28,""cooldownFrames"":4,""cooldownOverrideFactor"":4.457811,""cooldownOverrideMinFlux"":0.024646,""cooldownOverrideMinBandRatio"":0.044634,""analyzeIntervalMs"":36}"
898,r002-0029-9c61fa88,2,-508,3,4,13,5,125,"{""relativeReattackFactor"":3.593551,""relativeReattackMinDelta"":0.004,""relativeFluxFactor"":3.952681,""spectralNoveltyRatio"":3.201028,""spectralNoveltyMinBins"":40,""cooldownFrames"":4,""cooldownOverrideFactor"":4.872129,""cooldownOverrideMinFlux"":0.024248,""cooldownOverrideMinBandRatio"":0.038497,""analyzeIntervalMs"":33}"
899,r001-0043-80766aa9,1,-517,1,7,17,3,127,"{""relativeReattackFactor"":2.584284,""relativeReattackMinDelta"":0.024085,""relativeFluxFactor"":4.515078,""spectralNoveltyRatio"":5.656874,""spectralNoveltyMinBins"":54,""cooldownFrames"":4,""cooldownOverrideFactor"":2.21162,""cooldownOverrideMinFlux"":0.027588,""cooldownOverrideMinBandRatio"":0.066029,""analyzeIntervalMs"":29}"
900,r001-0054-2cefca80,1,-568,1,5,17,4,131,"{""relativeReattackFactor"":3.635428,""relativeReattackMinDelta"":0.007195,""relativeFluxFactor"":4.532147,""spectralNoveltyRatio"":2.504276,""spectralNoveltyMinBins"":16,""cooldownFrames"":3,""cooldownOverrideFactor"":3.654109,""cooldownOverrideMinFlux"":0.008545,""cooldownOverrideMinBandRatio"":0.087485,""analyzeIntervalMs"":37}"
901,r001-0008-8594a3ed,1,-569,2,3,20,4,138,"{""relativeReattackFactor"":1.982915,""relativeReattackMinDelta"":0.009927,""relativeFluxFactor"":3.292267,""spectralNoveltyRatio"":4.221452,""spectralNoveltyMinBins"":41,""cooldownFrames"":4,""cooldownOverrideFactor"":4.534145,""cooldownOverrideMinFlux"":0.007643,""cooldownOverrideMinBandRatio"":0.080757,""analyzeIntervalMs"":41}"
902,r002-0068-b2b8434f,2,-577,3,3,19,4,135,"{""relativeReattackFactor"":3.087549,""relativeReattackMinDelta"":0.013347,""relativeFluxFactor"":1.61967,""spectralNoveltyRatio"":3.609342,""spectralNoveltyMinBins"":36,""cooldownFrames"":5,""cooldownOverrideFactor"":2.566565,""cooldownOverrideMinFlux"":0.03,""cooldownOverrideMinBandRatio"":0.043373,""analyzeIntervalMs"":34}"
903,r002-0073-7fd3552c,2,-577,3,3,19,4,136,"{""relativeReattackFactor"":3.217254,""relativeReattackMinDelta"":0.010975,""relativeFluxFactor"":1.834898,""spectralNoveltyRatio"":2.810615,""spectralNoveltyMinBins"":41,""cooldownFrames"":5,""cooldownOverrideFactor"":3.015244,""cooldownOverrideMinFlux"":0.029544,""cooldownOverrideMinBandRatio"":0.045493,""analyzeIntervalMs"":34}"
904,r002-0038-19226865,2,-583,3,3,20,4,136,"{""relativeReattackFactor"":2.986,""relativeReattackMinDelta"":0.017162,""relativeFluxFactor"":1.4,""spectralNoveltyRatio"":3.770878,""spectralNoveltyMinBins"":37,""cooldownFrames"":5,""cooldownOverrideFactor"":2.949129,""cooldownOverrideMinFlux"":0.02671,""cooldownOverrideMinBandRatio"":0.049044,""analyzeIntervalMs"":34}"
905,r001-0055-5c92e53f,1,-589,2,5,16,5,128,"{""relativeReattackFactor"":3.544689,""relativeReattackMinDelta"":0.005997,""relativeFluxFactor"":4.738567,""spectralNoveltyRatio"":1.856702,""spectralNoveltyMinBins"":37,""cooldownFrames"":4,""cooldownOverrideFactor"":4.783469,""cooldownOverrideMinFlux"":0.025711,""cooldownOverrideMinBandRatio"":0.084826,""analyzeIntervalMs"":32}"
906,r001-0050-b41353b5,1,-614,1,3,19,4,139,"{""relativeReattackFactor"":2.086786,""relativeReattackMinDelta"":0.006167,""relativeFluxFactor"":3.87784,""spectralNoveltyRatio"":5.681365,""spectralNoveltyMinBins"":11,""cooldownFrames"":4,""cooldownOverrideFactor"":3.975503,""cooldownOverrideMinFlux"":0.021665,""cooldownOverrideMinBandRatio"":0.026765,""analyzeIntervalMs"":42}"
907,r001-0013-034a1163,1,-633,3,3,19,4,136,"{""relativeReattackFactor"":3.200349,""relativeReattackMinDelta"":0.013798,""relativeFluxFactor"":4.18185,""spectralNoveltyRatio"":2.64681,""spectralNoveltyMinBins"":30,""cooldownFrames"":3,""cooldownOverrideFactor"":4.622007,""cooldownOverrideMinFlux"":0.006925,""cooldownOverrideMinBandRatio"":0.035113,""analyzeIntervalMs"":36}"
908,r002-0004-48752757,2,-662,3,6,16,6,127,"{""relativeReattackFactor"":3.630265,""relativeReattackMinDelta"":0.007718,""relativeFluxFactor"":4.045304,""spectralNoveltyRatio"":3.178564,""spectralNoveltyMinBins"":33,""cooldownFrames"":4,""cooldownOverrideFactor"":4.933315,""cooldownOverrideMinFlux"":0.022946,""cooldownOverrideMinBandRatio"":0.039621,""analyzeIntervalMs"":33}"
909,r001-0010-edf7f8cd,1,-664,1,7,15,4,127,"{""relativeReattackFactor"":2.378451,""relativeReattackMinDelta"":0.017319,""relativeFluxFactor"":4.641505,""spectralNoveltyRatio"":3.023315,""spectralNoveltyMinBins"":42,""cooldownFrames"":3,""cooldownOverrideFactor"":2.3834,""cooldownOverrideMinFlux"":0.016773,""cooldownOverrideMinBandRatio"":0.077378,""analyzeIntervalMs"":48}"
910,r001-0023-3078ca13,1,-671,1,8,18,4,129,"{""relativeReattackFactor"":2.671268,""relativeReattackMinDelta"":0.011263,""relativeFluxFactor"":4.792021,""spectralNoveltyRatio"":4.213359,""spectralNoveltyMinBins"":47,""cooldownFrames"":2,""cooldownOverrideFactor"":3.718157,""cooldownOverrideMinFlux"":0.020906,""cooldownOverrideMinBandRatio"":0.082355,""analyzeIntervalMs"":35}"
911,r001-0003-e833a79e,1,-677,1,1,18,5,141,"{""relativeReattackFactor"":1.917847,""relativeReattackMinDelta"":0.008386,""relativeFluxFactor"":3.027292,""spectralNoveltyRatio"":2.806922,""spectralNoveltyMinBins"":30,""cooldownFrames"":4,""cooldownOverrideFactor"":4.125274,""cooldownOverrideMinFlux"":0.008967,""cooldownOverrideMinBandRatio"":0.028571,""analyzeIntervalMs"":42}"
912,r001-0012-d8c8977d,1,-683,2,2,25,5,144,"{""relativeReattackFactor"":3.158011,""relativeReattackMinDelta"":0.006227,""relativeFluxFactor"":4.017123,""spectralNoveltyRatio"":1.755238,""spectralNoveltyMinBins"":13,""cooldownFrames"":3,""cooldownOverrideFactor"":4.003491,""cooldownOverrideMinFlux"":0.019661,""cooldownOverrideMinBandRatio"":0.060825,""analyzeIntervalMs"":29}"
913,r001-0026-1873a011,1,-695,1,9,14,5,121,"{""relativeReattackFactor"":2.817958,""relativeReattackMinDelta"":0.012979,""relativeFluxFactor"":4.920504,""spectralNoveltyRatio"":3.367887,""spectralNoveltyMinBins"":51,""cooldownFrames"":4,""cooldownOverrideFactor"":2.682232,""cooldownOverrideMinFlux"":0.013373,""cooldownOverrideMinBandRatio"":0.026509,""analyzeIntervalMs"":28}"
914,r001-0072-81c4a442,1,-695,1,4,18,5,133,"{""relativeReattackFactor"":2.808142,""relativeReattackMinDelta"":0.007835,""relativeFluxFactor"":3.300232,""spectralNoveltyRatio"":5.776109,""spectralNoveltyMinBins"":18,""cooldownFrames"":4,""cooldownOverrideFactor"":2.521623,""cooldownOverrideMinFlux"":0.007274,""cooldownOverrideMinBandRatio"":0.087167,""analyzeIntervalMs"":37}"
915,r001-0071-933ddb41,1,-708,1,5,14,5,131,"{""relativeReattackFactor"":2.943864,""relativeReattackMinDelta"":0.004862,""relativeFluxFactor"":4.514432,""spectralNoveltyRatio"":3.429434,""spectralNoveltyMinBins"":7,""cooldownFrames"":3,""cooldownOverrideFactor"":4.535874,""cooldownOverrideMinFlux"":0.005164,""cooldownOverrideMinBandRatio"":0.057174,""analyzeIntervalMs"":40}"
916,r001-0064-74ac935a,1,-730,3,0,21,5,146,"{""relativeReattackFactor"":3.250395,""relativeReattackMinDelta"":0.00832,""relativeFluxFactor"":1.40985,""spectralNoveltyRatio"":1.766697,""spectralNoveltyMinBins"":23,""cooldownFrames"":4,""cooldownOverrideFactor"":2.040916,""cooldownOverrideMinFlux"":0.004633,""cooldownOverrideMinBandRatio"":0.071782,""analyzeIntervalMs"":46}"
917,r002-0024-3085d409,2,-739,2,7,18,5,130,"{""relativeReattackFactor"":3.316473,""relativeReattackMinDelta"":0.005329,""relativeFluxFactor"":3.582077,""spectralNoveltyRatio"":2.786036,""spectralNoveltyMinBins"":46,""cooldownFrames"":4,""cooldownOverrideFactor"":5,""cooldownOverrideMinFlux"":0.022707,""cooldownOverrideMinBandRatio"":0.041647,""analyzeIntervalMs"":34}"
918,r001-0076-ba50e6c9,1,-796,1,4,23,6,138,"{""relativeReattackFactor"":2.441545,""relativeReattackMinDelta"":0.019985,""relativeFluxFactor"":2.449702,""spectralNoveltyRatio"":5.016579,""spectralNoveltyMinBins"":38,""cooldownFrames"":3,""cooldownOverrideFactor"":2.892995,""cooldownOverrideMinFlux"":0.011551,""cooldownOverrideMinBandRatio"":0.048734,""analyzeIntervalMs"":38}"
919,r001-0032-a47d3d79,1,-828,1,8,15,6,124,"{""relativeReattackFactor"":2.64138,""relativeReattackMinDelta"":0.011495,""relativeFluxFactor"":4.458496,""spectralNoveltyRatio"":5.547594,""spectralNoveltyMinBins"":51,""cooldownFrames"":5,""cooldownOverrideFactor"":3.373694,""cooldownOverrideMinFlux"":0.013678,""cooldownOverrideMinBandRatio"":0.057014,""analyzeIntervalMs"":30}"
920,r001-0016-46bb6bb0,1,-916,1,8,20,6,129,"{""relativeReattackFactor"":3.501207,""relativeReattackMinDelta"":0.005636,""relativeFluxFactor"":4.173941,""spectralNoveltyRatio"":2.818199,""spectralNoveltyMinBins"":55,""cooldownFrames"":2,""cooldownOverrideFactor"":2.503452,""cooldownOverrideMinFlux"":0.009832,""cooldownOverrideMinBandRatio"":0.064666,""analyzeIntervalMs"":34}"
921,r001-0007-a6d73b3a,1,-944,2,2,23,6,143,"{""relativeReattackFactor"":1.811215,""relativeReattackMinDelta"":0.019404,""relativeFluxFactor"":3.338641,""spectralNoveltyRatio"":3.859,""spectralNoveltyMinBins"":41,""cooldownFrames"":4,""cooldownOverrideFactor"":1.97104,""cooldownOverrideMinFlux"":0.008593,""cooldownOverrideMinBandRatio"":0.038558,""analyzeIntervalMs"":46}"
922,r002-0064-022bd586,2,-969,2,2,23,7,141,"{""relativeReattackFactor"":3.903092,""relativeReattackMinDelta"":0.004296,""relativeFluxFactor"":4.03427,""spectralNoveltyRatio"":2.419322,""spectralNoveltyMinBins"":28,""cooldownFrames"":4,""cooldownOverrideFactor"":5,""cooldownOverrideMinFlux"":0.023551,""cooldownOverrideMinBandRatio"":0.052905,""analyzeIntervalMs"":34}"
923,r001-0020-4a222fec,1,-999,4,0,23,9,145,"{""relativeReattackFactor"":3.157636,""relativeReattackMinDelta"":0.005237,""relativeFluxFactor"":2.400324,""spectralNoveltyRatio"":2.372813,""spectralNoveltyMinBins"":25,""cooldownFrames"":4,""cooldownOverrideFactor"":4.849365,""cooldownOverrideMinFlux"":0.015342,""cooldownOverrideMinBandRatio"":0.036187,""analyzeIntervalMs"":33}"
924,r001-0070-cd1c4b93,1,-1039,1,4,18,8,133,"{""relativeReattackFactor"":2.668633,""relativeReattackMinDelta"":0.004409,""relativeFluxFactor"":4.032745,""spectralNoveltyRatio"":4.997695,""spectralNoveltyMinBins"":37,""cooldownFrames"":4,""cooldownOverrideFactor"":2.342914,""cooldownOverrideMinFlux"":0.011314,""cooldownOverrideMinBandRatio"":0.036868,""analyzeIntervalMs"":30}"
925,r001-0019-1b8ce7b0,1,-1043,1,6,23,7,136,"{""relativeReattackFactor"":3.071829,""relativeReattackMinDelta"":0.013483,""relativeFluxFactor"":4.957022,""spectralNoveltyRatio"":3.158221,""spectralNoveltyMinBins"":38,""cooldownFrames"":2,""cooldownOverrideFactor"":4.613924,""cooldownOverrideMinFlux"":0.009107,""cooldownOverrideMinBandRatio"":0.051344,""analyzeIntervalMs"":34}"
926,r001-0014-089a321b,1,-1078,2,3,21,9,138,"{""relativeReattackFactor"":3.211537,""relativeReattackMinDelta"":0.022757,""relativeFluxFactor"":2.823355,""spectralNoveltyRatio"":5.322642,""spectralNoveltyMinBins"":27,""cooldownFrames"":3,""cooldownOverrideFactor"":4.6821,""cooldownOverrideMinFlux"":0.024972,""cooldownOverrideMinBandRatio"":0.045981,""analyzeIntervalMs"":27}"
927,r001-0073-c23f3784,1,-1127,2,1,25,9,145,"{""relativeReattackFactor"":2.097103,""relativeReattackMinDelta"":0.020589,""relativeFluxFactor"":2.143844,""spectralNoveltyRatio"":4.931184,""spectralNoveltyMinBins"":47,""cooldownFrames"":3,""cooldownOverrideFactor"":3.99445,""cooldownOverrideMinFlux"":0.01988,""cooldownOverrideMinBandRatio"":0.077324,""analyzeIntervalMs"":37}"
928,r001-0042-ddfa8a04,1,-1240,0,10,20,9,126,"{""relativeReattackFactor"":3.386506,""relativeReattackMinDelta"":0.02052,""relativeFluxFactor"":2.923258,""spectralNoveltyRatio"":5.816487,""spectralNoveltyMinBins"":43,""cooldownFrames"":5,""cooldownOverrideFactor"":1.928546,""cooldownOverrideMinFlux"":0.029558,""cooldownOverrideMinBandRatio"":0.061269,""analyzeIntervalMs"":25}"
929,r001-0002-2be96f28,1,-1296,2,1,24,11,149,"{""relativeReattackFactor"":3.117414,""relativeReattackMinDelta"":0.008005,""relativeFluxFactor"":3.038463,""spectralNoveltyRatio"":3.278112,""spectralNoveltyMinBins"":18,""cooldownFrames"":4,""cooldownOverrideFactor"":3.608694,""cooldownOverrideMinFlux"":0.028125,""cooldownOverrideMinBandRatio"":0.064169,""analyzeIntervalMs"":27}"
930,r001-0029-f72c586f,1,-1326,0,4,28,10,146,"{""relativeReattackFactor"":1.789965,""relativeReattackMinDelta"":0.014568,""relativeFluxFactor"":4.476437,""spectralNoveltyRatio"":3.53117,""spectralNoveltyMinBins"":20,""cooldownFrames"":4,""cooldownOverrideFactor"":3.370283,""cooldownOverrideMinFlux"":0.025512,""cooldownOverrideMinBandRatio"":0.035449,""analyzeIntervalMs"":40}"
931,r001-0005-6b13a1ee,1,-1378,2,2,26,11,149,"{""relativeReattackFactor"":1.770494,""relativeReattackMinDelta"":0.009304,""relativeFluxFactor"":2.571373,""spectralNoveltyRatio"":4.063927,""spectralNoveltyMinBins"":23,""cooldownFrames"":4,""cooldownOverrideFactor"":3.220502,""cooldownOverrideMinFlux"":0.016263,""cooldownOverrideMinBandRatio"":0.080152,""analyzeIntervalMs"":49}"
932,r001-0006-a628e1d0,1,-1497,3,0,32,12,160,"{""relativeReattackFactor"":3.182394,""relativeReattackMinDelta"":0.004918,""relativeFluxFactor"":1.974671,""spectralNoveltyRatio"":2.666506,""spectralNoveltyMinBins"":13,""cooldownFrames"":2,""cooldownOverrideFactor"":2.630577,""cooldownOverrideMinFlux"":0.012545,""cooldownOverrideMinBandRatio"":0.036022,""analyzeIntervalMs"":29}"
933,r001-0063-ef211f44,1,-1599,1,3,28,13,144,"{""relativeReattackFactor"":2.328069,""relativeReattackMinDelta"":0.014332,""relativeFluxFactor"":3.596089,""spectralNoveltyRatio"":2.375464,""spectralNoveltyMinBins"":46,""cooldownFrames"":3,""cooldownOverrideFactor"":3.990889,""cooldownOverrideMinFlux"":0.017695,""cooldownOverrideMinBandRatio"":0.066793,""analyzeIntervalMs"":30}"
934,r001-0037-b83b0b6c,1,-1719,1,7,28,14,138,"{""relativeReattackFactor"":2.320639,""relativeReattackMinDelta"":0.00541,""relativeFluxFactor"":2.2519,""spectralNoveltyRatio"":5.734271,""spectralNoveltyMinBins"":60,""cooldownFrames"":3,""cooldownOverrideFactor"":3.139941,""cooldownOverrideMinFlux"":0.016096,""cooldownOverrideMinBandRatio"":0.036632,""analyzeIntervalMs"":30}"
935,r001-0036-00839309,1,-1808,2,3,31,14,149,"{""relativeReattackFactor"":2.599202,""relativeReattackMinDelta"":0.014138,""relativeFluxFactor"":2.687172,""spectralNoveltyRatio"":2.264314,""spectralNoveltyMinBins"":38,""cooldownFrames"":5,""cooldownOverrideFactor"":2.2472,""cooldownOverrideMinFlux"":0.013027,""cooldownOverrideMinBandRatio"":0.061673,""analyzeIntervalMs"":26}"
936,r001-0065-3b901314,1,-1839,1,8,32,14,144,"{""relativeReattackFactor"":2.124341,""relativeReattackMinDelta"":0.013031,""relativeFluxFactor"":3.663272,""spectralNoveltyRatio"":3.102974,""spectralNoveltyMinBins"":60,""cooldownFrames"":2,""cooldownOverrideFactor"":1.94463,""cooldownOverrideMinFlux"":0.020806,""cooldownOverrideMinBandRatio"":0.048824,""analyzeIntervalMs"":44}"
937,r001-0057-99f1edae,1,-1868,1,6,29,15,140,"{""relativeReattackFactor"":2.197302,""relativeReattackMinDelta"":0.008767,""relativeFluxFactor"":2.923881,""spectralNoveltyRatio"":5.436815,""spectralNoveltyMinBins"":61,""cooldownFrames"":3,""cooldownOverrideFactor"":2.186929,""cooldownOverrideMinFlux"":0.015643,""cooldownOverrideMinBandRatio"":0.069846,""analyzeIntervalMs"":30}"
938,r001-0031-b8ff97ce,1,-1901,3,0,32,15,159,"{""relativeReattackFactor"":2.442484,""relativeReattackMinDelta"":0.006905,""relativeFluxFactor"":1.610492,""spectralNoveltyRatio"":3.627043,""spectralNoveltyMinBins"":19,""cooldownFrames"":4,""cooldownOverrideFactor"":1.927981,""cooldownOverrideMinFlux"":0.015321,""cooldownOverrideMinBandRatio"":0.02333,""analyzeIntervalMs"":36}"
939,r001-0045-29a9ea28,1,-1978,2,2,39,17,157,"{""relativeReattackFactor"":2.085678,""relativeReattackMinDelta"":0.004722,""relativeFluxFactor"":4.271262,""spectralNoveltyRatio"":1.943487,""spectralNoveltyMinBins"":39,""cooldownFrames"":3,""cooldownOverrideFactor"":2.482001,""cooldownOverrideMinFlux"":0.025065,""cooldownOverrideMinBandRatio"":0.063149,""analyzeIntervalMs"":29}"
940,r001-0052-d9e148df,1,-1995,1,2,36,16,155,"{""relativeReattackFactor"":1.795782,""relativeReattackMinDelta"":0.012775,""relativeFluxFactor"":3.107677,""spectralNoveltyRatio"":4.806551,""spectralNoveltyMinBins"":27,""cooldownFrames"":3,""cooldownOverrideFactor"":3.150978,""cooldownOverrideMinFlux"":0.019908,""cooldownOverrideMinBandRatio"":0.047996,""analyzeIntervalMs"":44}"
941,r001-0079-7ba13062,1,-2023,1,3,35,17,153,"{""relativeReattackFactor"":1.825132,""relativeReattackMinDelta"":0.005357,""relativeFluxFactor"":2.248623,""spectralNoveltyRatio"":5.515025,""spectralNoveltyMinBins"":62,""cooldownFrames"":3,""cooldownOverrideFactor"":2.363366,""cooldownOverrideMinFlux"":0.024674,""cooldownOverrideMinBandRatio"":0.032583,""analyzeIntervalMs"":38}"
942,r001-0018-1e6e8607,1,-2083,1,7,27,17,137,"{""relativeReattackFactor"":2.711206,""relativeReattackMinDelta"":0.01792,""relativeFluxFactor"":1.64471,""spectralNoveltyRatio"":5.404127,""spectralNoveltyMinBins"":59,""cooldownFrames"":2,""cooldownOverrideFactor"":2.785236,""cooldownOverrideMinFlux"":0.00446,""cooldownOverrideMinBandRatio"":0.053758,""analyzeIntervalMs"":27}"
943,r001-0056-7936aaf4,1,-2143,2,3,34,17,155,"{""relativeReattackFactor"":1.499962,""relativeReattackMinDelta"":0.021649,""relativeFluxFactor"":2.478397,""spectralNoveltyRatio"":5.042481,""spectralNoveltyMinBins"":11,""cooldownFrames"":5,""cooldownOverrideFactor"":3.168402,""cooldownOverrideMinFlux"":0.026288,""cooldownOverrideMinBandRatio"":0.021229,""analyzeIntervalMs"":48}"
944,r001-0024-46fc0bd7,1,-2329,2,4,35,20,152,"{""relativeReattackFactor"":2.349019,""relativeReattackMinDelta"":0.023814,""relativeFluxFactor"":2.187785,""spectralNoveltyRatio"":4.849397,""spectralNoveltyMinBins"":44,""cooldownFrames"":3,""cooldownOverrideFactor"":3.371038,""cooldownOverrideMinFlux"":0.025375,""cooldownOverrideMinBandRatio"":0.023502,""analyzeIntervalMs"":28}"
945,r001-0059-f1e2bf60,1,-2348,1,3,39,20,160,"{""relativeReattackFactor"":2.097181,""relativeReattackMinDelta"":0.022204,""relativeFluxFactor"":4.439784,""spectralNoveltyRatio"":2.45061,""spectralNoveltyMinBins"":23,""cooldownFrames"":2,""cooldownOverrideFactor"":4.878131,""cooldownOverrideMinFlux"":0.017002,""cooldownOverrideMinBandRatio"":0.078731,""analyzeIntervalMs"":32}"
946,r001-0015-88d53bde,1,-2409,2,6,36,20,148,"{""relativeReattackFactor"":2.727142,""relativeReattackMinDelta"":0.006346,""relativeFluxFactor"":2.450191,""spectralNoveltyRatio"":4.633122,""spectralNoveltyMinBins"":44,""cooldownFrames"":3,""cooldownOverrideFactor"":2.085346,""cooldownOverrideMinFlux"":0.019253,""cooldownOverrideMinBandRatio"":0.041985,""analyzeIntervalMs"":26}"
947,r001-0011-21e034d8,1,-2445,3,0,44,21,169,"{""relativeReattackFactor"":1.555344,""relativeReattackMinDelta"":0.004651,""relativeFluxFactor"":3.148571,""spectralNoveltyRatio"":4.476611,""spectralNoveltyMinBins"":38,""cooldownFrames"":4,""cooldownOverrideFactor"":2.97897,""cooldownOverrideMinFlux"":0.022233,""cooldownOverrideMinBandRatio"":0.052488,""analyzeIntervalMs"":35}"
948,r001-0001-fbff26ad,1,-2494,1,3,39,20,156,"{""relativeReattackFactor"":1.879471,""relativeReattackMinDelta"":0.00799,""relativeFluxFactor"":4.317699,""spectralNoveltyRatio"":4.39687,""spectralNoveltyMinBins"":31,""cooldownFrames"":3,""cooldownOverrideFactor"":3.485,""cooldownOverrideMinFlux"":0.018263,""cooldownOverrideMinBandRatio"":0.05808,""analyzeIntervalMs"":39}"
949,r001-0058-8a93da6e,1,-2830,3,0,44,24,171,"{""relativeReattackFactor"":2.116928,""relativeReattackMinDelta"":0.009548,""relativeFluxFactor"":1.408236,""spectralNoveltyRatio"":4.494096,""spectralNoveltyMinBins"":25,""cooldownFrames"":2,""cooldownOverrideFactor"":3.467799,""cooldownOverrideMinFlux"":0.007667,""cooldownOverrideMinBandRatio"":0.044225,""analyzeIntervalMs"":36}"
950,r001-0078-86812273,1,-3103,3,0,45,26,174,"{""relativeReattackFactor"":2.166739,""relativeReattackMinDelta"":0.020054,""relativeFluxFactor"":1.675776,""spectralNoveltyRatio"":5.203687,""spectralNoveltyMinBins"":11,""cooldownFrames"":5,""cooldownOverrideFactor"":1.986734,""cooldownOverrideMinFlux"":0.005077,""cooldownOverrideMinBandRatio"":0.058636,""analyzeIntervalMs"":30}"
951,r001-0027-d1888eb4,1,-3184,1,1,53,27,177,"{""relativeReattackFactor"":1.450821,""relativeReattackMinDelta"":0.015757,""relativeFluxFactor"":3.606377,""spectralNoveltyRatio"":3.435036,""spectralNoveltyMinBins"":23,""cooldownFrames"":3,""cooldownOverrideFactor"":2.654755,""cooldownOverrideMinFlux"":0.020166,""cooldownOverrideMinBandRatio"":0.030897,""analyzeIntervalMs"":45}"
952,r001-0051-064f8fc8,1,-3198,2,1,42,27,166,"{""relativeReattackFactor"":2.301958,""relativeReattackMinDelta"":0.013148,""relativeFluxFactor"":3.951067,""spectralNoveltyRatio"":2.768843,""spectralNoveltyMinBins"":15,""cooldownFrames"":4,""cooldownOverrideFactor"":4.581414,""cooldownOverrideMinFlux"":0.02793,""cooldownOverrideMinBandRatio"":0.06907,""analyzeIntervalMs"":27}"
953,r001-0009-ca07a13e,1,-3294,1,7,40,27,150,"{""relativeReattackFactor"":2.215532,""relativeReattackMinDelta"":0.01231,""relativeFluxFactor"":4.199114,""spectralNoveltyRatio"":5.259039,""spectralNoveltyMinBins"":62,""cooldownFrames"":4,""cooldownOverrideFactor"":3.664264,""cooldownOverrideMinFlux"":0.016617,""cooldownOverrideMinBandRatio"":0.044214,""analyzeIntervalMs"":25}"
954,r001-0041-52a560fe,1,-3454,1,2,53,29,174,"{""relativeReattackFactor"":1.705372,""relativeReattackMinDelta"":0.017638,""relativeFluxFactor"":4.842997,""spectralNoveltyRatio"":1.868635,""spectralNoveltyMinBins"":41,""cooldownFrames"":3,""cooldownOverrideFactor"":4.169823,""cooldownOverrideMinFlux"":0.024773,""cooldownOverrideMinBandRatio"":0.041041,""analyzeIntervalMs"":32}"
955,r001-0048-75df261e,1,-3675,1,1,51,32,172,"{""relativeReattackFactor"":1.493393,""relativeReattackMinDelta"":0.005012,""relativeFluxFactor"":3.420998,""spectralNoveltyRatio"":2.375444,""spectralNoveltyMinBins"":60,""cooldownFrames"":3,""cooldownOverrideFactor"":2.835812,""cooldownOverrideMinFlux"":0.02561,""cooldownOverrideMinBandRatio"":0.073197,""analyzeIntervalMs"":40}"
956,r001-0038-b3fb998a,1,-3697,1,3,48,30,164,"{""relativeReattackFactor"":2.290104,""relativeReattackMinDelta"":0.010565,""relativeFluxFactor"":3.924291,""spectralNoveltyRatio"":2.582831,""spectralNoveltyMinBins"":40,""cooldownFrames"":3,""cooldownOverrideFactor"":3.736393,""cooldownOverrideMinFlux"":0.015602,""cooldownOverrideMinBandRatio"":0.080429,""analyzeIntervalMs"":25}"
957,r001-0033-c8842f3c,1,-3910,1,1,57,33,178,"{""relativeReattackFactor"":1.834016,""relativeReattackMinDelta"":0.021582,""relativeFluxFactor"":2.882713,""spectralNoveltyRatio"":3.322021,""spectralNoveltyMinBins"":54,""cooldownFrames"":3,""cooldownOverrideFactor"":2.89277,""cooldownOverrideMinFlux"":0.004425,""cooldownOverrideMinBandRatio"":0.04204,""analyzeIntervalMs"":26}"
958,r001-0080-311ab2d2,1,-5793,2,0,75,49,204,"{""relativeReattackFactor"":1.580357,""relativeReattackMinDelta"":0.013639,""relativeFluxFactor"":3.224797,""spectralNoveltyRatio"":4.658324,""spectralNoveltyMinBins"":8,""cooldownFrames"":4,""cooldownOverrideFactor"":3.792751,""cooldownOverrideMinFlux"":0.008206,""cooldownOverrideMinBandRatio"":0.084576,""analyzeIntervalMs"":33}"
959,r001-0004-7df84684,1,-6746,2,0,91,57,221,"{""relativeReattackFactor"":1.87421,""relativeReattackMinDelta"":0.019634,""relativeFluxFactor"":2.123425,""spectralNoveltyRatio"":5.112037,""spectralNoveltyMinBins"":8,""cooldownFrames"":4,""cooldownOverrideFactor"":3.195192,""cooldownOverrideMinFlux"":0.01406,""cooldownOverrideMinBandRatio"":0.039115,""analyzeIntervalMs"":25}"
960,r001-0044-9ce41f72,1,-7446,2,0,99,62,234,"{""relativeReattackFactor"":1.927328,""relativeReattackMinDelta"":0.01879,""relativeFluxFactor"":1.479266,""spectralNoveltyRatio"":2.557517,""spectralNoveltyMinBins"":8,""cooldownFrames"":4,""cooldownOverrideFactor"":3.051583,""cooldownOverrideMinFlux"":0.00872,""cooldownOverrideMinBandRatio"":0.078739,""analyzeIntervalMs"":25}"
