rank,id,round,score,exact,under,over,extremeUnder,extremeOver,totalOnsets,parameters
1,r004-0075-3f8713c6,4,176,5,3,1,1,0,128,"{""relativeReattackFactor"":2.964114,""relativeReattackMinDelta"":0.013153,""relativeFluxFactor"":1.4,""spectralNoveltyRatio"":2.674556,""spectralNoveltyMinBins"":40,""cooldownFrames"":5,""cooldownOverrideFactor"":3.016468,""cooldownOverrideMinFlux"":0.025748,""cooldownOverrideMinBandRatio"":0.066151,""analyzeIntervalMs"":41}"
2,r005-0030-de0a0c60,5,176,5,3,1,1,0,128,"{""relativeReattackFactor"":2.901453,""relativeReattackMinDelta"":0.014361,""relativeFluxFactor"":1.4,""spectralNoveltyRatio"":2.586976,""spectralNoveltyMinBins"":40,""cooldownFrames"":5,""cooldownOverrideFactor"":2.470103,""cooldownOverrideMinFlux"":0.03,""cooldownOverrideMinBandRatio"":0.04916,""analyzeIntervalMs"":41}"
3,r007-0004-d698f908,7,176,5,3,1,1,0,128,"{""relativeReattackFactor"":2.934985,""relativeReattackMinDelta"":0.013994,""relativeFluxFactor"":1.4,""spectralNoveltyRatio"":2.743932,""spectralNoveltyMinBins"":40,""cooldownFrames"":5,""cooldownOverrideFactor"":2.581232,""cooldownOverrideMinFlux"":0.029334,""cooldownOverrideMinBandRatio"":0.051468,""analyzeIntervalMs"":41}"
4,r007-0036-666abdbb,7,176,5,3,1,1,0,128,"{""relativeReattackFactor"":3.0682,""relativeReattackMinDelta"":0.012453,""relativeFluxFactor"":1.4,""spectralNoveltyRatio"":2.592211,""spectralNoveltyMinBins"":40,""cooldownFrames"":5,""cooldownOverrideFactor"":3.073779,""cooldownOverrideMinFlux"":0.025063,""cooldownOverrideMinBandRatio"":0.065897,""analyzeIntervalMs"":41}"
5,r007-0056-ffa44464,7,176,5,3,1,1,0,128,"{""relativeReattackFactor"":2.937954,""relativeReattackMinDelta"":0.01224,""relativeFluxFactor"":1.4,""spectralNoveltyRatio"":2.567752,""spectralNoveltyMinBins"":40,""cooldownFrames"":5,""cooldownOverrideFactor"":2.860135,""cooldownOverrideMinFlux"":0.026055,""cooldownOverrideMinBandRatio"":0.069161,""analyzeIntervalMs"":41}"
6,r007-0059-56acdca8,7,176,5,3,1,1,0,128,"{""relativeReattackFactor"":2.920487,""relativeReattackMinDelta"":0.013619,""relativeFluxFactor"":1.4,""spectralNoveltyRatio"":2.481932,""spectralNoveltyMinBins"":40,""cooldownFrames"":5,""cooldownOverrideFactor"":2.339598,""cooldownOverrideMinFlux"":0.03,""cooldownOverrideMinBandRatio"":0.047228,""analyzeIntervalMs"":41}"
7,r008-0009-1f16c706,8,176,5,3,1,1,0,127,"{""relativeReattackFactor"":3.09924,""relativeReattackMinDelta"":0.012776,""relativeFluxFactor"":1.4,""spectralNoveltyRatio"":2.479181,""spectralNoveltyMinBins"":40,""cooldownFrames"":5,""cooldownOverrideFactor"":3.203714,""cooldownOverrideMinFlux"":0.024318,""cooldownOverrideMinBandRatio"":0.064417,""analyzeIntervalMs"":41}"
8,r008-0042-6f7f9278,8,176,5,3,1,1,0,128,"{""relativeReattackFactor"":2.926857,""relativeReattackMinDelta"":0.013738,""relativeFluxFactor"":1.4,""spectralNoveltyRatio"":2.632956,""spectralNoveltyMinBins"":40,""cooldownFrames"":5,""cooldownOverrideFactor"":2.574184,""cooldownOverrideMinFlux"":0.03,""cooldownOverrideMinBandRatio"":0.048352,""analyzeIntervalMs"":41}"
9,r009-0059-ea83a45c,9,176,5,3,1,1,0,128,"{""relativeReattackFactor"":3.038617,""relativeReattackMinDelta"":0.011833,""relativeFluxFactor"":1.409018,""spectralNoveltyRatio"":2.717115,""spectralNoveltyMinBins"":40,""cooldownFrames"":5,""cooldownOverrideFactor"":2.997613,""cooldownOverrideMinFlux"":0.024327,""cooldownOverrideMinBandRatio"":0.063888,""analyzeIntervalMs"":41}"
10,r005-0061-ca2e1f07,5,174,5,3,2,1,0,129,"{""relativeReattackFactor"":2.838488,""relativeReattackMinDelta"":0.01244,""relativeFluxFactor"":1.4,""spectralNoveltyRatio"":2.667707,""spectralNoveltyMinBins"":40,""cooldownFrames"":5,""cooldownOverrideFactor"":2.883562,""cooldownOverrideMinFlux"":0.025286,""cooldownOverrideMinBandRatio"":0.066539,""analyzeIntervalMs"":41}"
11,r006-0067-e47cc4b7,6,174,5,3,2,1,0,129,"{""relativeReattackFactor"":2.847575,""relativeReattackMinDelta"":0.013442,""relativeFluxFactor"":1.4,""spectralNoveltyRatio"":2.600855,""spectralNoveltyMinBins"":40,""cooldownFrames"":5,""cooldownOverrideFactor"":2.425287,""cooldownOverrideMinFlux"":0.03,""cooldownOverrideMinBandRatio"":0.04943,""analyzeIntervalMs"":41}"
12,r006-0073-13938f22,6,174,5,3,2,1,0,129,"{""relativeReattackFactor"":2.716462,""relativeReattackMinDelta"":0.012319,""relativeFluxFactor"":1.4,""spectralNoveltyRatio"":2.633431,""spectralNoveltyMinBins"":40,""cooldownFrames"":5,""cooldownOverrideFactor"":2.7882,""cooldownOverrideMinFlux"":0.0243,""cooldownOverrideMinBandRatio"":0.068433,""analyzeIntervalMs"":41}"
13,r007-0044-c8375096,7,174,5,3,2,1,0,129,"{""relativeReattackFactor"":2.77317,""relativeReattackMinDelta"":0.012783,""relativeFluxFactor"":1.4,""spectralNoveltyRatio"":2.588773,""spectralNoveltyMinBins"":40,""cooldownFrames"":5,""cooldownOverrideFactor"":2.469346,""cooldownOverrideMinFlux"":0.029067,""cooldownOverrideMinBandRatio"":0.047542,""analyzeIntervalMs"":41}"
14,r008-0072-aefab9a6,8,174,5,3,2,1,0,129,"{""relativeReattackFactor"":2.868211,""relativeReattackMinDelta"":0.01427,""relativeFluxFactor"":1.4,""spectralNoveltyRatio"":2.6266,""spectralNoveltyMinBins"":40,""cooldownFrames"":5,""cooldownOverrideFactor"":2.412923,""cooldownOverrideMinFlux"":0.03,""cooldownOverrideMinBandRatio"":0.049933,""analyzeIntervalMs"":41}"
15,r009-0012-5d7e3651,9,174,5,3,2,1,0,129,"{""relativeReattackFactor"":2.838165,""relativeReattackMinDelta"":0.014975,""relativeFluxFactor"":1.409594,""spectralNoveltyRatio"":2.540731,""spectralNoveltyMinBins"":40,""cooldownFrames"":5,""cooldownOverrideFactor"":2.374967,""cooldownOverrideMinFlux"":0.029228,""cooldownOverrideMinBandRatio"":0.049511,""analyzeIntervalMs"":41}"
16,r007-0046-99e79281,7,118,5,4,1,2,0,125,"{""relativeReattackFactor"":3.005154,""relativeReattackMinDelta"":0.012947,""relativeFluxFactor"":1.4,""spectralNoveltyRatio"":2.48634,""spectralNoveltyMinBins"":41,""cooldownFrames"":5,""cooldownOverrideFactor"":3.05694,""cooldownOverrideMinFlux"":0.026458,""cooldownOverrideMinBandRatio"":0.069502,""analyzeIntervalMs"":41}"
17,r009-0044-acd44abe,9,118,5,4,1,2,0,125,"{""relativeReattackFactor"":3.061341,""relativeReattackMinDelta"":0.012384,""relativeFluxFactor"":1.4,""spectralNoveltyRatio"":2.474688,""spectralNoveltyMinBins"":41,""cooldownFrames"":5,""cooldownOverrideFactor"":3.192094,""cooldownOverrideMinFlux"":0.025271,""cooldownOverrideMinBandRatio"":0.064834,""analyzeIntervalMs"":41}"
18,r007-0014-45bc4052,7,116,5,4,2,2,0,126,"{""relativeReattackFactor"":2.764436,""relativeReattackMinDelta"":0.012395,""relativeFluxFactor"":1.4,""spectralNoveltyRatio"":2.480846,""spectralNoveltyMinBins"":41,""cooldownFrames"":5,""cooldownOverrideFactor"":2.441819,""cooldownOverrideMinFlux"":0.03,""cooldownOverrideMinBandRatio"":0.050765,""analyzeIntervalMs"":41}"
19,r007-0017-3174fbf7,7,104,4,3,2,1,0,129,"{""relativeReattackFactor"":2.931411,""relativeReattackMinDelta"":0.015028,""relativeFluxFactor"":1.4,""spectralNoveltyRatio"":2.392675,""spectralNoveltyMinBins"":40,""cooldownFrames"":5,""cooldownOverrideFactor"":2.613249,""cooldownOverrideMinFlux"":0.03,""cooldownOverrideMinBandRatio"":0.046693,""analyzeIntervalMs"":41}"
20,r007-0063-5b51c413,7,104,4,3,2,1,0,128,"{""relativeReattackFactor"":2.947258,""relativeReattackMinDelta"":0.013293,""relativeFluxFactor"":1.422322,""spectralNoveltyRatio"":2.828106,""spectralNoveltyMinBins"":39,""cooldownFrames"":5,""cooldownOverrideFactor"":2.730377,""cooldownOverrideMinFlux"":0.024109,""cooldownOverrideMinBandRatio"":0.06384,""analyzeIntervalMs"":41}"
21,r008-0014-fcb17705,8,104,4,3,2,1,0,128,"{""relativeReattackFactor"":3.133252,""relativeReattackMinDelta"":0.012488,""relativeFluxFactor"":1.4,""spectralNoveltyRatio"":2.422345,""spectralNoveltyMinBins"":40,""cooldownFrames"":5,""cooldownOverrideFactor"":2.93796,""cooldownOverrideMinFlux"":0.023931,""cooldownOverrideMinBandRatio"":0.064483,""analyzeIntervalMs"":41}"
22,r008-0019-6e4735bc,8,104,4,3,2,1,0,128,"{""relativeReattackFactor"":3.152495,""relativeReattackMinDelta"":0.011713,""relativeFluxFactor"":1.4,""spectralNoveltyRatio"":2.518565,""spectralNoveltyMinBins"":38,""cooldownFrames"":5,""cooldownOverrideFactor"":3.142712,""cooldownOverrideMinFlux"":0.02537,""cooldownOverrideMinBandRatio"":0.068109,""analyzeIntervalMs"":41}"
23,r008-0059-033a2cd2,8,104,4,3,2,1,0,128,"{""relativeReattackFactor"":3.132907,""relativeReattackMinDelta"":0.012087,""relativeFluxFactor"":1.4,""spectralNoveltyRatio"":2.709777,""spectralNoveltyMinBins"":39,""cooldownFrames"":5,""cooldownOverrideFactor"":2.998674,""cooldownOverrideMinFlux"":0.024927,""cooldownOverrideMinBandRatio"":0.065503,""analyzeIntervalMs"":41}"
24,r009-0001-8361df4b,9,104,4,3,2,1,0,128,"{""relativeReattackFactor"":2.998382,""relativeReattackMinDelta"":0.012957,""relativeFluxFactor"":1.4,""spectralNoveltyRatio"":2.806117,""spectralNoveltyMinBins"":39,""cooldownFrames"":5,""cooldownOverrideFactor"":3.139818,""cooldownOverrideMinFlux"":0.026703,""cooldownOverrideMinBandRatio"":0.066428,""analyzeIntervalMs"":41}"
25,r009-0073-3de59fb1,9,104,4,3,2,1,0,129,"{""relativeReattackFactor"":2.970897,""relativeReattackMinDelta"":0.013608,""relativeFluxFactor"":1.418369,""spectralNoveltyRatio"":2.586938,""spectralNoveltyMinBins"":39,""cooldownFrames"":5,""cooldownOverrideFactor"":2.704574,""cooldownOverrideMinFlux"":0.02945,""cooldownOverrideMinBandRatio"":0.052528,""analyzeIntervalMs"":41}"
26,r006-0038-3378e31a,6,102,4,3,3,1,0,129,"{""relativeReattackFactor"":2.734567,""relativeReattackMinDelta"":0.012483,""relativeFluxFactor"":1.4,""spectralNoveltyRatio"":2.808748,""spectralNoveltyMinBins"":39,""cooldownFrames"":5,""cooldownOverrideFactor"":2.816555,""cooldownOverrideMinFlux"":0.025175,""cooldownOverrideMinBandRatio"":0.067299,""analyzeIntervalMs"":41}"
27,r006-0041-dbca09d9,6,102,4,3,3,1,0,130,"{""relativeReattackFactor"":2.824869,""relativeReattackMinDelta"":0.013612,""relativeFluxFactor"":1.4,""spectralNoveltyRatio"":2.558724,""spectralNoveltyMinBins"":39,""cooldownFrames"":5,""cooldownOverrideFactor"":3.071668,""cooldownOverrideMinFlux"":0.026346,""cooldownOverrideMinBandRatio"":0.063153,""analyzeIntervalMs"":41}"
28,r007-0062-35e3136b,7,102,4,3,3,1,0,130,"{""relativeReattackFactor"":2.881384,""relativeReattackMinDelta"":0.013785,""relativeFluxFactor"":1.407604,""spectralNoveltyRatio"":2.607924,""spectralNoveltyMinBins"":39,""cooldownFrames"":5,""cooldownOverrideFactor"":2.506357,""cooldownOverrideMinFlux"":0.028899,""cooldownOverrideMinBandRatio"":0.051462,""analyzeIntervalMs"":41}"
29,r008-0045-1788cf6c,8,102,4,3,3,1,0,130,"{""relativeReattackFactor"":2.852096,""relativeReattackMinDelta"":0.012195,""relativeFluxFactor"":1.4,""spectralNoveltyRatio"":2.562706,""spectralNoveltyMinBins"":39,""cooldownFrames"":5,""cooldownOverrideFactor"":2.774012,""cooldownOverrideMinFlux"":0.026703,""cooldownOverrideMinBandRatio"":0.066627,""analyzeIntervalMs"":41}"
30,r003-0016-5df1315e,3,98,3,2,5,0,0,133,"{""relativeReattackFactor"":2.757637,""relativeReattackMinDelta"":0.009903,""relativeFluxFactor"":1.4,""spectralNoveltyRatio"":3.693078,""spectralNoveltyMinBins"":33,""cooldownFrames"":5,""cooldownOverrideFactor"":3.032529,""cooldownOverrideMinFlux"":0.025394,""cooldownOverrideMinBandRatio"":0.057377,""analyzeIntervalMs"":41}"
31,r004-0018-80c3b1d4,4,98,3,2,5,0,0,133,"{""relativeReattackFactor"":2.811764,""relativeReattackMinDelta"":0.014077,""relativeFluxFactor"":1.4,""spectralNoveltyRatio"":3.394957,""spectralNoveltyMinBins"":34,""cooldownFrames"":5,""cooldownOverrideFactor"":3.034475,""cooldownOverrideMinFlux"":0.023566,""cooldownOverrideMinBandRatio"":0.05189,""analyzeIntervalMs"":41}"
32,r005-0013-d939c063,5,98,3,2,5,0,0,133,"{""relativeReattackFactor"":2.685592,""relativeReattackMinDelta"":0.013469,""relativeFluxFactor"":1.4,""spectralNoveltyRatio"":3.129665,""spectralNoveltyMinBins"":35,""cooldownFrames"":5,""cooldownOverrideFactor"":3.143796,""cooldownOverrideMinFlux"":0.022271,""cooldownOverrideMinBandRatio"":0.047906,""analyzeIntervalMs"":41}"
33,r007-0038-ea7758d3,7,96,4,3,3,1,0,130,"{""relativeReattackFactor"":2.917336,""relativeReattackMinDelta"":0.011989,""relativeFluxFactor"":1.4,""spectralNoveltyRatio"":2.688115,""spectralNoveltyMinBins"":37,""cooldownFrames"":5,""cooldownOverrideFactor"":2.95356,""cooldownOverrideMinFlux"":0.026565,""cooldownOverrideMinBandRatio"":0.0678,""analyzeIntervalMs"":41}"
34,r008-0006-1dd952b5,8,96,4,3,3,1,0,130,"{""relativeReattackFactor"":2.994779,""relativeReattackMinDelta"":0.012239,""relativeFluxFactor"":1.4,""spectralNoveltyRatio"":2.822749,""spectralNoveltyMinBins"":38,""cooldownFrames"":5,""cooldownOverrideFactor"":2.964832,""cooldownOverrideMinFlux"":0.025993,""cooldownOverrideMinBandRatio"":0.063139,""analyzeIntervalMs"":41}"
35,r008-0010-6715365d,8,96,4,3,3,1,0,130,"{""relativeReattackFactor"":2.90402,""relativeReattackMinDelta"":0.012548,""relativeFluxFactor"":1.4,""spectralNoveltyRatio"":2.614114,""spectralNoveltyMinBins"":38,""cooldownFrames"":5,""cooldownOverrideFactor"":2.76648,""cooldownOverrideMinFlux"":0.025041,""cooldownOverrideMinBandRatio"":0.067341,""analyzeIntervalMs"":41}"
36,r008-0011-2e028a62,8,96,4,3,3,1,0,130,"{""relativeReattackFactor"":2.991241,""relativeReattackMinDelta"":0.013404,""relativeFluxFactor"":1.4,""spectralNoveltyRatio"":2.518114,""spectralNoveltyMinBins"":38,""cooldownFrames"":5,""cooldownOverrideFactor"":2.924162,""cooldownOverrideMinFlux"":0.026837,""cooldownOverrideMinBandRatio"":0.067349,""analyzeIntervalMs"":41}"
37,r008-0029-26d9e498,8,96,4,3,3,1,0,129,"{""relativeReattackFactor"":3.100068,""relativeReattackMinDelta"":0.011868,""relativeFluxFactor"":1.4,""spectralNoveltyRatio"":2.448405,""spectralNoveltyMinBins"":38,""cooldownFrames"":5,""cooldownOverrideFactor"":3.025875,""cooldownOverrideMinFlux"":0.024471,""cooldownOverrideMinBandRatio"":0.068404,""analyzeIntervalMs"":41}"
38,r008-0047-ac5f0600,8,96,4,3,3,1,0,130,"{""relativeReattackFactor"":2.958453,""relativeReattackMinDelta"":0.0148,""relativeFluxFactor"":1.419612,""spectralNoveltyRatio"":2.689386,""spectralNoveltyMinBins"":38,""cooldownFrames"":5,""cooldownOverrideFactor"":2.411552,""cooldownOverrideMinFlux"":0.03,""cooldownOverrideMinBandRatio"":0.046109,""analyzeIntervalMs"":41}"
39,r008-0051-6d845aeb,8,96,4,3,3,1,0,130,"{""relativeReattackFactor"":3.022203,""relativeReattackMinDelta"":0.012451,""relativeFluxFactor"":1.4,""spectralNoveltyRatio"":2.79076,""spectralNoveltyMinBins"":38,""cooldownFrames"":5,""cooldownOverrideFactor"":3.126601,""cooldownOverrideMinFlux"":0.025574,""cooldownOverrideMinBandRatio"":0.0646,""analyzeIntervalMs"":41}"
40,r008-0073-3fe5e718,8,96,4,3,3,1,0,130,"{""relativeReattackFactor"":2.965537,""relativeReattackMinDelta"":0.014397,""relativeFluxFactor"":1.4,""spectralNoveltyRatio"":2.84742,""spectralNoveltyMinBins"":38,""cooldownFrames"":5,""cooldownOverrideFactor"":2.496381,""cooldownOverrideMinFlux"":0.028432,""cooldownOverrideMinBandRatio"":0.050774,""analyzeIntervalMs"":41}"
41,r008-0075-866757a1,8,96,4,3,3,1,0,130,"{""relativeReattackFactor"":3.043562,""relativeReattackMinDelta"":0.012823,""relativeFluxFactor"":1.4,""spectralNoveltyRatio"":2.649467,""spectralNoveltyMinBins"":38,""cooldownFrames"":5,""cooldownOverrideFactor"":2.800172,""cooldownOverrideMinFlux"":0.026728,""cooldownOverrideMinBandRatio"":0.071093,""analyzeIntervalMs"":41}"
42,r008-0079-cf3f3836,8,96,4,3,3,1,0,129,"{""relativeReattackFactor"":3.11013,""relativeReattackMinDelta"":0.012054,""relativeFluxFactor"":1.4,""spectralNoveltyRatio"":2.420457,""spectralNoveltyMinBins"":38,""cooldownFrames"":5,""cooldownOverrideFactor"":3.1207,""cooldownOverrideMinFlux"":0.024521,""cooldownOverrideMinBandRatio"":0.065763,""analyzeIntervalMs"":41}"
43,r008-0007-19b5c88c,8,94,4,3,4,1,0,131,"{""relativeReattackFactor"":2.830761,""relativeReattackMinDelta"":0.013938,""relativeFluxFactor"":1.4,""spectralNoveltyRatio"":2.61464,""spectralNoveltyMinBins"":38,""cooldownFrames"":5,""cooldownOverrideFactor"":2.390599,""cooldownOverrideMinFlux"":0.03,""cooldownOverrideMinBandRatio"":0.046504,""analyzeIntervalMs"":41}"
44,r008-0040-acc168a8,8,94,4,3,4,1,0,131,"{""relativeReattackFactor"":2.86457,""relativeReattackMinDelta"":0.012689,""relativeFluxFactor"":1.401852,""spectralNoveltyRatio"":2.472296,""spectralNoveltyMinBins"":38,""cooldownFrames"":5,""cooldownOverrideFactor"":2.834977,""cooldownOverrideMinFlux"":0.025026,""cooldownOverrideMinBandRatio"":0.068088,""analyzeIntervalMs"":41}"
45,r008-0068-f2d90aec,8,94,4,3,4,1,0,131,"{""relativeReattackFactor"":2.87108,""relativeReattackMinDelta"":0.01469,""relativeFluxFactor"":1.4,""spectralNoveltyRatio"":2.760406,""spectralNoveltyMinBins"":38,""cooldownFrames"":5,""cooldownOverrideFactor"":2.609325,""cooldownOverrideMinFlux"":0.02867,""cooldownOverrideMinBandRatio"":0.049021,""analyzeIntervalMs"":41}"
46,r009-0027-a9546a0b,9,94,4,3,4,1,0,131,"{""relativeReattackFactor"":2.862612,""relativeReattackMinDelta"":0.013969,""relativeFluxFactor"":1.4,""spectralNoveltyRatio"":2.481857,""spectralNoveltyMinBins"":38,""cooldownFrames"":5,""cooldownOverrideFactor"":2.378946,""cooldownOverrideMinFlux"":0.029996,""cooldownOverrideMinBandRatio"":0.048369,""analyzeIntervalMs"":41}"
47,r009-0037-3d557c7e,9,94,4,3,4,1,0,131,"{""relativeReattackFactor"":2.833273,""relativeReattackMinDelta"":0.015055,""relativeFluxFactor"":1.4,""spectralNoveltyRatio"":2.432893,""spectralNoveltyMinBins"":39,""cooldownFrames"":5,""cooldownOverrideFactor"":2.507659,""cooldownOverrideMinFlux"":0.03,""cooldownOverrideMinBandRatio"":0.046644,""analyzeIntervalMs"":41}"
48,r007-0049-155e13a0,7,89,5,4,1,2,0,127,"{""relativeReattackFactor"":2.885371,""relativeReattackMinDelta"":0.014168,""relativeFluxFactor"":1.450176,""spectralNoveltyRatio"":2.500441,""spectralNoveltyMinBins"":40,""cooldownFrames"":5,""cooldownOverrideFactor"":2.493395,""cooldownOverrideMinFlux"":0.02975,""cooldownOverrideMinBandRatio"":0.049932,""analyzeIntervalMs"":41}"
49,r007-0077-69fb833c,7,89,5,4,1,2,0,127,"{""relativeReattackFactor"":2.975017,""relativeReattackMinDelta"":0.014213,""relativeFluxFactor"":1.424887,""spectralNoveltyRatio"":2.602876,""spectralNoveltyMinBins"":40,""cooldownFrames"":5,""cooldownOverrideFactor"":2.456982,""cooldownOverrideMinFlux"":0.029789,""cooldownOverrideMinBandRatio"":0.049,""analyzeIntervalMs"":41}"
50,r009-0039-47dac92d,9,89,5,4,1,2,0,123,"{""relativeReattackFactor"":3.160897,""relativeReattackMinDelta"":0.01165,""relativeFluxFactor"":1.48085,""spectralNoveltyRatio"":2.418087,""spectralNoveltyMinBins"":41,""cooldownFrames"":5,""cooldownOverrideFactor"":2.97962,""cooldownOverrideMinFlux"":0.024836,""cooldownOverrideMinBandRatio"":0.063568,""analyzeIntervalMs"":41}"
51,r007-0050-20debe97,7,87,5,4,2,2,0,128,"{""relativeReattackFactor"":2.784194,""relativeReattackMinDelta"":0.012912,""relativeFluxFactor"":1.475531,""spectralNoveltyRatio"":2.47813,""spectralNoveltyMinBins"":40,""cooldownFrames"":5,""cooldownOverrideFactor"":2.930296,""cooldownOverrideMinFlux"":0.024249,""cooldownOverrideMinBandRatio"":0.067721,""analyzeIntervalMs"":41}"
52,r004-0001-da4a1d2c,4,84,4,1,7,0,2,139,"{""relativeReattackFactor"":2.696021,""relativeReattackMinDelta"":0.008113,""relativeFluxFactor"":1.4,""spectralNoveltyRatio"":3.445891,""spectralNoveltyMinBins"":30,""cooldownFrames"":5,""cooldownOverrideFactor"":3.255567,""cooldownOverrideMinFlux"":0.025568,""cooldownOverrideMinBandRatio"":0.05842,""analyzeIntervalMs"":41}"
53,r005-0008-740de24c,5,84,4,1,7,0,2,136,"{""relativeReattackFactor"":2.79455,""relativeReattackMinDelta"":0.014638,""relativeFluxFactor"":1.4,""spectralNoveltyRatio"":3.517719,""spectralNoveltyMinBins"":31,""cooldownFrames"":5,""cooldownOverrideFactor"":2.862823,""cooldownOverrideMinFlux"":0.024756,""cooldownOverrideMinBandRatio"":0.04918,""analyzeIntervalMs"":41}"
54,r005-0069-5ee135a0,5,84,4,1,7,0,2,138,"{""relativeReattackFactor"":2.870226,""relativeReattackMinDelta"":0.008648,""relativeFluxFactor"":1.4,""spectralNoveltyRatio"":3.232915,""spectralNoveltyMinBins"":31,""cooldownFrames"":5,""cooldownOverrideFactor"":3.045114,""cooldownOverrideMinFlux"":0.025633,""cooldownOverrideMinBandRatio"":0.061165,""analyzeIntervalMs"":41}"
55,r005-0073-7cf0f6c6,5,84,4,1,7,0,2,138,"{""relativeReattackFactor"":2.753767,""relativeReattackMinDelta"":0.013772,""relativeFluxFactor"":1.4,""spectralNoveltyRatio"":3.081323,""spectralNoveltyMinBins"":32,""cooldownFrames"":5,""cooldownOverrideFactor"":3.156051,""cooldownOverrideMinFlux"":0.024198,""cooldownOverrideMinBandRatio"":0.054006,""analyzeIntervalMs"":41}"
56,r006-0045-88c26563,6,84,4,1,7,0,2,136,"{""relativeReattackFactor"":2.721012,""relativeReattackMinDelta"":0.014194,""relativeFluxFactor"":1.4,""spectralNoveltyRatio"":3.453559,""spectralNoveltyMinBins"":31,""cooldownFrames"":5,""cooldownOverrideFactor"":2.873599,""cooldownOverrideMinFlux"":0.022853,""cooldownOverrideMinBandRatio"":0.048398,""analyzeIntervalMs"":41}"
57,r006-0005-0c8f1503,6,71,3,2,6,0,1,134,"{""relativeReattackFactor"":2.706705,""relativeReattackMinDelta"":0.013961,""relativeFluxFactor"":1.4,""spectralNoveltyRatio"":3.589028,""spectralNoveltyMinBins"":32,""cooldownFrames"":5,""cooldownOverrideFactor"":3.174847,""cooldownOverrideMinFlux"":0.024559,""cooldownOverrideMinBandRatio"":0.050701,""analyzeIntervalMs"":41}"
58,r006-0024-dc90b9dc,6,71,3,2,6,0,1,134,"{""relativeReattackFactor"":2.717673,""relativeReattackMinDelta"":0.009007,""relativeFluxFactor"":1.4,""spectralNoveltyRatio"":3.697883,""spectralNoveltyMinBins"":31,""cooldownFrames"":5,""cooldownOverrideFactor"":3.07481,""cooldownOverrideMinFlux"":0.026251,""cooldownOverrideMinBandRatio"":0.055075,""analyzeIntervalMs"":41}"
59,r007-0030-e3f65738,7,60,5,4,3,2,1,128,"{""relativeReattackFactor"":2.628334,""relativeReattackMinDelta"":0.011722,""relativeFluxFactor"":1.48632,""spectralNoveltyRatio"":2.782521,""spectralNoveltyMinBins"":40,""cooldownFrames"":5,""cooldownOverrideFactor"":2.738945,""cooldownOverrideMinFlux"":0.024495,""cooldownOverrideMinBandRatio"":0.067277,""analyzeIntervalMs"":41}"
60,r004-0054-886b6925,4,60,5,5,1,3,0,124,"{""relativeReattackFactor"":2.884844,""relativeReattackMinDelta"":0.014794,""relativeFluxFactor"":1.4,""spectralNoveltyRatio"":2.386916,""spectralNoveltyMinBins"":42,""cooldownFrames"":5,""cooldownOverrideFactor"":2.536333,""cooldownOverrideMinFlux"":0.03,""cooldownOverrideMinBandRatio"":0.050356,""analyzeIntervalMs"":41}"
61,r005-0025-fb7bbf87,5,60,5,5,1,3,0,124,"{""relativeReattackFactor"":3.045351,""relativeReattackMinDelta"":0.014435,""relativeFluxFactor"":1.4,""spectralNoveltyRatio"":2.569625,""spectralNoveltyMinBins"":42,""cooldownFrames"":5,""cooldownOverrideFactor"":2.746571,""cooldownOverrideMinFlux"":0.029391,""cooldownOverrideMinBandRatio"":0.050205,""analyzeIntervalMs"":41}"
62,r005-0031-77c8b8c0,5,60,5,5,1,3,0,124,"{""relativeReattackFactor"":2.953034,""relativeReattackMinDelta"":0.014167,""relativeFluxFactor"":1.4,""spectralNoveltyRatio"":2.375387,""spectralNoveltyMinBins"":42,""cooldownFrames"":5,""cooldownOverrideFactor"":2.924918,""cooldownOverrideMinFlux"":0.025816,""cooldownOverrideMinBandRatio"":0.068575,""analyzeIntervalMs"":41}"
63,r005-0076-3f75f375,5,60,5,5,1,3,0,123,"{""relativeReattackFactor"":3.12252,""relativeReattackMinDelta"":0.012844,""relativeFluxFactor"":1.4,""spectralNoveltyRatio"":2.585519,""spectralNoveltyMinBins"":41,""cooldownFrames"":5,""cooldownOverrideFactor"":3.226534,""cooldownOverrideMinFlux"":0.025772,""cooldownOverrideMinBandRatio"":0.062438,""analyzeIntervalMs"":41}"
64,r006-0051-faff144d,6,60,5,5,1,3,0,124,"{""relativeReattackFactor"":2.923462,""relativeReattackMinDelta"":0.012706,""relativeFluxFactor"":1.4,""spectralNoveltyRatio"":2.620529,""spectralNoveltyMinBins"":41,""cooldownFrames"":5,""cooldownOverrideFactor"":2.852105,""cooldownOverrideMinFlux"":0.024437,""cooldownOverrideMinBandRatio"":0.069107,""analyzeIntervalMs"":41}"
65,r007-0067-2ace4c94,7,60,5,5,1,3,0,124,"{""relativeReattackFactor"":2.96028,""relativeReattackMinDelta"":0.015238,""relativeFluxFactor"":1.4,""spectralNoveltyRatio"":2.730904,""spectralNoveltyMinBins"":41,""cooldownFrames"":5,""cooldownOverrideFactor"":2.603474,""cooldownOverrideMinFlux"":0.028808,""cooldownOverrideMinBandRatio"":0.047764,""analyzeIntervalMs"":41}"
66,r008-0031-585af08d,8,60,5,5,1,3,0,124,"{""relativeReattackFactor"":2.958075,""relativeReattackMinDelta"":0.012622,""relativeFluxFactor"":1.4,""spectralNoveltyRatio"":2.790418,""spectralNoveltyMinBins"":41,""cooldownFrames"":5,""cooldownOverrideFactor"":3.093636,""cooldownOverrideMinFlux"":0.025219,""cooldownOverrideMinBandRatio"":0.067693,""analyzeIntervalMs"":41}"
67,r008-0032-75db6055,8,60,5,5,1,3,0,124,"{""relativeReattackFactor"":2.925558,""relativeReattackMinDelta"":0.01375,""relativeFluxFactor"":1.4,""spectralNoveltyRatio"":2.751065,""spectralNoveltyMinBins"":41,""cooldownFrames"":5,""cooldownOverrideFactor"":2.351206,""cooldownOverrideMinFlux"":0.03,""cooldownOverrideMinBandRatio"":0.050791,""analyzeIntervalMs"":41}"
68,r008-0041-1193a3dc,8,60,5,5,1,3,0,124,"{""relativeReattackFactor"":2.938553,""relativeReattackMinDelta"":0.013019,""relativeFluxFactor"":1.4,""spectralNoveltyRatio"":2.521504,""spectralNoveltyMinBins"":42,""cooldownFrames"":5,""cooldownOverrideFactor"":3.087357,""cooldownOverrideMinFlux"":0.026161,""cooldownOverrideMinBandRatio"":0.063967,""analyzeIntervalMs"":41}"
69,r008-0070-47e97b62,8,60,5,5,1,3,0,124,"{""relativeReattackFactor"":2.9503,""relativeReattackMinDelta"":0.012787,""relativeFluxFactor"":1.4,""spectralNoveltyRatio"":2.614294,""spectralNoveltyMinBins"":42,""cooldownFrames"":5,""cooldownOverrideFactor"":2.767882,""cooldownOverrideMinFlux"":0.025814,""cooldownOverrideMinBandRatio"":0.069409,""analyzeIntervalMs"":41}"
70,r008-0074-f5cc9dcd,8,60,5,5,1,3,0,124,"{""relativeReattackFactor"":3.000335,""relativeReattackMinDelta"":0.012269,""relativeFluxFactor"":1.4,""spectralNoveltyRatio"":2.515587,""spectralNoveltyMinBins"":42,""cooldownFrames"":5,""cooldownOverrideFactor"":3.155392,""cooldownOverrideMinFlux"":0.025897,""cooldownOverrideMinBandRatio"":0.06625,""analyzeIntervalMs"":41}"
71,r009-0034-13ae2bc9,9,60,5,5,1,3,0,124,"{""relativeReattackFactor"":2.967728,""relativeReattackMinDelta"":0.01207,""relativeFluxFactor"":1.4,""spectralNoveltyRatio"":2.614635,""spectralNoveltyMinBins"":42,""cooldownFrames"":5,""cooldownOverrideFactor"":3.088161,""cooldownOverrideMinFlux"":0.026007,""cooldownOverrideMinBandRatio"":0.064999,""analyzeIntervalMs"":41}"
72,r009-0074-c3169abd,9,60,5,5,1,3,0,122,"{""relativeReattackFactor"":3.162236,""relativeReattackMinDelta"":0.013042,""relativeFluxFactor"":1.4,""spectralNoveltyRatio"":2.624002,""spectralNoveltyMinBins"":41,""cooldownFrames"":5,""cooldownOverrideFactor"":2.985276,""cooldownOverrideMinFlux"":0.025987,""cooldownOverrideMinBandRatio"":0.065314,""analyzeIntervalMs"":41}"
73,r009-0077-f4627275,9,60,5,5,1,3,0,124,"{""relativeReattackFactor"":2.987898,""relativeReattackMinDelta"":0.013859,""relativeFluxFactor"":1.4,""spectralNoveltyRatio"":2.673762,""spectralNoveltyMinBins"":41,""cooldownFrames"":5,""cooldownOverrideFactor"":2.507317,""cooldownOverrideMinFlux"":0.03,""cooldownOverrideMinBandRatio"":0.048772,""analyzeIntervalMs"":41}"
74,r009-0078-7e85798b,9,60,5,5,1,3,0,124,"{""relativeReattackFactor"":2.967182,""relativeReattackMinDelta"":0.013465,""relativeFluxFactor"":1.4,""spectralNoveltyRatio"":2.636781,""spectralNoveltyMinBins"":41,""cooldownFrames"":5,""cooldownOverrideFactor"":2.498366,""cooldownOverrideMinFlux"":0.029881,""cooldownOverrideMinBandRatio"":0.049024,""analyzeIntervalMs"":41}"
75,r009-0080-bf82a517,9,60,5,5,1,3,0,124,"{""relativeReattackFactor"":2.953748,""relativeReattackMinDelta"":0.012341,""relativeFluxFactor"":1.4,""spectralNoveltyRatio"":2.544297,""spectralNoveltyMinBins"":42,""cooldownFrames"":5,""cooldownOverrideFactor"":2.91268,""cooldownOverrideMinFlux"":0.026963,""cooldownOverrideMinBandRatio"":0.070783,""analyzeIntervalMs"":41}"
76,r008-0033-891c0663,8,58,5,5,2,3,0,125,"{""relativeReattackFactor"":2.875652,""relativeReattackMinDelta"":0.014374,""relativeFluxFactor"":1.4,""spectralNoveltyRatio"":2.709985,""spectralNoveltyMinBins"":41,""cooldownFrames"":5,""cooldownOverrideFactor"":2.585961,""cooldownOverrideMinFlux"":0.029832,""cooldownOverrideMinBandRatio"":0.049304,""analyzeIntervalMs"":41}"
77,r008-0052-4a365fef,8,58,5,5,2,3,0,125,"{""relativeReattackFactor"":2.873653,""relativeReattackMinDelta"":0.014012,""relativeFluxFactor"":1.4,""spectralNoveltyRatio"":2.624258,""spectralNoveltyMinBins"":42,""cooldownFrames"":5,""cooldownOverrideFactor"":2.471701,""cooldownOverrideMinFlux"":0.03,""cooldownOverrideMinBandRatio"":0.046832,""analyzeIntervalMs"":41}"
78,r008-0058-1615b851,8,58,5,5,2,3,0,125,"{""relativeReattackFactor"":2.857469,""relativeReattackMinDelta"":0.01361,""relativeFluxFactor"":1.4,""spectralNoveltyRatio"":2.673612,""spectralNoveltyMinBins"":41,""cooldownFrames"":5,""cooldownOverrideFactor"":2.472953,""cooldownOverrideMinFlux"":0.028683,""cooldownOverrideMinBandRatio"":0.054393,""analyzeIntervalMs"":41}"
79,r008-0067-8a2b3435,8,58,5,5,2,3,0,125,"{""relativeReattackFactor"":2.800094,""relativeReattackMinDelta"":0.014843,""relativeFluxFactor"":1.4,""spectralNoveltyRatio"":2.731563,""spectralNoveltyMinBins"":41,""cooldownFrames"":5,""cooldownOverrideFactor"":2.508298,""cooldownOverrideMinFlux"":0.03,""cooldownOverrideMinBandRatio"":0.048243,""analyzeIntervalMs"":41}"
80,r008-0077-a3cba964,8,58,5,5,2,3,0,125,"{""relativeReattackFactor"":2.788779,""relativeReattackMinDelta"":0.01349,""relativeFluxFactor"":1.4,""spectralNoveltyRatio"":2.525147,""spectralNoveltyMinBins"":42,""cooldownFrames"":5,""cooldownOverrideFactor"":2.501494,""cooldownOverrideMinFlux"":0.03,""cooldownOverrideMinBandRatio"":0.047646,""analyzeIntervalMs"":41}"
81,r004-0046-6880b6ef,4,44,3,2,7,0,2,135,"{""relativeReattackFactor"":2.558892,""relativeReattackMinDelta"":0.010556,""relativeFluxFactor"":1.4,""spectralNoveltyRatio"":3.369009,""spectralNoveltyMinBins"":33,""cooldownFrames"":5,""cooldownOverrideFactor"":2.866786,""cooldownOverrideMinFlux"":0.025977,""cooldownOverrideMinBandRatio"":0.05913,""analyzeIntervalMs"":41}"
82,r005-0043-64815467,5,44,3,2,7,0,2,135,"{""relativeReattackFactor"":2.631221,""relativeReattackMinDelta"":0.013734,""relativeFluxFactor"":1.4,""spectralNoveltyRatio"":3.183157,""spectralNoveltyMinBins"":33,""cooldownFrames"":5,""cooldownOverrideFactor"":2.861552,""cooldownOverrideMinFlux"":0.023201,""cooldownOverrideMinBandRatio"":0.050002,""analyzeIntervalMs"":41}"
83,r004-0023-e0f3f86a,4,40,3,3,5,1,0,132,"{""relativeReattackFactor"":2.784593,""relativeReattackMinDelta"":0.013221,""relativeFluxFactor"":1.4,""spectralNoveltyRatio"":3.5325,""spectralNoveltyMinBins"":35,""cooldownFrames"":5,""cooldownOverrideFactor"":3.497998,""cooldownOverrideMinFlux"":0.025987,""cooldownOverrideMinBandRatio"":0.051504,""analyzeIntervalMs"":41}"
84,r002-0026-a65d8159,2,36,4,4,4,2,0,129,"{""relativeReattackFactor"":2.7323,""relativeReattackMinDelta"":0.011413,""relativeFluxFactor"":1.4,""spectralNoveltyRatio"":3.687073,""spectralNoveltyMinBins"":36,""cooldownFrames"":5,""cooldownOverrideFactor"":3.103072,""cooldownOverrideMinFlux"":0.026642,""cooldownOverrideMinBandRatio"":0.050972,""analyzeIntervalMs"":41}"
85,r003-0011-a525d1aa,3,36,4,4,4,2,0,129,"{""relativeReattackFactor"":2.862786,""relativeReattackMinDelta"":0.013602,""relativeFluxFactor"":1.4,""spectralNoveltyRatio"":3.727063,""spectralNoveltyMinBins"":36,""cooldownFrames"":5,""cooldownOverrideFactor"":3.252174,""cooldownOverrideMinFlux"":0.025233,""cooldownOverrideMinBandRatio"":0.052949,""analyzeIntervalMs"":41}"
86,r004-0061-9fb4aa24,4,36,4,4,4,2,0,130,"{""relativeReattackFactor"":2.734874,""relativeReattackMinDelta"":0.010437,""relativeFluxFactor"":1.4,""spectralNoveltyRatio"":3.452052,""spectralNoveltyMinBins"":36,""cooldownFrames"":5,""cooldownOverrideFactor"":2.995597,""cooldownOverrideMinFlux"":0.027498,""cooldownOverrideMinBandRatio"":0.05519,""analyzeIntervalMs"":41}"
87,r005-0018-aa9c55c3,5,36,4,4,4,2,0,130,"{""relativeReattackFactor"":2.79861,""relativeReattackMinDelta"":0.013066,""relativeFluxFactor"":1.4,""spectralNoveltyRatio"":3.091932,""spectralNoveltyMinBins"":37,""cooldownFrames"":5,""cooldownOverrideFactor"":3.008127,""cooldownOverrideMinFlux"":0.025228,""cooldownOverrideMinBandRatio"":0.052224,""analyzeIntervalMs"":41}"
88,r005-0041-c0f64f5d,5,17,4,4,2,2,0,128,"{""relativeReattackFactor"":3.08182,""relativeReattackMinDelta"":0.013017,""relativeFluxFactor"":1.487667,""spectralNoveltyRatio"":2.944611,""spectralNoveltyMinBins"":38,""cooldownFrames"":5,""cooldownOverrideFactor"":3.169497,""cooldownOverrideMinFlux"":0.027257,""cooldownOverrideMinBandRatio"":0.062399,""analyzeIntervalMs"":41}"
89,r008-0023-d86a8055,8,17,4,4,2,2,0,128,"{""relativeReattackFactor"":3.011824,""relativeReattackMinDelta"":0.013194,""relativeFluxFactor"":1.442884,""spectralNoveltyRatio"":2.650344,""spectralNoveltyMinBins"":39,""cooldownFrames"":5,""cooldownOverrideFactor"":2.616723,""cooldownOverrideMinFlux"":0.029187,""cooldownOverrideMinBandRatio"":0.051349,""analyzeIntervalMs"":41}"
90,r008-0030-7caffe95,8,17,4,4,2,2,0,128,"{""relativeReattackFactor"":2.90824,""relativeReattackMinDelta"":0.011546,""relativeFluxFactor"":1.447802,""spectralNoveltyRatio"":2.736736,""spectralNoveltyMinBins"":39,""cooldownFrames"":5,""cooldownOverrideFactor"":2.961047,""cooldownOverrideMinFlux"":0.026136,""cooldownOverrideMinBandRatio"":0.066447,""analyzeIntervalMs"":41}"
91,r009-0045-0fdbdfa5,9,17,4,4,2,2,0,128,"{""relativeReattackFactor"":2.959515,""relativeReattackMinDelta"":0.011457,""relativeFluxFactor"":1.451124,""spectralNoveltyRatio"":2.694985,""spectralNoveltyMinBins"":39,""cooldownFrames"":5,""cooldownOverrideFactor"":2.971894,""cooldownOverrideMinFlux"":0.026478,""cooldownOverrideMinBandRatio"":0.06934,""analyzeIntervalMs"":41}"
92,r008-0056-35741612,8,15,4,4,3,2,0,129,"{""relativeReattackFactor"":2.872881,""relativeReattackMinDelta"":0.013119,""relativeFluxFactor"":1.469232,""spectralNoveltyRatio"":2.519107,""spectralNoveltyMinBins"":39,""cooldownFrames"":5,""cooldownOverrideFactor"":2.936669,""cooldownOverrideMinFlux"":0.025047,""cooldownOverrideMinBandRatio"":0.06344,""analyzeIntervalMs"":41}"
93,r007-0002-f0edef88,7,9,4,4,3,2,0,129,"{""relativeReattackFactor"":2.970852,""relativeReattackMinDelta"":0.01369,""relativeFluxFactor"":1.446548,""spectralNoveltyRatio"":2.660496,""spectralNoveltyMinBins"":38,""cooldownFrames"":5,""cooldownOverrideFactor"":2.491456,""cooldownOverrideMinFlux"":0.029477,""cooldownOverrideMinBandRatio"":0.050815,""analyzeIntervalMs"":41}"
94,r007-0057-b6b5dd29,7,9,4,4,3,2,0,129,"{""relativeReattackFactor"":2.905519,""relativeReattackMinDelta"":0.013896,""relativeFluxFactor"":1.43055,""spectralNoveltyRatio"":2.362145,""spectralNoveltyMinBins"":38,""cooldownFrames"":5,""cooldownOverrideFactor"":2.394476,""cooldownOverrideMinFlux"":0.03,""cooldownOverrideMinBandRatio"":0.046059,""analyzeIntervalMs"":41}"
95,r008-0035-8de6ea88,8,9,4,4,3,2,0,129,"{""relativeReattackFactor"":2.947821,""relativeReattackMinDelta"":0.013028,""relativeFluxFactor"":1.4524,""spectralNoveltyRatio"":2.497937,""spectralNoveltyMinBins"":37,""cooldownFrames"":5,""cooldownOverrideFactor"":2.809415,""cooldownOverrideMinFlux"":0.027083,""cooldownOverrideMinBandRatio"":0.067623,""analyzeIntervalMs"":41}"
96,r009-0004-497e56b2,9,9,4,4,3,2,0,129,"{""relativeReattackFactor"":3.088838,""relativeReattackMinDelta"":0.013152,""relativeFluxFactor"":1.47742,""spectralNoveltyRatio"":2.534394,""spectralNoveltyMinBins"":38,""cooldownFrames"":5,""cooldownOverrideFactor"":3.104451,""cooldownOverrideMinFlux"":0.024277,""cooldownOverrideMinBandRatio"":0.067897,""analyzeIntervalMs"":41}"
97,r009-0005-34153328,9,9,4,4,3,2,0,129,"{""relativeReattackFactor"":2.896895,""relativeReattackMinDelta"":0.012674,""relativeFluxFactor"":1.448826,""spectralNoveltyRatio"":2.461043,""spectralNoveltyMinBins"":38,""cooldownFrames"":5,""cooldownOverrideFactor"":2.849472,""cooldownOverrideMinFlux"":0.025441,""cooldownOverrideMinBandRatio"":0.070214,""analyzeIntervalMs"":41}"
98,r009-0070-3324b16a,9,9,4,4,3,2,0,129,"{""relativeReattackFactor"":2.921575,""relativeReattackMinDelta"":0.011451,""relativeFluxFactor"":1.479103,""spectralNoveltyRatio"":2.603579,""spectralNoveltyMinBins"":38,""cooldownFrames"":5,""cooldownOverrideFactor"":2.825218,""cooldownOverrideMinFlux"":0.025704,""cooldownOverrideMinBandRatio"":0.069298,""analyzeIntervalMs"":41}"
99,r009-0079-a5ee9dc6,9,9,4,4,3,2,0,129,"{""relativeReattackFactor"":3.040529,""relativeReattackMinDelta"":0.013244,""relativeFluxFactor"":1.454856,""spectralNoveltyRatio"":2.623104,""spectralNoveltyMinBins"":38,""cooldownFrames"":5,""cooldownOverrideFactor"":3.177357,""cooldownOverrideMinFlux"":0.024794,""cooldownOverrideMinBandRatio"":0.067329,""analyzeIntervalMs"":41}"
100,r006-0022-2df1b846,6,7,4,4,4,2,0,130,"{""relativeReattackFactor"":2.861531,""relativeReattackMinDelta"":0.01343,""relativeFluxFactor"":1.437262,""spectralNoveltyRatio"":2.696995,""spectralNoveltyMinBins"":38,""cooldownFrames"":5,""cooldownOverrideFactor"":2.608791,""cooldownOverrideMinFlux"":0.028753,""cooldownOverrideMinBandRatio"":0.051161,""analyzeIntervalMs"":41}"
101,r006-0030-32f4a8db,6,7,4,4,4,2,0,130,"{""relativeReattackFactor"":2.704768,""relativeReattackMinDelta"":0.014231,""relativeFluxFactor"":1.450411,""spectralNoveltyRatio"":3.167524,""spectralNoveltyMinBins"":36,""cooldownFrames"":5,""cooldownOverrideFactor"":2.93885,""cooldownOverrideMinFlux"":0.023021,""cooldownOverrideMinBandRatio"":0.05419,""analyzeIntervalMs"":41}"
102,r008-0002-24333cda,8,7,4,4,4,2,0,130,"{""relativeReattackFactor"":2.798076,""relativeReattackMinDelta"":0.014441,""relativeFluxFactor"":1.445364,""spectralNoveltyRatio"":2.528542,""spectralNoveltyMinBins"":38,""cooldownFrames"":5,""cooldownOverrideFactor"":2.502292,""cooldownOverrideMinFlux"":0.029421,""cooldownOverrideMinBandRatio"":0.047124,""analyzeIntervalMs"":41}"
103,r008-0004-9f2af4cb,8,2,5,5,1,3,0,126,"{""relativeReattackFactor"":3.00969,""relativeReattackMinDelta"":0.011953,""relativeFluxFactor"":1.499067,""spectralNoveltyRatio"":2.552657,""spectralNoveltyMinBins"":40,""cooldownFrames"":5,""cooldownOverrideFactor"":3.090652,""cooldownOverrideMinFlux"":0.025687,""cooldownOverrideMinBandRatio"":0.068629,""analyzeIntervalMs"":41}"
104,r009-0020-4ef0ef04,9,2,5,5,1,3,0,126,"{""relativeReattackFactor"":2.983519,""relativeReattackMinDelta"":0.011659,""relativeFluxFactor"":1.500475,""spectralNoveltyRatio"":2.584456,""spectralNoveltyMinBins"":40,""cooldownFrames"":5,""cooldownOverrideFactor"":2.904423,""cooldownOverrideMinFlux"":0.02696,""cooldownOverrideMinBandRatio"":0.071238,""analyzeIntervalMs"":41}"
105,r003-0072-0703ec09,3,2,5,6,1,4,0,122,"{""relativeReattackFactor"":3.096211,""relativeReattackMinDelta"":0.015282,""relativeFluxFactor"":1.4,""spectralNoveltyRatio"":2.545213,""spectralNoveltyMinBins"":44,""cooldownFrames"":5,""cooldownOverrideFactor"":2.695866,""cooldownOverrideMinFlux"":0.029867,""cooldownOverrideMinBandRatio"":0.050129,""analyzeIntervalMs"":41}"
106,r003-0077-a879d4f0,3,2,5,6,1,4,0,123,"{""relativeReattackFactor"":2.972802,""relativeReattackMinDelta"":0.014886,""relativeFluxFactor"":1.4,""spectralNoveltyRatio"":2.795721,""spectralNoveltyMinBins"":43,""cooldownFrames"":5,""cooldownOverrideFactor"":2.750746,""cooldownOverrideMinFlux"":0.027553,""cooldownOverrideMinBandRatio"":0.061528,""analyzeIntervalMs"":41}"
107,r004-0014-8e5e4124,4,2,5,6,1,4,0,120,"{""relativeReattackFactor"":3.301228,""relativeReattackMinDelta"":0.016525,""relativeFluxFactor"":1.4,""spectralNoveltyRatio"":2.299972,""spectralNoveltyMinBins"":48,""cooldownFrames"":5,""cooldownOverrideFactor"":2.647502,""cooldownOverrideMinFlux"":0.027654,""cooldownOverrideMinBandRatio"":0.05623,""analyzeIntervalMs"":41}"
108,r004-0079-a60dfbc7,4,2,5,6,1,4,0,123,"{""relativeReattackFactor"":2.940031,""relativeReattackMinDelta"":0.014191,""relativeFluxFactor"":1.4,""spectralNoveltyRatio"":2.870055,""spectralNoveltyMinBins"":42,""cooldownFrames"":5,""cooldownOverrideFactor"":2.754372,""cooldownOverrideMinFlux"":0.027785,""cooldownOverrideMinBandRatio"":0.044558,""analyzeIntervalMs"":41}"
109,r007-0006-ac294db7,7,2,5,6,1,4,0,123,"{""relativeReattackFactor"":2.951338,""relativeReattackMinDelta"":0.013322,""relativeFluxFactor"":1.4,""spectralNoveltyRatio"":2.669544,""spectralNoveltyMinBins"":42,""cooldownFrames"":5,""cooldownOverrideFactor"":3.015443,""cooldownOverrideMinFlux"":0.025953,""cooldownOverrideMinBandRatio"":0.064069,""analyzeIntervalMs"":41}"
110,r008-0048-6868bb79,8,2,5,6,1,4,0,123,"{""relativeReattackFactor"":2.890236,""relativeReattackMinDelta"":0.014103,""relativeFluxFactor"":1.4,""spectralNoveltyRatio"":2.873597,""spectralNoveltyMinBins"":42,""cooldownFrames"":5,""cooldownOverrideFactor"":2.708095,""cooldownOverrideMinFlux"":0.028388,""cooldownOverrideMinBandRatio"":0.048913,""analyzeIntervalMs"":41}"
111,r009-0067-437eceb5,9,2,5,6,1,4,0,123,"{""relativeReattackFactor"":2.884977,""relativeReattackMinDelta"":0.014236,""relativeFluxFactor"":1.4,""spectralNoveltyRatio"":2.658627,""spectralNoveltyMinBins"":42,""cooldownFrames"":5,""cooldownOverrideFactor"":2.426156,""cooldownOverrideMinFlux"":0.03,""cooldownOverrideMinBandRatio"":0.049721,""analyzeIntervalMs"":41}"
112,r005-0015-777e4612,5,0,5,6,2,4,0,123,"{""relativeReattackFactor"":2.743776,""relativeReattackMinDelta"":0.014363,""relativeFluxFactor"":1.403026,""spectralNoveltyRatio"":2.685048,""spectralNoveltyMinBins"":45,""cooldownFrames"":5,""cooldownOverrideFactor"":2.62333,""cooldownOverrideMinFlux"":0.03,""cooldownOverrideMinBandRatio"":0.052557,""analyzeIntervalMs"":41}"
113,r005-0020-6c1ad36f,5,0,5,6,2,4,0,124,"{""relativeReattackFactor"":2.823037,""relativeReattackMinDelta"":0.016263,""relativeFluxFactor"":1.4,""spectralNoveltyRatio"":2.079931,""spectralNoveltyMinBins"":45,""cooldownFrames"":5,""cooldownOverrideFactor"":2.603149,""cooldownOverrideMinFlux"":0.03,""cooldownOverrideMinBandRatio"":0.051804,""analyzeIntervalMs"":41}"
114,r009-0065-86494018,9,0,5,6,2,4,0,124,"{""relativeReattackFactor"":2.841545,""relativeReattackMinDelta"":0.011689,""relativeFluxFactor"":1.4,""spectralNoveltyRatio"":2.66488,""spectralNoveltyMinBins"":42,""cooldownFrames"":5,""cooldownOverrideFactor"":2.784304,""cooldownOverrideMinFlux"":0.026185,""cooldownOverrideMinBandRatio"":0.069191,""analyzeIntervalMs"":41}"
115,r006-0040-9f9657e4,6,-16,3,3,6,1,1,133,"{""relativeReattackFactor"":2.771976,""relativeReattackMinDelta"":0.01479,""relativeFluxFactor"":1.446791,""spectralNoveltyRatio"":3.519934,""spectralNoveltyMinBins"":32,""cooldownFrames"":5,""cooldownOverrideFactor"":2.951961,""cooldownOverrideMinFlux"":0.022367,""cooldownOverrideMinBandRatio"":0.050226,""analyzeIntervalMs"":41}"
116,r006-0069-d7f568cb,6,-16,3,4,4,2,0,130,"{""relativeReattackFactor"":2.906212,""relativeReattackMinDelta"":0.009044,""relativeFluxFactor"":1.4,""spectralNoveltyRatio"":3.698702,""spectralNoveltyMinBins"":34,""cooldownFrames"":5,""cooldownOverrideFactor"":3.218961,""cooldownOverrideMinFlux"":0.025825,""cooldownOverrideMinBandRatio"":0.057912,""analyzeIntervalMs"":41}"
117,r006-0039-6d8cb072,6,-18,3,4,5,2,0,131,"{""relativeReattackFactor"":2.732811,""relativeReattackMinDelta"":0.010082,""relativeFluxFactor"":1.4,""spectralNoveltyRatio"":3.870337,""spectralNoveltyMinBins"":33,""cooldownFrames"":5,""cooldownOverrideFactor"":2.887802,""cooldownOverrideMinFlux"":0.02561,""cooldownOverrideMinBandRatio"":0.055678,""analyzeIntervalMs"":41}"
118,r006-0049-d87b1d7f,6,-18,3,4,5,2,0,131,"{""relativeReattackFactor"":2.829519,""relativeReattackMinDelta"":0.01014,""relativeFluxFactor"":1.4,""spectralNoveltyRatio"":3.851706,""spectralNoveltyMinBins"":35,""cooldownFrames"":5,""cooldownOverrideFactor"":2.941811,""cooldownOverrideMinFlux"":0.024093,""cooldownOverrideMinBandRatio"":0.05895,""analyzeIntervalMs"":41}"
119,r004-0013-d01bb0d3,4,-27,5,6,1,4,0,123,"{""relativeReattackFactor"":2.934246,""relativeReattackMinDelta"":0.012889,""relativeFluxFactor"":1.4,""spectralNoveltyRatio"":3.897113,""spectralNoveltyMinBins"":40,""cooldownFrames"":5,""cooldownOverrideFactor"":3.342251,""cooldownOverrideMinFlux"":0.027154,""cooldownOverrideMinBandRatio"":0.055776,""analyzeIntervalMs"":41}"
120,r008-0020-9d03d3a5,8,-27,5,6,1,4,0,123,"{""relativeReattackFactor"":3.037385,""relativeReattackMinDelta"":0.01272,""relativeFluxFactor"":1.430542,""spectralNoveltyRatio"":2.492237,""spectralNoveltyMinBins"":42,""cooldownFrames"":5,""cooldownOverrideFactor"":2.9315,""cooldownOverrideMinFlux"":0.026796,""cooldownOverrideMinBandRatio"":0.066111,""analyzeIntervalMs"":41}"
121,r009-0025-87939d49,9,-27,5,6,1,4,0,123,"{""relativeReattackFactor"":2.894966,""relativeReattackMinDelta"":0.012495,""relativeFluxFactor"":1.447732,""spectralNoveltyRatio"":2.656324,""spectralNoveltyMinBins"":41,""cooldownFrames"":5,""cooldownOverrideFactor"":2.842677,""cooldownOverrideMinFlux"":0.026365,""cooldownOverrideMinBandRatio"":0.070915,""analyzeIntervalMs"":41}"
122,r004-0062-13ff8d3b,4,-29,5,6,2,4,0,124,"{""relativeReattackFactor"":2.725341,""relativeReattackMinDelta"":0.012612,""relativeFluxFactor"":1.4,""spectralNoveltyRatio"":3.985316,""spectralNoveltyMinBins"":40,""cooldownFrames"":5,""cooldownOverrideFactor"":2.841059,""cooldownOverrideMinFlux"":0.027688,""cooldownOverrideMinBandRatio"":0.054122,""analyzeIntervalMs"":41}"
123,r004-0063-31976760,4,-29,5,6,2,4,0,124,"{""relativeReattackFactor"":2.672893,""relativeReattackMinDelta"":0.011925,""relativeFluxFactor"":1.4,""spectralNoveltyRatio"":3.646561,""spectralNoveltyMinBins"":39,""cooldownFrames"":5,""cooldownOverrideFactor"":3.136783,""cooldownOverrideMinFlux"":0.025472,""cooldownOverrideMinBandRatio"":0.054789,""analyzeIntervalMs"":41}"
124,r007-0072-33f004db,7,-29,5,6,2,4,0,124,"{""relativeReattackFactor"":2.872465,""relativeReattackMinDelta"":0.015071,""relativeFluxFactor"":1.477254,""spectralNoveltyRatio"":2.584495,""spectralNoveltyMinBins"":42,""cooldownFrames"":5,""cooldownOverrideFactor"":2.448371,""cooldownOverrideMinFlux"":0.03,""cooldownOverrideMinBandRatio"":0.047769,""analyzeIntervalMs"":41}"
125,r008-0017-be3f4abf,8,-29,5,6,2,4,0,124,"{""relativeReattackFactor"":2.789497,""relativeReattackMinDelta"":0.014579,""relativeFluxFactor"":1.466745,""spectralNoveltyRatio"":2.434939,""spectralNoveltyMinBins"":42,""cooldownFrames"":5,""cooldownOverrideFactor"":2.451057,""cooldownOverrideMinFlux"":0.029112,""cooldownOverrideMinBandRatio"":0.050869,""analyzeIntervalMs"":41}"
126,r005-0009-c9d9a53a,5,-30,4,2,8,1,3,139,"{""relativeReattackFactor"":2.598447,""relativeReattackMinDelta"":0.007252,""relativeFluxFactor"":1.449024,""spectralNoveltyRatio"":3.409605,""spectralNoveltyMinBins"":26,""cooldownFrames"":5,""cooldownOverrideFactor"":3.326445,""cooldownOverrideMinFlux"":0.024878,""cooldownOverrideMinBandRatio"":0.056877,""analyzeIntervalMs"":41}"
127,r006-0065-a3e49e69,6,-43,4,5,3,3,0,128,"{""relativeReattackFactor"":2.789988,""relativeReattackMinDelta"":0.014591,""relativeFluxFactor"":1.458468,""spectralNoveltyRatio"":3.519485,""spectralNoveltyMinBins"":37,""cooldownFrames"":5,""cooldownOverrideFactor"":2.861688,""cooldownOverrideMinFlux"":0.022692,""cooldownOverrideMinBandRatio"":0.050142,""analyzeIntervalMs"":41}"
128,r005-0032-36ecad81,5,-51,4,5,4,3,0,128,"{""relativeReattackFactor"":2.773265,""relativeReattackMinDelta"":0.010596,""relativeFluxFactor"":1.442457,""spectralNoveltyRatio"":3.670264,""spectralNoveltyMinBins"":36,""cooldownFrames"":5,""cooldownOverrideFactor"":3.239335,""cooldownOverrideMinFlux"":0.026838,""cooldownOverrideMinBandRatio"":0.054003,""analyzeIntervalMs"":41}"
129,r003-0038-1f2217f0,3,-55,4,3,5,2,1,133,"{""relativeReattackFactor"":3.39512,""relativeReattackMinDelta"":0.011178,""relativeFluxFactor"":1.645996,""spectralNoveltyRatio"":3.240041,""spectralNoveltyMinBins"":27,""cooldownFrames"":5,""cooldownOverrideFactor"":2.328589,""cooldownOverrideMinFlux"":0.024294,""cooldownOverrideMinBandRatio"":0.039863,""analyzeIntervalMs"":41}"
130,r006-0028-1245ad37,6,-56,5,6,1,4,0,123,"{""relativeReattackFactor"":2.914848,""relativeReattackMinDelta"":0.01323,""relativeFluxFactor"":1.517098,""spectralNoveltyRatio"":2.499353,""spectralNoveltyMinBins"":41,""cooldownFrames"":5,""cooldownOverrideFactor"":2.900678,""cooldownOverrideMinFlux"":0.024293,""cooldownOverrideMinBandRatio"":0.063146,""analyzeIntervalMs"":41}"
131,r008-0046-2fe8ec5f,8,-70,4,5,2,3,0,127,"{""relativeReattackFactor"":3.06897,""relativeReattackMinDelta"":0.012365,""relativeFluxFactor"":1.544907,""spectralNoveltyRatio"":2.676417,""spectralNoveltyMinBins"":39,""cooldownFrames"":5,""cooldownOverrideFactor"":3.051706,""cooldownOverrideMinFlux"":0.026191,""cooldownOverrideMinBandRatio"":0.066381,""analyzeIntervalMs"":41}"
132,r008-0066-9faf7d0a,8,-70,4,5,2,3,0,127,"{""relativeReattackFactor"":3.069219,""relativeReattackMinDelta"":0.01272,""relativeFluxFactor"":1.52671,""spectralNoveltyRatio"":2.766603,""spectralNoveltyMinBins"":39,""cooldownFrames"":5,""cooldownOverrideFactor"":2.913837,""cooldownOverrideMinFlux"":0.026149,""cooldownOverrideMinBandRatio"":0.06538,""analyzeIntervalMs"":41}"
133,r009-0054-50250afc,9,-70,4,5,2,3,0,127,"{""relativeReattackFactor"":3.07532,""relativeReattackMinDelta"":0.012433,""relativeFluxFactor"":1.537164,""spectralNoveltyRatio"":2.666982,""spectralNoveltyMinBins"":39,""cooldownFrames"":5,""cooldownOverrideFactor"":2.974637,""cooldownOverrideMinFlux"":0.026001,""cooldownOverrideMinBandRatio"":0.066843,""analyzeIntervalMs"":41}"
134,r004-0072-345ff837,4,-76,3,4,5,2,0,131,"{""relativeReattackFactor"":2.707119,""relativeReattackMinDelta"":0.01018,""relativeFluxFactor"":1.515621,""spectralNoveltyRatio"":3.414179,""spectralNoveltyMinBins"":34,""cooldownFrames"":5,""cooldownOverrideFactor"":3.221535,""cooldownOverrideMinFlux"":0.025202,""cooldownOverrideMinBandRatio"":0.055125,""analyzeIntervalMs"":41}"
135,r005-0049-a274e6d1,5,-76,3,4,5,2,0,132,"{""relativeReattackFactor"":2.795496,""relativeReattackMinDelta"":0.007378,""relativeFluxFactor"":1.640633,""spectralNoveltyRatio"":3.496159,""spectralNoveltyMinBins"":33,""cooldownFrames"":5,""cooldownOverrideFactor"":3.216362,""cooldownOverrideMinFlux"":0.026465,""cooldownOverrideMinBandRatio"":0.063259,""analyzeIntervalMs"":41}"
136,r005-0053-d8d0bb7c,5,-76,3,4,5,2,0,131,"{""relativeReattackFactor"":2.690437,""relativeReattackMinDelta"":0.01484,""relativeFluxFactor"":1.617829,""spectralNoveltyRatio"":3.139138,""spectralNoveltyMinBins"":34,""cooldownFrames"":5,""cooldownOverrideFactor"":3.15717,""cooldownOverrideMinFlux"":0.025301,""cooldownOverrideMinBandRatio"":0.051498,""analyzeIntervalMs"":41}"
137,r005-0057-7a97b4ab,5,-76,3,4,5,2,0,131,"{""relativeReattackFactor"":2.814699,""relativeReattackMinDelta"":0.010821,""relativeFluxFactor"":1.495403,""spectralNoveltyRatio"":3.550314,""spectralNoveltyMinBins"":33,""cooldownFrames"":5,""cooldownOverrideFactor"":2.8901,""cooldownOverrideMinFlux"":0.026886,""cooldownOverrideMinBandRatio"":0.058759,""analyzeIntervalMs"":41}"
138,r006-0019-bd007efa,6,-76,3,4,5,2,0,131,"{""relativeReattackFactor"":2.687761,""relativeReattackMinDelta"":0.009928,""relativeFluxFactor"":1.5242,""spectralNoveltyRatio"":3.481457,""spectralNoveltyMinBins"":33,""cooldownFrames"":5,""cooldownOverrideFactor"":3.118505,""cooldownOverrideMinFlux"":0.025392,""cooldownOverrideMinBandRatio"":0.054104,""analyzeIntervalMs"":41}"
139,r006-0075-9884dccf,6,-78,4,5,3,3,0,128,"{""relativeReattackFactor"":2.899884,""relativeReattackMinDelta"":0.013546,""relativeFluxFactor"":1.553716,""spectralNoveltyRatio"":3.213979,""spectralNoveltyMinBins"":36,""cooldownFrames"":5,""cooldownOverrideFactor"":3.160622,""cooldownOverrideMinFlux"":0.022131,""cooldownOverrideMinBandRatio"":0.05383,""analyzeIntervalMs"":41}"
140,r007-0027-5b3918ac,7,-78,4,5,3,3,0,128,"{""relativeReattackFactor"":2.964945,""relativeReattackMinDelta"":0.014283,""relativeFluxFactor"":1.557723,""spectralNoveltyRatio"":2.788583,""spectralNoveltyMinBins"":37,""cooldownFrames"":5,""cooldownOverrideFactor"":2.610517,""cooldownOverrideMinFlux"":0.028831,""cooldownOverrideMinBandRatio"":0.051748,""analyzeIntervalMs"":41}"
141,r006-0078-3fc7d708,6,-80,4,5,4,3,0,129,"{""relativeReattackFactor"":2.834583,""relativeReattackMinDelta"":0.012063,""relativeFluxFactor"":1.590975,""spectralNoveltyRatio"":2.563336,""spectralNoveltyMinBins"":37,""cooldownFrames"":5,""cooldownOverrideFactor"":2.887007,""cooldownOverrideMinFlux"":0.026159,""cooldownOverrideMinBandRatio"":0.069055,""analyzeIntervalMs"":41}"
142,r002-0046-04842b77,2,-85,5,7,1,5,0,120,"{""relativeReattackFactor"":2.90354,""relativeReattackMinDelta"":0.013406,""relativeFluxFactor"":1.4,""spectralNoveltyRatio"":3.060015,""spectralNoveltyMinBins"":49,""cooldownFrames"":5,""cooldownOverrideFactor"":2.688542,""cooldownOverrideMinFlux"":0.029305,""cooldownOverrideMinBandRatio"":0.053774,""analyzeIntervalMs"":41}"
143,r005-0066-87d96c6b,5,-85,5,7,1,5,0,121,"{""relativeReattackFactor"":3.133948,""relativeReattackMinDelta"":0.013227,""relativeFluxFactor"":1.451886,""spectralNoveltyRatio"":2.562732,""spectralNoveltyMinBins"":43,""cooldownFrames"":5,""cooldownOverrideFactor"":3.204032,""cooldownOverrideMinFlux"":0.026902,""cooldownOverrideMinBandRatio"":0.068796,""analyzeIntervalMs"":41}"
144,r006-0002-1bdff7bf,6,-85,5,7,1,5,0,122,"{""relativeReattackFactor"":2.885511,""relativeReattackMinDelta"":0.013281,""relativeFluxFactor"":1.448726,""spectralNoveltyRatio"":2.556775,""spectralNoveltyMinBins"":43,""cooldownFrames"":5,""cooldownOverrideFactor"":2.593827,""cooldownOverrideMinFlux"":0.03,""cooldownOverrideMinBandRatio"":0.045371,""analyzeIntervalMs"":41}"
145,r004-0010-0eb35c04,4,-87,5,7,2,5,0,123,"{""relativeReattackFactor"":2.812369,""relativeReattackMinDelta"":0.014983,""relativeFluxFactor"":1.433406,""spectralNoveltyRatio"":2.836952,""spectralNoveltyMinBins"":42,""cooldownFrames"":5,""cooldownOverrideFactor"":2.522427,""cooldownOverrideMinFlux"":0.029322,""cooldownOverrideMinBandRatio"":0.057603,""analyzeIntervalMs"":41}"
146,r005-0048-8809a8b9,5,-90,4,3,7,2,2,134,"{""relativeReattackFactor"":2.820292,""relativeReattackMinDelta"":0.013436,""relativeFluxFactor"":1.493299,""spectralNoveltyRatio"":3.454605,""spectralNoveltyMinBins"":31,""cooldownFrames"":5,""cooldownOverrideFactor"":3.140933,""cooldownOverrideMinFlux"":0.022425,""cooldownOverrideMinBandRatio"":0.055633,""analyzeIntervalMs"":41}"
147,r005-0079-a7620e0e,5,-90,4,3,7,2,2,137,"{""relativeReattackFactor"":2.736901,""relativeReattackMinDelta"":0.00721,""relativeFluxFactor"":1.565062,""spectralNoveltyRatio"":3.335067,""spectralNoveltyMinBins"":29,""cooldownFrames"":5,""cooldownOverrideFactor"":3.386696,""cooldownOverrideMinFlux"":0.024247,""cooldownOverrideMinBandRatio"":0.060437,""analyzeIntervalMs"":41}"
148,r007-0035-f21f7d74,7,-99,4,5,4,3,1,129,"{""relativeReattackFactor"":2.608095,""relativeReattackMinDelta"":0.012621,""relativeFluxFactor"":1.561211,""spectralNoveltyRatio"":2.572578,""spectralNoveltyMinBins"":39,""cooldownFrames"":5,""cooldownOverrideFactor"":2.933824,""cooldownOverrideMinFlux"":0.024192,""cooldownOverrideMinBandRatio"":0.07156,""analyzeIntervalMs"":41}"
149,r003-0079-7757a1b2,3,-103,3,4,6,2,1,132,"{""relativeReattackFactor"":3.722724,""relativeReattackMinDelta"":0.017685,""relativeFluxFactor"":1.652901,""spectralNoveltyRatio"":1.577278,""spectralNoveltyMinBins"":34,""cooldownFrames"":5,""cooldownOverrideFactor"":3.982816,""cooldownOverrideMinFlux"":0.020697,""cooldownOverrideMinBandRatio"":0.053068,""analyzeIntervalMs"":43}"
150,r009-0006-bc38cb93,9,-114,5,7,1,5,0,122,"{""relativeReattackFactor"":3.029516,""relativeReattackMinDelta"":0.012508,""relativeFluxFactor"":1.497071,""spectralNoveltyRatio"":2.573274,""spectralNoveltyMinBins"":42,""cooldownFrames"":5,""cooldownOverrideFactor"":2.93653,""cooldownOverrideMinFlux"":0.025154,""cooldownOverrideMinBandRatio"":0.067823,""analyzeIntervalMs"":41}"
151,r009-0024-d7e62efe,9,-114,5,7,1,5,0,122,"{""relativeReattackFactor"":3.053566,""relativeReattackMinDelta"":0.013133,""relativeFluxFactor"":1.49832,""spectralNoveltyRatio"":2.456638,""spectralNoveltyMinBins"":42,""cooldownFrames"":5,""cooldownOverrideFactor"":3.18373,""cooldownOverrideMinFlux"":0.02436,""cooldownOverrideMinBandRatio"":0.063538,""analyzeIntervalMs"":41}"
152,r009-0048-9297b39b,9,-114,5,7,1,5,0,122,"{""relativeReattackFactor"":2.99886,""relativeReattackMinDelta"":0.014087,""relativeFluxFactor"":1.542677,""spectralNoveltyRatio"":2.775425,""spectralNoveltyMinBins"":41,""cooldownFrames"":5,""cooldownOverrideFactor"":2.613895,""cooldownOverrideMinFlux"":0.029533,""cooldownOverrideMinBandRatio"":0.054088,""analyzeIntervalMs"":41}"
153,r006-0018-9c63da76,6,-116,5,7,2,5,0,123,"{""relativeReattackFactor"":2.74643,""relativeReattackMinDelta"":0.013647,""relativeFluxFactor"":1.532577,""spectralNoveltyRatio"":2.846751,""spectralNoveltyMinBins"":41,""cooldownFrames"":5,""cooldownOverrideFactor"":2.741895,""cooldownOverrideMinFlux"":0.023915,""cooldownOverrideMinBandRatio"":0.064646,""analyzeIntervalMs"":41}"
154,r006-0048-4b1ab986,6,-116,5,7,2,5,0,123,"{""relativeReattackFactor"":2.861382,""relativeReattackMinDelta"":0.01212,""relativeFluxFactor"":1.57352,""spectralNoveltyRatio"":2.491906,""spectralNoveltyMinBins"":42,""cooldownFrames"":5,""cooldownOverrideFactor"":2.85949,""cooldownOverrideMinFlux"":0.024779,""cooldownOverrideMinBandRatio"":0.068524,""analyzeIntervalMs"":41}"
155,r007-0009-c5542ed5,7,-116,5,7,2,5,0,123,"{""relativeReattackFactor"":2.730819,""relativeReattackMinDelta"":0.013108,""relativeFluxFactor"":1.492118,""spectralNoveltyRatio"":2.626053,""spectralNoveltyMinBins"":41,""cooldownFrames"":5,""cooldownOverrideFactor"":2.324938,""cooldownOverrideMinFlux"":0.03,""cooldownOverrideMinBandRatio"":0.051998,""analyzeIntervalMs"":41}"
156,r007-0013-6865e47c,7,-116,5,7,2,5,0,123,"{""relativeReattackFactor"":2.742856,""relativeReattackMinDelta"":0.011872,""relativeFluxFactor"":1.578211,""spectralNoveltyRatio"":2.864241,""spectralNoveltyMinBins"":41,""cooldownFrames"":5,""cooldownOverrideFactor"":2.942742,""cooldownOverrideMinFlux"":0.025311,""cooldownOverrideMinBandRatio"":0.063233,""analyzeIntervalMs"":41}"
157,r007-0020-60bebe07,7,-116,5,7,2,5,0,123,"{""relativeReattackFactor"":2.810802,""relativeReattackMinDelta"":0.012267,""relativeFluxFactor"":1.498973,""spectralNoveltyRatio"":2.685256,""spectralNoveltyMinBins"":41,""cooldownFrames"":5,""cooldownOverrideFactor"":2.934189,""cooldownOverrideMinFlux"":0.025209,""cooldownOverrideMinBandRatio"":0.069518,""analyzeIntervalMs"":41}"
158,r007-0053-6fe75a06,7,-116,5,7,2,5,0,123,"{""relativeReattackFactor"":2.759564,""relativeReattackMinDelta"":0.012427,""relativeFluxFactor"":1.501717,""spectralNoveltyRatio"":2.473065,""spectralNoveltyMinBins"":42,""cooldownFrames"":5,""cooldownOverrideFactor"":2.908415,""cooldownOverrideMinFlux"":0.025898,""cooldownOverrideMinBandRatio"":0.068997,""analyzeIntervalMs"":41}"
159,r005-0024-1d259215,5,-117,4,3,8,2,3,138,"{""relativeReattackFactor"":2.599572,""relativeReattackMinDelta"":0.007393,""relativeFluxFactor"":1.498176,""spectralNoveltyRatio"":3.34509,""spectralNoveltyMinBins"":26,""cooldownFrames"":5,""cooldownOverrideFactor"":3.087742,""cooldownOverrideMinFlux"":0.026607,""cooldownOverrideMinBandRatio"":0.060148,""analyzeIntervalMs"":41}"
160,r006-0074-caa802f5,6,-120,4,5,4,3,0,131,"{""relativeReattackFactor"":2.70622,""relativeReattackMinDelta"":0.010188,""relativeFluxFactor"":1.463156,""spectralNoveltyRatio"":3.756913,""spectralNoveltyMinBins"":31,""cooldownFrames"":5,""cooldownOverrideFactor"":3.048282,""cooldownOverrideMinFlux"":0.023987,""cooldownOverrideMinBandRatio"":0.059415,""analyzeIntervalMs"":40}"
161,r003-0012-a5e69d35,3,-125,4,8,1,5,0,118,"{""relativeReattackFactor"":3.101536,""relativeReattackMinDelta"":0.014221,""relativeFluxFactor"":1.4,""spectralNoveltyRatio"":2.692122,""spectralNoveltyMinBins"":53,""cooldownFrames"":5,""cooldownOverrideFactor"":2.692864,""cooldownOverrideMinFlux"":0.028073,""cooldownOverrideMinBandRatio"":0.050226,""analyzeIntervalMs"":41}"
162,r004-0051-aebd3797,4,-130,3,4,7,2,2,133,"{""relativeReattackFactor"":2.592244,""relativeReattackMinDelta"":0.011627,""relativeFluxFactor"":1.640143,""spectralNoveltyRatio"":3.497438,""spectralNoveltyMinBins"":33,""cooldownFrames"":5,""cooldownOverrideFactor"":3.080759,""cooldownOverrideMinFlux"":0.023666,""cooldownOverrideMinBandRatio"":0.056408,""analyzeIntervalMs"":41}"
163,r005-0029-5c46f0c8,5,-130,3,4,7,2,2,134,"{""relativeReattackFactor"":2.837276,""relativeReattackMinDelta"":0.008314,""relativeFluxFactor"":1.566164,""spectralNoveltyRatio"":3.488753,""spectralNoveltyMinBins"":32,""cooldownFrames"":5,""cooldownOverrideFactor"":3.426675,""cooldownOverrideMinFlux"":0.023887,""cooldownOverrideMinBandRatio"":0.062207,""analyzeIntervalMs"":41}"
164,r005-0056-62f4ca4a,5,-133,4,5,7,3,4,129,"{""relativeReattackFactor"":3.107366,""relativeReattackMinDelta"":0.012279,""relativeFluxFactor"":1.4,""spectralNoveltyRatio"":2.709463,""spectralNoveltyMinBins"":37,""cooldownFrames"":5,""cooldownOverrideFactor"":3.187864,""cooldownOverrideMinFlux"":0.02661,""cooldownOverrideMinBandRatio"":0.067806,""analyzeIntervalMs"":42}"
165,r005-0065-a19f2f02,5,-133,4,5,7,3,4,131,"{""relativeReattackFactor"":2.808955,""relativeReattackMinDelta"":0.014797,""relativeFluxFactor"":1.4,""spectralNoveltyRatio"":2.335458,""spectralNoveltyMinBins"":38,""cooldownFrames"":5,""cooldownOverrideFactor"":2.465137,""cooldownOverrideMinFlux"":0.028714,""cooldownOverrideMinBandRatio"":0.050938,""analyzeIntervalMs"":42}"
166,r005-0070-a1b86b64,5,-133,4,5,7,3,4,130,"{""relativeReattackFactor"":2.819489,""relativeReattackMinDelta"":0.015823,""relativeFluxFactor"":1.415539,""spectralNoveltyRatio"":2.580489,""spectralNoveltyMinBins"":40,""cooldownFrames"":5,""cooldownOverrideFactor"":2.532326,""cooldownOverrideMinFlux"":0.029092,""cooldownOverrideMinBandRatio"":0.047721,""analyzeIntervalMs"":42}"
167,r006-0006-81394ba1,6,-133,4,5,7,3,4,132,"{""relativeReattackFactor"":2.828295,""relativeReattackMinDelta"":0.013581,""relativeFluxFactor"":1.4,""spectralNoveltyRatio"":2.6236,""spectralNoveltyMinBins"":37,""cooldownFrames"":5,""cooldownOverrideFactor"":3.115015,""cooldownOverrideMinFlux"":0.024263,""cooldownOverrideMinBandRatio"":0.063056,""analyzeIntervalMs"":42}"
168,r006-0012-6c954eed,6,-133,4,5,7,3,4,131,"{""relativeReattackFactor"":2.78729,""relativeReattackMinDelta"":0.015343,""relativeFluxFactor"":1.4,""spectralNoveltyRatio"":2.511917,""spectralNoveltyMinBins"":39,""cooldownFrames"":5,""cooldownOverrideFactor"":2.295485,""cooldownOverrideMinFlux"":0.03,""cooldownOverrideMinBandRatio"":0.051829,""analyzeIntervalMs"":42}"
169,r006-0026-35c38dbe,6,-133,4,5,7,3,4,130,"{""relativeReattackFactor"":2.813171,""relativeReattackMinDelta"":0.013033,""relativeFluxFactor"":1.4,""spectralNoveltyRatio"":2.487795,""spectralNoveltyMinBins"":40,""cooldownFrames"":5,""cooldownOverrideFactor"":3.120842,""cooldownOverrideMinFlux"":0.026168,""cooldownOverrideMinBandRatio"":0.068205,""analyzeIntervalMs"":42}"
170,r006-0027-34888796,6,-133,4,5,7,3,4,131,"{""relativeReattackFactor"":2.948365,""relativeReattackMinDelta"":0.013461,""relativeFluxFactor"":1.409324,""spectralNoveltyRatio"":2.377603,""spectralNoveltyMinBins"":39,""cooldownFrames"":5,""cooldownOverrideFactor"":2.565928,""cooldownOverrideMinFlux"":0.029224,""cooldownOverrideMinBandRatio"":0.04973,""analyzeIntervalMs"":42}"
171,r006-0031-75199b66,6,-133,4,5,7,3,4,131,"{""relativeReattackFactor"":2.922801,""relativeReattackMinDelta"":0.014307,""relativeFluxFactor"":1.4,""spectralNoveltyRatio"":2.571497,""spectralNoveltyMinBins"":38,""cooldownFrames"":5,""cooldownOverrideFactor"":3.108836,""cooldownOverrideMinFlux"":0.025782,""cooldownOverrideMinBandRatio"":0.067196,""analyzeIntervalMs"":42}"
172,r006-0037-71fc0712,6,-133,4,5,7,3,4,131,"{""relativeReattackFactor"":2.928265,""relativeReattackMinDelta"":0.01381,""relativeFluxFactor"":1.4,""spectralNoveltyRatio"":2.358393,""spectralNoveltyMinBins"":38,""cooldownFrames"":5,""cooldownOverrideFactor"":2.596934,""cooldownOverrideMinFlux"":0.03,""cooldownOverrideMinBandRatio"":0.048928,""analyzeIntervalMs"":42}"
173,r006-0061-a983092b,6,-133,4,5,7,3,4,130,"{""relativeReattackFactor"":2.907833,""relativeReattackMinDelta"":0.01205,""relativeFluxFactor"":1.4,""spectralNoveltyRatio"":2.479979,""spectralNoveltyMinBins"":40,""cooldownFrames"":5,""cooldownOverrideFactor"":3.102173,""cooldownOverrideMinFlux"":0.026128,""cooldownOverrideMinBandRatio"":0.066085,""analyzeIntervalMs"":42}"
174,r007-0003-55933cbe,7,-133,4,5,7,3,4,131,"{""relativeReattackFactor"":2.847569,""relativeReattackMinDelta"":0.012628,""relativeFluxFactor"":1.442845,""spectralNoveltyRatio"":2.496542,""spectralNoveltyMinBins"":39,""cooldownFrames"":5,""cooldownOverrideFactor"":3.006412,""cooldownOverrideMinFlux"":0.025553,""cooldownOverrideMinBandRatio"":0.065786,""analyzeIntervalMs"":42}"
175,r007-0024-e81762d8,7,-133,4,5,7,3,4,131,"{""relativeReattackFactor"":2.85603,""relativeReattackMinDelta"":0.013023,""relativeFluxFactor"":1.4,""spectralNoveltyRatio"":2.430538,""spectralNoveltyMinBins"":38,""cooldownFrames"":5,""cooldownOverrideFactor"":2.473776,""cooldownOverrideMinFlux"":0.029821,""cooldownOverrideMinBandRatio"":0.04653,""analyzeIntervalMs"":42}"
176,r007-0029-a43c0ab9,7,-133,4,5,7,3,4,131,"{""relativeReattackFactor"":2.930142,""relativeReattackMinDelta"":0.014183,""relativeFluxFactor"":1.4,""spectralNoveltyRatio"":2.43449,""spectralNoveltyMinBins"":40,""cooldownFrames"":5,""cooldownOverrideFactor"":2.494288,""cooldownOverrideMinFlux"":0.029887,""cooldownOverrideMinBandRatio"":0.047781,""analyzeIntervalMs"":42}"
177,r007-0052-8cdc58a9,7,-133,4,5,7,3,4,130,"{""relativeReattackFactor"":2.857222,""relativeReattackMinDelta"":0.014664,""relativeFluxFactor"":1.4,""spectralNoveltyRatio"":2.568576,""spectralNoveltyMinBins"":40,""cooldownFrames"":5,""cooldownOverrideFactor"":2.557322,""cooldownOverrideMinFlux"":0.03,""cooldownOverrideMinBandRatio"":0.047444,""analyzeIntervalMs"":42}"
178,r007-0055-fef8358d,7,-133,4,5,7,3,4,131,"{""relativeReattackFactor"":2.8284,""relativeReattackMinDelta"":0.011776,""relativeFluxFactor"":1.423903,""spectralNoveltyRatio"":2.525393,""spectralNoveltyMinBins"":39,""cooldownFrames"":5,""cooldownOverrideFactor"":2.702711,""cooldownOverrideMinFlux"":0.025297,""cooldownOverrideMinBandRatio"":0.069095,""analyzeIntervalMs"":42}"
179,r007-0068-21c5fae7,7,-133,4,5,7,3,4,131,"{""relativeReattackFactor"":2.744621,""relativeReattackMinDelta"":0.011428,""relativeFluxFactor"":1.4,""spectralNoveltyRatio"":2.586464,""spectralNoveltyMinBins"":39,""cooldownFrames"":5,""cooldownOverrideFactor"":2.972725,""cooldownOverrideMinFlux"":0.025797,""cooldownOverrideMinBandRatio"":0.069583,""analyzeIntervalMs"":42}"
180,r007-0073-08866f8b,7,-133,4,5,7,3,4,131,"{""relativeReattackFactor"":2.853623,""relativeReattackMinDelta"":0.012833,""relativeFluxFactor"":1.440452,""spectralNoveltyRatio"":2.729871,""spectralNoveltyMinBins"":39,""cooldownFrames"":5,""cooldownOverrideFactor"":2.731857,""cooldownOverrideMinFlux"":0.026505,""cooldownOverrideMinBandRatio"":0.069463,""analyzeIntervalMs"":42}"
181,r007-0074-fc90f11f,7,-133,4,5,7,3,4,131,"{""relativeReattackFactor"":2.850966,""relativeReattackMinDelta"":0.013874,""relativeFluxFactor"":1.4,""spectralNoveltyRatio"":2.683102,""spectralNoveltyMinBins"":37,""cooldownFrames"":5,""cooldownOverrideFactor"":2.367228,""cooldownOverrideMinFlux"":0.028824,""cooldownOverrideMinBandRatio"":0.050365,""analyzeIntervalMs"":42}"
182,r007-0079-1c1ef97e,7,-133,4,5,7,3,4,131,"{""relativeReattackFactor"":2.755715,""relativeReattackMinDelta"":0.012418,""relativeFluxFactor"":1.4,""spectralNoveltyRatio"":2.687869,""spectralNoveltyMinBins"":38,""cooldownFrames"":5,""cooldownOverrideFactor"":2.47726,""cooldownOverrideMinFlux"":0.028988,""cooldownOverrideMinBandRatio"":0.048728,""analyzeIntervalMs"":42}"
183,r008-0003-bade4b7c,8,-133,4,5,7,3,4,130,"{""relativeReattackFactor"":3.023547,""relativeReattackMinDelta"":0.014109,""relativeFluxFactor"":1.4,""spectralNoveltyRatio"":2.664184,""spectralNoveltyMinBins"":39,""cooldownFrames"":5,""cooldownOverrideFactor"":2.533915,""cooldownOverrideMinFlux"":0.028851,""cooldownOverrideMinBandRatio"":0.048634,""analyzeIntervalMs"":42}"
184,r008-0005-6196069f,8,-133,4,5,7,3,4,130,"{""relativeReattackFactor"":2.840061,""relativeReattackMinDelta"":0.012784,""relativeFluxFactor"":1.4,""spectralNoveltyRatio"":2.556712,""spectralNoveltyMinBins"":40,""cooldownFrames"":5,""cooldownOverrideFactor"":2.734277,""cooldownOverrideMinFlux"":0.025275,""cooldownOverrideMinBandRatio"":0.069456,""analyzeIntervalMs"":42}"
185,r008-0015-4ccc886c,8,-133,4,5,7,3,4,131,"{""relativeReattackFactor"":2.979389,""relativeReattackMinDelta"":0.012228,""relativeFluxFactor"":1.444498,""spectralNoveltyRatio"":2.463839,""spectralNoveltyMinBins"":38,""cooldownFrames"":5,""cooldownOverrideFactor"":2.951753,""cooldownOverrideMinFlux"":0.025001,""cooldownOverrideMinBandRatio"":0.070663,""analyzeIntervalMs"":42}"
186,r008-0027-2a1447a8,8,-133,4,5,7,3,4,131,"{""relativeReattackFactor"":2.948863,""relativeReattackMinDelta"":0.013903,""relativeFluxFactor"":1.425188,""spectralNoveltyRatio"":2.449015,""spectralNoveltyMinBins"":40,""cooldownFrames"":5,""cooldownOverrideFactor"":2.372406,""cooldownOverrideMinFlux"":0.028869,""cooldownOverrideMinBandRatio"":0.046126,""analyzeIntervalMs"":42}"
187,r008-0061-94f1cb3b,8,-133,4,5,7,3,4,130,"{""relativeReattackFactor"":3.073731,""relativeReattackMinDelta"":0.013306,""relativeFluxFactor"":1.4,""spectralNoveltyRatio"":2.512634,""spectralNoveltyMinBins"":38,""cooldownFrames"":5,""cooldownOverrideFactor"":2.948672,""cooldownOverrideMinFlux"":0.026253,""cooldownOverrideMinBandRatio"":0.065749,""analyzeIntervalMs"":42}"
188,r008-0071-a8beb83f,8,-133,4,5,7,3,4,131,"{""relativeReattackFactor"":2.931321,""relativeReattackMinDelta"":0.012555,""relativeFluxFactor"":1.4,""spectralNoveltyRatio"":2.622613,""spectralNoveltyMinBins"":39,""cooldownFrames"":5,""cooldownOverrideFactor"":2.911868,""cooldownOverrideMinFlux"":0.026491,""cooldownOverrideMinBandRatio"":0.065522,""analyzeIntervalMs"":42}"
189,r009-0002-535e5087,9,-133,4,5,7,3,4,131,"{""relativeReattackFactor"":2.949203,""relativeReattackMinDelta"":0.013537,""relativeFluxFactor"":1.442374,""spectralNoveltyRatio"":2.425911,""spectralNoveltyMinBins"":40,""cooldownFrames"":5,""cooldownOverrideFactor"":2.451569,""cooldownOverrideMinFlux"":0.029667,""cooldownOverrideMinBandRatio"":0.048804,""analyzeIntervalMs"":42}"
190,r009-0003-e1b1ae0b,9,-133,4,5,7,3,4,131,"{""relativeReattackFactor"":2.965025,""relativeReattackMinDelta"":0.013362,""relativeFluxFactor"":1.4,""spectralNoveltyRatio"":2.618927,""spectralNoveltyMinBins"":39,""cooldownFrames"":5,""cooldownOverrideFactor"":2.628708,""cooldownOverrideMinFlux"":0.029474,""cooldownOverrideMinBandRatio"":0.053165,""analyzeIntervalMs"":42}"
191,r009-0017-38a96dc0,9,-133,4,5,7,3,4,131,"{""relativeReattackFactor"":2.865614,""relativeReattackMinDelta"":0.014619,""relativeFluxFactor"":1.4,""spectralNoveltyRatio"":2.468125,""spectralNoveltyMinBins"":39,""cooldownFrames"":5,""cooldownOverrideFactor"":2.593562,""cooldownOverrideMinFlux"":0.029265,""cooldownOverrideMinBandRatio"":0.047241,""analyzeIntervalMs"":42}"
192,r009-0026-938fddbc,9,-133,4,5,7,3,4,130,"{""relativeReattackFactor"":3.008499,""relativeReattackMinDelta"":0.013941,""relativeFluxFactor"":1.4,""spectralNoveltyRatio"":2.497106,""spectralNoveltyMinBins"":40,""cooldownFrames"":5,""cooldownOverrideFactor"":3.005621,""cooldownOverrideMinFlux"":0.026324,""cooldownOverrideMinBandRatio"":0.066083,""analyzeIntervalMs"":42}"
193,r009-0068-5d9a1395,9,-133,4,5,7,3,4,130,"{""relativeReattackFactor"":2.886927,""relativeReattackMinDelta"":0.013523,""relativeFluxFactor"":1.4,""spectralNoveltyRatio"":2.650857,""spectralNoveltyMinBins"":40,""cooldownFrames"":5,""cooldownOverrideFactor"":2.670771,""cooldownOverrideMinFlux"":0.029591,""cooldownOverrideMinBandRatio"":0.053364,""analyzeIntervalMs"":42}"
194,r005-0034-3e568e04,5,-136,2,4,7,2,0,135,"{""relativeReattackFactor"":2.842401,""relativeReattackMinDelta"":0.006895,""relativeFluxFactor"":1.439893,""spectralNoveltyRatio"":3.232035,""spectralNoveltyMinBins"":29,""cooldownFrames"":5,""cooldownOverrideFactor"":3.342222,""cooldownOverrideMinFlux"":0.024092,""cooldownOverrideMinBandRatio"":0.055257,""analyzeIntervalMs"":40}"
195,r004-0053-4ff6b805,4,-136,4,6,3,4,0,127,"{""relativeReattackFactor"":2.898387,""relativeReattackMinDelta"":0.014742,""relativeFluxFactor"":1.555066,""spectralNoveltyRatio"":3.611477,""spectralNoveltyMinBins"":36,""cooldownFrames"":5,""cooldownOverrideFactor"":3.198555,""cooldownOverrideMinFlux"":0.025278,""cooldownOverrideMinBandRatio"":0.051641,""analyzeIntervalMs"":41}"
196,r006-0063-6bb74f3e,6,-139,4,5,8,3,4,132,"{""relativeReattackFactor"":2.691287,""relativeReattackMinDelta"":0.011962,""relativeFluxFactor"":1.423838,""spectralNoveltyRatio"":2.700235,""spectralNoveltyMinBins"":39,""cooldownFrames"":5,""cooldownOverrideFactor"":2.868599,""cooldownOverrideMinFlux"":0.025642,""cooldownOverrideMinBandRatio"":0.068734,""analyzeIntervalMs"":42}"
197,r007-0045-5c83fc8a,7,-139,4,5,8,3,4,132,"{""relativeReattackFactor"":2.697141,""relativeReattackMinDelta"":0.011463,""relativeFluxFactor"":1.406724,""spectralNoveltyRatio"":2.428963,""spectralNoveltyMinBins"":40,""cooldownFrames"":5,""cooldownOverrideFactor"":2.759906,""cooldownOverrideMinFlux"":0.025259,""cooldownOverrideMinBandRatio"":0.069717,""analyzeIntervalMs"":42}"
198,r007-0080-c92153c1,7,-143,5,7,3,5,1,124,"{""relativeReattackFactor"":2.625852,""relativeReattackMinDelta"":0.012994,""relativeFluxFactor"":1.514578,""spectralNoveltyRatio"":2.800878,""spectralNoveltyMinBins"":41,""cooldownFrames"":5,""cooldownOverrideFactor"":2.642536,""cooldownOverrideMinFlux"":0.025064,""cooldownOverrideMinBandRatio"":0.065473,""analyzeIntervalMs"":41}"
199,r003-0019-07cf2106,3,-154,6,7,0,5,0,121,"{""relativeReattackFactor"":3.652021,""relativeReattackMinDelta"":0.019022,""relativeFluxFactor"":1.885669,""spectralNoveltyRatio"":1.883629,""spectralNoveltyMinBins"":41,""cooldownFrames"":5,""cooldownOverrideFactor"":3.704855,""cooldownOverrideMinFlux"":0.023918,""cooldownOverrideMinBandRatio"":0.056359,""analyzeIntervalMs"":41}"
200,r006-0009-676f54db,6,-159,3,4,6,2,1,134,"{""relativeReattackFactor"":2.777638,""relativeReattackMinDelta"":0.010558,""relativeFluxFactor"":1.4,""spectralNoveltyRatio"":3.443664,""spectralNoveltyMinBins"":31,""cooldownFrames"":5,""cooldownOverrideFactor"":2.942517,""cooldownOverrideMinFlux"":0.025581,""cooldownOverrideMinBandRatio"":0.053882,""analyzeIntervalMs"":40}"
201,r006-0014-77fd521c,6,-159,3,4,6,2,1,134,"{""relativeReattackFactor"":2.698995,""relativeReattackMinDelta"":0.008978,""relativeFluxFactor"":1.4,""spectralNoveltyRatio"":3.512442,""spectralNoveltyMinBins"":30,""cooldownFrames"":5,""cooldownOverrideFactor"":3.217177,""cooldownOverrideMinFlux"":0.02549,""cooldownOverrideMinBandRatio"":0.061279,""analyzeIntervalMs"":40}"
202,r004-0076-0463a586,4,-159,3,5,7,3,2,133,"{""relativeReattackFactor"":2.58191,""relativeReattackMinDelta"":0.008087,""relativeFluxFactor"":1.4,""spectralNoveltyRatio"":4.076035,""spectralNoveltyMinBins"":34,""cooldownFrames"":5,""cooldownOverrideFactor"":2.967973,""cooldownOverrideMinFlux"":0.02679,""cooldownOverrideMinBandRatio"":0.060178,""analyzeIntervalMs"":41}"
203,r003-0053-4c826d0e,3,-161,3,4,7,2,1,134,"{""relativeReattackFactor"":3.195275,""relativeReattackMinDelta"":0.01407,""relativeFluxFactor"":1.4,""spectralNoveltyRatio"":3.01758,""spectralNoveltyMinBins"":31,""cooldownFrames"":5,""cooldownOverrideFactor"":2.04456,""cooldownOverrideMinFlux"":0.026845,""cooldownOverrideMinBandRatio"":0.049716,""analyzeIntervalMs"":40}"
204,r003-0057-ab8e8a96,3,-172,5,8,1,6,0,121,"{""relativeReattackFactor"":3.032809,""relativeReattackMinDelta"":0.015094,""relativeFluxFactor"":1.586017,""spectralNoveltyRatio"":3.099997,""spectralNoveltyMinBins"":43,""cooldownFrames"":5,""cooldownOverrideFactor"":2.899196,""cooldownOverrideMinFlux"":0.03,""cooldownOverrideMinBandRatio"":0.053582,""analyzeIntervalMs"":41}"
205,r004-0029-6d31d37a,4,-172,5,8,1,6,0,118,"{""relativeReattackFactor"":3.157002,""relativeReattackMinDelta"":0.014584,""relativeFluxFactor"":1.533533,""spectralNoveltyRatio"":2.426385,""spectralNoveltyMinBins"":48,""cooldownFrames"":5,""cooldownOverrideFactor"":2.520034,""cooldownOverrideMinFlux"":0.03,""cooldownOverrideMinBandRatio"":0.047327,""analyzeIntervalMs"":41}"
206,r007-0071-62d042b5,7,-172,5,8,1,6,0,121,"{""relativeReattackFactor"":3.008529,""relativeReattackMinDelta"":0.013415,""relativeFluxFactor"":1.533362,""spectralNoveltyRatio"":2.828012,""spectralNoveltyMinBins"":43,""cooldownFrames"":5,""cooldownOverrideFactor"":3.139615,""cooldownOverrideMinFlux"":0.026092,""cooldownOverrideMinBandRatio"":0.067518,""analyzeIntervalMs"":41}"
207,r008-0039-f627e568,8,-172,5,8,1,6,0,121,"{""relativeReattackFactor"":3.051507,""relativeReattackMinDelta"":0.01176,""relativeFluxFactor"":1.505119,""spectralNoveltyRatio"":2.64329,""spectralNoveltyMinBins"":42,""cooldownFrames"":5,""cooldownOverrideFactor"":3.168404,""cooldownOverrideMinFlux"":0.025838,""cooldownOverrideMinBandRatio"":0.068409,""analyzeIntervalMs"":41}"
208,r003-0003-55b51ec6,3,-185,2,5,7,3,0,132,"{""relativeReattackFactor"":3.641159,""relativeReattackMinDelta"":0.011922,""relativeFluxFactor"":1.4,""spectralNoveltyRatio"":2.857227,""spectralNoveltyMinBins"":37,""cooldownFrames"":5,""cooldownOverrideFactor"":2.474829,""cooldownOverrideMinFlux"":0.026653,""cooldownOverrideMinBandRatio"":0.049781,""analyzeIntervalMs"":36}"
209,r003-0069-033e5eb7,3,-193,4,6,6,4,3,126,"{""relativeReattackFactor"":3.921841,""relativeReattackMinDelta"":0.018458,""relativeFluxFactor"":1.567785,""spectralNoveltyRatio"":2.312557,""spectralNoveltyMinBins"":40,""cooldownFrames"":5,""cooldownOverrideFactor"":3.625024,""cooldownOverrideMinFlux"":0.020877,""cooldownOverrideMinBandRatio"":0.06115,""analyzeIntervalMs"":42}"
210,r004-0008-cc021ac6,4,-193,4,6,6,4,3,129,"{""relativeReattackFactor"":2.898325,""relativeReattackMinDelta"":0.013842,""relativeFluxFactor"":1.4,""spectralNoveltyRatio"":3.644801,""spectralNoveltyMinBins"":33,""cooldownFrames"":5,""cooldownOverrideFactor"":3.358599,""cooldownOverrideMinFlux"":0.024178,""cooldownOverrideMinBandRatio"":0.056717,""analyzeIntervalMs"":42}"
211,r005-0042-b61e40d7,5,-193,4,6,6,4,3,130,"{""relativeReattackFactor"":2.849745,""relativeReattackMinDelta"":0.010801,""relativeFluxFactor"":1.429693,""spectralNoveltyRatio"":3.745388,""spectralNoveltyMinBins"":32,""cooldownFrames"":5,""cooldownOverrideFactor"":3.084488,""cooldownOverrideMinFlux"":0.02716,""cooldownOverrideMinBandRatio"":0.053394,""analyzeIntervalMs"":42}"
212,r006-0050-52d78cc2,6,-193,4,6,6,4,3,130,"{""relativeReattackFactor"":2.795055,""relativeReattackMinDelta"":0.014837,""relativeFluxFactor"":1.414129,""spectralNoveltyRatio"":3.599995,""spectralNoveltyMinBins"":33,""cooldownFrames"":5,""cooldownOverrideFactor"":3.05675,""cooldownOverrideMinFlux"":0.022181,""cooldownOverrideMinBandRatio"":0.054792,""analyzeIntervalMs"":42}"
213,r004-0041-eee7cf48,4,-195,3,4,6,2,1,134,"{""relativeReattackFactor"":2.54976,""relativeReattackMinDelta"":0.008219,""relativeFluxFactor"":1.4,""spectralNoveltyRatio"":3.711494,""spectralNoveltyMinBins"":33,""cooldownFrames"":5,""cooldownOverrideFactor"":3.309378,""cooldownOverrideMinFlux"":0.023991,""cooldownOverrideMinBandRatio"":0.058252,""analyzeIntervalMs"":40}"
214,r005-0064-8c52dd07,5,-195,3,4,6,2,1,134,"{""relativeReattackFactor"":2.540178,""relativeReattackMinDelta"":0.007094,""relativeFluxFactor"":1.4,""spectralNoveltyRatio"":3.388562,""spectralNoveltyMinBins"":33,""cooldownFrames"":5,""cooldownOverrideFactor"":3.212071,""cooldownOverrideMinFlux"":0.024469,""cooldownOverrideMinBandRatio"":0.060124,""analyzeIntervalMs"":40}"
215,r008-0054-b92bcc91,8,-196,3,6,5,4,0,129,"{""relativeReattackFactor"":2.957386,""relativeReattackMinDelta"":0.011892,""relativeFluxFactor"":1.450816,""spectralNoveltyRatio"":2.609958,""spectralNoveltyMinBins"":38,""cooldownFrames"":5,""cooldownOverrideFactor"":3.110563,""cooldownOverrideMinFlux"":0.024682,""cooldownOverrideMinBandRatio"":0.065122,""analyzeIntervalMs"":40}"
216,r009-0056-811ea4d1,9,-196,3,6,5,4,0,128,"{""relativeReattackFactor"":2.993884,""relativeReattackMinDelta"":0.01356,""relativeFluxFactor"":1.449146,""spectralNoveltyRatio"":2.507116,""spectralNoveltyMinBins"":38,""cooldownFrames"":5,""cooldownOverrideFactor"":3.05043,""cooldownOverrideMinFlux"":0.026268,""cooldownOverrideMinBandRatio"":0.064635,""analyzeIntervalMs"":40}"
217,r003-0031-b9a14773,3,-199,4,5,5,3,1,131,"{""relativeReattackFactor"":2.879748,""relativeReattackMinDelta"":0.010595,""relativeFluxFactor"":1.4,""spectralNoveltyRatio"":3.209022,""spectralNoveltyMinBins"":35,""cooldownFrames"":5,""cooldownOverrideFactor"":2.768139,""cooldownOverrideMinFlux"":0.027521,""cooldownOverrideMinBandRatio"":0.050256,""analyzeIntervalMs"":40}"
218,r004-0016-4a9d2a2e,4,-199,4,5,5,3,1,132,"{""relativeReattackFactor"":2.794992,""relativeReattackMinDelta"":0.009568,""relativeFluxFactor"":1.4,""spectralNoveltyRatio"":3.781813,""spectralNoveltyMinBins"":34,""cooldownFrames"":5,""cooldownOverrideFactor"":3.127725,""cooldownOverrideMinFlux"":0.023918,""cooldownOverrideMinBandRatio"":0.053722,""analyzeIntervalMs"":40}"
219,r004-0042-d191e7f9,4,-199,4,5,5,3,1,131,"{""relativeReattackFactor"":2.921815,""relativeReattackMinDelta"":0.010763,""relativeFluxFactor"":1.4,""spectralNoveltyRatio"":3.776622,""spectralNoveltyMinBins"":33,""cooldownFrames"":5,""cooldownOverrideFactor"":3.086879,""cooldownOverrideMinFlux"":0.027986,""cooldownOverrideMinBandRatio"":0.05655,""analyzeIntervalMs"":40}"
220,r004-0078-8a727c86,4,-199,4,5,5,3,1,132,"{""relativeReattackFactor"":2.697778,""relativeReattackMinDelta"":0.014631,""relativeFluxFactor"":1.4,""spectralNoveltyRatio"":3.415193,""spectralNoveltyMinBins"":33,""cooldownFrames"":5,""cooldownOverrideFactor"":3.13302,""cooldownOverrideMinFlux"":0.026248,""cooldownOverrideMinBandRatio"":0.057747,""analyzeIntervalMs"":40}"
221,r005-0023-5ec0113d,5,-199,4,5,5,3,1,131,"{""relativeReattackFactor"":2.84593,""relativeReattackMinDelta"":0.014909,""relativeFluxFactor"":1.4,""spectralNoveltyRatio"":3.461815,""spectralNoveltyMinBins"":32,""cooldownFrames"":5,""cooldownOverrideFactor"":2.842314,""cooldownOverrideMinFlux"":0.024005,""cooldownOverrideMinBandRatio"":0.054643,""analyzeIntervalMs"":40}"
222,r005-0037-84ff4a19,5,-199,4,5,5,3,1,132,"{""relativeReattackFactor"":2.741751,""relativeReattackMinDelta"":0.008649,""relativeFluxFactor"":1.4,""spectralNoveltyRatio"":3.453131,""spectralNoveltyMinBins"":33,""cooldownFrames"":5,""cooldownOverrideFactor"":3.113052,""cooldownOverrideMinFlux"":0.024795,""cooldownOverrideMinBandRatio"":0.059558,""analyzeIntervalMs"":40}"
223,r005-0074-08b0f233,5,-199,4,5,5,3,1,132,"{""relativeReattackFactor"":2.618672,""relativeReattackMinDelta"":0.009183,""relativeFluxFactor"":1.4,""spectralNoveltyRatio"":3.699552,""spectralNoveltyMinBins"":32,""cooldownFrames"":5,""cooldownOverrideFactor"":3.268044,""cooldownOverrideMinFlux"":0.024751,""cooldownOverrideMinBandRatio"":0.054488,""analyzeIntervalMs"":40}"
224,r006-0025-4c042f75,6,-199,4,5,5,3,1,131,"{""relativeReattackFactor"":2.88603,""relativeReattackMinDelta"":0.013415,""relativeFluxFactor"":1.4,""spectralNoveltyRatio"":3.33655,""spectralNoveltyMinBins"":35,""cooldownFrames"":5,""cooldownOverrideFactor"":3.038627,""cooldownOverrideMinFlux"":0.022266,""cooldownOverrideMinBandRatio"":0.054356,""analyzeIntervalMs"":40}"
225,r006-0034-bbcb456e,6,-199,4,5,5,3,1,132,"{""relativeReattackFactor"":2.764699,""relativeReattackMinDelta"":0.010453,""relativeFluxFactor"":1.4,""spectralNoveltyRatio"":3.929927,""spectralNoveltyMinBins"":34,""cooldownFrames"":5,""cooldownOverrideFactor"":2.877292,""cooldownOverrideMinFlux"":0.024206,""cooldownOverrideMinBandRatio"":0.06015,""analyzeIntervalMs"":40}"
226,r006-0035-7065b6b3,6,-199,4,5,5,3,1,132,"{""relativeReattackFactor"":2.717783,""relativeReattackMinDelta"":0.013463,""relativeFluxFactor"":1.412444,""spectralNoveltyRatio"":3.274128,""spectralNoveltyMinBins"":33,""cooldownFrames"":5,""cooldownOverrideFactor"":3.197268,""cooldownOverrideMinFlux"":0.022965,""cooldownOverrideMinBandRatio"":0.048398,""analyzeIntervalMs"":40}"
227,r006-0055-1345fb56,6,-199,4,5,5,3,1,131,"{""relativeReattackFactor"":2.820913,""relativeReattackMinDelta"":0.014761,""relativeFluxFactor"":1.4,""spectralNoveltyRatio"":3.463778,""spectralNoveltyMinBins"":32,""cooldownFrames"":5,""cooldownOverrideFactor"":3.090607,""cooldownOverrideMinFlux"":0.023108,""cooldownOverrideMinBandRatio"":0.052741,""analyzeIntervalMs"":40}"
228,r004-0067-a598a6f9,4,-199,4,6,7,4,3,130,"{""relativeReattackFactor"":2.730746,""relativeReattackMinDelta"":0.012275,""relativeFluxFactor"":1.4,""spectralNoveltyRatio"":3.827467,""spectralNoveltyMinBins"":32,""cooldownFrames"":5,""cooldownOverrideFactor"":3.079321,""cooldownOverrideMinFlux"":0.025025,""cooldownOverrideMinBandRatio"":0.054101,""analyzeIntervalMs"":42}"
229,r003-0010-c711def9,3,-199,4,7,3,5,0,121,"{""relativeReattackFactor"":4,""relativeReattackMinDelta"":0.025,""relativeFluxFactor"":1.947188,""spectralNoveltyRatio"":2.381943,""spectralNoveltyMinBins"":40,""cooldownFrames"":5,""cooldownOverrideFactor"":4.015782,""cooldownOverrideMinFlux"":0.021768,""cooldownOverrideMinBandRatio"":0.069866,""analyzeIntervalMs"":42}"
230,r004-0047-75d85ae9,4,-203,5,8,2,6,0,122,"{""relativeReattackFactor"":2.789463,""relativeReattackMinDelta"":0.010063,""relativeFluxFactor"":1.701945,""spectralNoveltyRatio"":3.697854,""spectralNoveltyMinBins"":39,""cooldownFrames"":5,""cooldownOverrideFactor"":3.218769,""cooldownOverrideMinFlux"":0.026041,""cooldownOverrideMinBandRatio"":0.050727,""analyzeIntervalMs"":41}"
231,r005-0003-1a9811c5,5,-207,4,6,4,4,0,130,"{""relativeReattackFactor"":2.676655,""relativeReattackMinDelta"":0.013548,""relativeFluxFactor"":1.48895,""spectralNoveltyRatio"":3.279067,""spectralNoveltyMinBins"":32,""cooldownFrames"":5,""cooldownOverrideFactor"":2.968543,""cooldownOverrideMinFlux"":0.025141,""cooldownOverrideMinBandRatio"":0.050606,""analyzeIntervalMs"":40}"
232,r006-0004-19177948,6,-207,4,6,4,4,0,130,"{""relativeReattackFactor"":2.676458,""relativeReattackMinDelta"":0.010152,""relativeFluxFactor"":1.546111,""spectralNoveltyRatio"":3.893903,""spectralNoveltyMinBins"":31,""cooldownFrames"":5,""cooldownOverrideFactor"":3.002965,""cooldownOverrideMinFlux"":0.02501,""cooldownOverrideMinBandRatio"":0.054104,""analyzeIntervalMs"":40}"
233,r006-0064-8b0b3983,6,-207,4,6,4,4,0,130,"{""relativeReattackFactor"":2.61307,""relativeReattackMinDelta"":0.009908,""relativeFluxFactor"":1.527479,""spectralNoveltyRatio"":3.91795,""spectralNoveltyMinBins"":31,""cooldownFrames"":5,""cooldownOverrideFactor"":2.895673,""cooldownOverrideMinFlux"":0.02581,""cooldownOverrideMinBandRatio"":0.05804,""analyzeIntervalMs"":40}"
234,r004-0049-cd943379,4,-207,4,7,4,5,0,126,"{""relativeReattackFactor"":2.969802,""relativeReattackMinDelta"":0.013705,""relativeFluxFactor"":1.4,""spectralNoveltyRatio"":2.805239,""spectralNoveltyMinBins"":42,""cooldownFrames"":5,""cooldownOverrideFactor"":2.905041,""cooldownOverrideMinFlux"":0.03,""cooldownOverrideMinBandRatio"":0.050107,""analyzeIntervalMs"":40}"
235,r005-0036-c67431b4,5,-207,4,7,4,5,0,127,"{""relativeReattackFactor"":2.877966,""relativeReattackMinDelta"":0.014262,""relativeFluxFactor"":1.4,""spectralNoveltyRatio"":2.867098,""spectralNoveltyMinBins"":41,""cooldownFrames"":5,""cooldownOverrideFactor"":3.233864,""cooldownOverrideMinFlux"":0.027361,""cooldownOverrideMinBandRatio"":0.069757,""analyzeIntervalMs"":40}"
236,r006-0047-f84740fe,6,-207,4,7,4,5,0,128,"{""relativeReattackFactor"":2.755375,""relativeReattackMinDelta"":0.014815,""relativeFluxFactor"":1.4,""spectralNoveltyRatio"":2.667595,""spectralNoveltyMinBins"":42,""cooldownFrames"":5,""cooldownOverrideFactor"":2.571131,""cooldownOverrideMinFlux"":0.03,""cooldownOverrideMinBandRatio"":0.04971,""analyzeIntervalMs"":40}"
237,r006-0071-3e8a95e6,6,-207,4,7,4,5,0,127,"{""relativeReattackFactor"":2.83091,""relativeReattackMinDelta"":0.012892,""relativeFluxFactor"":1.4,""spectralNoveltyRatio"":2.760259,""spectralNoveltyMinBins"":42,""cooldownFrames"":5,""cooldownOverrideFactor"":3.078514,""cooldownOverrideMinFlux"":0.027146,""cooldownOverrideMinBandRatio"":0.064863,""analyzeIntervalMs"":40}"
238,r006-0076-60125dd3,6,-207,4,7,4,5,0,127,"{""relativeReattackFactor"":2.842654,""relativeReattackMinDelta"":0.012796,""relativeFluxFactor"":1.4,""spectralNoveltyRatio"":2.613016,""spectralNoveltyMinBins"":41,""cooldownFrames"":5,""cooldownOverrideFactor"":2.867019,""cooldownOverrideMinFlux"":0.026928,""cooldownOverrideMinBandRatio"":0.062309,""analyzeIntervalMs"":40}"
239,r007-0005-cd7c5c2f,7,-207,4,7,4,5,0,128,"{""relativeReattackFactor"":2.791505,""relativeReattackMinDelta"":0.011818,""relativeFluxFactor"":1.4,""spectralNoveltyRatio"":2.472769,""spectralNoveltyMinBins"":41,""cooldownFrames"":5,""cooldownOverrideFactor"":2.830356,""cooldownOverrideMinFlux"":0.023322,""cooldownOverrideMinBandRatio"":0.065389,""analyzeIntervalMs"":40}"
240,r007-0012-e78384d1,7,-207,4,7,4,5,0,126,"{""relativeReattackFactor"":3.001706,""relativeReattackMinDelta"":0.013694,""relativeFluxFactor"":1.4,""spectralNoveltyRatio"":2.497652,""spectralNoveltyMinBins"":41,""cooldownFrames"":5,""cooldownOverrideFactor"":2.612901,""cooldownOverrideMinFlux"":0.029095,""cooldownOverrideMinBandRatio"":0.050458,""analyzeIntervalMs"":40}"
241,r007-0015-b2204cfa,7,-207,4,7,4,5,0,128,"{""relativeReattackFactor"":2.728754,""relativeReattackMinDelta"":0.011799,""relativeFluxFactor"":1.400023,""spectralNoveltyRatio"":2.784338,""spectralNoveltyMinBins"":42,""cooldownFrames"":5,""cooldownOverrideFactor"":2.653932,""cooldownOverrideMinFlux"":0.024473,""cooldownOverrideMinBandRatio"":0.067035,""analyzeIntervalMs"":40}"
242,r007-0026-0183b4e5,7,-207,4,7,4,5,0,126,"{""relativeReattackFactor"":3.075044,""relativeReattackMinDelta"":0.012534,""relativeFluxFactor"":1.4,""spectralNoveltyRatio"":2.576807,""spectralNoveltyMinBins"":42,""cooldownFrames"":5,""cooldownOverrideFactor"":3.053341,""cooldownOverrideMinFlux"":0.025632,""cooldownOverrideMinBandRatio"":0.067078,""analyzeIntervalMs"":40}"
243,r007-0033-dbabb706,7,-207,4,7,4,5,0,128,"{""relativeReattackFactor"":2.730533,""relativeReattackMinDelta"":0.012802,""relativeFluxFactor"":1.4,""spectralNoveltyRatio"":2.814962,""spectralNoveltyMinBins"":42,""cooldownFrames"":5,""cooldownOverrideFactor"":2.994532,""cooldownOverrideMinFlux"":0.025084,""cooldownOverrideMinBandRatio"":0.067654,""analyzeIntervalMs"":40}"
244,r007-0041-8ebd8f1f,7,-207,4,7,4,5,0,126,"{""relativeReattackFactor"":3.013198,""relativeReattackMinDelta"":0.013613,""relativeFluxFactor"":1.4,""spectralNoveltyRatio"":2.734046,""spectralNoveltyMinBins"":40,""cooldownFrames"":5,""cooldownOverrideFactor"":2.865962,""cooldownOverrideMinFlux"":0.02526,""cooldownOverrideMinBandRatio"":0.063553,""analyzeIntervalMs"":40}"
245,r008-0018-ab2c7871,8,-207,4,7,4,5,0,127,"{""relativeReattackFactor"":2.954835,""relativeReattackMinDelta"":0.013881,""relativeFluxFactor"":1.4,""spectralNoveltyRatio"":2.633359,""spectralNoveltyMinBins"":42,""cooldownFrames"":5,""cooldownOverrideFactor"":2.607849,""cooldownOverrideMinFlux"":0.03,""cooldownOverrideMinBandRatio"":0.049967,""analyzeIntervalMs"":40}"
246,r008-0038-f000b2bb,8,-207,4,7,4,5,0,127,"{""relativeReattackFactor"":2.875759,""relativeReattackMinDelta"":0.013782,""relativeFluxFactor"":1.4,""spectralNoveltyRatio"":2.604789,""spectralNoveltyMinBins"":42,""cooldownFrames"":5,""cooldownOverrideFactor"":2.64856,""cooldownOverrideMinFlux"":0.03,""cooldownOverrideMinBandRatio"":0.054311,""analyzeIntervalMs"":40}"
247,r008-0044-135c2ff8,8,-207,4,7,4,5,0,126,"{""relativeReattackFactor"":2.96855,""relativeReattackMinDelta"":0.012172,""relativeFluxFactor"":1.4,""spectralNoveltyRatio"":2.680318,""spectralNoveltyMinBins"":42,""cooldownFrames"":5,""cooldownOverrideFactor"":3.18972,""cooldownOverrideMinFlux"":0.024219,""cooldownOverrideMinBandRatio"":0.065707,""analyzeIntervalMs"":40}"
248,r008-0053-8ace4604,8,-207,4,7,4,5,0,127,"{""relativeReattackFactor"":2.883102,""relativeReattackMinDelta"":0.013151,""relativeFluxFactor"":1.4,""spectralNoveltyRatio"":2.78059,""spectralNoveltyMinBins"":41,""cooldownFrames"":5,""cooldownOverrideFactor"":2.579101,""cooldownOverrideMinFlux"":0.028949,""cooldownOverrideMinBandRatio"":0.048856,""analyzeIntervalMs"":40}"
249,r008-0057-ffa429e4,8,-207,4,7,4,5,0,127,"{""relativeReattackFactor"":2.91791,""relativeReattackMinDelta"":0.013708,""relativeFluxFactor"":1.414145,""spectralNoveltyRatio"":2.645548,""spectralNoveltyMinBins"":41,""cooldownFrames"":5,""cooldownOverrideFactor"":2.479673,""cooldownOverrideMinFlux"":0.03,""cooldownOverrideMinBandRatio"":0.047423,""analyzeIntervalMs"":40}"
250,r009-0009-c0eeff33,9,-207,4,7,4,5,0,126,"{""relativeReattackFactor"":3.049994,""relativeReattackMinDelta"":0.01238,""relativeFluxFactor"":1.4,""spectralNoveltyRatio"":2.45703,""spectralNoveltyMinBins"":42,""cooldownFrames"":5,""cooldownOverrideFactor"":3.016153,""cooldownOverrideMinFlux"":0.024173,""cooldownOverrideMinBandRatio"":0.063802,""analyzeIntervalMs"":40}"
251,r009-0010-e2874a4e,9,-207,4,7,4,5,0,127,"{""relativeReattackFactor"":2.880342,""relativeReattackMinDelta"":0.012735,""relativeFluxFactor"":1.4,""spectralNoveltyRatio"":2.688818,""spectralNoveltyMinBins"":42,""cooldownFrames"":5,""cooldownOverrideFactor"":2.850863,""cooldownOverrideMinFlux"":0.026172,""cooldownOverrideMinBandRatio"":0.068508,""analyzeIntervalMs"":40}"
252,r009-0016-1eda41dc,9,-207,4,7,4,5,0,127,"{""relativeReattackFactor"":2.917965,""relativeReattackMinDelta"":0.012824,""relativeFluxFactor"":1.4,""spectralNoveltyRatio"":2.79944,""spectralNoveltyMinBins"":41,""cooldownFrames"":5,""cooldownOverrideFactor"":3.099148,""cooldownOverrideMinFlux"":0.025551,""cooldownOverrideMinBandRatio"":0.067536,""analyzeIntervalMs"":40}"
253,r009-0038-1aed245d,9,-207,4,7,4,5,0,127,"{""relativeReattackFactor"":2.844928,""relativeReattackMinDelta"":0.014059,""relativeFluxFactor"":1.4,""spectralNoveltyRatio"":2.642338,""spectralNoveltyMinBins"":42,""cooldownFrames"":5,""cooldownOverrideFactor"":2.571301,""cooldownOverrideMinFlux"":0.02914,""cooldownOverrideMinBandRatio"":0.050413,""analyzeIntervalMs"":40}"
254,r009-0053-7da9594f,9,-207,4,7,4,5,0,126,"{""relativeReattackFactor"":2.999738,""relativeReattackMinDelta"":0.014756,""relativeFluxFactor"":1.4,""spectralNoveltyRatio"":2.886148,""spectralNoveltyMinBins"":40,""cooldownFrames"":5,""cooldownOverrideFactor"":2.494991,""cooldownOverrideMinFlux"":0.029898,""cooldownOverrideMinBandRatio"":0.04922,""analyzeIntervalMs"":40}"
255,r009-0057-0ffc7539,9,-207,4,7,4,5,0,127,"{""relativeReattackFactor"":2.951714,""relativeReattackMinDelta"":0.013999,""relativeFluxFactor"":1.4,""spectralNoveltyRatio"":2.550413,""spectralNoveltyMinBins"":42,""cooldownFrames"":5,""cooldownOverrideFactor"":2.574134,""cooldownOverrideMinFlux"":0.029795,""cooldownOverrideMinBandRatio"":0.049539,""analyzeIntervalMs"":40}"
256,r009-0069-137cc433,9,-207,4,7,4,5,0,126,"{""relativeReattackFactor"":2.982979,""relativeReattackMinDelta"":0.012135,""relativeFluxFactor"":1.4,""spectralNoveltyRatio"":2.50465,""spectralNoveltyMinBins"":42,""cooldownFrames"":5,""cooldownOverrideFactor"":2.970088,""cooldownOverrideMinFlux"":0.024975,""cooldownOverrideMinBandRatio"":0.067246,""analyzeIntervalMs"":40}"
257,r009-0071-9c7eb2ed,9,-207,4,7,4,5,0,126,"{""relativeReattackFactor"":3.017164,""relativeReattackMinDelta"":0.013777,""relativeFluxFactor"":1.4,""spectralNoveltyRatio"":2.75904,""spectralNoveltyMinBins"":42,""cooldownFrames"":5,""cooldownOverrideFactor"":3.097619,""cooldownOverrideMinFlux"":0.024958,""cooldownOverrideMinBandRatio"":0.065862,""analyzeIntervalMs"":40}"
258,r009-0076-c4992243,9,-207,4,7,4,5,0,126,"{""relativeReattackFactor"":3.014854,""relativeReattackMinDelta"":0.013754,""relativeFluxFactor"":1.4,""spectralNoveltyRatio"":2.828189,""spectralNoveltyMinBins"":41,""cooldownFrames"":5,""cooldownOverrideFactor"":3.040986,""cooldownOverrideMinFlux"":0.025371,""cooldownOverrideMinBandRatio"":0.066844,""analyzeIntervalMs"":40}"
259,r003-0014-df0537c8,3,-208,5,7,1,5,0,124,"{""relativeReattackFactor"":3.73737,""relativeReattackMinDelta"":0.019989,""relativeFluxFactor"":1.653266,""spectralNoveltyRatio"":2.292376,""spectralNoveltyMinBins"":33,""cooldownFrames"":5,""cooldownOverrideFactor"":3.781985,""cooldownOverrideMinFlux"":0.024791,""cooldownOverrideMinBandRatio"":0.060963,""analyzeIntervalMs"":40}"
260,r005-0080-aa81d5a3,5,-217,3,5,6,3,1,132,"{""relativeReattackFactor"":2.932484,""relativeReattackMinDelta"":0.01624,""relativeFluxFactor"":1.4,""spectralNoveltyRatio"":2.220932,""spectralNoveltyMinBins"":38,""cooldownFrames"":5,""cooldownOverrideFactor"":2.539163,""cooldownOverrideMinFlux"":0.03,""cooldownOverrideMinBandRatio"":0.046624,""analyzeIntervalMs"":40}"
261,r006-0017-801eb451,6,-217,3,5,6,3,1,131,"{""relativeReattackFactor"":2.857931,""relativeReattackMinDelta"":0.0152,""relativeFluxFactor"":1.4,""spectralNoveltyRatio"":2.422798,""spectralNoveltyMinBins"":38,""cooldownFrames"":5,""cooldownOverrideFactor"":2.357618,""cooldownOverrideMinFlux"":0.03,""cooldownOverrideMinBandRatio"":0.047394,""analyzeIntervalMs"":40}"
262,r007-0016-97741c0c,7,-217,3,5,6,3,1,130,"{""relativeReattackFactor"":3.041095,""relativeReattackMinDelta"":0.013159,""relativeFluxFactor"":1.4,""spectralNoveltyRatio"":2.462408,""spectralNoveltyMinBins"":38,""cooldownFrames"":5,""cooldownOverrideFactor"":3.023172,""cooldownOverrideMinFlux"":0.026928,""cooldownOverrideMinBandRatio"":0.068129,""analyzeIntervalMs"":40}"
263,r007-0047-20ca4619,7,-217,3,5,6,3,1,132,"{""relativeReattackFactor"":2.900043,""relativeReattackMinDelta"":0.013878,""relativeFluxFactor"":1.4,""spectralNoveltyRatio"":2.377253,""spectralNoveltyMinBins"":37,""cooldownFrames"":5,""cooldownOverrideFactor"":2.428553,""cooldownOverrideMinFlux"":0.028955,""cooldownOverrideMinBandRatio"":0.050232,""analyzeIntervalMs"":40}"
264,r008-0001-08693a49,8,-217,3,5,6,3,1,131,"{""relativeReattackFactor"":2.875147,""relativeReattackMinDelta"":0.012502,""relativeFluxFactor"":1.414819,""spectralNoveltyRatio"":2.579781,""spectralNoveltyMinBins"":38,""cooldownFrames"":5,""cooldownOverrideFactor"":3.152849,""cooldownOverrideMinFlux"":0.025291,""cooldownOverrideMinBandRatio"":0.068903,""analyzeIntervalMs"":40}"
265,r008-0016-eb6b927e,8,-217,3,5,6,3,1,131,"{""relativeReattackFactor"":2.883919,""relativeReattackMinDelta"":0.012781,""relativeFluxFactor"":1.4,""spectralNoveltyRatio"":2.60932,""spectralNoveltyMinBins"":38,""cooldownFrames"":5,""cooldownOverrideFactor"":3.083094,""cooldownOverrideMinFlux"":0.025824,""cooldownOverrideMinBandRatio"":0.068607,""analyzeIntervalMs"":40}"
266,r008-0026-13b45f76,8,-217,3,5,6,3,1,131,"{""relativeReattackFactor"":2.876067,""relativeReattackMinDelta"":0.013428,""relativeFluxFactor"":1.4,""spectralNoveltyRatio"":2.6061,""spectralNoveltyMinBins"":38,""cooldownFrames"":5,""cooldownOverrideFactor"":2.956512,""cooldownOverrideMinFlux"":0.025518,""cooldownOverrideMinBandRatio"":0.06828,""analyzeIntervalMs"":40}"
267,r009-0015-d06f365f,9,-217,3,5,6,3,1,131,"{""relativeReattackFactor"":2.868541,""relativeReattackMinDelta"":0.01259,""relativeFluxFactor"":1.4,""spectralNoveltyRatio"":2.478184,""spectralNoveltyMinBins"":38,""cooldownFrames"":5,""cooldownOverrideFactor"":2.88018,""cooldownOverrideMinFlux"":0.0269,""cooldownOverrideMinBandRatio"":0.070737,""analyzeIntervalMs"":40}"
268,r009-0052-e6bf8a6e,9,-217,3,5,6,3,1,131,"{""relativeReattackFactor"":2.815728,""relativeReattackMinDelta"":0.014143,""relativeFluxFactor"":1.4,""spectralNoveltyRatio"":2.442144,""spectralNoveltyMinBins"":38,""cooldownFrames"":5,""cooldownOverrideFactor"":2.430365,""cooldownOverrideMinFlux"":0.03,""cooldownOverrideMinBandRatio"":0.050143,""analyzeIntervalMs"":40}"
269,r003-0029-4d47b7c6,3,-219,3,6,6,4,1,130,"{""relativeReattackFactor"":3.868146,""relativeReattackMinDelta"":0.019142,""relativeFluxFactor"":1.743331,""spectralNoveltyRatio"":2.186389,""spectralNoveltyMinBins"":40,""cooldownFrames"":5,""cooldownOverrideFactor"":3.834654,""cooldownOverrideMinFlux"":0.021052,""cooldownOverrideMinBandRatio"":0.062468,""analyzeIntervalMs"":38}"
270,r004-0071-9ea5043b,4,-220,4,6,7,4,4,131,"{""relativeReattackFactor"":2.81818,""relativeReattackMinDelta"":0.008448,""relativeFluxFactor"":1.567789,""spectralNoveltyRatio"":3.413858,""spectralNoveltyMinBins"":32,""cooldownFrames"":5,""cooldownOverrideFactor"":3.006665,""cooldownOverrideMinFlux"":0.026753,""cooldownOverrideMinBandRatio"":0.053635,""analyzeIntervalMs"":42}"
271,r005-0006-91139f2c,5,-220,4,6,7,4,4,128,"{""relativeReattackFactor"":2.900789,""relativeReattackMinDelta"":0.013518,""relativeFluxFactor"":1.513587,""spectralNoveltyRatio"":2.868828,""spectralNoveltyMinBins"":38,""cooldownFrames"":5,""cooldownOverrideFactor"":3.239342,""cooldownOverrideMinFlux"":0.025956,""cooldownOverrideMinBandRatio"":0.068281,""analyzeIntervalMs"":42}"
272,r005-0033-8fcea738,5,-220,4,6,7,4,4,130,"{""relativeReattackFactor"":2.948074,""relativeReattackMinDelta"":0.013334,""relativeFluxFactor"":1.4,""spectralNoveltyRatio"":3.21351,""spectralNoveltyMinBins"":35,""cooldownFrames"":5,""cooldownOverrideFactor"":2.927194,""cooldownOverrideMinFlux"":0.024404,""cooldownOverrideMinBandRatio"":0.052159,""analyzeIntervalMs"":42}"
273,r006-0015-f462a1ee,6,-220,4,6,7,4,4,131,"{""relativeReattackFactor"":2.847009,""relativeReattackMinDelta"":0.013517,""relativeFluxFactor"":1.4,""spectralNoveltyRatio"":3.321583,""spectralNoveltyMinBins"":34,""cooldownFrames"":5,""cooldownOverrideFactor"":3.079618,""cooldownOverrideMinFlux"":0.02351,""cooldownOverrideMinBandRatio"":0.047862,""analyzeIntervalMs"":42}"
274,r006-0033-6606f68a,6,-220,4,6,7,4,4,129,"{""relativeReattackFactor"":2.872214,""relativeReattackMinDelta"":0.011293,""relativeFluxFactor"":1.4,""spectralNoveltyRatio"":2.766562,""spectralNoveltyMinBins"":39,""cooldownFrames"":5,""cooldownOverrideFactor"":2.761514,""cooldownOverrideMinFlux"":0.024611,""cooldownOverrideMinBandRatio"":0.064317,""analyzeIntervalMs"":42}"
275,r006-0036-32f2bc8f,6,-220,4,6,7,4,4,127,"{""relativeReattackFactor"":2.870156,""relativeReattackMinDelta"":0.011934,""relativeFluxFactor"":1.564559,""spectralNoveltyRatio"":2.87565,""spectralNoveltyMinBins"":39,""cooldownFrames"":5,""cooldownOverrideFactor"":3.127297,""cooldownOverrideMinFlux"":0.026395,""cooldownOverrideMinBandRatio"":0.068781,""analyzeIntervalMs"":42}"
276,r006-0052-3da06dd9,6,-220,4,6,7,4,4,128,"{""relativeReattackFactor"":2.966156,""relativeReattackMinDelta"":0.013602,""relativeFluxFactor"":1.566903,""spectralNoveltyRatio"":2.616155,""spectralNoveltyMinBins"":40,""cooldownFrames"":5,""cooldownOverrideFactor"":2.543479,""cooldownOverrideMinFlux"":0.03,""cooldownOverrideMinBandRatio"":0.045343,""analyzeIntervalMs"":42}"
277,r006-0066-e54f4190,6,-220,4,6,7,4,4,127,"{""relativeReattackFactor"":3.095765,""relativeReattackMinDelta"":0.013506,""relativeFluxFactor"":1.4,""spectralNoveltyRatio"":2.820497,""spectralNoveltyMinBins"":38,""cooldownFrames"":5,""cooldownOverrideFactor"":2.964572,""cooldownOverrideMinFlux"":0.025678,""cooldownOverrideMinBandRatio"":0.067042,""analyzeIntervalMs"":42}"
278,r006-0079-e38701a2,6,-220,4,6,7,4,4,130,"{""relativeReattackFactor"":2.908242,""relativeReattackMinDelta"":0.009636,""relativeFluxFactor"":1.578143,""spectralNoveltyRatio"":3.645511,""spectralNoveltyMinBins"":32,""cooldownFrames"":5,""cooldownOverrideFactor"":2.853314,""cooldownOverrideMinFlux"":0.024149,""cooldownOverrideMinBandRatio"":0.058272,""analyzeIntervalMs"":42}"
279,r007-0037-9a6b3ecd,7,-220,4,6,7,4,4,129,"{""relativeReattackFactor"":2.78496,""relativeReattackMinDelta"":0.015269,""relativeFluxFactor"":1.4,""spectralNoveltyRatio"":2.778754,""spectralNoveltyMinBins"":39,""cooldownFrames"":5,""cooldownOverrideFactor"":2.548675,""cooldownOverrideMinFlux"":0.03,""cooldownOverrideMinBandRatio"":0.048878,""analyzeIntervalMs"":42}"
280,r007-0048-cc8fae18,7,-220,4,6,7,4,4,129,"{""relativeReattackFactor"":2.777277,""relativeReattackMinDelta"":0.012288,""relativeFluxFactor"":1.4,""spectralNoveltyRatio"":2.843976,""spectralNoveltyMinBins"":38,""cooldownFrames"":5,""cooldownOverrideFactor"":2.859437,""cooldownOverrideMinFlux"":0.024671,""cooldownOverrideMinBandRatio"":0.069385,""analyzeIntervalMs"":42}"
281,r007-0058-6e8aea6c,7,-220,4,6,7,4,4,128,"{""relativeReattackFactor"":2.954254,""relativeReattackMinDelta"":0.012033,""relativeFluxFactor"":1.492059,""spectralNoveltyRatio"":2.825528,""spectralNoveltyMinBins"":38,""cooldownFrames"":5,""cooldownOverrideFactor"":2.742423,""cooldownOverrideMinFlux"":0.024415,""cooldownOverrideMinBandRatio"":0.067589,""analyzeIntervalMs"":42}"
282,r007-0061-52860417,7,-220,4,6,7,4,4,130,"{""relativeReattackFactor"":2.995635,""relativeReattackMinDelta"":0.013843,""relativeFluxFactor"":1.453317,""spectralNoveltyRatio"":2.776576,""spectralNoveltyMinBins"":38,""cooldownFrames"":5,""cooldownOverrideFactor"":3.103801,""cooldownOverrideMinFlux"":0.025096,""cooldownOverrideMinBandRatio"":0.065937,""analyzeIntervalMs"":42}"
283,r008-0008-a80a0375,8,-220,4,6,7,4,4,128,"{""relativeReattackFactor"":3.045418,""relativeReattackMinDelta"":0.013348,""relativeFluxFactor"":1.408674,""spectralNoveltyRatio"":2.905021,""spectralNoveltyMinBins"":38,""cooldownFrames"":5,""cooldownOverrideFactor"":2.577476,""cooldownOverrideMinFlux"":0.028958,""cooldownOverrideMinBandRatio"":0.05358,""analyzeIntervalMs"":42}"
284,r008-0013-e16cdf2f,8,-220,4,6,7,4,4,126,"{""relativeReattackFactor"":3.033913,""relativeReattackMinDelta"":0.014785,""relativeFluxFactor"":1.496629,""spectralNoveltyRatio"":2.805891,""spectralNoveltyMinBins"":39,""cooldownFrames"":5,""cooldownOverrideFactor"":2.541938,""cooldownOverrideMinFlux"":0.028396,""cooldownOverrideMinBandRatio"":0.049683,""analyzeIntervalMs"":42}"
285,r008-0022-cf7ea1e9,8,-220,4,6,7,4,4,129,"{""relativeReattackFactor"":3.009037,""relativeReattackMinDelta"":0.013665,""relativeFluxFactor"":1.555763,""spectralNoveltyRatio"":2.655707,""spectralNoveltyMinBins"":39,""cooldownFrames"":5,""cooldownOverrideFactor"":2.603424,""cooldownOverrideMinFlux"":0.029229,""cooldownOverrideMinBandRatio"":0.051102,""analyzeIntervalMs"":42}"
286,r008-0025-ad254fc3,8,-220,4,6,7,4,4,128,"{""relativeReattackFactor"":2.892119,""relativeReattackMinDelta"":0.012083,""relativeFluxFactor"":1.552311,""spectralNoveltyRatio"":2.537917,""spectralNoveltyMinBins"":40,""cooldownFrames"":5,""cooldownOverrideFactor"":2.786565,""cooldownOverrideMinFlux"":0.025806,""cooldownOverrideMinBandRatio"":0.066168,""analyzeIntervalMs"":42}"
287,r008-0069-5b821a03,8,-220,4,6,7,4,4,127,"{""relativeReattackFactor"":3.027808,""relativeReattackMinDelta"":0.011663,""relativeFluxFactor"":1.487967,""spectralNoveltyRatio"":2.620153,""spectralNoveltyMinBins"":40,""cooldownFrames"":5,""cooldownOverrideFactor"":2.960845,""cooldownOverrideMinFlux"":0.02401,""cooldownOverrideMinBandRatio"":0.065465,""analyzeIntervalMs"":42}"
288,r008-0078-5274834c,8,-220,4,6,7,4,4,129,"{""relativeReattackFactor"":2.879567,""relativeReattackMinDelta"":0.013873,""relativeFluxFactor"":1.4,""spectralNoveltyRatio"":2.81479,""spectralNoveltyMinBins"":38,""cooldownFrames"":5,""cooldownOverrideFactor"":2.498106,""cooldownOverrideMinFlux"":0.03,""cooldownOverrideMinBandRatio"":0.053097,""analyzeIntervalMs"":42}"
289,r009-0008-c1620d56,9,-220,4,6,7,4,4,128,"{""relativeReattackFactor"":2.871294,""relativeReattackMinDelta"":0.014334,""relativeFluxFactor"":1.495744,""spectralNoveltyRatio"":2.916505,""spectralNoveltyMinBins"":38,""cooldownFrames"":5,""cooldownOverrideFactor"":2.653501,""cooldownOverrideMinFlux"":0.028459,""cooldownOverrideMinBandRatio"":0.052248,""analyzeIntervalMs"":42}"
290,r009-0028-a232f5e0,9,-220,4,6,7,4,4,128,"{""relativeReattackFactor"":3.032939,""relativeReattackMinDelta"":0.013418,""relativeFluxFactor"":1.517166,""spectralNoveltyRatio"":2.672857,""spectralNoveltyMinBins"":39,""cooldownFrames"":5,""cooldownOverrideFactor"":2.518241,""cooldownOverrideMinFlux"":0.02871,""cooldownOverrideMinBandRatio"":0.052712,""analyzeIntervalMs"":42}"
291,r009-0030-266bbe81,9,-220,4,6,7,4,4,130,"{""relativeReattackFactor"":2.988979,""relativeReattackMinDelta"":0.011665,""relativeFluxFactor"":1.461252,""spectralNoveltyRatio"":2.505173,""spectralNoveltyMinBins"":38,""cooldownFrames"":5,""cooldownOverrideFactor"":2.95307,""cooldownOverrideMinFlux"":0.027034,""cooldownOverrideMinBandRatio"":0.070589,""analyzeIntervalMs"":42}"
292,r009-0033-69ca60bc,9,-220,4,6,7,4,4,130,"{""relativeReattackFactor"":2.929992,""relativeReattackMinDelta"":0.014475,""relativeFluxFactor"":1.4,""spectralNoveltyRatio"":2.779667,""spectralNoveltyMinBins"":38,""cooldownFrames"":5,""cooldownOverrideFactor"":2.598167,""cooldownOverrideMinFlux"":0.028659,""cooldownOverrideMinBandRatio"":0.050787,""analyzeIntervalMs"":42}"
293,r009-0035-501bfc76,9,-220,4,6,7,4,4,129,"{""relativeReattackFactor"":2.846118,""relativeReattackMinDelta"":0.011541,""relativeFluxFactor"":1.457196,""spectralNoveltyRatio"":2.591827,""spectralNoveltyMinBins"":40,""cooldownFrames"":5,""cooldownOverrideFactor"":2.90223,""cooldownOverrideMinFlux"":0.02665,""cooldownOverrideMinBandRatio"":0.068312,""analyzeIntervalMs"":42}"
294,r009-0040-f60fbf4b,9,-220,4,6,7,4,4,127,"{""relativeReattackFactor"":3.03439,""relativeReattackMinDelta"":0.012689,""relativeFluxFactor"":1.531462,""spectralNoveltyRatio"":2.703,""spectralNoveltyMinBins"":40,""cooldownFrames"":5,""cooldownOverrideFactor"":2.867877,""cooldownOverrideMinFlux"":0.025407,""cooldownOverrideMinBandRatio"":0.069157,""analyzeIntervalMs"":42}"
295,r009-0042-f0183189,9,-220,4,6,7,4,4,129,"{""relativeReattackFactor"":2.879473,""relativeReattackMinDelta"":0.014175,""relativeFluxFactor"":1.485717,""spectralNoveltyRatio"":2.571714,""spectralNoveltyMinBins"":39,""cooldownFrames"":5,""cooldownOverrideFactor"":2.483287,""cooldownOverrideMinFlux"":0.03,""cooldownOverrideMinBandRatio"":0.051554,""analyzeIntervalMs"":42}"
296,r009-0060-57c00556,9,-220,4,6,7,4,4,129,"{""relativeReattackFactor"":2.889566,""relativeReattackMinDelta"":0.012281,""relativeFluxFactor"":1.5348,""spectralNoveltyRatio"":2.426244,""spectralNoveltyMinBins"":40,""cooldownFrames"":5,""cooldownOverrideFactor"":2.882144,""cooldownOverrideMinFlux"":0.025832,""cooldownOverrideMinBandRatio"":0.067092,""analyzeIntervalMs"":42}"
297,r009-0062-9c751deb,9,-220,4,6,7,4,4,130,"{""relativeReattackFactor"":2.835714,""relativeReattackMinDelta"":0.014527,""relativeFluxFactor"":1.453557,""spectralNoveltyRatio"":2.62221,""spectralNoveltyMinBins"":38,""cooldownFrames"":5,""cooldownOverrideFactor"":2.359446,""cooldownOverrideMinFlux"":0.03,""cooldownOverrideMinBandRatio"":0.048101,""analyzeIntervalMs"":42}"
298,r009-0063-1169f1ed,9,-220,4,6,7,4,4,129,"{""relativeReattackFactor"":2.893754,""relativeReattackMinDelta"":0.013691,""relativeFluxFactor"":1.4,""spectralNoveltyRatio"":2.728681,""spectralNoveltyMinBins"":40,""cooldownFrames"":5,""cooldownOverrideFactor"":2.60362,""cooldownOverrideMinFlux"":0.028417,""cooldownOverrideMinBandRatio"":0.050455,""analyzeIntervalMs"":42}"
299,r009-0066-b09e44d6,9,-220,4,6,7,4,4,128,"{""relativeReattackFactor"":3.047345,""relativeReattackMinDelta"":0.012544,""relativeFluxFactor"":1.406792,""spectralNoveltyRatio"":2.77499,""spectralNoveltyMinBins"":39,""cooldownFrames"":5,""cooldownOverrideFactor"":3.07133,""cooldownOverrideMinFlux"":0.025282,""cooldownOverrideMinBandRatio"":0.06469,""analyzeIntervalMs"":42}"
300,r003-0058-9b442253,3,-224,4,7,5,5,2,128,"{""relativeReattackFactor"":3.369217,""relativeReattackMinDelta"":0.014053,""relativeFluxFactor"":1.463444,""spectralNoveltyRatio"":3.442883,""spectralNoveltyMinBins"":32,""cooldownFrames"":5,""cooldownOverrideFactor"":2.666127,""cooldownOverrideMinFlux"":0.027166,""cooldownOverrideMinBandRatio"":0.047412,""analyzeIntervalMs"":37}"
301,r005-0047-a55447f7,5,-225,3,6,5,4,0,132,"{""relativeReattackFactor"":2.738095,""relativeReattackMinDelta"":0.009815,""relativeFluxFactor"":1.610828,""spectralNoveltyRatio"":3.441135,""spectralNoveltyMinBins"":29,""cooldownFrames"":5,""cooldownOverrideFactor"":3.049384,""cooldownOverrideMinFlux"":0.023932,""cooldownOverrideMinBandRatio"":0.057091,""analyzeIntervalMs"":40}"
302,r006-0054-f6623cc6,6,-226,4,6,8,4,4,130,"{""relativeReattackFactor"":2.674235,""relativeReattackMinDelta"":0.009622,""relativeFluxFactor"":1.477146,""spectralNoveltyRatio"":3.869184,""spectralNoveltyMinBins"":31,""cooldownFrames"":5,""cooldownOverrideFactor"":2.951416,""cooldownOverrideMinFlux"":0.024208,""cooldownOverrideMinBandRatio"":0.056985,""analyzeIntervalMs"":42}"
303,r007-0075-33e159c4,7,-226,4,6,8,4,4,129,"{""relativeReattackFactor"":2.716363,""relativeReattackMinDelta"":0.013184,""relativeFluxFactor"":1.545956,""spectralNoveltyRatio"":2.633996,""spectralNoveltyMinBins"":40,""cooldownFrames"":5,""cooldownOverrideFactor"":2.878019,""cooldownOverrideMinFlux"":0.024366,""cooldownOverrideMinBandRatio"":0.065487,""analyzeIntervalMs"":42}"
304,r005-0004-302d793a,5,-227,2,4,10,2,4,137,"{""relativeReattackFactor"":2.820126,""relativeReattackMinDelta"":0.00812,""relativeFluxFactor"":1.4,""spectralNoveltyRatio"":3.232531,""spectralNoveltyMinBins"":27,""cooldownFrames"":5,""cooldownOverrideFactor"":3.455328,""cooldownOverrideMinFlux"":0.024141,""cooldownOverrideMinBandRatio"":0.059285,""analyzeIntervalMs"":42}"
305,r003-0026-4cf419c9,3,-228,5,8,4,6,2,124,"{""relativeReattackFactor"":2.571299,""relativeReattackMinDelta"":0.010413,""relativeFluxFactor"":1.474345,""spectralNoveltyRatio"":4.207582,""spectralNoveltyMinBins"":40,""cooldownFrames"":5,""cooldownOverrideFactor"":3.172377,""cooldownOverrideMinFlux"":0.02598,""cooldownOverrideMinBandRatio"":0.050832,""analyzeIntervalMs"":41}"
306,r005-0039-3bda7381,5,-233,2,4,11,2,4,139,"{""relativeReattackFactor"":2.672324,""relativeReattackMinDelta"":0.006845,""relativeFluxFactor"":1.4,""spectralNoveltyRatio"":3.302553,""spectralNoveltyMinBins"":27,""cooldownFrames"":5,""cooldownOverrideFactor"":3.107032,""cooldownOverrideMinFlux"":0.025806,""cooldownOverrideMinBandRatio"":0.056672,""analyzeIntervalMs"":42}"
307,r005-0044-bd5c7616,5,-234,3,5,8,3,4,134,"{""relativeReattackFactor"":2.818992,""relativeReattackMinDelta"":0.00877,""relativeFluxFactor"":1.537232,""spectralNoveltyRatio"":3.719029,""spectralNoveltyMinBins"":26,""cooldownFrames"":5,""cooldownOverrideFactor"":3.074015,""cooldownOverrideMinFlux"":0.024827,""cooldownOverrideMinBandRatio"":0.059138,""analyzeIntervalMs"":42}"
308,r006-0060-cf7da7c7,6,-236,4,7,4,5,0,127,"{""relativeReattackFactor"":2.888602,""relativeReattackMinDelta"":0.014685,""relativeFluxFactor"":1.446888,""spectralNoveltyRatio"":3.271584,""spectralNoveltyMinBins"":37,""cooldownFrames"":5,""cooldownOverrideFactor"":3.19263,""cooldownOverrideMinFlux"":0.022556,""cooldownOverrideMinBandRatio"":0.055374,""analyzeIntervalMs"":40}"
309,r002-0016-871d1b28,2,-240,3,7,3,5,0,126,"{""relativeReattackFactor"":3.446158,""relativeReattackMinDelta"":0.012263,""relativeFluxFactor"":1.400975,""spectralNoveltyRatio"":3.311489,""spectralNoveltyMinBins"":33,""cooldownFrames"":5,""cooldownOverrideFactor"":2.318783,""cooldownOverrideMinFlux"":0.026863,""cooldownOverrideMinBandRatio"":0.047516,""analyzeIntervalMs"":39}"
310,r003-0013-0a3d4f8f,3,-242,3,7,4,5,0,124,"{""relativeReattackFactor"":3.634579,""relativeReattackMinDelta"":0.011986,""relativeFluxFactor"":1.4,""spectralNoveltyRatio"":2.87277,""spectralNoveltyMinBins"":35,""cooldownFrames"":5,""cooldownOverrideFactor"":2.468984,""cooldownOverrideMinFlux"":0.02527,""cooldownOverrideMinBandRatio"":0.05502,""analyzeIntervalMs"":39}"
311,r004-0045-a545018b,4,-246,4,8,3,6,0,123,"{""relativeReattackFactor"":3.105361,""relativeReattackMinDelta"":0.015321,""relativeFluxFactor"":1.443079,""spectralNoveltyRatio"":2.946436,""spectralNoveltyMinBins"":41,""cooldownFrames"":5,""cooldownOverrideFactor"":2.681589,""cooldownOverrideMinFlux"":0.026458,""cooldownOverrideMinBandRatio"":0.055836,""analyzeIntervalMs"":39}"
312,r005-0010-eda33808,5,-249,4,7,7,5,4,128,"{""relativeReattackFactor"":2.73706,""relativeReattackMinDelta"":0.015146,""relativeFluxFactor"":1.4,""spectralNoveltyRatio"":2.421934,""spectralNoveltyMinBins"":41,""cooldownFrames"":5,""cooldownOverrideFactor"":2.625419,""cooldownOverrideMinFlux"":0.03,""cooldownOverrideMinBandRatio"":0.047329,""analyzeIntervalMs"":42}"
313,r005-0035-3b4f6f69,5,-249,4,7,7,5,4,128,"{""relativeReattackFactor"":2.954913,""relativeReattackMinDelta"":0.015095,""relativeFluxFactor"":1.4,""spectralNoveltyRatio"":2.085347,""spectralNoveltyMinBins"":46,""cooldownFrames"":5,""cooldownOverrideFactor"":2.481788,""cooldownOverrideMinFlux"":0.03,""cooldownOverrideMinBandRatio"":0.047002,""analyzeIntervalMs"":42}"
314,r008-0012-223257bd,8,-249,4,7,7,5,4,128,"{""relativeReattackFactor"":2.933087,""relativeReattackMinDelta"":0.013524,""relativeFluxFactor"":1.435076,""spectralNoveltyRatio"":2.427138,""spectralNoveltyMinBins"":41,""cooldownFrames"":5,""cooldownOverrideFactor"":2.515215,""cooldownOverrideMinFlux"":0.03,""cooldownOverrideMinBandRatio"":0.051392,""analyzeIntervalMs"":42}"
315,r008-0065-a4bae042,8,-249,4,7,7,5,4,128,"{""relativeReattackFactor"":2.845346,""relativeReattackMinDelta"":0.012746,""relativeFluxFactor"":1.4,""spectralNoveltyRatio"":2.405709,""spectralNoveltyMinBins"":42,""cooldownFrames"":5,""cooldownOverrideFactor"":2.927855,""cooldownOverrideMinFlux"":0.025772,""cooldownOverrideMinBandRatio"":0.07019,""analyzeIntervalMs"":42}"
316,r003-0051-faa20aea,3,-250,3,6,5,4,0,129,"{""relativeReattackFactor"":2.861918,""relativeReattackMinDelta"":0.013081,""relativeFluxFactor"":1.746281,""spectralNoveltyRatio"":3.4932,""spectralNoveltyMinBins"":34,""cooldownFrames"":5,""cooldownOverrideFactor"":3.23683,""cooldownOverrideMinFlux"":0.024638,""cooldownOverrideMinBandRatio"":0.052955,""analyzeIntervalMs"":41}"
317,r004-0017-92259e2f,4,-251,4,7,6,5,3,127,"{""relativeReattackFactor"":2.949053,""relativeReattackMinDelta"":0.01183,""relativeFluxFactor"":1.41343,""spectralNoveltyRatio"":3.676713,""spectralNoveltyMinBins"":34,""cooldownFrames"":5,""cooldownOverrideFactor"":2.857295,""cooldownOverrideMinFlux"":0.024765,""cooldownOverrideMinBandRatio"":0.045634,""analyzeIntervalMs"":42}"
318,r005-0052-b83e65d5,5,-251,4,7,6,5,3,127,"{""relativeReattackFactor"":2.799952,""relativeReattackMinDelta"":0.010663,""relativeFluxFactor"":1.522165,""spectralNoveltyRatio"":3.977313,""spectralNoveltyMinBins"":33,""cooldownFrames"":5,""cooldownOverrideFactor"":3.053304,""cooldownOverrideMinFlux"":0.026518,""cooldownOverrideMinBandRatio"":0.058132,""analyzeIntervalMs"":42}"
319,r005-0078-f260c15a,5,-251,4,7,6,5,3,127,"{""relativeReattackFactor"":2.815246,""relativeReattackMinDelta"":0.013497,""relativeFluxFactor"":1.4,""spectralNoveltyRatio"":3.513733,""spectralNoveltyMinBins"":36,""cooldownFrames"":5,""cooldownOverrideFactor"":3.089673,""cooldownOverrideMinFlux"":0.024378,""cooldownOverrideMinBandRatio"":0.049338,""analyzeIntervalMs"":42}"
320,r006-0029-398e2516,6,-251,4,7,6,5,3,127,"{""relativeReattackFactor"":2.873495,""relativeReattackMinDelta"":0.0087,""relativeFluxFactor"":1.454745,""spectralNoveltyRatio"":3.746433,""spectralNoveltyMinBins"":35,""cooldownFrames"":5,""cooldownOverrideFactor"":2.896615,""cooldownOverrideMinFlux"":0.024633,""cooldownOverrideMinBandRatio"":0.058201,""analyzeIntervalMs"":42}"
321,r006-0044-e155e75b,6,-251,4,7,6,5,3,127,"{""relativeReattackFactor"":2.76371,""relativeReattackMinDelta"":0.010146,""relativeFluxFactor"":1.403367,""spectralNoveltyRatio"":3.73651,""spectralNoveltyMinBins"":34,""cooldownFrames"":5,""cooldownOverrideFactor"":3.11581,""cooldownOverrideMinFlux"":0.025838,""cooldownOverrideMinBandRatio"":0.058515,""analyzeIntervalMs"":42}"
322,r003-0071-c85400a5,3,-253,4,7,5,5,2,126,"{""relativeReattackFactor"":2.969268,""relativeReattackMinDelta"":0.010931,""relativeFluxFactor"":1.817164,""spectralNoveltyRatio"":3.930474,""spectralNoveltyMinBins"":31,""cooldownFrames"":5,""cooldownOverrideFactor"":3.295146,""cooldownOverrideMinFlux"":0.02614,""cooldownOverrideMinBandRatio"":0.058027,""analyzeIntervalMs"":42}"
323,r006-0080-7672a6c8,6,-257,4,6,5,4,1,130,"{""relativeReattackFactor"":2.837668,""relativeReattackMinDelta"":0.015166,""relativeFluxFactor"":1.4,""spectralNoveltyRatio"":3.503564,""spectralNoveltyMinBins"":35,""cooldownFrames"":5,""cooldownOverrideFactor"":2.86175,""cooldownOverrideMinFlux"":0.022488,""cooldownOverrideMinBandRatio"":0.055937,""analyzeIntervalMs"":40}"
324,r007-0008-5cd303be,7,-257,4,6,5,4,1,129,"{""relativeReattackFactor"":2.941261,""relativeReattackMinDelta"":0.012248,""relativeFluxFactor"":1.4,""spectralNoveltyRatio"":2.761776,""spectralNoveltyMinBins"":38,""cooldownFrames"":5,""cooldownOverrideFactor"":2.972271,""cooldownOverrideMinFlux"":0.026171,""cooldownOverrideMinBandRatio"":0.065938,""analyzeIntervalMs"":40}"
325,r007-0019-fbe96a50,7,-257,4,6,5,4,1,130,"{""relativeReattackFactor"":2.730912,""relativeReattackMinDelta"":0.012458,""relativeFluxFactor"":1.4,""spectralNoveltyRatio"":2.808202,""spectralNoveltyMinBins"":38,""cooldownFrames"":5,""cooldownOverrideFactor"":2.393672,""cooldownOverrideMinFlux"":0.03,""cooldownOverrideMinBandRatio"":0.04924,""analyzeIntervalMs"":40}"
326,r004-0032-c9e72e94,4,-257,4,7,7,5,3,128,"{""relativeReattackFactor"":2.548593,""relativeReattackMinDelta"":0.012215,""relativeFluxFactor"":1.4,""spectralNoveltyRatio"":3.374377,""spectralNoveltyMinBins"":39,""cooldownFrames"":5,""cooldownOverrideFactor"":2.895145,""cooldownOverrideMinFlux"":0.027528,""cooldownOverrideMinBandRatio"":0.052971,""analyzeIntervalMs"":42}"
327,r004-0019-a4fbbc2b,4,-259,5,9,1,7,0,120,"{""relativeReattackFactor"":3.043941,""relativeReattackMinDelta"":0.015257,""relativeFluxFactor"":1.69228,""spectralNoveltyRatio"":2.349294,""spectralNoveltyMinBins"":43,""cooldownFrames"":5,""cooldownOverrideFactor"":2.967042,""cooldownOverrideMinFlux"":0.03,""cooldownOverrideMinBandRatio"":0.054172,""analyzeIntervalMs"":41}"
328,r004-0036-60527f7c,4,-265,4,7,4,5,0,129,"{""relativeReattackFactor"":2.664609,""relativeReattackMinDelta"":0.011471,""relativeFluxFactor"":1.603739,""spectralNoveltyRatio"":3.878032,""spectralNoveltyMinBins"":33,""cooldownFrames"":5,""cooldownOverrideFactor"":3.253331,""cooldownOverrideMinFlux"":0.0251,""cooldownOverrideMinBandRatio"":0.060146,""analyzeIntervalMs"":40}"
329,r005-0021-381ab9f5,5,-265,4,7,4,5,0,126,"{""relativeReattackFactor"":3.142701,""relativeReattackMinDelta"":0.013025,""relativeFluxFactor"":1.6291,""spectralNoveltyRatio"":2.42161,""spectralNoveltyMinBins"":37,""cooldownFrames"":5,""cooldownOverrideFactor"":2.955623,""cooldownOverrideMinFlux"":0.027146,""cooldownOverrideMinBandRatio"":0.066753,""analyzeIntervalMs"":40}"
330,r005-0062-91ada910,5,-265,4,7,4,5,0,129,"{""relativeReattackFactor"":2.748951,""relativeReattackMinDelta"":0.009526,""relativeFluxFactor"":1.506712,""spectralNoveltyRatio"":3.389855,""spectralNoveltyMinBins"":33,""cooldownFrames"":5,""cooldownOverrideFactor"":2.950034,""cooldownOverrideMinFlux"":0.023867,""cooldownOverrideMinBandRatio"":0.056575,""analyzeIntervalMs"":40}"
331,r006-0010-ded542fb,6,-265,4,7,4,5,0,129,"{""relativeReattackFactor"":2.664722,""relativeReattackMinDelta"":0.014593,""relativeFluxFactor"":1.528844,""spectralNoveltyRatio"":3.512536,""spectralNoveltyMinBins"":32,""cooldownFrames"":5,""cooldownOverrideFactor"":2.935317,""cooldownOverrideMinFlux"":0.024833,""cooldownOverrideMinBandRatio"":0.055969,""analyzeIntervalMs"":40}"
332,r006-0011-32a8adc4,6,-265,4,7,4,5,0,126,"{""relativeReattackFactor"":3.070569,""relativeReattackMinDelta"":0.013774,""relativeFluxFactor"":1.574083,""spectralNoveltyRatio"":2.919821,""spectralNoveltyMinBins"":37,""cooldownFrames"":5,""cooldownOverrideFactor"":3.16071,""cooldownOverrideMinFlux"":0.02715,""cooldownOverrideMinBandRatio"":0.062883,""analyzeIntervalMs"":40}"
333,r006-0020-89fefcc3,6,-265,4,7,4,5,0,128,"{""relativeReattackFactor"":2.88357,""relativeReattackMinDelta"":0.015211,""relativeFluxFactor"":1.496874,""spectralNoveltyRatio"":3.579588,""spectralNoveltyMinBins"":32,""cooldownFrames"":5,""cooldownOverrideFactor"":2.890629,""cooldownOverrideMinFlux"":0.022961,""cooldownOverrideMinBandRatio"":0.051506,""analyzeIntervalMs"":40}"
334,r002-0032-2eedf422,2,-266,5,8,1,6,0,123,"{""relativeReattackFactor"":3.71911,""relativeReattackMinDelta"":0.018837,""relativeFluxFactor"":1.917912,""spectralNoveltyRatio"":1.981341,""spectralNoveltyMinBins"":38,""cooldownFrames"":5,""cooldownOverrideFactor"":3.921333,""cooldownOverrideMinFlux"":0.023424,""cooldownOverrideMinBandRatio"":0.056388,""analyzeIntervalMs"":40}"
335,r003-0020-5a8e2e11,3,-266,5,8,1,6,0,123,"{""relativeReattackFactor"":3.69414,""relativeReattackMinDelta"":0.025,""relativeFluxFactor"":1.908898,""spectralNoveltyRatio"":1.956776,""spectralNoveltyMinBins"":36,""cooldownFrames"":5,""cooldownOverrideFactor"":4.642134,""cooldownOverrideMinFlux"":0.02057,""cooldownOverrideMinBandRatio"":0.059828,""analyzeIntervalMs"":40}"
336,r003-0028-ec608dd1,3,-269,3,7,5,5,1,128,"{""relativeReattackFactor"":3.641676,""relativeReattackMinDelta"":0.011804,""relativeFluxFactor"":1.595294,""spectralNoveltyRatio"":2.801412,""spectralNoveltyMinBins"":31,""cooldownFrames"":5,""cooldownOverrideFactor"":2.335571,""cooldownOverrideMinFlux"":0.024784,""cooldownOverrideMinBandRatio"":0.042729,""analyzeIntervalMs"":37}"
337,r003-0046-b7dbf785,3,-271,4,7,5,5,2,127,"{""relativeReattackFactor"":2.562762,""relativeReattackMinDelta"":0.010938,""relativeFluxFactor"":1.697494,""spectralNoveltyRatio"":4.07992,""spectralNoveltyMinBins"":36,""cooldownFrames"":5,""cooldownOverrideFactor"":2.889457,""cooldownOverrideMinFlux"":0.029324,""cooldownOverrideMinBandRatio"":0.043731,""analyzeIntervalMs"":41}"
338,r006-0072-744d22b4,6,-275,3,6,6,4,1,129,"{""relativeReattackFactor"":3.010657,""relativeReattackMinDelta"":0.013288,""relativeFluxFactor"":1.4,""spectralNoveltyRatio"":2.716567,""spectralNoveltyMinBins"":38,""cooldownFrames"":5,""cooldownOverrideFactor"":2.304288,""cooldownOverrideMinFlux"":0.03,""cooldownOverrideMinBandRatio"":0.046464,""analyzeIntervalMs"":40}"
339,r008-0028-5baf7a5d,8,-275,3,6,6,4,1,130,"{""relativeReattackFactor"":2.912057,""relativeReattackMinDelta"":0.013806,""relativeFluxFactor"":1.4,""spectralNoveltyRatio"":2.658535,""spectralNoveltyMinBins"":38,""cooldownFrames"":5,""cooldownOverrideFactor"":2.527372,""cooldownOverrideMinFlux"":0.028716,""cooldownOverrideMinBandRatio"":0.053373,""analyzeIntervalMs"":40}"
340,r009-0014-41b60951,9,-275,3,6,6,4,1,129,"{""relativeReattackFactor"":3.019749,""relativeReattackMinDelta"":0.013023,""relativeFluxFactor"":1.4,""spectralNoveltyRatio"":2.652291,""spectralNoveltyMinBins"":38,""cooldownFrames"":5,""cooldownOverrideFactor"":3.173091,""cooldownOverrideMinFlux"":0.024088,""cooldownOverrideMinBandRatio"":0.064666,""analyzeIntervalMs"":40}"
341,r009-0049-0949523d,9,-275,3,6,6,4,1,129,"{""relativeReattackFactor"":3.130182,""relativeReattackMinDelta"":0.012215,""relativeFluxFactor"":1.4,""spectralNoveltyRatio"":2.692776,""spectralNoveltyMinBins"":38,""cooldownFrames"":5,""cooldownOverrideFactor"":2.991288,""cooldownOverrideMinFlux"":0.025853,""cooldownOverrideMinBandRatio"":0.067628,""analyzeIntervalMs"":40}"
342,r008-0036-e65cc9c6,8,-278,4,7,7,5,4,127,"{""relativeReattackFactor"":2.904373,""relativeReattackMinDelta"":0.01268,""relativeFluxFactor"":1.465376,""spectralNoveltyRatio"":2.803555,""spectralNoveltyMinBins"":40,""cooldownFrames"":5,""cooldownOverrideFactor"":2.997461,""cooldownOverrideMinFlux"":0.024852,""cooldownOverrideMinBandRatio"":0.065128,""analyzeIntervalMs"":42}"
343,r008-0063-8933dd49,8,-278,4,7,7,5,4,126,"{""relativeReattackFactor"":2.939063,""relativeReattackMinDelta"":0.013754,""relativeFluxFactor"":1.488281,""spectralNoveltyRatio"":2.83955,""spectralNoveltyMinBins"":40,""cooldownFrames"":5,""cooldownOverrideFactor"":2.689473,""cooldownOverrideMinFlux"":0.028403,""cooldownOverrideMinBandRatio"":0.04872,""analyzeIntervalMs"":42}"
344,r009-0041-89fd4465,9,-278,4,7,7,5,4,127,"{""relativeReattackFactor"":3.011611,""relativeReattackMinDelta"":0.013952,""relativeFluxFactor"":1.4,""spectralNoveltyRatio"":2.851828,""spectralNoveltyMinBins"":40,""cooldownFrames"":5,""cooldownOverrideFactor"":3.13051,""cooldownOverrideMinFlux"":0.026481,""cooldownOverrideMinBandRatio"":0.06757,""analyzeIntervalMs"":42}"
345,r005-0019-abb21b99,5,-279,2,6,6,4,0,133,"{""relativeReattackFactor"":2.613118,""relativeReattackMinDelta"":0.007697,""relativeFluxFactor"":1.64565,""spectralNoveltyRatio"":3.196658,""spectralNoveltyMinBins"":30,""cooldownFrames"":5,""cooldownOverrideFactor"":3.317784,""cooldownOverrideMinFlux"":0.024528,""cooldownOverrideMinBandRatio"":0.061241,""analyzeIntervalMs"":40}"
346,r006-0007-1659e476,6,-283,3,7,5,5,0,128,"{""relativeReattackFactor"":2.902736,""relativeReattackMinDelta"":0.014251,""relativeFluxFactor"":1.509346,""spectralNoveltyRatio"":2.600328,""spectralNoveltyMinBins"":38,""cooldownFrames"":5,""cooldownOverrideFactor"":2.572181,""cooldownOverrideMinFlux"":0.028795,""cooldownOverrideMinBandRatio"":0.053162,""analyzeIntervalMs"":40}"
347,r006-0077-8e287fda,6,-283,3,7,5,5,0,127,"{""relativeReattackFactor"":3.026314,""relativeReattackMinDelta"":0.013608,""relativeFluxFactor"":1.560023,""spectralNoveltyRatio"":2.411241,""spectralNoveltyMinBins"":37,""cooldownFrames"":5,""cooldownOverrideFactor"":2.348672,""cooldownOverrideMinFlux"":0.03,""cooldownOverrideMinBandRatio"":0.052083,""analyzeIntervalMs"":40}"
348,r007-0032-568962c1,7,-283,3,7,5,5,0,128,"{""relativeReattackFactor"":2.809897,""relativeReattackMinDelta"":0.014428,""relativeFluxFactor"":1.566505,""spectralNoveltyRatio"":2.452632,""spectralNoveltyMinBins"":38,""cooldownFrames"":5,""cooldownOverrideFactor"":2.590832,""cooldownOverrideMinFlux"":0.029896,""cooldownOverrideMinBandRatio"":0.046805,""analyzeIntervalMs"":40}"
349,r007-0054-8a388607,7,-283,3,7,5,5,0,129,"{""relativeReattackFactor"":2.773687,""relativeReattackMinDelta"":0.012575,""relativeFluxFactor"":1.576956,""spectralNoveltyRatio"":2.550051,""spectralNoveltyMinBins"":38,""cooldownFrames"":5,""cooldownOverrideFactor"":2.405591,""cooldownOverrideMinFlux"":0.02938,""cooldownOverrideMinBandRatio"":0.052686,""analyzeIntervalMs"":40}"
350,r008-0024-46866a91,8,-283,3,7,5,5,0,127,"{""relativeReattackFactor"":3.118922,""relativeReattackMinDelta"":0.011914,""relativeFluxFactor"":1.545007,""spectralNoveltyRatio"":2.51564,""spectralNoveltyMinBins"":37,""cooldownFrames"":5,""cooldownOverrideFactor"":3.077715,""cooldownOverrideMinFlux"":0.026025,""cooldownOverrideMinBandRatio"":0.064883,""analyzeIntervalMs"":40}"
351,r008-0060-2f3d77a5,8,-283,3,7,5,5,0,128,"{""relativeReattackFactor"":2.927924,""relativeReattackMinDelta"":0.011396,""relativeFluxFactor"":1.499443,""spectralNoveltyRatio"":2.734701,""spectralNoveltyMinBins"":37,""cooldownFrames"":5,""cooldownOverrideFactor"":2.804654,""cooldownOverrideMinFlux"":0.026334,""cooldownOverrideMinBandRatio"":0.069095,""analyzeIntervalMs"":40}"
352,r009-0050-19d2d30a,9,-283,3,7,5,5,0,128,"{""relativeReattackFactor"":2.842902,""relativeReattackMinDelta"":0.011603,""relativeFluxFactor"":1.482875,""spectralNoveltyRatio"":2.634382,""spectralNoveltyMinBins"":38,""cooldownFrames"":5,""cooldownOverrideFactor"":2.839836,""cooldownOverrideMinFlux"":0.026621,""cooldownOverrideMinBandRatio"":0.070038,""analyzeIntervalMs"":40}"
353,r009-0058-973f8510,9,-283,3,7,5,5,0,128,"{""relativeReattackFactor"":2.873822,""relativeReattackMinDelta"":0.013582,""relativeFluxFactor"":1.495663,""spectralNoveltyRatio"":2.613255,""spectralNoveltyMinBins"":38,""cooldownFrames"":5,""cooldownOverrideFactor"":2.644798,""cooldownOverrideMinFlux"":0.029852,""cooldownOverrideMinBandRatio"":0.049993,""analyzeIntervalMs"":40}"
354,r004-0038-d309bdfb,4,-284,4,7,8,5,4,129,"{""relativeReattackFactor"":2.727896,""relativeReattackMinDelta"":0.015248,""relativeFluxFactor"":1.4,""spectralNoveltyRatio"":3.391092,""spectralNoveltyMinBins"":37,""cooldownFrames"":5,""cooldownOverrideFactor"":3.334165,""cooldownOverrideMinFlux"":0.024605,""cooldownOverrideMinBandRatio"":0.051855,""analyzeIntervalMs"":42}"
355,r002-0052-bbe11c99,2,-284,4,8,2,6,0,119,"{""relativeReattackFactor"":3.861939,""relativeReattackMinDelta"":0.025,""relativeFluxFactor"":2.10694,""spectralNoveltyRatio"":2.064729,""spectralNoveltyMinBins"":41,""cooldownFrames"":5,""cooldownOverrideFactor"":4.292322,""cooldownOverrideMinFlux"":0.019574,""cooldownOverrideMinBandRatio"":0.065924,""analyzeIntervalMs"":42}"
356,r006-0059-b964d4af,6,-286,4,7,7,5,3,129,"{""relativeReattackFactor"":2.72727,""relativeReattackMinDelta"":0.00987,""relativeFluxFactor"":1.606278,""spectralNoveltyRatio"":3.632892,""spectralNoveltyMinBins"":33,""cooldownFrames"":5,""cooldownOverrideFactor"":3.131957,""cooldownOverrideMinFlux"":0.026334,""cooldownOverrideMinBandRatio"":0.055813,""analyzeIntervalMs"":42}"
357,r003-0064-28d64ea5,3,-286,4,8,3,6,0,121,"{""relativeReattackFactor"":3.466644,""relativeReattackMinDelta"":0.017991,""relativeFluxFactor"":2.103372,""spectralNoveltyRatio"":1.646623,""spectralNoveltyMinBins"":37,""cooldownFrames"":5,""cooldownOverrideFactor"":4.228046,""cooldownOverrideMinFlux"":0.025291,""cooldownOverrideMinBandRatio"":0.060655,""analyzeIntervalMs"":42}"
358,r002-0001-83a44e6e,2,-286,3,9,3,6,0,121,"{""relativeReattackFactor"":3.477522,""relativeReattackMinDelta"":0.013604,""relativeFluxFactor"":1.461364,""spectralNoveltyRatio"":3.549953,""spectralNoveltyMinBins"":41,""cooldownFrames"":5,""cooldownOverrideFactor"":2.746864,""cooldownOverrideMinFlux"":0.03,""cooldownOverrideMinBandRatio"":0.055505,""analyzeIntervalMs"":35}"
359,r001-0028-bce7ba4d,1,-286,4,9,3,7,0,123,"{""relativeReattackFactor"":3.095055,""relativeReattackMinDelta"":0.014577,""relativeFluxFactor"":1.556841,""spectralNoveltyRatio"":3.479327,""spectralNoveltyMinBins"":41,""cooldownFrames"":5,""cooldownOverrideFactor"":2.79824,""cooldownOverrideMinFlux"":0.029905,""cooldownOverrideMinBandRatio"":0.051223,""analyzeIntervalMs"":37}"
360,r003-0044-3d0f2a96,3,-290,4,8,3,6,0,127,"{""relativeReattackFactor"":3.593959,""relativeReattackMinDelta"":0.017278,""relativeFluxFactor"":1.908019,""spectralNoveltyRatio"":1.55423,""spectralNoveltyMinBins"":34,""cooldownFrames"":5,""cooldownOverrideFactor"":4.229169,""cooldownOverrideMinFlux"":0.021511,""cooldownOverrideMinBandRatio"":0.056717,""analyzeIntervalMs"":40}"
361,r004-0058-9015da15,4,-292,3,6,8,4,4,132,"{""relativeReattackFactor"":2.798627,""relativeReattackMinDelta"":0.012132,""relativeFluxFactor"":1.4,""spectralNoveltyRatio"":3.376022,""spectralNoveltyMinBins"":31,""cooldownFrames"":5,""cooldownOverrideFactor"":3.303779,""cooldownOverrideMinFlux"":0.026862,""cooldownOverrideMinBandRatio"":0.049598,""analyzeIntervalMs"":42}"
362,r005-0067-498c35dd,5,-292,3,6,8,4,4,132,"{""relativeReattackFactor"":2.858239,""relativeReattackMinDelta"":0.01025,""relativeFluxFactor"":1.434743,""spectralNoveltyRatio"":3.443977,""spectralNoveltyMinBins"":30,""cooldownFrames"":5,""cooldownOverrideFactor"":3.037983,""cooldownOverrideMinFlux"":0.026746,""cooldownOverrideMinBandRatio"":0.0608,""analyzeIntervalMs"":42}"
363,r004-0059-b4b658c7,4,-292,3,8,5,6,0,125,"{""relativeReattackFactor"":3.248975,""relativeReattackMinDelta"":0.013982,""relativeFluxFactor"":1.627655,""spectralNoveltyRatio"":2.382326,""spectralNoveltyMinBins"":41,""cooldownFrames"":5,""cooldownOverrideFactor"":2.647327,""cooldownOverrideMinFlux"":0.029727,""cooldownOverrideMinBandRatio"":0.054076,""analyzeIntervalMs"":43}"
364,r004-0005-88c3e7ba,4,-294,4,8,4,6,0,125,"{""relativeReattackFactor"":2.999856,""relativeReattackMinDelta"":0.016167,""relativeFluxFactor"":1.458256,""spectralNoveltyRatio"":2.489172,""spectralNoveltyMinBins"":43,""cooldownFrames"":5,""cooldownOverrideFactor"":2.731733,""cooldownOverrideMinFlux"":0.029285,""cooldownOverrideMinBandRatio"":0.057608,""analyzeIntervalMs"":40}"
365,r008-0043-dfdf386d,8,-294,4,8,4,6,0,125,"{""relativeReattackFactor"":2.993596,""relativeReattackMinDelta"":0.014626,""relativeFluxFactor"":1.449502,""spectralNoveltyRatio"":2.811224,""spectralNoveltyMinBins"":40,""cooldownFrames"":5,""cooldownOverrideFactor"":2.714549,""cooldownOverrideMinFlux"":0.028934,""cooldownOverrideMinBandRatio"":0.049494,""analyzeIntervalMs"":40}"
366,r009-0007-3052aea5,9,-294,4,8,4,6,0,126,"{""relativeReattackFactor"":2.811274,""relativeReattackMinDelta"":0.014629,""relativeFluxFactor"":1.456251,""spectralNoveltyRatio"":2.621885,""spectralNoveltyMinBins"":40,""cooldownFrames"":5,""cooldownOverrideFactor"":2.501816,""cooldownOverrideMinFlux"":0.029869,""cooldownOverrideMinBandRatio"":0.049813,""analyzeIntervalMs"":40}"
367,r004-0021-5cdfb93e,4,-298,3,6,9,4,4,133,"{""relativeReattackFactor"":2.595229,""relativeReattackMinDelta"":0.010304,""relativeFluxFactor"":1.4,""spectralNoveltyRatio"":3.316235,""spectralNoveltyMinBins"":31,""cooldownFrames"":5,""cooldownOverrideFactor"":3.016516,""cooldownOverrideMinFlux"":0.026005,""cooldownOverrideMinBandRatio"":0.057607,""analyzeIntervalMs"":42}"
368,r005-0022-1264af82,5,-298,3,6,9,4,4,133,"{""relativeReattackFactor"":2.681401,""relativeReattackMinDelta"":0.009944,""relativeFluxFactor"":1.4,""spectralNoveltyRatio"":3.609311,""spectralNoveltyMinBins"":30,""cooldownFrames"":5,""cooldownOverrideFactor"":2.835676,""cooldownOverrideMinFlux"":0.025998,""cooldownOverrideMinBandRatio"":0.056448,""analyzeIntervalMs"":42}"
369,r003-0078-84cd8ca4,3,-304,3,7,7,5,2,130,"{""relativeReattackFactor"":3.595926,""relativeReattackMinDelta"":0.013894,""relativeFluxFactor"":1.4,""spectralNoveltyRatio"":2.846803,""spectralNoveltyMinBins"":39,""cooldownFrames"":5,""cooldownOverrideFactor"":2.271271,""cooldownOverrideMinFlux"":0.027925,""cooldownOverrideMinBandRatio"":0.053725,""analyzeIntervalMs"":38}"
370,r004-0060-3865df9d,4,-307,4,7,7,5,4,126,"{""relativeReattackFactor"":3.015009,""relativeReattackMinDelta"":0.016395,""relativeFluxFactor"":1.622177,""spectralNoveltyRatio"":2.931584,""spectralNoveltyMinBins"":39,""cooldownFrames"":5,""cooldownOverrideFactor"":2.568749,""cooldownOverrideMinFlux"":0.028805,""cooldownOverrideMinBandRatio"":0.056888,""analyzeIntervalMs"":42}"
371,r005-0059-0d613338,5,-307,4,7,7,5,4,130,"{""relativeReattackFactor"":2.757673,""relativeReattackMinDelta"":0.008889,""relativeFluxFactor"":1.624762,""spectralNoveltyRatio"":3.242943,""spectralNoveltyMinBins"":31,""cooldownFrames"":5,""cooldownOverrideFactor"":3.40733,""cooldownOverrideMinFlux"":0.025127,""cooldownOverrideMinBandRatio"":0.063269,""analyzeIntervalMs"":42}"
372,r005-0014-e5a398e6,5,-308,2,6,8,4,1,134,"{""relativeReattackFactor"":2.816904,""relativeReattackMinDelta"":0.008284,""relativeFluxFactor"":1.584166,""spectralNoveltyRatio"":3.150647,""spectralNoveltyMinBins"":27,""cooldownFrames"":5,""cooldownOverrideFactor"":3.182855,""cooldownOverrideMinFlux"":0.027234,""cooldownOverrideMinBandRatio"":0.056959,""analyzeIntervalMs"":40}"
373,r004-0031-cf7b0fbb,4,-309,4,7,4,5,1,128,"{""relativeReattackFactor"":2.751939,""relativeReattackMinDelta"":0.010999,""relativeFluxFactor"":1.4,""spectralNoveltyRatio"":3.629537,""spectralNoveltyMinBins"":37,""cooldownFrames"":5,""cooldownOverrideFactor"":2.881761,""cooldownOverrideMinFlux"":0.02671,""cooldownOverrideMinBandRatio"":0.057105,""analyzeIntervalMs"":40}"
374,r004-0043-9541a45a,4,-309,4,7,4,5,1,128,"{""relativeReattackFactor"":2.636997,""relativeReattackMinDelta"":0.012637,""relativeFluxFactor"":1.4,""spectralNoveltyRatio"":4.035701,""spectralNoveltyMinBins"":38,""cooldownFrames"":5,""cooldownOverrideFactor"":3.207916,""cooldownOverrideMinFlux"":0.027437,""cooldownOverrideMinBandRatio"":0.058759,""analyzeIntervalMs"":40}"
375,r003-0006-88efaa21,3,-309,4,8,6,6,3,125,"{""relativeReattackFactor"":2.859226,""relativeReattackMinDelta"":0.012071,""relativeFluxFactor"":1.422704,""spectralNoveltyRatio"":3.448364,""spectralNoveltyMinBins"":42,""cooldownFrames"":5,""cooldownOverrideFactor"":3.296747,""cooldownOverrideMinFlux"":0.025716,""cooldownOverrideMinBandRatio"":0.055263,""analyzeIntervalMs"":42}"
376,r004-0003-16a4dd47,4,-309,4,8,6,6,3,123,"{""relativeReattackFactor"":2.788314,""relativeReattackMinDelta"":0.012018,""relativeFluxFactor"":1.504339,""spectralNoveltyRatio"":3.875219,""spectralNoveltyMinBins"":40,""cooldownFrames"":5,""cooldownOverrideFactor"":3.254353,""cooldownOverrideMinFlux"":0.023855,""cooldownOverrideMinBandRatio"":0.05212,""analyzeIntervalMs"":42}"
377,r004-0034-34513d3b,4,-309,4,8,6,6,3,125,"{""relativeReattackFactor"":2.963384,""relativeReattackMinDelta"":0.014333,""relativeFluxFactor"":1.404442,""spectralNoveltyRatio"":2.651463,""spectralNoveltyMinBins"":45,""cooldownFrames"":5,""cooldownOverrideFactor"":2.836783,""cooldownOverrideMinFlux"":0.03,""cooldownOverrideMinBandRatio"":0.053843,""analyzeIntervalMs"":42}"
378,r004-0035-27190a0b,4,-309,4,8,6,6,3,124,"{""relativeReattackFactor"":2.90081,""relativeReattackMinDelta"":0.014831,""relativeFluxFactor"":1.4,""spectralNoveltyRatio"":2.480293,""spectralNoveltyMinBins"":47,""cooldownFrames"":5,""cooldownOverrideFactor"":2.605559,""cooldownOverrideMinFlux"":0.02884,""cooldownOverrideMinBandRatio"":0.061744,""analyzeIntervalMs"":42}"
379,r004-0044-fe66fd6c,4,-309,4,8,6,6,3,123,"{""relativeReattackFactor"":3.025596,""relativeReattackMinDelta"":0.015072,""relativeFluxFactor"":1.461127,""spectralNoveltyRatio"":2.683648,""spectralNoveltyMinBins"":46,""cooldownFrames"":5,""cooldownOverrideFactor"":2.705432,""cooldownOverrideMinFlux"":0.028656,""cooldownOverrideMinBandRatio"":0.051657,""analyzeIntervalMs"":42}"
380,r004-0080-4bc64235,4,-309,4,8,6,6,3,123,"{""relativeReattackFactor"":2.982271,""relativeReattackMinDelta"":0.016679,""relativeFluxFactor"":1.490541,""spectralNoveltyRatio"":3.178652,""spectralNoveltyMinBins"":44,""cooldownFrames"":5,""cooldownOverrideFactor"":2.840336,""cooldownOverrideMinFlux"":0.026204,""cooldownOverrideMinBandRatio"":0.057823,""analyzeIntervalMs"":42}"
381,r005-0040-0b4ff604,5,-309,4,8,6,6,3,126,"{""relativeReattackFactor"":2.892861,""relativeReattackMinDelta"":0.015431,""relativeFluxFactor"":1.4,""spectralNoveltyRatio"":2.376023,""spectralNoveltyMinBins"":46,""cooldownFrames"":5,""cooldownOverrideFactor"":2.702734,""cooldownOverrideMinFlux"":0.029042,""cooldownOverrideMinBandRatio"":0.051488,""analyzeIntervalMs"":42}"
382,r007-0076-27ecb083,7,-309,4,8,6,6,3,125,"{""relativeReattackFactor"":2.967391,""relativeReattackMinDelta"":0.013168,""relativeFluxFactor"":1.4,""spectralNoveltyRatio"":2.857961,""spectralNoveltyMinBins"":43,""cooldownFrames"":5,""cooldownOverrideFactor"":2.909932,""cooldownOverrideMinFlux"":0.025878,""cooldownOverrideMinBandRatio"":0.06568,""analyzeIntervalMs"":42}"
383,r006-0070-dab11ac7,6,-313,4,7,8,5,4,130,"{""relativeReattackFactor"":2.671971,""relativeReattackMinDelta"":0.014905,""relativeFluxFactor"":1.60802,""spectralNoveltyRatio"":3.137722,""spectralNoveltyMinBins"":35,""cooldownFrames"":5,""cooldownOverrideFactor"":3.208907,""cooldownOverrideMinFlux"":0.024284,""cooldownOverrideMinBandRatio"":0.052214,""analyzeIntervalMs"":42}"
384,r003-0034-8c6fbcaa,3,-313,5,8,1,6,0,121,"{""relativeReattackFactor"":3.942061,""relativeReattackMinDelta"":0.017149,""relativeFluxFactor"":2.120949,""spectralNoveltyRatio"":2.46432,""spectralNoveltyMinBins"":36,""cooldownFrames"":5,""cooldownOverrideFactor"":3.814755,""cooldownOverrideMinFlux"":0.020703,""cooldownOverrideMinBandRatio"":0.051394,""analyzeIntervalMs"":41}"
385,r002-0051-fce013ee,2,-313,3,9,4,6,1,123,"{""relativeReattackFactor"":3.269005,""relativeReattackMinDelta"":0.016019,""relativeFluxFactor"":1.4,""spectralNoveltyRatio"":3.097603,""spectralNoveltyMinBins"":43,""cooldownFrames"":5,""cooldownOverrideFactor"":2.85331,""cooldownOverrideMinFlux"":0.029312,""cooldownOverrideMinBandRatio"":0.061194,""analyzeIntervalMs"":35}"
386,r003-0049-3a496780,3,-313,4,9,4,7,1,125,"{""relativeReattackFactor"":3.496495,""relativeReattackMinDelta"":0.020629,""relativeFluxFactor"":1.657674,""spectralNoveltyRatio"":1.739354,""spectralNoveltyMinBins"":40,""cooldownFrames"":5,""cooldownOverrideFactor"":4.130702,""cooldownOverrideMinFlux"":0.023262,""cooldownOverrideMinBandRatio"":0.056213,""analyzeIntervalMs"":37}"
387,r003-0056-8b27fa41,3,-315,4,7,5,5,1,129,"{""relativeReattackFactor"":2.664038,""relativeReattackMinDelta"":0.010814,""relativeFluxFactor"":1.4,""spectralNoveltyRatio"":3.882918,""spectralNoveltyMinBins"":35,""cooldownFrames"":5,""cooldownOverrideFactor"":3.054775,""cooldownOverrideMinFlux"":0.027454,""cooldownOverrideMinBandRatio"":0.051649,""analyzeIntervalMs"":40}"
388,r003-0068-de8b6686,3,-315,4,7,5,5,1,127,"{""relativeReattackFactor"":3.215767,""relativeReattackMinDelta"":0.010642,""relativeFluxFactor"":1.4,""spectralNoveltyRatio"":3.037812,""spectralNoveltyMinBins"":38,""cooldownFrames"":5,""cooldownOverrideFactor"":2.633867,""cooldownOverrideMinFlux"":0.024826,""cooldownOverrideMinBandRatio"":0.052233,""analyzeIntervalMs"":40}"
389,r006-0023-2635eb30,6,-315,4,7,5,5,1,128,"{""relativeReattackFactor"":2.916133,""relativeReattackMinDelta"":0.012223,""relativeFluxFactor"":1.4,""spectralNoveltyRatio"":2.837501,""spectralNoveltyMinBins"":38,""cooldownFrames"":5,""cooldownOverrideFactor"":2.961839,""cooldownOverrideMinFlux"":0.024662,""cooldownOverrideMinBandRatio"":0.069877,""analyzeIntervalMs"":40}"
390,r006-0046-85fefc5b,6,-315,4,7,5,5,1,127,"{""relativeReattackFactor"":2.993162,""relativeReattackMinDelta"":0.013246,""relativeFluxFactor"":1.4,""spectralNoveltyRatio"":2.551933,""spectralNoveltyMinBins"":40,""cooldownFrames"":5,""cooldownOverrideFactor"":2.907723,""cooldownOverrideMinFlux"":0.024934,""cooldownOverrideMinBandRatio"":0.064149,""analyzeIntervalMs"":40}"
391,r007-0022-8d2e2997,7,-315,4,7,5,5,1,128,"{""relativeReattackFactor"":2.952967,""relativeReattackMinDelta"":0.014267,""relativeFluxFactor"":1.4,""spectralNoveltyRatio"":2.68216,""spectralNoveltyMinBins"":39,""cooldownFrames"":5,""cooldownOverrideFactor"":2.594296,""cooldownOverrideMinFlux"":0.03,""cooldownOverrideMinBandRatio"":0.046298,""analyzeIntervalMs"":40}"
392,r007-0034-b5c25bdd,7,-315,4,7,5,5,1,129,"{""relativeReattackFactor"":2.726255,""relativeReattackMinDelta"":0.013727,""relativeFluxFactor"":1.4,""spectralNoveltyRatio"":2.741486,""spectralNoveltyMinBins"":39,""cooldownFrames"":5,""cooldownOverrideFactor"":2.294408,""cooldownOverrideMinFlux"":0.03,""cooldownOverrideMinBandRatio"":0.046997,""analyzeIntervalMs"":40}"
393,r007-0065-6e96c64e,7,-315,4,7,5,5,1,129,"{""relativeReattackFactor"":2.788764,""relativeReattackMinDelta"":0.011764,""relativeFluxFactor"":1.4,""spectralNoveltyRatio"":2.641713,""spectralNoveltyMinBins"":40,""cooldownFrames"":5,""cooldownOverrideFactor"":2.879205,""cooldownOverrideMinFlux"":0.023101,""cooldownOverrideMinBandRatio"":0.065861,""analyzeIntervalMs"":40}"
394,r007-0066-32acf63c,7,-315,4,7,5,5,1,128,"{""relativeReattackFactor"":2.899732,""relativeReattackMinDelta"":0.013781,""relativeFluxFactor"":1.4,""spectralNoveltyRatio"":2.750716,""spectralNoveltyMinBins"":39,""cooldownFrames"":5,""cooldownOverrideFactor"":2.991208,""cooldownOverrideMinFlux"":0.026303,""cooldownOverrideMinBandRatio"":0.06482,""analyzeIntervalMs"":40}"
395,r008-0049-94d2aa62,8,-315,4,7,5,5,1,127,"{""relativeReattackFactor"":2.986042,""relativeReattackMinDelta"":0.011903,""relativeFluxFactor"":1.4,""spectralNoveltyRatio"":2.73801,""spectralNoveltyMinBins"":39,""cooldownFrames"":5,""cooldownOverrideFactor"":3.144408,""cooldownOverrideMinFlux"":0.024659,""cooldownOverrideMinBandRatio"":0.066508,""analyzeIntervalMs"":40}"
396,r002-0036-d5d41717,2,-316,2,6,9,4,3,134,"{""relativeReattackFactor"":3.3254,""relativeReattackMinDelta"":0.017422,""relativeFluxFactor"":1.4,""spectralNoveltyRatio"":3.106783,""spectralNoveltyMinBins"":33,""cooldownFrames"":5,""cooldownOverrideFactor"":3.000859,""cooldownOverrideMinFlux"":0.03,""cooldownOverrideMinBandRatio"":0.052882,""analyzeIntervalMs"":35}"
397,r005-0017-2efa30a6,5,-317,4,8,3,6,0,126,"{""relativeReattackFactor"":2.791492,""relativeReattackMinDelta"":0.010195,""relativeFluxFactor"":1.614949,""spectralNoveltyRatio"":3.512151,""spectralNoveltyMinBins"":37,""cooldownFrames"":5,""cooldownOverrideFactor"":3.051511,""cooldownOverrideMinFlux"":0.02529,""cooldownOverrideMinBandRatio"":0.053796,""analyzeIntervalMs"":40}"
398,r004-0050-c4eb36b0,4,-317,4,9,3,7,0,122,"{""relativeReattackFactor"":3.020123,""relativeReattackMinDelta"":0.016513,""relativeFluxFactor"":1.4,""spectralNoveltyRatio"":2.822884,""spectralNoveltyMinBins"":46,""cooldownFrames"":5,""cooldownOverrideFactor"":2.723353,""cooldownOverrideMinFlux"":0.025484,""cooldownOverrideMinBandRatio"":0.066147,""analyzeIntervalMs"":40}"
399,r004-0069-5114a8c3,4,-317,4,9,3,7,0,122,"{""relativeReattackFactor"":3.169175,""relativeReattackMinDelta"":0.014285,""relativeFluxFactor"":1.4,""spectralNoveltyRatio"":2.647604,""spectralNoveltyMinBins"":48,""cooldownFrames"":5,""cooldownOverrideFactor"":2.466162,""cooldownOverrideMinFlux"":0.03,""cooldownOverrideMinBandRatio"":0.055351,""analyzeIntervalMs"":40}"
400,r004-0004-a2d33af0,4,-322,2,7,6,5,0,130,"{""relativeReattackFactor"":2.972584,""relativeReattackMinDelta"":0.013605,""relativeFluxFactor"":1.4,""spectralNoveltyRatio"":2.153242,""spectralNoveltyMinBins"":40,""cooldownFrames"":5,""cooldownOverrideFactor"":2.563807,""cooldownOverrideMinFlux"":0.029609,""cooldownOverrideMinBandRatio"":0.045006,""analyzeIntervalMs"":39}"
401,r004-0009-40a24dbf,4,-322,2,7,6,5,0,129,"{""relativeReattackFactor"":2.914581,""relativeReattackMinDelta"":0.016509,""relativeFluxFactor"":1.4,""spectralNoveltyRatio"":2.761651,""spectralNoveltyMinBins"":39,""cooldownFrames"":5,""cooldownOverrideFactor"":2.693179,""cooldownOverrideMinFlux"":0.028806,""cooldownOverrideMinBandRatio"":0.045553,""analyzeIntervalMs"":39}"
402,r004-0028-4c00abc5,4,-322,2,7,6,5,0,129,"{""relativeReattackFactor"":2.943505,""relativeReattackMinDelta"":0.01339,""relativeFluxFactor"":1.4,""spectralNoveltyRatio"":3.338137,""spectralNoveltyMinBins"":38,""cooldownFrames"":5,""cooldownOverrideFactor"":3.115975,""cooldownOverrideMinFlux"":0.02578,""cooldownOverrideMinBandRatio"":0.047539,""analyzeIntervalMs"":39}"
403,r005-0011-707bcf2e,5,-322,2,7,6,5,0,129,"{""relativeReattackFactor"":3.012987,""relativeReattackMinDelta"":0.012897,""relativeFluxFactor"":1.4,""spectralNoveltyRatio"":2.61236,""spectralNoveltyMinBins"":38,""cooldownFrames"":5,""cooldownOverrideFactor"":2.911394,""cooldownOverrideMinFlux"":0.025862,""cooldownOverrideMinBandRatio"":0.06401,""analyzeIntervalMs"":39}"
404,r005-0068-2c0d612c,5,-323,4,8,4,6,0,126,"{""relativeReattackFactor"":2.936547,""relativeReattackMinDelta"":0.014208,""relativeFluxFactor"":1.475645,""spectralNoveltyRatio"":3.144875,""spectralNoveltyMinBins"":36,""cooldownFrames"":5,""cooldownOverrideFactor"":3.241645,""cooldownOverrideMinFlux"":0.022685,""cooldownOverrideMinBandRatio"":0.054212,""analyzeIntervalMs"":40}"
405,r007-0042-6f8b141a,7,-323,4,8,4,6,0,126,"{""relativeReattackFactor"":2.842686,""relativeReattackMinDelta"":0.015282,""relativeFluxFactor"":1.5544,""spectralNoveltyRatio"":2.800325,""spectralNoveltyMinBins"":38,""cooldownFrames"":5,""cooldownOverrideFactor"":2.566695,""cooldownOverrideMinFlux"":0.028805,""cooldownOverrideMinBandRatio"":0.052634,""analyzeIntervalMs"":40}"
406,r004-0026-a8a3f38a,4,-329,3,7,8,5,3,130,"{""relativeReattackFactor"":2.560061,""relativeReattackMinDelta"":0.00835,""relativeFluxFactor"":1.4,""spectralNoveltyRatio"":4.05975,""spectralNoveltyMinBins"":33,""cooldownFrames"":5,""cooldownOverrideFactor"":3.157697,""cooldownOverrideMinFlux"":0.024926,""cooldownOverrideMinBandRatio"":0.062901,""analyzeIntervalMs"":42}"
407,r005-0051-c57e15c8,5,-333,3,7,6,5,1,128,"{""relativeReattackFactor"":2.993329,""relativeReattackMinDelta"":0.013155,""relativeFluxFactor"":1.4,""spectralNoveltyRatio"":2.524244,""spectralNoveltyMinBins"":40,""cooldownFrames"":5,""cooldownOverrideFactor"":2.954718,""cooldownOverrideMinFlux"":0.025945,""cooldownOverrideMinBandRatio"":0.06883,""analyzeIntervalMs"":40}"
408,r005-0060-b7b337a9,5,-333,3,7,6,5,1,129,"{""relativeReattackFactor"":2.909375,""relativeReattackMinDelta"":0.014956,""relativeFluxFactor"":1.4,""spectralNoveltyRatio"":2.239781,""spectralNoveltyMinBins"":41,""cooldownFrames"":5,""cooldownOverrideFactor"":2.625518,""cooldownOverrideMinFlux"":0.028856,""cooldownOverrideMinBandRatio"":0.054284,""analyzeIntervalMs"":40}"
409,r006-0001-fa4d5762,6,-333,3,7,6,5,1,129,"{""relativeReattackFactor"":2.952631,""relativeReattackMinDelta"":0.013309,""relativeFluxFactor"":1.4,""spectralNoveltyRatio"":2.419396,""spectralNoveltyMinBins"":39,""cooldownFrames"":5,""cooldownOverrideFactor"":2.907991,""cooldownOverrideMinFlux"":0.02586,""cooldownOverrideMinBandRatio"":0.069019,""analyzeIntervalMs"":40}"
410,r006-0042-5028f7ff,6,-333,3,7,6,5,1,130,"{""relativeReattackFactor"":2.779931,""relativeReattackMinDelta"":0.014718,""relativeFluxFactor"":1.4,""spectralNoveltyRatio"":2.528953,""spectralNoveltyMinBins"":39,""cooldownFrames"":5,""cooldownOverrideFactor"":2.611502,""cooldownOverrideMinFlux"":0.03,""cooldownOverrideMinBandRatio"":0.048609,""analyzeIntervalMs"":40}"
411,r006-0056-3731ee1d,6,-333,3,7,6,5,1,128,"{""relativeReattackFactor"":3.01338,""relativeReattackMinDelta"":0.013194,""relativeFluxFactor"":1.4,""spectralNoveltyRatio"":2.627635,""spectralNoveltyMinBins"":39,""cooldownFrames"":5,""cooldownOverrideFactor"":2.871937,""cooldownOverrideMinFlux"":0.024285,""cooldownOverrideMinBandRatio"":0.068692,""analyzeIntervalMs"":40}"
412,r007-0031-ce505a5b,7,-333,3,7,6,5,1,128,"{""relativeReattackFactor"":3.068364,""relativeReattackMinDelta"":0.012129,""relativeFluxFactor"":1.4,""spectralNoveltyRatio"":2.476708,""spectralNoveltyMinBins"":40,""cooldownFrames"":5,""cooldownOverrideFactor"":3.145498,""cooldownOverrideMinFlux"":0.0264,""cooldownOverrideMinBandRatio"":0.063646,""analyzeIntervalMs"":40}"
413,r008-0021-932dd5c3,8,-333,3,7,6,5,1,129,"{""relativeReattackFactor"":2.929272,""relativeReattackMinDelta"":0.013589,""relativeFluxFactor"":1.4,""spectralNoveltyRatio"":2.503456,""spectralNoveltyMinBins"":40,""cooldownFrames"":5,""cooldownOverrideFactor"":3.135567,""cooldownOverrideMinFlux"":0.0265,""cooldownOverrideMinBandRatio"":0.068535,""analyzeIntervalMs"":40}"
414,r008-0037-873e46bb,8,-333,3,7,6,5,1,128,"{""relativeReattackFactor"":2.967043,""relativeReattackMinDelta"":0.013479,""relativeFluxFactor"":1.4,""spectralNoveltyRatio"":2.418809,""spectralNoveltyMinBins"":40,""cooldownFrames"":5,""cooldownOverrideFactor"":2.496992,""cooldownOverrideMinFlux"":0.029579,""cooldownOverrideMinBandRatio"":0.05214,""analyzeIntervalMs"":40}"
415,r009-0019-3361c7ee,9,-333,3,7,6,5,1,128,"{""relativeReattackFactor"":3.026133,""relativeReattackMinDelta"":0.01211,""relativeFluxFactor"":1.4,""spectralNoveltyRatio"":2.425233,""spectralNoveltyMinBins"":40,""cooldownFrames"":5,""cooldownOverrideFactor"":3.156003,""cooldownOverrideMinFlux"":0.025234,""cooldownOverrideMinBandRatio"":0.067332,""analyzeIntervalMs"":40}"
416,r009-0021-2e2b511f,9,-333,3,7,6,5,1,129,"{""relativeReattackFactor"":2.917921,""relativeReattackMinDelta"":0.013636,""relativeFluxFactor"":1.4,""spectralNoveltyRatio"":2.508196,""spectralNoveltyMinBins"":39,""cooldownFrames"":5,""cooldownOverrideFactor"":3.119864,""cooldownOverrideMinFlux"":0.026697,""cooldownOverrideMinBandRatio"":0.068883,""analyzeIntervalMs"":40}"
417,r009-0032-0ed14c72,9,-333,3,7,6,5,1,129,"{""relativeReattackFactor"":2.88872,""relativeReattackMinDelta"":0.013693,""relativeFluxFactor"":1.4,""spectralNoveltyRatio"":2.490114,""spectralNoveltyMinBins"":40,""cooldownFrames"":5,""cooldownOverrideFactor"":2.359857,""cooldownOverrideMinFlux"":0.028985,""cooldownOverrideMinBandRatio"":0.047034,""analyzeIntervalMs"":40}"
418,r009-0072-eabbe421,9,-333,3,7,6,5,1,128,"{""relativeReattackFactor"":2.973682,""relativeReattackMinDelta"":0.014096,""relativeFluxFactor"":1.4,""spectralNoveltyRatio"":2.41098,""spectralNoveltyMinBins"":40,""cooldownFrames"":5,""cooldownOverrideFactor"":2.425113,""cooldownOverrideMinFlux"":0.02908,""cooldownOverrideMinBandRatio"":0.046486,""analyzeIntervalMs"":40}"
419,r005-0046-df1f0ec6,5,-336,4,8,7,6,4,125,"{""relativeReattackFactor"":2.866032,""relativeReattackMinDelta"":0.011884,""relativeFluxFactor"":1.522098,""spectralNoveltyRatio"":2.778488,""spectralNoveltyMinBins"":41,""cooldownFrames"":5,""cooldownOverrideFactor"":3.202316,""cooldownOverrideMinFlux"":0.024459,""cooldownOverrideMinBandRatio"":0.067007,""analyzeIntervalMs"":42}"
420,r005-0055-c5b0dd1c,5,-336,4,8,7,6,4,127,"{""relativeReattackFactor"":2.989219,""relativeReattackMinDelta"":0.013809,""relativeFluxFactor"":1.4,""spectralNoveltyRatio"":2.493468,""spectralNoveltyMinBins"":42,""cooldownFrames"":5,""cooldownOverrideFactor"":2.594301,""cooldownOverrideMinFlux"":0.03,""cooldownOverrideMinBandRatio"":0.047776,""analyzeIntervalMs"":42}"
421,r005-0071-9096c041,5,-336,4,8,7,6,4,126,"{""relativeReattackFactor"":3.058196,""relativeReattackMinDelta"":0.012863,""relativeFluxFactor"":1.4,""spectralNoveltyRatio"":2.5503,""spectralNoveltyMinBins"":41,""cooldownFrames"":5,""cooldownOverrideFactor"":2.929481,""cooldownOverrideMinFlux"":0.024476,""cooldownOverrideMinBandRatio"":0.064338,""analyzeIntervalMs"":42}"
422,r005-0075-fc77d9ab,5,-336,4,8,7,6,4,127,"{""relativeReattackFactor"":2.924027,""relativeReattackMinDelta"":0.013475,""relativeFluxFactor"":1.4,""spectralNoveltyRatio"":2.594598,""spectralNoveltyMinBins"":42,""cooldownFrames"":5,""cooldownOverrideFactor"":2.451617,""cooldownOverrideMinFlux"":0.029449,""cooldownOverrideMinBandRatio"":0.049779,""analyzeIntervalMs"":42}"
423,r006-0013-aa55061b,6,-336,4,8,7,6,4,126,"{""relativeReattackFactor"":2.93514,""relativeReattackMinDelta"":0.012449,""relativeFluxFactor"":1.4,""spectralNoveltyRatio"":2.748719,""spectralNoveltyMinBins"":43,""cooldownFrames"":5,""cooldownOverrideFactor"":2.99402,""cooldownOverrideMinFlux"":0.026337,""cooldownOverrideMinBandRatio"":0.062877,""analyzeIntervalMs"":42}"
424,r006-0021-b3145c70,6,-336,4,8,7,6,4,126,"{""relativeReattackFactor"":3.069902,""relativeReattackMinDelta"":0.013183,""relativeFluxFactor"":1.4,""spectralNoveltyRatio"":2.494398,""spectralNoveltyMinBins"":42,""cooldownFrames"":5,""cooldownOverrideFactor"":2.852994,""cooldownOverrideMinFlux"":0.024288,""cooldownOverrideMinBandRatio"":0.068226,""analyzeIntervalMs"":42}"
425,r006-0053-c70a085a,6,-336,4,8,7,6,4,126,"{""relativeReattackFactor"":2.753887,""relativeReattackMinDelta"":0.012309,""relativeFluxFactor"":1.4,""spectralNoveltyRatio"":2.805192,""spectralNoveltyMinBins"":42,""cooldownFrames"":5,""cooldownOverrideFactor"":2.977587,""cooldownOverrideMinFlux"":0.024526,""cooldownOverrideMinBandRatio"":0.070316,""analyzeIntervalMs"":42}"
426,r006-0057-62ac698e,6,-336,4,8,7,6,4,126,"{""relativeReattackFactor"":2.775523,""relativeReattackMinDelta"":0.013713,""relativeFluxFactor"":1.497364,""spectralNoveltyRatio"":2.548761,""spectralNoveltyMinBins"":41,""cooldownFrames"":5,""cooldownOverrideFactor"":2.614882,""cooldownOverrideMinFlux"":0.03,""cooldownOverrideMinBandRatio"":0.049317,""analyzeIntervalMs"":42}"
427,r006-0058-cbe81487,6,-336,4,8,7,6,4,127,"{""relativeReattackFactor"":2.95747,""relativeReattackMinDelta"":0.012274,""relativeFluxFactor"":1.4,""spectralNoveltyRatio"":2.601922,""spectralNoveltyMinBins"":41,""cooldownFrames"":5,""cooldownOverrideFactor"":2.754478,""cooldownOverrideMinFlux"":0.02613,""cooldownOverrideMinBandRatio"":0.066899,""analyzeIntervalMs"":42}"
428,r006-0068-ac66a695,6,-336,4,8,7,6,4,126,"{""relativeReattackFactor"":2.771083,""relativeReattackMinDelta"":0.01335,""relativeFluxFactor"":1.4,""spectralNoveltyRatio"":2.756026,""spectralNoveltyMinBins"":42,""cooldownFrames"":5,""cooldownOverrideFactor"":3.008079,""cooldownOverrideMinFlux"":0.02441,""cooldownOverrideMinBandRatio"":0.069003,""analyzeIntervalMs"":42}"
429,r007-0011-ff553521,7,-336,4,8,7,6,4,125,"{""relativeReattackFactor"":3.052708,""relativeReattackMinDelta"":0.013188,""relativeFluxFactor"":1.521447,""spectralNoveltyRatio"":2.679281,""spectralNoveltyMinBins"":43,""cooldownFrames"":5,""cooldownOverrideFactor"":3.115727,""cooldownOverrideMinFlux"":0.025242,""cooldownOverrideMinBandRatio"":0.066639,""analyzeIntervalMs"":42}"
430,r007-0018-925e3ac2,7,-336,4,8,7,6,4,126,"{""relativeReattackFactor"":2.741824,""relativeReattackMinDelta"":0.011834,""relativeFluxFactor"":1.4,""spectralNoveltyRatio"":2.878417,""spectralNoveltyMinBins"":42,""cooldownFrames"":5,""cooldownOverrideFactor"":2.947669,""cooldownOverrideMinFlux"":0.026182,""cooldownOverrideMinBandRatio"":0.069156,""analyzeIntervalMs"":42}"
431,r007-0021-ed016930,7,-336,4,8,7,6,4,126,"{""relativeReattackFactor"":2.917542,""relativeReattackMinDelta"":0.01265,""relativeFluxFactor"":1.51743,""spectralNoveltyRatio"":2.5156,""spectralNoveltyMinBins"":41,""cooldownFrames"":5,""cooldownOverrideFactor"":2.946856,""cooldownOverrideMinFlux"":0.024672,""cooldownOverrideMinBandRatio"":0.065911,""analyzeIntervalMs"":42}"
432,r007-0028-aa75df32,7,-336,4,8,7,6,4,126,"{""relativeReattackFactor"":2.917953,""relativeReattackMinDelta"":0.012696,""relativeFluxFactor"":1.4,""spectralNoveltyRatio"":2.886947,""spectralNoveltyMinBins"":40,""cooldownFrames"":5,""cooldownOverrideFactor"":2.857169,""cooldownOverrideMinFlux"":0.025086,""cooldownOverrideMinBandRatio"":0.069616,""analyzeIntervalMs"":42}"
433,r007-0039-140aca31,7,-336,4,8,7,6,4,126,"{""relativeReattackFactor"":2.732076,""relativeReattackMinDelta"":0.013605,""relativeFluxFactor"":1.473949,""spectralNoveltyRatio"":2.724332,""spectralNoveltyMinBins"":41,""cooldownFrames"":5,""cooldownOverrideFactor"":2.374676,""cooldownOverrideMinFlux"":0.02986,""cooldownOverrideMinBandRatio"":0.05007,""analyzeIntervalMs"":42}"
434,r007-0043-7c230301,7,-336,4,8,7,6,4,127,"{""relativeReattackFactor"":2.758999,""relativeReattackMinDelta"":0.013049,""relativeFluxFactor"":1.4,""spectralNoveltyRatio"":2.617598,""spectralNoveltyMinBins"":42,""cooldownFrames"":5,""cooldownOverrideFactor"":2.958861,""cooldownOverrideMinFlux"":0.024332,""cooldownOverrideMinBandRatio"":0.066775,""analyzeIntervalMs"":42}"
435,r007-0051-e8797517,7,-336,4,8,7,6,4,125,"{""relativeReattackFactor"":2.910481,""relativeReattackMinDelta"":0.014133,""relativeFluxFactor"":1.532505,""spectralNoveltyRatio"":2.776993,""spectralNoveltyMinBins"":43,""cooldownFrames"":5,""cooldownOverrideFactor"":3.01885,""cooldownOverrideMinFlux"":0.025991,""cooldownOverrideMinBandRatio"":0.066752,""analyzeIntervalMs"":42}"
436,r007-0060-dcf820c1,7,-336,4,8,7,6,4,127,"{""relativeReattackFactor"":2.763638,""relativeReattackMinDelta"":0.013362,""relativeFluxFactor"":1.436648,""spectralNoveltyRatio"":2.596786,""spectralNoveltyMinBins"":41,""cooldownFrames"":5,""cooldownOverrideFactor"":2.94752,""cooldownOverrideMinFlux"":0.02508,""cooldownOverrideMinBandRatio"":0.070712,""analyzeIntervalMs"":42}"
437,r007-0064-a8f90542,7,-336,4,8,7,6,4,125,"{""relativeReattackFactor"":2.962463,""relativeReattackMinDelta"":0.012934,""relativeFluxFactor"":1.486257,""spectralNoveltyRatio"":2.736792,""spectralNoveltyMinBins"":43,""cooldownFrames"":5,""cooldownOverrideFactor"":2.482379,""cooldownOverrideMinFlux"":0.02971,""cooldownOverrideMinBandRatio"":0.049093,""analyzeIntervalMs"":42}"
438,r007-0069-3afb0c00,7,-336,4,8,7,6,4,126,"{""relativeReattackFactor"":2.805054,""relativeReattackMinDelta"":0.012733,""relativeFluxFactor"":1.4,""spectralNoveltyRatio"":2.705756,""spectralNoveltyMinBins"":43,""cooldownFrames"":5,""cooldownOverrideFactor"":2.493979,""cooldownOverrideMinFlux"":0.02917,""cooldownOverrideMinBandRatio"":0.050229,""analyzeIntervalMs"":42}"
439,r008-0055-a6cff559,8,-336,4,8,7,6,4,126,"{""relativeReattackFactor"":2.906536,""relativeReattackMinDelta"":0.011715,""relativeFluxFactor"":1.467273,""spectralNoveltyRatio"":2.669141,""spectralNoveltyMinBins"":42,""cooldownFrames"":5,""cooldownOverrideFactor"":2.931374,""cooldownOverrideMinFlux"":0.026434,""cooldownOverrideMinBandRatio"":0.066121,""analyzeIntervalMs"":42}"
440,r008-0064-21186cdd,8,-336,4,8,7,6,4,125,"{""relativeReattackFactor"":3.162877,""relativeReattackMinDelta"":0.012475,""relativeFluxFactor"":1.4,""spectralNoveltyRatio"":2.579874,""spectralNoveltyMinBins"":41,""cooldownFrames"":5,""cooldownOverrideFactor"":3.208408,""cooldownOverrideMinFlux"":0.024151,""cooldownOverrideMinBandRatio"":0.063713,""analyzeIntervalMs"":42}"
441,r008-0080-2088570a,8,-336,4,8,7,6,4,127,"{""relativeReattackFactor"":2.955648,""relativeReattackMinDelta"":0.011629,""relativeFluxFactor"":1.4,""spectralNoveltyRatio"":2.695845,""spectralNoveltyMinBins"":42,""cooldownFrames"":5,""cooldownOverrideFactor"":2.902489,""cooldownOverrideMinFlux"":0.025278,""cooldownOverrideMinBandRatio"":0.066196,""analyzeIntervalMs"":42}"
442,r009-0011-4f35e499,9,-336,4,8,7,6,4,125,"{""relativeReattackFactor"":2.953894,""relativeReattackMinDelta"":0.013119,""relativeFluxFactor"":1.505042,""spectralNoveltyRatio"":2.718913,""spectralNoveltyMinBins"":42,""cooldownFrames"":5,""cooldownOverrideFactor"":3.023323,""cooldownOverrideMinFlux"":0.025617,""cooldownOverrideMinBandRatio"":0.066265,""analyzeIntervalMs"":42}"
443,r009-0018-a88d0507,9,-336,4,8,7,6,4,127,"{""relativeReattackFactor"":2.896997,""relativeReattackMinDelta"":0.013837,""relativeFluxFactor"":1.4,""spectralNoveltyRatio"":2.631799,""spectralNoveltyMinBins"":42,""cooldownFrames"":5,""cooldownOverrideFactor"":2.602894,""cooldownOverrideMinFlux"":0.029667,""cooldownOverrideMinBandRatio"":0.050364,""analyzeIntervalMs"":42}"
444,r009-0023-6fe8035a,9,-336,4,8,7,6,4,127,"{""relativeReattackFactor"":2.871583,""relativeReattackMinDelta"":0.013573,""relativeFluxFactor"":1.4,""spectralNoveltyRatio"":2.721426,""spectralNoveltyMinBins"":41,""cooldownFrames"":5,""cooldownOverrideFactor"":2.573054,""cooldownOverrideMinFlux"":0.029946,""cooldownOverrideMinBandRatio"":0.051287,""analyzeIntervalMs"":42}"
445,r009-0029-82aae4e3,9,-336,4,8,7,6,4,125,"{""relativeReattackFactor"":3.123906,""relativeReattackMinDelta"":0.012246,""relativeFluxFactor"":1.4,""spectralNoveltyRatio"":2.578868,""spectralNoveltyMinBins"":41,""cooldownFrames"":5,""cooldownOverrideFactor"":3.099075,""cooldownOverrideMinFlux"":0.025696,""cooldownOverrideMinBandRatio"":0.064036,""analyzeIntervalMs"":42}"
446,r009-0036-860fe73e,9,-336,4,8,7,6,4,126,"{""relativeReattackFactor"":2.977483,""relativeReattackMinDelta"":0.013428,""relativeFluxFactor"":1.53746,""spectralNoveltyRatio"":2.687327,""spectralNoveltyMinBins"":41,""cooldownFrames"":5,""cooldownOverrideFactor"":2.910365,""cooldownOverrideMinFlux"":0.025019,""cooldownOverrideMinBandRatio"":0.065293,""analyzeIntervalMs"":42}"
447,r009-0046-de3d88a7,9,-336,4,8,7,6,4,126,"{""relativeReattackFactor"":2.907728,""relativeReattackMinDelta"":0.013791,""relativeFluxFactor"":1.542624,""spectralNoveltyRatio"":2.553657,""spectralNoveltyMinBins"":42,""cooldownFrames"":5,""cooldownOverrideFactor"":3.039231,""cooldownOverrideMinFlux"":0.026784,""cooldownOverrideMinBandRatio"":0.064095,""analyzeIntervalMs"":42}"
448,r009-0047-e21610b3,9,-336,4,8,7,6,4,126,"{""relativeReattackFactor"":2.799273,""relativeReattackMinDelta"":0.013958,""relativeFluxFactor"":1.484785,""spectralNoveltyRatio"":2.472602,""spectralNoveltyMinBins"":42,""cooldownFrames"":5,""cooldownOverrideFactor"":2.393956,""cooldownOverrideMinFlux"":0.03,""cooldownOverrideMinBandRatio"":0.049438,""analyzeIntervalMs"":42}"
449,r009-0055-90707f37,9,-336,4,8,7,6,4,127,"{""relativeReattackFactor"":2.847858,""relativeReattackMinDelta"":0.012454,""relativeFluxFactor"":1.4,""spectralNoveltyRatio"":2.543661,""spectralNoveltyMinBins"":41,""cooldownFrames"":5,""cooldownOverrideFactor"":2.734125,""cooldownOverrideMinFlux"":0.0263,""cooldownOverrideMinBandRatio"":0.071186,""analyzeIntervalMs"":42}"
450,r009-0064-2e8d6004,9,-336,4,8,7,6,4,125,"{""relativeReattackFactor"":3.04142,""relativeReattackMinDelta"":0.012887,""relativeFluxFactor"":1.513566,""spectralNoveltyRatio"":2.654872,""spectralNoveltyMinBins"":42,""cooldownFrames"":5,""cooldownOverrideFactor"":3.120317,""cooldownOverrideMinFlux"":0.02523,""cooldownOverrideMinBandRatio"":0.063445,""analyzeIntervalMs"":42}"
451,r009-0075-1b375f72,9,-336,4,8,7,6,4,125,"{""relativeReattackFactor"":3.030218,""relativeReattackMinDelta"":0.012465,""relativeFluxFactor"":1.491071,""spectralNoveltyRatio"":2.567484,""spectralNoveltyMinBins"":42,""cooldownFrames"":5,""cooldownOverrideFactor"":2.881053,""cooldownOverrideMinFlux"":0.025685,""cooldownOverrideMinBandRatio"":0.069901,""analyzeIntervalMs"":42}"
452,r005-0063-cfd865b4,5,-338,4,7,4,5,1,129,"{""relativeReattackFactor"":2.655497,""relativeReattackMinDelta"":0.013965,""relativeFluxFactor"":1.422435,""spectralNoveltyRatio"":3.501838,""spectralNoveltyMinBins"":37,""cooldownFrames"":5,""cooldownOverrideFactor"":2.928666,""cooldownOverrideMinFlux"":0.024975,""cooldownOverrideMinBandRatio"":0.048144,""analyzeIntervalMs"":40}"
453,r004-0033-669134f4,4,-338,4,8,6,6,3,124,"{""relativeReattackFactor"":2.912694,""relativeReattackMinDelta"":0.013286,""relativeFluxFactor"":1.683587,""spectralNoveltyRatio"":3.793056,""spectralNoveltyMinBins"":38,""cooldownFrames"":5,""cooldownOverrideFactor"":3.395591,""cooldownOverrideMinFlux"":0.023312,""cooldownOverrideMinBandRatio"":0.052794,""analyzeIntervalMs"":42}"
454,r003-0042-33cb1156,3,-339,4,9,5,7,1,125,"{""relativeReattackFactor"":2.795742,""relativeReattackMinDelta"":0.014295,""relativeFluxFactor"":1.4,""spectralNoveltyRatio"":2.820828,""spectralNoveltyMinBins"":46,""cooldownFrames"":5,""cooldownOverrideFactor"":2.842143,""cooldownOverrideMinFlux"":0.03,""cooldownOverrideMinBandRatio"":0.060157,""analyzeIntervalMs"":39}"
455,r003-0024-5d5d51ff,3,-340,4,9,5,7,2,125,"{""relativeReattackFactor"":3.528284,""relativeReattackMinDelta"":0.016628,""relativeFluxFactor"":1.547192,""spectralNoveltyRatio"":2.133485,""spectralNoveltyMinBins"":41,""cooldownFrames"":5,""cooldownOverrideFactor"":3.829419,""cooldownOverrideMinFlux"":0.021964,""cooldownOverrideMinBandRatio"":0.061025,""analyzeIntervalMs"":37}"
456,r004-0024-a3310403,4,-340,4,9,5,7,2,120,"{""relativeReattackFactor"":3.108318,""relativeReattackMinDelta"":0.013937,""relativeFluxFactor"":1.4,""spectralNoveltyRatio"":2.712925,""spectralNoveltyMinBins"":49,""cooldownFrames"":5,""cooldownOverrideFactor"":2.565107,""cooldownOverrideMinFlux"":0.03,""cooldownOverrideMinBandRatio"":0.046065,""analyzeIntervalMs"":42}"
457,r004-0055-812d8303,4,-340,4,9,5,7,2,119,"{""relativeReattackFactor"":3.095304,""relativeReattackMinDelta"":0.015511,""relativeFluxFactor"":1.4,""spectralNoveltyRatio"":2.919502,""spectralNoveltyMinBins"":48,""cooldownFrames"":5,""cooldownOverrideFactor"":2.881771,""cooldownOverrideMinFlux"":0.028873,""cooldownOverrideMinBandRatio"":0.064427,""analyzeIntervalMs"":42}"
458,r008-0076-6491f61e,8,-341,3,8,5,6,0,126,"{""relativeReattackFactor"":2.99049,""relativeReattackMinDelta"":0.013838,""relativeFluxFactor"":1.491031,""spectralNoveltyRatio"":2.699542,""spectralNoveltyMinBins"":38,""cooldownFrames"":5,""cooldownOverrideFactor"":3.075955,""cooldownOverrideMinFlux"":0.026411,""cooldownOverrideMinBandRatio"":0.064382,""analyzeIntervalMs"":40}"
459,r009-0022-0570c5f6,9,-341,3,8,5,6,0,126,"{""relativeReattackFactor"":2.972555,""relativeReattackMinDelta"":0.013825,""relativeFluxFactor"":1.542579,""spectralNoveltyRatio"":2.687869,""spectralNoveltyMinBins"":38,""cooldownFrames"":5,""cooldownOverrideFactor"":2.457227,""cooldownOverrideMinFlux"":0.03,""cooldownOverrideMinBandRatio"":0.049113,""analyzeIntervalMs"":40}"
460,r005-0050-89913d09,5,-342,4,8,8,6,4,127,"{""relativeReattackFactor"":2.720804,""relativeReattackMinDelta"":0.013397,""relativeFluxFactor"":1.470263,""spectralNoveltyRatio"":2.431445,""spectralNoveltyMinBins"":41,""cooldownFrames"":5,""cooldownOverrideFactor"":2.439633,""cooldownOverrideMinFlux"":0.03,""cooldownOverrideMinBandRatio"":0.047406,""analyzeIntervalMs"":42}"
461,r007-0010-c2608c0c,7,-342,4,8,8,6,4,126,"{""relativeReattackFactor"":2.675307,""relativeReattackMinDelta"":0.012002,""relativeFluxFactor"":1.538945,""spectralNoveltyRatio"":2.742537,""spectralNoveltyMinBins"":43,""cooldownFrames"":5,""cooldownOverrideFactor"":2.882471,""cooldownOverrideMinFlux"":0.023275,""cooldownOverrideMinBandRatio"":0.065678,""analyzeIntervalMs"":42}"
462,r007-0025-fce08554,7,-342,4,8,8,6,4,127,"{""relativeReattackFactor"":2.591881,""relativeReattackMinDelta"":0.011744,""relativeFluxFactor"":1.486289,""spectralNoveltyRatio"":2.428618,""spectralNoveltyMinBins"":41,""cooldownFrames"":5,""cooldownOverrideFactor"":2.652577,""cooldownOverrideMinFlux"":0.023072,""cooldownOverrideMinBandRatio"":0.065402,""analyzeIntervalMs"":42}"
463,r007-0040-8ccf042d,7,-342,4,8,8,6,4,128,"{""relativeReattackFactor"":2.731581,""relativeReattackMinDelta"":0.012095,""relativeFluxFactor"":1.4,""spectralNoveltyRatio"":2.567055,""spectralNoveltyMinBins"":41,""cooldownFrames"":5,""cooldownOverrideFactor"":2.757013,""cooldownOverrideMinFlux"":0.023407,""cooldownOverrideMinBandRatio"":0.070755,""analyzeIntervalMs"":42}"
464,r007-0070-cbb249ad,7,-342,4,8,8,6,4,127,"{""relativeReattackFactor"":2.621719,""relativeReattackMinDelta"":0.011456,""relativeFluxFactor"":1.480693,""spectralNoveltyRatio"":2.531286,""spectralNoveltyMinBins"":42,""cooldownFrames"":5,""cooldownOverrideFactor"":2.890699,""cooldownOverrideMinFlux"":0.023497,""cooldownOverrideMinBandRatio"":0.069953,""analyzeIntervalMs"":42}"
465,r002-0011-ff6e6036,2,-344,4,10,3,8,0,120,"{""relativeReattackFactor"":3.187324,""relativeReattackMinDelta"":0.011824,""relativeFluxFactor"":1.4,""spectralNoveltyRatio"":2.789645,""spectralNoveltyMinBins"":49,""cooldownFrames"":5,""cooldownOverrideFactor"":3.337538,""cooldownOverrideMinFlux"":0.03,""cooldownOverrideMinBandRatio"":0.04806,""analyzeIntervalMs"":37}"
466,r002-0061-f6359444,2,-344,4,10,3,8,0,119,"{""relativeReattackFactor"":3.378459,""relativeReattackMinDelta"":0.01417,""relativeFluxFactor"":1.4,""spectralNoveltyRatio"":4.076508,""spectralNoveltyMinBins"":48,""cooldownFrames"":5,""cooldownOverrideFactor"":2.505157,""cooldownOverrideMinFlux"":0.029601,""cooldownOverrideMinBandRatio"":0.054153,""analyzeIntervalMs"":37}"
467,r003-0062-10fe509b,3,-346,4,9,3,7,0,125,"{""relativeReattackFactor"":2.609363,""relativeReattackMinDelta"":0.011653,""relativeFluxFactor"":1.425235,""spectralNoveltyRatio"":2.535366,""spectralNoveltyMinBins"":45,""cooldownFrames"":5,""cooldownOverrideFactor"":2.376517,""cooldownOverrideMinFlux"":0.02635,""cooldownOverrideMinBandRatio"":0.058432,""analyzeIntervalMs"":40}"
468,r004-0056-519baeb8,4,-355,2,7,8,5,1,132,"{""relativeReattackFactor"":2.856952,""relativeReattackMinDelta"":0.00811,""relativeFluxFactor"":1.4,""spectralNoveltyRatio"":3.557876,""spectralNoveltyMinBins"":35,""cooldownFrames"":5,""cooldownOverrideFactor"":3.278562,""cooldownOverrideMinFlux"":0.023329,""cooldownOverrideMinBandRatio"":0.054918,""analyzeIntervalMs"":39}"
469,r003-0054-2bab57de,3,-357,6,10,0,8,0,115,"{""relativeReattackFactor"":3.710087,""relativeReattackMinDelta"":0.018135,""relativeFluxFactor"":2.25101,""spectralNoveltyRatio"":2.067142,""spectralNoveltyMinBins"":44,""cooldownFrames"":5,""cooldownOverrideFactor"":3.810316,""cooldownOverrideMinFlux"":0.021182,""cooldownOverrideMinBandRatio"":0.061241,""analyzeIntervalMs"":41}"
470,r002-0031-9fd5281b,2,-360,3,8,7,6,2,129,"{""relativeReattackFactor"":3.000602,""relativeReattackMinDelta"":0.015079,""relativeFluxFactor"":1.4,""spectralNoveltyRatio"":3.898085,""spectralNoveltyMinBins"":33,""cooldownFrames"":5,""cooldownOverrideFactor"":2.780841,""cooldownOverrideMinFlux"":0.028802,""cooldownOverrideMinBandRatio"":0.044147,""analyzeIntervalMs"":37}"
471,r003-0073-76f5054b,3,-364,3,8,6,6,1,128,"{""relativeReattackFactor"":3.560604,""relativeReattackMinDelta"":0.01279,""relativeFluxFactor"":1.467111,""spectralNoveltyRatio"":3.469699,""spectralNoveltyMinBins"":37,""cooldownFrames"":5,""cooldownOverrideFactor"":2.688704,""cooldownOverrideMinFlux"":0.023946,""cooldownOverrideMinBandRatio"":0.044959,""analyzeIntervalMs"":38}"
472,r004-0070-8b93cab2,4,-367,4,9,6,7,3,121,"{""relativeReattackFactor"":3.111645,""relativeReattackMinDelta"":0.013272,""relativeFluxFactor"":1.420669,""spectralNoveltyRatio"":3.150893,""spectralNoveltyMinBins"":45,""cooldownFrames"":5,""cooldownOverrideFactor"":2.92496,""cooldownOverrideMinFlux"":0.029481,""cooldownOverrideMinBandRatio"":0.05692,""analyzeIntervalMs"":42}"
473,r003-0008-400a9916,3,-368,2,7,7,5,2,131,"{""relativeReattackFactor"":3.248558,""relativeReattackMinDelta"":0.010318,""relativeFluxFactor"":1.524511,""spectralNoveltyRatio"":2.927778,""spectralNoveltyMinBins"":31,""cooldownFrames"":5,""cooldownOverrideFactor"":2.327578,""cooldownOverrideMinFlux"":0.029061,""cooldownOverrideMinBandRatio"":0.041077,""analyzeIntervalMs"":37}"
474,r003-0009-f94b078c,3,-369,4,9,5,7,2,121,"{""relativeReattackFactor"":4,""relativeReattackMinDelta"":0.018335,""relativeFluxFactor"":1.752865,""spectralNoveltyRatio"":2.109243,""spectralNoveltyMinBins"":44,""cooldownFrames"":5,""cooldownOverrideFactor"":3.646668,""cooldownOverrideMinFlux"":0.021004,""cooldownOverrideMinBandRatio"":0.049864,""analyzeIntervalMs"":42}"
475,r003-0035-50a17bd6,3,-371,4,9,2,7,0,118,"{""relativeReattackFactor"":3.945664,""relativeReattackMinDelta"":0.023032,""relativeFluxFactor"":2.169899,""spectralNoveltyRatio"":1.723368,""spectralNoveltyMinBins"":38,""cooldownFrames"":5,""cooldownOverrideFactor"":4.630184,""cooldownOverrideMinFlux"":0.017199,""cooldownOverrideMinBandRatio"":0.072396,""analyzeIntervalMs"":42}"
476,r002-0041-908b10ad,2,-372,3,8,6,6,2,126,"{""relativeReattackFactor"":3.266223,""relativeReattackMinDelta"":0.015697,""relativeFluxFactor"":1.4,""spectralNoveltyRatio"":3.912338,""spectralNoveltyMinBins"":38,""cooldownFrames"":5,""cooldownOverrideFactor"":3.031514,""cooldownOverrideMinFlux"":0.03,""cooldownOverrideMinBandRatio"":0.039659,""analyzeIntervalMs"":35}"
477,r003-0041-7cfc6c65,3,-373,3,8,6,6,1,128,"{""relativeReattackFactor"":3.010095,""relativeReattackMinDelta"":0.010843,""relativeFluxFactor"":1.4,""spectralNoveltyRatio"":4.133032,""spectralNoveltyMinBins"":38,""cooldownFrames"":5,""cooldownOverrideFactor"":3.420676,""cooldownOverrideMinFlux"":0.0249,""cooldownOverrideMinBandRatio"":0.051519,""analyzeIntervalMs"":43}"
478,r004-0020-3cb47310,4,-373,3,8,6,6,1,127,"{""relativeReattackFactor"":3.090247,""relativeReattackMinDelta"":0.015911,""relativeFluxFactor"":1.565882,""spectralNoveltyRatio"":2.909403,""spectralNoveltyMinBins"":42,""cooldownFrames"":5,""cooldownOverrideFactor"":2.979885,""cooldownOverrideMinFlux"":0.028501,""cooldownOverrideMinBandRatio"":0.060135,""analyzeIntervalMs"":43}"
479,r004-0064-ac09ef8e,4,-373,3,8,6,6,1,127,"{""relativeReattackFactor"":3.097274,""relativeReattackMinDelta"":0.014865,""relativeFluxFactor"":1.553063,""spectralNoveltyRatio"":2.628369,""spectralNoveltyMinBins"":43,""cooldownFrames"":5,""cooldownOverrideFactor"":2.709111,""cooldownOverrideMinFlux"":0.03,""cooldownOverrideMinBandRatio"":0.04966,""analyzeIntervalMs"":43}"
480,r003-0080-a43a54d2,3,-377,5,10,2,8,0,117,"{""relativeReattackFactor"":3.800575,""relativeReattackMinDelta"":0.025,""relativeFluxFactor"":2.435987,""spectralNoveltyRatio"":1.720715,""spectralNoveltyMinBins"":38,""cooldownFrames"":5,""cooldownOverrideFactor"":4.582948,""cooldownOverrideMinFlux"":0.019687,""cooldownOverrideMinBandRatio"":0.071907,""analyzeIntervalMs"":42}"
481,r003-0052-6ef9ebc0,3,-377,5,11,2,9,0,115,"{""relativeReattackFactor"":2.987423,""relativeReattackMinDelta"":0.011399,""relativeFluxFactor"":1.4,""spectralNoveltyRatio"":3.51833,""spectralNoveltyMinBins"":53,""cooldownFrames"":5,""cooldownOverrideFactor"":2.911153,""cooldownOverrideMinFlux"":0.028872,""cooldownOverrideMinBandRatio"":0.048852,""analyzeIntervalMs"":42}"
482,r003-0018-50f06fe1,3,-380,2,6,8,4,1,132,"{""relativeReattackFactor"":3.308337,""relativeReattackMinDelta"":0.012296,""relativeFluxFactor"":1.434246,""spectralNoveltyRatio"":3.621532,""spectralNoveltyMinBins"":35,""cooldownFrames"":5,""cooldownOverrideFactor"":2.140589,""cooldownOverrideMinFlux"":0.028235,""cooldownOverrideMinBandRatio"":0.039613,""analyzeIntervalMs"":36}"
483,r005-0045-d5eaccf0,5,-380,2,8,6,6,0,128,"{""relativeReattackFactor"":2.92255,""relativeReattackMinDelta"":0.015971,""relativeFluxFactor"":1.4,""spectralNoveltyRatio"":2.585635,""spectralNoveltyMinBins"":41,""cooldownFrames"":5,""cooldownOverrideFactor"":2.561514,""cooldownOverrideMinFlux"":0.03,""cooldownOverrideMinBandRatio"":0.054635,""analyzeIntervalMs"":39}"
484,r005-0001-c506c553,5,-381,4,9,4,7,0,124,"{""relativeReattackFactor"":3.11578,""relativeReattackMinDelta"":0.012177,""relativeFluxFactor"":1.574235,""spectralNoveltyRatio"":2.413403,""spectralNoveltyMinBins"":43,""cooldownFrames"":5,""cooldownOverrideFactor"":2.852704,""cooldownOverrideMinFlux"":0.025993,""cooldownOverrideMinBandRatio"":0.06838,""analyzeIntervalMs"":40}"
485,r005-0012-5e1b0827,5,-381,4,9,4,7,0,127,"{""relativeReattackFactor"":2.582779,""relativeReattackMinDelta"":0.009398,""relativeFluxFactor"":1.475243,""spectralNoveltyRatio"":3.809935,""spectralNoveltyMinBins"":35,""cooldownFrames"":5,""cooldownOverrideFactor"":3.086992,""cooldownOverrideMinFlux"":0.026784,""cooldownOverrideMinBandRatio"":0.053968,""analyzeIntervalMs"":40}"
486,r006-0003-12faca20,6,-381,4,9,4,7,0,125,"{""relativeReattackFactor"":2.955877,""relativeReattackMinDelta"":0.011804,""relativeFluxFactor"":1.492291,""spectralNoveltyRatio"":2.882076,""spectralNoveltyMinBins"":38,""cooldownFrames"":5,""cooldownOverrideFactor"":2.957479,""cooldownOverrideMinFlux"":0.024549,""cooldownOverrideMinBandRatio"":0.066774,""analyzeIntervalMs"":40}"
487,r006-0008-59c409db,6,-381,4,9,4,7,0,125,"{""relativeReattackFactor"":2.886537,""relativeReattackMinDelta"":0.012538,""relativeFluxFactor"":1.562985,""spectralNoveltyRatio"":2.754786,""spectralNoveltyMinBins"":39,""cooldownFrames"":5,""cooldownOverrideFactor"":2.769407,""cooldownOverrideMinFlux"":0.026119,""cooldownOverrideMinBandRatio"":0.070281,""analyzeIntervalMs"":40}"
488,r006-0016-ef9a1d7e,6,-381,4,9,4,7,0,124,"{""relativeReattackFactor"":2.987711,""relativeReattackMinDelta"":0.012157,""relativeFluxFactor"":1.561304,""spectralNoveltyRatio"":2.835841,""spectralNoveltyMinBins"":41,""cooldownFrames"":5,""cooldownOverrideFactor"":3.048408,""cooldownOverrideMinFlux"":0.02706,""cooldownOverrideMinBandRatio"":0.067318,""analyzeIntervalMs"":40}"
489,r006-0043-8dc30dd5,6,-381,4,9,4,7,0,126,"{""relativeReattackFactor"":2.739792,""relativeReattackMinDelta"":0.011766,""relativeFluxFactor"":1.526268,""spectralNoveltyRatio"":2.56506,""spectralNoveltyMinBins"":42,""cooldownFrames"":5,""cooldownOverrideFactor"":2.963246,""cooldownOverrideMinFlux"":0.024142,""cooldownOverrideMinBandRatio"":0.065427,""analyzeIntervalMs"":40}"
490,r006-0062-6ec9c69e,6,-381,4,9,4,7,0,124,"{""relativeReattackFactor"":2.962031,""relativeReattackMinDelta"":0.015417,""relativeFluxFactor"":1.579551,""spectralNoveltyRatio"":2.659307,""spectralNoveltyMinBins"":42,""cooldownFrames"":5,""cooldownOverrideFactor"":2.589486,""cooldownOverrideMinFlux"":0.029617,""cooldownOverrideMinBandRatio"":0.04548,""analyzeIntervalMs"":40}"
491,r007-0001-e9411048,7,-381,4,9,4,7,0,124,"{""relativeReattackFactor"":3.071749,""relativeReattackMinDelta"":0.012935,""relativeFluxFactor"":1.566226,""spectralNoveltyRatio"":2.65594,""spectralNoveltyMinBins"":41,""cooldownFrames"":5,""cooldownOverrideFactor"":3.135975,""cooldownOverrideMinFlux"":0.025219,""cooldownOverrideMinBandRatio"":0.064933,""analyzeIntervalMs"":40}"
492,r007-0023-00cb0eca,7,-381,4,9,4,7,0,126,"{""relativeReattackFactor"":2.756364,""relativeReattackMinDelta"":0.012666,""relativeFluxFactor"":1.545176,""spectralNoveltyRatio"":2.474555,""spectralNoveltyMinBins"":42,""cooldownFrames"":5,""cooldownOverrideFactor"":2.826643,""cooldownOverrideMinFlux"":0.024924,""cooldownOverrideMinBandRatio"":0.068146,""analyzeIntervalMs"":40}"
493,r008-0034-28403e90,8,-381,4,9,4,7,0,124,"{""relativeReattackFactor"":3.117639,""relativeReattackMinDelta"":0.013259,""relativeFluxFactor"":1.494146,""spectralNoveltyRatio"":2.423698,""spectralNoveltyMinBins"":41,""cooldownFrames"":5,""cooldownOverrideFactor"":2.965295,""cooldownOverrideMinFlux"":0.025691,""cooldownOverrideMinBandRatio"":0.065868,""analyzeIntervalMs"":40}"
494,r008-0050-23234f93,8,-381,4,9,4,7,0,125,"{""relativeReattackFactor"":2.834033,""relativeReattackMinDelta"":0.011335,""relativeFluxFactor"":1.543745,""spectralNoveltyRatio"":2.474832,""spectralNoveltyMinBins"":42,""cooldownFrames"":5,""cooldownOverrideFactor"":2.874326,""cooldownOverrideMinFlux"":0.025173,""cooldownOverrideMinBandRatio"":0.069098,""analyzeIntervalMs"":40}"
495,r008-0062-189316f3,8,-381,4,9,4,7,0,124,"{""relativeReattackFactor"":2.967706,""relativeReattackMinDelta"":0.014094,""relativeFluxFactor"":1.464931,""spectralNoveltyRatio"":2.704604,""spectralNoveltyMinBins"":39,""cooldownFrames"":5,""cooldownOverrideFactor"":2.476797,""cooldownOverrideMinFlux"":0.03,""cooldownOverrideMinBandRatio"":0.048406,""analyzeIntervalMs"":40}"
496,r009-0013-5b7593cb,9,-381,4,9,4,7,0,125,"{""relativeReattackFactor"":2.927188,""relativeReattackMinDelta"":0.014167,""relativeFluxFactor"":1.486604,""spectralNoveltyRatio"":2.83327,""spectralNoveltyMinBins"":42,""cooldownFrames"":5,""cooldownOverrideFactor"":2.52284,""cooldownOverrideMinFlux"":0.029201,""cooldownOverrideMinBandRatio"":0.05205,""analyzeIntervalMs"":40}"
497,r009-0043-bee1c840,9,-381,4,9,4,7,0,125,"{""relativeReattackFactor"":2.898541,""relativeReattackMinDelta"":0.013645,""relativeFluxFactor"":1.484773,""spectralNoveltyRatio"":2.591777,""spectralNoveltyMinBins"":40,""cooldownFrames"":5,""cooldownOverrideFactor"":2.519002,""cooldownOverrideMinFlux"":0.028412,""cooldownOverrideMinBandRatio"":0.052162,""analyzeIntervalMs"":40}"
498,r009-0051-aec27e79,9,-381,4,9,4,7,0,125,"{""relativeReattackFactor"":2.898877,""relativeReattackMinDelta"":0.013171,""relativeFluxFactor"":1.498069,""spectralNoveltyRatio"":2.497013,""spectralNoveltyMinBins"":42,""cooldownFrames"":5,""cooldownOverrideFactor"":3.137801,""cooldownOverrideMinFlux"":0.025104,""cooldownOverrideMinBandRatio"":0.06715,""analyzeIntervalMs"":40}"
499,r009-0061-98d59902,9,-381,4,9,4,7,0,124,"{""relativeReattackFactor"":3.028916,""relativeReattackMinDelta"":0.0126,""relativeFluxFactor"":1.484697,""spectralNoveltyRatio"":2.817782,""spectralNoveltyMinBins"":41,""cooldownFrames"":5,""cooldownOverrideFactor"":2.990512,""cooldownOverrideMinFlux"":0.026182,""cooldownOverrideMinBandRatio"":0.065692,""analyzeIntervalMs"":40}"
500,r002-0012-120f28db,2,-382,5,10,1,8,0,119,"{""relativeReattackFactor"":4,""relativeReattackMinDelta"":0.02393,""relativeFluxFactor"":2.125138,""spectralNoveltyRatio"":2.055719,""spectralNoveltyMinBins"":43,""cooldownFrames"":5,""cooldownOverrideFactor"":4.107117,""cooldownOverrideMinFlux"":0.015822,""cooldownOverrideMinBandRatio"":0.055029,""analyzeIntervalMs"":40}"
501,r003-0039-33a5f5a7,3,-382,5,10,1,8,0,120,"{""relativeReattackFactor"":3.733411,""relativeReattackMinDelta"":0.016492,""relativeFluxFactor"":1.99906,""spectralNoveltyRatio"":2.014279,""spectralNoveltyMinBins"":42,""cooldownFrames"":5,""cooldownOverrideFactor"":3.559453,""cooldownOverrideMinFlux"":0.021899,""cooldownOverrideMinBandRatio"":0.049367,""analyzeIntervalMs"":40}"
502,r003-0004-c56448ed,3,-386,6,10,0,8,0,118,"{""relativeReattackFactor"":3.917902,""relativeReattackMinDelta"":0.017267,""relativeFluxFactor"":2.248379,""spectralNoveltyRatio"":2.16923,""spectralNoveltyMinBins"":40,""cooldownFrames"":5,""cooldownOverrideFactor"":3.704091,""cooldownOverrideMinFlux"":0.026355,""cooldownOverrideMinBandRatio"":0.053218,""analyzeIntervalMs"":41}"
503,r003-0059-528d614d,3,-386,6,10,0,8,0,117,"{""relativeReattackFactor"":3.947297,""relativeReattackMinDelta"":0.020918,""relativeFluxFactor"":2.147889,""spectralNoveltyRatio"":2.125878,""spectralNoveltyMinBins"":41,""cooldownFrames"":5,""cooldownOverrideFactor"":3.735925,""cooldownOverrideMinFlux"":0.02293,""cooldownOverrideMinBandRatio"":0.054951,""analyzeIntervalMs"":41}"
504,r005-0072-a9a71068,5,-396,4,8,4,6,1,126,"{""relativeReattackFactor"":2.84086,""relativeReattackMinDelta"":0.009916,""relativeFluxFactor"":1.433202,""spectralNoveltyRatio"":3.756995,""spectralNoveltyMinBins"":37,""cooldownFrames"":5,""cooldownOverrideFactor"":3.189518,""cooldownOverrideMinFlux"":0.024552,""cooldownOverrideMinBandRatio"":0.060092,""analyzeIntervalMs"":40}"
505,r004-0068-1db3a26a,4,-396,4,9,6,7,3,123,"{""relativeReattackFactor"":2.818333,""relativeReattackMinDelta"":0.014527,""relativeFluxFactor"":1.614732,""spectralNoveltyRatio"":4.110682,""spectralNoveltyMinBins"":39,""cooldownFrames"":5,""cooldownOverrideFactor"":3.387711,""cooldownOverrideMinFlux"":0.02538,""cooldownOverrideMinBandRatio"":0.048607,""analyzeIntervalMs"":42}"
506,r005-0016-0a71461d,5,-399,3,9,5,7,0,125,"{""relativeReattackFactor"":3.093983,""relativeReattackMinDelta"":0.012276,""relativeFluxFactor"":1.575759,""spectralNoveltyRatio"":2.471917,""spectralNoveltyMinBins"":39,""cooldownFrames"":5,""cooldownOverrideFactor"":2.998743,""cooldownOverrideMinFlux"":0.025195,""cooldownOverrideMinBandRatio"":0.062637,""analyzeIntervalMs"":40}"
507,r006-0032-a7fe7c3f,6,-399,3,9,5,7,0,125,"{""relativeReattackFactor"":3.02399,""relativeReattackMinDelta"":0.01454,""relativeFluxFactor"":1.494362,""spectralNoveltyRatio"":2.453335,""spectralNoveltyMinBins"":39,""cooldownFrames"":5,""cooldownOverrideFactor"":2.562041,""cooldownOverrideMinFlux"":0.03,""cooldownOverrideMinBandRatio"":0.050962,""analyzeIntervalMs"":40}"
508,r007-0007-9a2e895b,7,-399,3,9,5,7,0,126,"{""relativeReattackFactor"":2.892475,""relativeReattackMinDelta"":0.014585,""relativeFluxFactor"":1.5255,""spectralNoveltyRatio"":2.380615,""spectralNoveltyMinBins"":41,""cooldownFrames"":5,""cooldownOverrideFactor"":2.426998,""cooldownOverrideMinFlux"":0.029692,""cooldownOverrideMinBandRatio"":0.051203,""analyzeIntervalMs"":40}"
509,r007-0078-755bce4e,7,-399,3,9,5,7,0,126,"{""relativeReattackFactor"":2.943784,""relativeReattackMinDelta"":0.011827,""relativeFluxFactor"":1.56707,""spectralNoveltyRatio"":2.516062,""spectralNoveltyMinBins"":40,""cooldownFrames"":5,""cooldownOverrideFactor"":2.836255,""cooldownOverrideMinFlux"":0.025311,""cooldownOverrideMinBandRatio"":0.063507,""analyzeIntervalMs"":40}"
510,r003-0040-66044cc8,3,-400,5,9,1,7,0,121,"{""relativeReattackFactor"":3.655583,""relativeReattackMinDelta"":0.023299,""relativeFluxFactor"":2.389033,""spectralNoveltyRatio"":2.354462,""spectralNoveltyMinBins"":35,""cooldownFrames"":5,""cooldownOverrideFactor"":4.320649,""cooldownOverrideMinFlux"":0.018618,""cooldownOverrideMinBandRatio"":0.063105,""analyzeIntervalMs"":41}"
511,r004-0015-de29d07c,4,-402,3,8,8,6,2,130,"{""relativeReattackFactor"":3.173265,""relativeReattackMinDelta"":0.014661,""relativeFluxFactor"":1.4,""spectralNoveltyRatio"":2.594904,""spectralNoveltyMinBins"":40,""cooldownFrames"":5,""cooldownOverrideFactor"":2.771923,""cooldownOverrideMinFlux"":0.026698,""cooldownOverrideMinBandRatio"":0.064996,""analyzeIntervalMs"":43}"
512,r004-0012-446dec29,4,-409,1,7,9,5,1,133,"{""relativeReattackFactor"":2.734774,""relativeReattackMinDelta"":0.010387,""relativeFluxFactor"":1.4,""spectralNoveltyRatio"":3.895149,""spectralNoveltyMinBins"":32,""cooldownFrames"":5,""cooldownOverrideFactor"":2.914871,""cooldownOverrideMinFlux"":0.026363,""cooldownOverrideMinBandRatio"":0.046052,""analyzeIntervalMs"":39}"
513,r004-0007-cbc1bf8f,4,-410,3,7,9,5,4,130,"{""relativeReattackFactor"":2.526661,""relativeReattackMinDelta"":0.011314,""relativeFluxFactor"":1.4,""spectralNoveltyRatio"":3.477385,""spectralNoveltyMinBins"":37,""cooldownFrames"":5,""cooldownOverrideFactor"":2.934603,""cooldownOverrideMinFlux"":0.027607,""cooldownOverrideMinBandRatio"":0.050618,""analyzeIntervalMs"":42}"
514,r002-0021-5bf57687,2,-410,4,9,4,7,0,124,"{""relativeReattackFactor"":3.060043,""relativeReattackMinDelta"":0.012984,""relativeFluxFactor"":2.058723,""spectralNoveltyRatio"":3.234044,""spectralNoveltyMinBins"":37,""cooldownFrames"":5,""cooldownOverrideFactor"":2.561238,""cooldownOverrideMinFlux"":0.03,""cooldownOverrideMinBandRatio"":0.049452,""analyzeIntervalMs"":40}"
515,r002-0066-70954c46,2,-410,4,9,4,7,0,127,"{""relativeReattackFactor"":2.648395,""relativeReattackMinDelta"":0.017171,""relativeFluxFactor"":1.699214,""spectralNoveltyRatio"":4.001492,""spectralNoveltyMinBins"":34,""cooldownFrames"":5,""cooldownOverrideFactor"":2.309588,""cooldownOverrideMinFlux"":0.03,""cooldownOverrideMinBandRatio"":0.044584,""analyzeIntervalMs"":40}"
516,r004-0030-de43cd2b,4,-411,3,9,6,7,1,126,"{""relativeReattackFactor"":2.85633,""relativeReattackMinDelta"":0.014957,""relativeFluxFactor"":1.4,""spectralNoveltyRatio"":2.69388,""spectralNoveltyMinBins"":44,""cooldownFrames"":5,""cooldownOverrideFactor"":2.767226,""cooldownOverrideMinFlux"":0.0278,""cooldownOverrideMinBandRatio"":0.057109,""analyzeIntervalMs"":39}"
517,r004-0040-e0625b72,4,-411,3,9,6,7,1,126,"{""relativeReattackFactor"":2.845939,""relativeReattackMinDelta"":0.01587,""relativeFluxFactor"":1.4,""spectralNoveltyRatio"":2.578473,""spectralNoveltyMinBins"":45,""cooldownFrames"":5,""cooldownOverrideFactor"":2.52959,""cooldownOverrideMinFlux"":0.02937,""cooldownOverrideMinBandRatio"":0.06602,""analyzeIntervalMs"":39}"
518,r003-0023-7ed97d39,3,-414,3,9,3,7,0,121,"{""relativeReattackFactor"":3.565014,""relativeReattackMinDelta"":0.012007,""relativeFluxFactor"":1.501242,""spectralNoveltyRatio"":2.965452,""spectralNoveltyMinBins"":37,""cooldownFrames"":5,""cooldownOverrideFactor"":2.557522,""cooldownOverrideMinFlux"":0.029252,""cooldownOverrideMinBandRatio"":0.047668,""analyzeIntervalMs"":39}"
519,r003-0048-6803ce36,3,-414,3,9,3,7,0,122,"{""relativeReattackFactor"":3.400193,""relativeReattackMinDelta"":0.012267,""relativeFluxFactor"":1.663938,""spectralNoveltyRatio"":3.029634,""spectralNoveltyMinBins"":39,""cooldownFrames"":5,""cooldownOverrideFactor"":2.039737,""cooldownOverrideMinFlux"":0.029749,""cooldownOverrideMinBandRatio"":0.049082,""analyzeIntervalMs"":39}"
520,r003-0063-188cb727,3,-414,3,9,3,7,0,123,"{""relativeReattackFactor"":3.426303,""relativeReattackMinDelta"":0.010908,""relativeFluxFactor"":1.790745,""spectralNoveltyRatio"":3.446119,""spectralNoveltyMinBins"":35,""cooldownFrames"":5,""cooldownOverrideFactor"":2.355065,""cooldownOverrideMinFlux"":0.02532,""cooldownOverrideMinBandRatio"":0.055188,""analyzeIntervalMs"":39}"
521,r004-0048-24df6fa1,4,-415,2,8,8,6,1,130,"{""relativeReattackFactor"":2.667135,""relativeReattackMinDelta"":0.013242,""relativeFluxFactor"":1.451638,""spectralNoveltyRatio"":3.429309,""spectralNoveltyMinBins"":41,""cooldownFrames"":5,""cooldownOverrideFactor"":3.154201,""cooldownOverrideMinFlux"":0.023243,""cooldownOverrideMinBandRatio"":0.058061,""analyzeIntervalMs"":39}"
522,r003-0055-2ff7c76c,3,-415,6,11,0,9,0,114,"{""relativeReattackFactor"":3.933589,""relativeReattackMinDelta"":0.024868,""relativeFluxFactor"":1.842257,""spectralNoveltyRatio"":2.478007,""spectralNoveltyMinBins"":43,""cooldownFrames"":5,""cooldownOverrideFactor"":4.15115,""cooldownOverrideMinFlux"":0.022351,""cooldownOverrideMinBandRatio"":0.065219,""analyzeIntervalMs"":41}"
523,r003-0060-9b34f62c,3,-416,3,8,4,6,0,125,"{""relativeReattackFactor"":3.67652,""relativeReattackMinDelta"":0.025,""relativeFluxFactor"":2.227997,""spectralNoveltyRatio"":2.199167,""spectralNoveltyMinBins"":35,""cooldownFrames"":5,""cooldownOverrideFactor"":4.403779,""cooldownOverrideMinFlux"":0.016599,""cooldownOverrideMinBandRatio"":0.066817,""analyzeIntervalMs"":45}"
524,r005-0007-456334f3,5,-417,1,7,10,5,1,134,"{""relativeReattackFactor"":2.628171,""relativeReattackMinDelta"":0.009837,""relativeFluxFactor"":1.440208,""spectralNoveltyRatio"":3.753216,""spectralNoveltyMinBins"":32,""cooldownFrames"":5,""cooldownOverrideFactor"":3.234846,""cooldownOverrideMinFlux"":0.024949,""cooldownOverrideMinBandRatio"":0.055705,""analyzeIntervalMs"":39}"
525,r005-0058-2fc65be1,5,-417,1,7,10,5,1,134,"{""relativeReattackFactor"":2.700196,""relativeReattackMinDelta"":0.015158,""relativeFluxFactor"":1.43179,""spectralNoveltyRatio"":3.420004,""spectralNoveltyMinBins"":34,""cooldownFrames"":5,""cooldownOverrideFactor"":3.226873,""cooldownOverrideMinFlux"":0.022005,""cooldownOverrideMinBandRatio"":0.053746,""analyzeIntervalMs"":39}"
526,r009-0031-8b456030,9,-420,3,8,6,6,1,127,"{""relativeReattackFactor"":3.007124,""relativeReattackMinDelta"":0.012771,""relativeFluxFactor"":1.435341,""spectralNoveltyRatio"":2.509352,""spectralNoveltyMinBins"":39,""cooldownFrames"":5,""cooldownOverrideFactor"":3.063837,""cooldownOverrideMinFlux"":0.02637,""cooldownOverrideMinBandRatio"":0.064312,""analyzeIntervalMs"":40}"
527,r004-0074-f2e9c257,4,-420,4,10,3,8,0,121,"{""relativeReattackFactor"":3.127187,""relativeReattackMinDelta"":0.014799,""relativeFluxFactor"":1.66536,""spectralNoveltyRatio"":2.675085,""spectralNoveltyMinBins"":42,""cooldownFrames"":5,""cooldownOverrideFactor"":2.773157,""cooldownOverrideMinFlux"":0.028431,""cooldownOverrideMinBandRatio"":0.045957,""analyzeIntervalMs"":39}"
528,r003-0027-e4e0a1ff,3,-423,4,9,7,7,4,125,"{""relativeReattackFactor"":2.742665,""relativeReattackMinDelta"":0.011361,""relativeFluxFactor"":1.597293,""spectralNoveltyRatio"":2.535591,""spectralNoveltyMinBins"":44,""cooldownFrames"":5,""cooldownOverrideFactor"":2.569867,""cooldownOverrideMinFlux"":0.03,""cooldownOverrideMinBandRatio"":0.059584,""analyzeIntervalMs"":42}"
529,r002-0022-b938933c,2,-428,2,8,4,6,0,127,"{""relativeReattackFactor"":3.966385,""relativeReattackMinDelta"":0.021466,""relativeFluxFactor"":2.136852,""spectralNoveltyRatio"":1.892289,""spectralNoveltyMinBins"":35,""cooldownFrames"":5,""cooldownOverrideFactor"":4.306545,""cooldownOverrideMinFlux"":0.01799,""cooldownOverrideMinBandRatio"":0.0475,""analyzeIntervalMs"":35}"
530,r002-0072-47948548,2,-429,4,10,2,8,0,122,"{""relativeReattackFactor"":3.638291,""relativeReattackMinDelta"":0.024986,""relativeFluxFactor"":2.576077,""spectralNoveltyRatio"":1.599138,""spectralNoveltyMinBins"":40,""cooldownFrames"":5,""cooldownOverrideFactor"":4.240732,""cooldownOverrideMinFlux"":0.022479,""cooldownOverrideMinBandRatio"":0.06939,""analyzeIntervalMs"":35}"
531,r002-0059-44dda5fd,2,-430,2,9,7,7,0,128,"{""relativeReattackFactor"":2.460626,""relativeReattackMinDelta"":0.017357,""relativeFluxFactor"":1.4,""spectralNoveltyRatio"":5.437209,""spectralNoveltyMinBins"":56,""cooldownFrames"":3,""cooldownOverrideFactor"":1.82965,""cooldownOverrideMinFlux"":0.014493,""cooldownOverrideMinBandRatio"":0.042403,""analyzeIntervalMs"":41}"
532,r003-0007-ce5b8b85,3,-431,4,11,3,9,0,119,"{""relativeReattackFactor"":2.737578,""relativeReattackMinDelta"":0.013655,""relativeFluxFactor"":1.770489,""spectralNoveltyRatio"":3.300426,""spectralNoveltyMinBins"":47,""cooldownFrames"":5,""cooldownOverrideFactor"":2.357526,""cooldownOverrideMinFlux"":0.029804,""cooldownOverrideMinBandRatio"":0.055123,""analyzeIntervalMs"":44}"
533,r002-0062-78234946,2,-436,2,6,7,4,1,132,"{""relativeReattackFactor"":3.661626,""relativeReattackMinDelta"":0.019415,""relativeFluxFactor"":2.158918,""spectralNoveltyRatio"":2.174629,""spectralNoveltyMinBins"":27,""cooldownFrames"":5,""cooldownOverrideFactor"":4.072899,""cooldownOverrideMinFlux"":0.02231,""cooldownOverrideMinBandRatio"":0.052589,""analyzeIntervalMs"":35}"
534,r003-0033-9ad6a2b6,3,-443,3,9,5,7,1,125,"{""relativeReattackFactor"":3.65677,""relativeReattackMinDelta"":0.012911,""relativeFluxFactor"":1.786548,""spectralNoveltyRatio"":3.008057,""spectralNoveltyMinBins"":31,""cooldownFrames"":5,""cooldownOverrideFactor"":2.422366,""cooldownOverrideMinFlux"":0.026881,""cooldownOverrideMinBandRatio"":0.046206,""analyzeIntervalMs"":39}"
535,r004-0065-69a2a4ca,4,-447,2,8,8,6,1,131,"{""relativeReattackFactor"":2.909351,""relativeReattackMinDelta"":0.016005,""relativeFluxFactor"":1.4,""spectralNoveltyRatio"":3.034995,""spectralNoveltyMinBins"":43,""cooldownFrames"":5,""cooldownOverrideFactor"":2.537638,""cooldownOverrideMinFlux"":0.026515,""cooldownOverrideMinBandRatio"":0.056287,""analyzeIntervalMs"":43}"
536,r003-0015-84224320,3,-451,3,9,4,7,0,124,"{""relativeReattackFactor"":3.741313,""relativeReattackMinDelta"":0.023015,""relativeFluxFactor"":1.990074,""spectralNoveltyRatio"":1.569692,""spectralNoveltyMinBins"":37,""cooldownFrames"":5,""cooldownOverrideFactor"":4.204476,""cooldownOverrideMinFlux"":0.019413,""cooldownOverrideMinBandRatio"":0.069909,""analyzeIntervalMs"":43}"
537,r004-0039-5f777386,4,-454,3,8,7,6,2,129,"{""relativeReattackFactor"":2.990887,""relativeReattackMinDelta"":0.01536,""relativeFluxFactor"":1.557745,""spectralNoveltyRatio"":2.911695,""spectralNoveltyMinBins"":40,""cooldownFrames"":5,""cooldownOverrideFactor"":2.933202,""cooldownOverrideMinFlux"":0.03,""cooldownOverrideMinBandRatio"":0.048361,""analyzeIntervalMs"":43}"
538,r001-0074-c3ca26e3,1,-455,2,8,7,6,0,129,"{""relativeReattackFactor"":3.978575,""relativeReattackMinDelta"":0.021756,""relativeFluxFactor"":2.388226,""spectralNoveltyRatio"":2.271537,""spectralNoveltyMinBins"":35,""cooldownFrames"":5,""cooldownOverrideFactor"":4.440401,""cooldownOverrideMinFlux"":0.020073,""cooldownOverrideMinBandRatio"":0.058306,""analyzeIntervalMs"":38}"
539,r002-0028-0380bfd1,2,-458,4,10,2,8,0,122,"{""relativeReattackFactor"":3.59919,""relativeReattackMinDelta"":0.023276,""relativeFluxFactor"":3.182842,""spectralNoveltyRatio"":5.873766,""spectralNoveltyMinBins"":24,""cooldownFrames"":5,""cooldownOverrideFactor"":2.804564,""cooldownOverrideMinFlux"":0.010638,""cooldownOverrideMinBandRatio"":0.028066,""analyzeIntervalMs"":35}"
540,r003-0065-310844b1,3,-458,5,11,1,9,0,118,"{""relativeReattackFactor"":3.760111,""relativeReattackMinDelta"":0.025,""relativeFluxFactor"":1.910559,""spectralNoveltyRatio"":1.728739,""spectralNoveltyMinBins"":43,""cooldownFrames"":5,""cooldownOverrideFactor"":4.391457,""cooldownOverrideMinFlux"":0.017631,""cooldownOverrideMinBandRatio"":0.072008,""analyzeIntervalMs"":43}"
541,r003-0061-5a54e6fa,3,-458,4,11,4,9,1,121,"{""relativeReattackFactor"":2.886559,""relativeReattackMinDelta"":0.011013,""relativeFluxFactor"":1.401691,""spectralNoveltyRatio"":3.55064,""spectralNoveltyMinBins"":41,""cooldownFrames"":5,""cooldownOverrideFactor"":2.938902,""cooldownOverrideMinFlux"":0.026568,""cooldownOverrideMinBandRatio"":0.045598,""analyzeIntervalMs"":44}"
542,r004-0057-10bb1de5,4,-462,4,10,3,8,0,123,"{""relativeReattackFactor"":2.803363,""relativeReattackMinDelta"":0.009626,""relativeFluxFactor"":1.664955,""spectralNoveltyRatio"":3.693023,""spectralNoveltyMinBins"":39,""cooldownFrames"":5,""cooldownOverrideFactor"":3.099996,""cooldownOverrideMinFlux"":0.026283,""cooldownOverrideMinBandRatio"":0.055821,""analyzeIntervalMs"":40}"
543,r005-0027-977ac82b,5,-468,2,5,10,3,3,136,"{""relativeReattackFactor"":2.803102,""relativeReattackMinDelta"":0.009309,""relativeFluxFactor"":1.651414,""spectralNoveltyRatio"":3.858221,""spectralNoveltyMinBins"":30,""cooldownFrames"":5,""cooldownOverrideFactor"":2.869239,""cooldownOverrideMinFlux"":0.026091,""cooldownOverrideMinBandRatio"":0.058128,""analyzeIntervalMs"":43}"
544,r004-0011-a14f7707,4,-469,1,5,13,3,3,138,"{""relativeReattackFactor"":2.977688,""relativeReattackMinDelta"":0.010153,""relativeFluxFactor"":1.4,""spectralNoveltyRatio"":3.349312,""spectralNoveltyMinBins"":33,""cooldownFrames"":5,""cooldownOverrideFactor"":3.082139,""cooldownOverrideMinFlux"":0.025248,""cooldownOverrideMinBandRatio"":0.056708,""analyzeIntervalMs"":43}"
545,r005-0028-1ba1dcb2,5,-469,1,5,13,3,3,139,"{""relativeReattackFactor"":2.950889,""relativeReattackMinDelta"":0.013586,""relativeFluxFactor"":1.4,""spectralNoveltyRatio"":3.441868,""spectralNoveltyMinBins"":31,""cooldownFrames"":5,""cooldownOverrideFactor"":2.896148,""cooldownOverrideMinFlux"":0.022858,""cooldownOverrideMinBandRatio"":0.05158,""analyzeIntervalMs"":43}"
546,r003-0021-2bb7eeea,3,-474,2,6,12,4,4,136,"{""relativeReattackFactor"":2.87985,""relativeReattackMinDelta"":0.012905,""relativeFluxFactor"":1.4,""spectralNoveltyRatio"":3.567884,""spectralNoveltyMinBins"":32,""cooldownFrames"":5,""cooldownOverrideFactor"":2.791312,""cooldownOverrideMinFlux"":0.02745,""cooldownOverrideMinBandRatio"":0.048258,""analyzeIntervalMs"":38}"
547,r003-0074-f8364b86,3,-482,2,8,8,6,1,132,"{""relativeReattackFactor"":3.57625,""relativeReattackMinDelta"":0.020735,""relativeFluxFactor"":2.275774,""spectralNoveltyRatio"":1.716514,""spectralNoveltyMinBins"":36,""cooldownFrames"":5,""cooldownOverrideFactor"":3.872941,""cooldownOverrideMinFlux"":0.022961,""cooldownOverrideMinBandRatio"":0.053109,""analyzeIntervalMs"":38}"
548,r003-0025-e35d4627,3,-489,4,11,3,9,0,117,"{""relativeReattackFactor"":3.649031,""relativeReattackMinDelta"":0.025,""relativeFluxFactor"":2.213499,""spectralNoveltyRatio"":2.231882,""spectralNoveltyMinBins"":46,""cooldownFrames"":5,""cooldownOverrideFactor"":4.542418,""cooldownOverrideMinFlux"":0.022287,""cooldownOverrideMinBandRatio"":0.062775,""analyzeIntervalMs"":42}"
549,r004-0002-674897e5,4,-496,2,9,6,7,0,127,"{""relativeReattackFactor"":2.861593,""relativeReattackMinDelta"":0.01226,""relativeFluxFactor"":1.696232,""spectralNoveltyRatio"":3.326864,""spectralNoveltyMinBins"":38,""cooldownFrames"":5,""cooldownOverrideFactor"":2.940838,""cooldownOverrideMinFlux"":0.026327,""cooldownOverrideMinBandRatio"":0.049661,""analyzeIntervalMs"":39}"
550,r005-0026-470eaa2a,5,-496,2,9,6,7,0,127,"{""relativeReattackFactor"":2.988141,""relativeReattackMinDelta"":0.012006,""relativeFluxFactor"":1.601575,""spectralNoveltyRatio"":2.438177,""spectralNoveltyMinBins"":38,""cooldownFrames"":5,""cooldownOverrideFactor"":2.929508,""cooldownOverrideMinFlux"":0.02555,""cooldownOverrideMinBandRatio"":0.069988,""analyzeIntervalMs"":39}"
551,r002-0077-6d52dadb,2,-501,3,10,3,8,0,119,"{""relativeReattackFactor"":3.779117,""relativeReattackMinDelta"":0.023304,""relativeFluxFactor"":2.04161,""spectralNoveltyRatio"":2.34798,""spectralNoveltyMinBins"":41,""cooldownFrames"":5,""cooldownOverrideFactor"":4.328938,""cooldownOverrideMinFlux"":0.020536,""cooldownOverrideMinBandRatio"":0.046205,""analyzeIntervalMs"":39}"
552,r004-0066-7f7e4e31,4,-502,2,9,7,7,0,129,"{""relativeReattackFactor"":2.973312,""relativeReattackMinDelta"":0.008145,""relativeFluxFactor"":1.67187,""spectralNoveltyRatio"":3.61859,""spectralNoveltyMinBins"":34,""cooldownFrames"":5,""cooldownOverrideFactor"":2.978128,""cooldownOverrideMinFlux"":0.026362,""cooldownOverrideMinBandRatio"":0.053173,""analyzeIntervalMs"":39}"
553,r003-0005-afa86228,3,-502,6,12,0,10,0,113,"{""relativeReattackFactor"":4,""relativeReattackMinDelta"":0.024645,""relativeFluxFactor"":2.224715,""spectralNoveltyRatio"":2.39621,""spectralNoveltyMinBins"":44,""cooldownFrames"":5,""cooldownOverrideFactor"":4.090646,""cooldownOverrideMinFlux"":0.020841,""cooldownOverrideMinBandRatio"":0.073637,""analyzeIntervalMs"":41}"
554,r005-0038-711dd1d4,5,-511,1,7,9,5,2,133,"{""relativeReattackFactor"":2.964273,""relativeReattackMinDelta"":0.014591,""relativeFluxFactor"":1.4,""spectralNoveltyRatio"":3.506949,""spectralNoveltyMinBins"":30,""cooldownFrames"":5,""cooldownOverrideFactor"":3.229164,""cooldownOverrideMinFlux"":0.022438,""cooldownOverrideMinBandRatio"":0.051735,""analyzeIntervalMs"":39}"
555,r003-0066-90637136,3,-512,4,11,6,9,3,125,"{""relativeReattackFactor"":2.591044,""relativeReattackMinDelta"":0.009516,""relativeFluxFactor"":1.4,""spectralNoveltyRatio"":3.758614,""spectralNoveltyMinBins"":34,""cooldownFrames"":5,""cooldownOverrideFactor"":3.461466,""cooldownOverrideMinFlux"":0.024505,""cooldownOverrideMinBandRatio"":0.057785,""analyzeIntervalMs"":44}"
556,r002-0013-397675db,2,-516,4,11,2,9,0,120,"{""relativeReattackFactor"":4,""relativeReattackMinDelta"":0.021384,""relativeFluxFactor"":3.029821,""spectralNoveltyRatio"":5.740274,""spectralNoveltyMinBins"":25,""cooldownFrames"":5,""cooldownOverrideFactor"":2.558565,""cooldownOverrideMinFlux"":0.00912,""cooldownOverrideMinBandRatio"":0.021485,""analyzeIntervalMs"":40}"
557,r004-0037-f8d30876,4,-526,2,8,8,6,2,131,"{""relativeReattackFactor"":2.918159,""relativeReattackMinDelta"":0.011548,""relativeFluxFactor"":1.4,""spectralNoveltyRatio"":3.814793,""spectralNoveltyMinBins"":38,""cooldownFrames"":5,""cooldownOverrideFactor"":2.890901,""cooldownOverrideMinFlux"":0.028607,""cooldownOverrideMinBandRatio"":0.055367,""analyzeIntervalMs"":43}"
558,r004-0006-86d36fc8,4,-527,1,6,13,4,3,138,"{""relativeReattackFactor"":2.844933,""relativeReattackMinDelta"":0.009378,""relativeFluxFactor"":1.4,""spectralNoveltyRatio"":3.31984,""spectralNoveltyMinBins"":34,""cooldownFrames"":5,""cooldownOverrideFactor"":3.20672,""cooldownOverrideMinFlux"":0.023195,""cooldownOverrideMinBandRatio"":0.058822,""analyzeIntervalMs"":43}"
559,r003-0036-e8f8df12,3,-531,2,9,8,7,1,129,"{""relativeReattackFactor"":2.659225,""relativeReattackMinDelta"":0.013271,""relativeFluxFactor"":1.676524,""spectralNoveltyRatio"":3.767458,""spectralNoveltyMinBins"":38,""cooldownFrames"":5,""cooldownOverrideFactor"":2.782787,""cooldownOverrideMinFlux"":0.028741,""cooldownOverrideMinBandRatio"":0.056481,""analyzeIntervalMs"":39}"
560,r003-0030-f5493322,3,-531,6,13,0,11,0,115,"{""relativeReattackFactor"":3.788163,""relativeReattackMinDelta"":0.02298,""relativeFluxFactor"":2.296178,""spectralNoveltyRatio"":2.317002,""spectralNoveltyMinBins"":46,""cooldownFrames"":5,""cooldownOverrideFactor"":3.991275,""cooldownOverrideMinFlux"":0.02091,""cooldownOverrideMinBandRatio"":0.073834,""analyzeIntervalMs"":40}"
561,r003-0070-bebf4514,3,-531,6,13,0,11,0,113,"{""relativeReattackFactor"":3.901586,""relativeReattackMinDelta"":0.025,""relativeFluxFactor"":2.364314,""spectralNoveltyRatio"":2.299979,""spectralNoveltyMinBins"":46,""cooldownFrames"":5,""cooldownOverrideFactor"":3.990455,""cooldownOverrideMinFlux"":0.017785,""cooldownOverrideMinBandRatio"":0.058697,""analyzeIntervalMs"":43}"
562,r003-0022-2229a34e,3,-534,2,10,6,8,0,127,"{""relativeReattackFactor"":2.873221,""relativeReattackMinDelta"":0.012576,""relativeFluxFactor"":1.4,""spectralNoveltyRatio"":2.797391,""spectralNoveltyMinBins"":49,""cooldownFrames"":5,""cooldownOverrideFactor"":2.464541,""cooldownOverrideMinFlux"":0.03,""cooldownOverrideMinBandRatio"":0.050836,""analyzeIntervalMs"":43}"
563,r004-0025-ed1c5099,4,-534,2,10,6,8,0,127,"{""relativeReattackFactor"":2.838207,""relativeReattackMinDelta"":0.015548,""relativeFluxFactor"":1.4,""spectralNoveltyRatio"":2.807034,""spectralNoveltyMinBins"":48,""cooldownFrames"":5,""cooldownOverrideFactor"":2.478355,""cooldownOverrideMinFlux"":0.02626,""cooldownOverrideMinBandRatio"":0.055891,""analyzeIntervalMs"":43}"
564,r003-0067-43e5a60c,3,-540,2,10,8,8,1,127,"{""relativeReattackFactor"":3.054546,""relativeReattackMinDelta"":0.013346,""relativeFluxFactor"":1.420244,""spectralNoveltyRatio"":3.253651,""spectralNoveltyMinBins"":44,""cooldownFrames"":5,""cooldownOverrideFactor"":2.432684,""cooldownOverrideMinFlux"":0.026391,""cooldownOverrideMinBandRatio"":0.057337,""analyzeIntervalMs"":38}"
565,r004-0052-9b48ea4e,4,-542,1,5,12,3,3,138,"{""relativeReattackFactor"":2.783944,""relativeReattackMinDelta"":0.010449,""relativeFluxFactor"":1.533693,""spectralNoveltyRatio"":3.418094,""spectralNoveltyMinBins"":31,""cooldownFrames"":5,""cooldownOverrideFactor"":3.077383,""cooldownOverrideMinFlux"":0.026135,""cooldownOverrideMinBandRatio"":0.049394,""analyzeIntervalMs"":43}"
566,r003-0017-3be66e6b,3,-544,4,12,4,10,0,121,"{""relativeReattackFactor"":2.867025,""relativeReattackMinDelta"":0.013075,""relativeFluxFactor"":1.675529,""spectralNoveltyRatio"":3.421132,""spectralNoveltyMinBins"":44,""cooldownFrames"":5,""cooldownOverrideFactor"":2.380759,""cooldownOverrideMinFlux"":0.0263,""cooldownOverrideMinBandRatio"":0.051546,""analyzeIntervalMs"":39}"
567,r003-0076-17cb2cb3,3,-545,4,12,4,10,1,122,"{""relativeReattackFactor"":2.852657,""relativeReattackMinDelta"":0.013315,""relativeFluxFactor"":1.812702,""spectralNoveltyRatio"":3.835207,""spectralNoveltyMinBins"":31,""cooldownFrames"":5,""cooldownOverrideFactor"":3.125732,""cooldownOverrideMinFlux"":0.024675,""cooldownOverrideMinBandRatio"":0.043613,""analyzeIntervalMs"":44}"
568,r003-0047-d249af62,3,-549,2,12,6,9,1,123,"{""relativeReattackFactor"":2.72879,""relativeReattackMinDelta"":0.012907,""relativeFluxFactor"":1.4,""spectralNoveltyRatio"":2.65437,""spectralNoveltyMinBins"":53,""cooldownFrames"":5,""cooldownOverrideFactor"":2.551477,""cooldownOverrideMinFlux"":0.02838,""cooldownOverrideMinBandRatio"":0.049795,""analyzeIntervalMs"":39}"
569,r002-0033-8b37131e,2,-549,5,12,1,10,0,117,"{""relativeReattackFactor"":3.815045,""relativeReattackMinDelta"":0.02212,""relativeFluxFactor"":3.64624,""spectralNoveltyRatio"":5.872742,""spectralNoveltyMinBins"":26,""cooldownFrames"":5,""cooldownOverrideFactor"":2.217411,""cooldownOverrideMinFlux"":0.010078,""cooldownOverrideMinBandRatio"":0.024706,""analyzeIntervalMs"":37}"
570,r005-0005-8206f253,5,-554,2,10,6,8,0,126,"{""relativeReattackFactor"":3.015843,""relativeReattackMinDelta"":0.01345,""relativeFluxFactor"":1.526994,""spectralNoveltyRatio"":2.497721,""spectralNoveltyMinBins"":41,""cooldownFrames"":5,""cooldownOverrideFactor"":2.70126,""cooldownOverrideMinFlux"":0.029535,""cooldownOverrideMinBandRatio"":0.051207,""analyzeIntervalMs"":39}"
571,r002-0002-7d2c5eba,2,-563,2,10,5,8,0,125,"{""relativeReattackFactor"":3.797474,""relativeReattackMinDelta"":0.020938,""relativeFluxFactor"":2.152379,""spectralNoveltyRatio"":2.9267,""spectralNoveltyMinBins"":37,""cooldownFrames"":5,""cooldownOverrideFactor"":4.382428,""cooldownOverrideMinFlux"":0.01918,""cooldownOverrideMinBandRatio"":0.066131,""analyzeIntervalMs"":38}"
572,r002-0037-58828bd0,2,-565,2,6,9,4,3,133,"{""relativeReattackFactor"":3.549348,""relativeReattackMinDelta"":0.0186,""relativeFluxFactor"":2.040472,""spectralNoveltyRatio"":2.545554,""spectralNoveltyMinBins"":29,""cooldownFrames"":5,""cooldownOverrideFactor"":4.560652,""cooldownOverrideMinFlux"":0.023986,""cooldownOverrideMinBandRatio"":0.048718,""analyzeIntervalMs"":36}"
573,r003-0032-cc708193,3,-571,4,12,5,10,1,122,"{""relativeReattackFactor"":2.825945,""relativeReattackMinDelta"":0.015046,""relativeFluxFactor"":1.7103,""spectralNoveltyRatio"":3.059691,""spectralNoveltyMinBins"":49,""cooldownFrames"":5,""cooldownOverrideFactor"":2.775384,""cooldownOverrideMinFlux"":0.03,""cooldownOverrideMinBandRatio"":0.052206,""analyzeIntervalMs"":39}"
574,r003-0037-9468e940,3,-577,1,9,9,7,1,131,"{""relativeReattackFactor"":2.852742,""relativeReattackMinDelta"":0.013737,""relativeFluxFactor"":1.4,""spectralNoveltyRatio"":2.629195,""spectralNoveltyMinBins"":45,""cooldownFrames"":5,""cooldownOverrideFactor"":2.446498,""cooldownOverrideMinFlux"":0.027503,""cooldownOverrideMinBandRatio"":0.060293,""analyzeIntervalMs"":43}"
575,r002-0078-e5dc5b47,2,-580,5,12,2,10,0,118,"{""relativeReattackFactor"":3.785169,""relativeReattackMinDelta"":0.025,""relativeFluxFactor"":4.144138,""spectralNoveltyRatio"":5.652246,""spectralNoveltyMinBins"":23,""cooldownFrames"":5,""cooldownOverrideFactor"":2.523267,""cooldownOverrideMinFlux"":0.00898,""cooldownOverrideMinBandRatio"":0.02,""analyzeIntervalMs"":41}"
576,r003-0075-2c7d8a92,3,-594,4,12,3,10,0,118,"{""relativeReattackFactor"":3.769448,""relativeReattackMinDelta"":0.023972,""relativeFluxFactor"":2.352935,""spectralNoveltyRatio"":1.61419,""spectralNoveltyMinBins"":42,""cooldownFrames"":5,""cooldownOverrideFactor"":4.294127,""cooldownOverrideMinFlux"":0.017029,""cooldownOverrideMinBandRatio"":0.062492,""analyzeIntervalMs"":39}"
577,r003-0043-a848b91a,3,-596,1,5,15,3,6,141,"{""relativeReattackFactor"":3.594608,""relativeReattackMinDelta"":0.014238,""relativeFluxFactor"":1.4,""spectralNoveltyRatio"":3.671667,""spectralNoveltyMinBins"":26,""cooldownFrames"":5,""cooldownOverrideFactor"":2.254376,""cooldownOverrideMinFlux"":0.029841,""cooldownOverrideMinBandRatio"":0.0488,""analyzeIntervalMs"":38}"
578,r004-0073-5f5d4cef,4,-598,1,8,9,6,2,132,"{""relativeReattackFactor"":2.801009,""relativeReattackMinDelta"":0.014461,""relativeFluxFactor"":1.441178,""spectralNoveltyRatio"":3.652518,""spectralNoveltyMinBins"":37,""cooldownFrames"":5,""cooldownOverrideFactor"":3.232425,""cooldownOverrideMinFlux"":0.024074,""cooldownOverrideMinBandRatio"":0.04943,""analyzeIntervalMs"":43}"
579,r002-0007-cec0c01f,2,-598,3,11,5,9,0,124,"{""relativeReattackFactor"":3.646777,""relativeReattackMinDelta"":0.022288,""relativeFluxFactor"":2.809472,""spectralNoveltyRatio"":1.964015,""spectralNoveltyMinBins"":43,""cooldownFrames"":5,""cooldownOverrideFactor"":4.800123,""cooldownOverrideMinFlux"":0.018303,""cooldownOverrideMinBandRatio"":0.050791,""analyzeIntervalMs"":36}"
580,r004-0027-d0a6c6c5,4,-600,1,8,10,6,2,133,"{""relativeReattackFactor"":2.8625,""relativeReattackMinDelta"":0.010388,""relativeFluxFactor"":1.4,""spectralNoveltyRatio"":3.551538,""spectralNoveltyMinBins"":39,""cooldownFrames"":5,""cooldownOverrideFactor"":3.361295,""cooldownOverrideMinFlux"":0.024498,""cooldownOverrideMinBandRatio"":0.046552,""analyzeIntervalMs"":43}"
581,r001-0025-b0df2fc6,1,-603,4,12,2,10,0,117,"{""relativeReattackFactor"":3.706787,""relativeReattackMinDelta"":0.024828,""relativeFluxFactor"":3.581258,""spectralNoveltyRatio"":5.679127,""spectralNoveltyMinBins"":30,""cooldownFrames"":5,""cooldownOverrideFactor"":2.322659,""cooldownOverrideMinFlux"":0.012745,""cooldownOverrideMinBandRatio"":0.027001,""analyzeIntervalMs"":37}"
582,r002-0056-cd19a767,2,-632,3,7,12,5,6,134,"{""relativeReattackFactor"":2.984817,""relativeReattackMinDelta"":0.018131,""relativeFluxFactor"":1.4,""spectralNoveltyRatio"":4.234841,""spectralNoveltyMinBins"":32,""cooldownFrames"":5,""cooldownOverrideFactor"":2.537086,""cooldownOverrideMinFlux"":0.03,""cooldownOverrideMinBandRatio"":0.04237,""analyzeIntervalMs"":33}"
583,r003-0002-22ec5f6d,3,-636,4,13,3,11,0,117,"{""relativeReattackFactor"":2.996588,""relativeReattackMinDelta"":0.015011,""relativeFluxFactor"":1.806375,""spectralNoveltyRatio"":3.190199,""spectralNoveltyMinBins"":51,""cooldownFrames"":5,""cooldownOverrideFactor"":2.55436,""cooldownOverrideMinFlux"":0.026977,""cooldownOverrideMinBandRatio"":0.046132,""analyzeIntervalMs"":40}"
584,r002-0044-e9b00bd7,2,-640,5,13,2,11,0,118,"{""relativeReattackFactor"":3.034297,""relativeReattackMinDelta"":0.015997,""relativeFluxFactor"":2.26028,""spectralNoveltyRatio"":5.362211,""spectralNoveltyMinBins"":59,""cooldownFrames"":3,""cooldownOverrideFactor"":2.514745,""cooldownOverrideMinFlux"":0.021654,""cooldownOverrideMinBandRatio"":0.038798,""analyzeIntervalMs"":41}"
585,r002-0008-c68baa41,2,-647,4,14,1,11,0,112,"{""relativeReattackFactor"":4,""relativeReattackMinDelta"":0.025,""relativeFluxFactor"":3.261007,""spectralNoveltyRatio"":6,""spectralNoveltyMinBins"":31,""cooldownFrames"":5,""cooldownOverrideFactor"":2.77752,""cooldownOverrideMinFlux"":0.01184,""cooldownOverrideMinBandRatio"":0.033359,""analyzeIntervalMs"":37}"
586,r001-0039-69678ac0,1,-671,2,13,5,10,0,120,"{""relativeReattackFactor"":2.836598,""relativeReattackMinDelta"":0.017975,""relativeFluxFactor"":1.719821,""spectralNoveltyRatio"":5.587467,""spectralNoveltyMinBins"":61,""cooldownFrames"":3,""cooldownOverrideFactor"":2.091702,""cooldownOverrideMinFlux"":0.018656,""cooldownOverrideMinBandRatio"":0.042646,""analyzeIntervalMs"":41}"
587,r003-0001-d3101a9a,3,-674,3,7,10,5,4,135,"{""relativeReattackFactor"":2.57624,""relativeReattackMinDelta"":0.012175,""relativeFluxFactor"":1.607534,""spectralNoveltyRatio"":3.178298,""spectralNoveltyMinBins"":36,""cooldownFrames"":5,""cooldownOverrideFactor"":3.392324,""cooldownOverrideMinFlux"":0.029362,""cooldownOverrideMinBandRatio"":0.048822,""analyzeIntervalMs"":43}"
588,r002-0042-6555a6ca,2,-675,3,12,5,10,1,122,"{""relativeReattackFactor"":3.716119,""relativeReattackMinDelta"":0.021788,""relativeFluxFactor"":2.830092,""spectralNoveltyRatio"":2.997775,""spectralNoveltyMinBins"":31,""cooldownFrames"":5,""cooldownOverrideFactor"":4.961572,""cooldownOverrideMinFlux"":0.02456,""cooldownOverrideMinBandRatio"":0.063435,""analyzeIntervalMs"":39}"
589,r002-0003-4d80a7bb,2,-676,6,14,0,12,0,111,"{""relativeReattackFactor"":4,""relativeReattackMinDelta"":0.024175,""relativeFluxFactor"":4.041553,""spectralNoveltyRatio"":5.135837,""spectralNoveltyMinBins"":39,""cooldownFrames"":5,""cooldownOverrideFactor"":1.937884,""cooldownOverrideMinFlux"":0.0113,""cooldownOverrideMinBandRatio"":0.033057,""analyzeIntervalMs"":41}"
590,r002-0053-b8c825fb,2,-685,3,12,5,10,0,122,"{""relativeReattackFactor"":3.373074,""relativeReattackMinDelta"":0.021851,""relativeFluxFactor"":3.481885,""spectralNoveltyRatio"":5.957209,""spectralNoveltyMinBins"":36,""cooldownFrames"":5,""cooldownOverrideFactor"":1.832207,""cooldownOverrideMinFlux"":0.008391,""cooldownOverrideMinBandRatio"":0.02795,""analyzeIntervalMs"":36}"
591,r003-0045-81809120,3,-686,4,13,2,11,0,115,"{""relativeReattackFactor"":3.838423,""relativeReattackMinDelta"":0.02335,""relativeFluxFactor"":2.334449,""spectralNoveltyRatio"":1.907073,""spectralNoveltyMinBins"":41,""cooldownFrames"":5,""cooldownOverrideFactor"":4.009114,""cooldownOverrideMinFlux"":0.021214,""cooldownOverrideMinBandRatio"":0.072057,""analyzeIntervalMs"":43}"
592,r002-0069-cc8457d9,2,-703,3,15,3,12,0,115,"{""relativeReattackFactor"":3.287983,""relativeReattackMinDelta"":0.019217,""relativeFluxFactor"":1.808122,""spectralNoveltyRatio"":5.999259,""spectralNoveltyMinBins"":53,""cooldownFrames"":3,""cooldownOverrideFactor"":2.238173,""cooldownOverrideMinFlux"":0.016728,""cooldownOverrideMinBandRatio"":0.035306,""analyzeIntervalMs"":42}"
593,r002-0076-0a0b034a,2,-708,2,11,9,9,2,127,"{""relativeReattackFactor"":2.694989,""relativeReattackMinDelta"":0.013863,""relativeFluxFactor"":1.4,""spectralNoveltyRatio"":3.561232,""spectralNoveltyMinBins"":47,""cooldownFrames"":5,""cooldownOverrideFactor"":2.446896,""cooldownOverrideMinFlux"":0.027239,""cooldownOverrideMinBandRatio"":0.059847,""analyzeIntervalMs"":38}"
594,r001-0017-632c027d,1,-712,3,12,4,10,0,124,"{""relativeReattackFactor"":3.561571,""relativeReattackMinDelta"":0.010028,""relativeFluxFactor"":4.394056,""spectralNoveltyRatio"":5.295592,""spectralNoveltyMinBins"":20,""cooldownFrames"":2,""cooldownOverrideFactor"":4.250756,""cooldownOverrideMinFlux"":0.024661,""cooldownOverrideMinBandRatio"":0.068589,""analyzeIntervalMs"":41}"
595,r002-0025-150c7a27,2,-714,3,12,5,10,0,125,"{""relativeReattackFactor"":3.794517,""relativeReattackMinDelta"":0.009336,""relativeFluxFactor"":4.671944,""spectralNoveltyRatio"":4.546994,""spectralNoveltyMinBins"":14,""cooldownFrames"":2,""cooldownOverrideFactor"":4.687901,""cooldownOverrideMinFlux"":0.023675,""cooldownOverrideMinBandRatio"":0.056596,""analyzeIntervalMs"":41}"
596,r004-0077-9629e5a4,4,-716,1,8,12,6,3,135,"{""relativeReattackFactor"":2.758684,""relativeReattackMinDelta"":0.011561,""relativeFluxFactor"":1.4,""spectralNoveltyRatio"":3.496117,""spectralNoveltyMinBins"":37,""cooldownFrames"":5,""cooldownOverrideFactor"":3.382658,""cooldownOverrideMinFlux"":0.027468,""cooldownOverrideMinBandRatio"":0.053797,""analyzeIntervalMs"":43}"
597,r005-0002-45d18011,5,-716,1,8,12,6,3,135,"{""relativeReattackFactor"":2.709898,""relativeReattackMinDelta"":0.008508,""relativeFluxFactor"":1.4,""spectralNoveltyRatio"":3.898683,""spectralNoveltyMinBins"":34,""cooldownFrames"":5,""cooldownOverrideFactor"":3.167718,""cooldownOverrideMinFlux"":0.0272,""cooldownOverrideMinBandRatio"":0.053065,""analyzeIntervalMs"":43}"
598,r002-0005-b7e5afdc,2,-718,3,12,5,10,0,125,"{""relativeReattackFactor"":3.627221,""relativeReattackMinDelta"":0.007399,""relativeFluxFactor"":4.461302,""spectralNoveltyRatio"":5.384777,""spectralNoveltyMinBins"":20,""cooldownFrames"":2,""cooldownOverrideFactor"":4.472361,""cooldownOverrideMinFlux"":0.024187,""cooldownOverrideMinBandRatio"":0.072055,""analyzeIntervalMs"":41}"
599,r001-0053-b0094577,1,-727,4,14,4,12,0,117,"{""relativeReattackFactor"":3.757331,""relativeReattackMinDelta"":0.005182,""relativeFluxFactor"":3.769466,""spectralNoveltyRatio"":2.943931,""spectralNoveltyMinBins"":38,""cooldownFrames"":4,""cooldownOverrideFactor"":4.806779,""cooldownOverrideMinFlux"":0.02555,""cooldownOverrideMinBandRatio"":0.050232,""analyzeIntervalMs"":37}"
600,r002-0067-c2798c8c,2,-743,2,8,11,6,4,133,"{""relativeReattackFactor"":3.720318,""relativeReattackMinDelta"":0.021358,""relativeFluxFactor"":2.049735,""spectralNoveltyRatio"":1.5,""spectralNoveltyMinBins"":36,""cooldownFrames"":4,""cooldownOverrideFactor"":4.89972,""cooldownOverrideMinFlux"":0.023782,""cooldownOverrideMinBandRatio"":0.049752,""analyzeIntervalMs"":36}"
601,r002-0063-4afe044d,2,-757,2,12,6,10,0,123,"{""relativeReattackFactor"":3.885453,""relativeReattackMinDelta"":0.025,""relativeFluxFactor"":3.360793,""spectralNoveltyRatio"":5.18531,""spectralNoveltyMinBins"":31,""cooldownFrames"":5,""cooldownOverrideFactor"":2.590834,""cooldownOverrideMinFlux"":0.009469,""cooldownOverrideMinBandRatio"":0.025388,""analyzeIntervalMs"":36}"
602,r004-0022-458d70cb,4,-764,1,7,12,5,4,137,"{""relativeReattackFactor"":2.577803,""relativeReattackMinDelta"":0.0125,""relativeFluxFactor"":1.43312,""spectralNoveltyRatio"":3.648409,""spectralNoveltyMinBins"":35,""cooldownFrames"":5,""cooldownOverrideFactor"":3.320144,""cooldownOverrideMinFlux"":0.025369,""cooldownOverrideMinBandRatio"":0.047355,""analyzeIntervalMs"":43}"
603,r001-0064-74ac935a,1,-769,1,3,17,1,9,146,"{""relativeReattackFactor"":3.250395,""relativeReattackMinDelta"":0.00832,""relativeFluxFactor"":1.40985,""spectralNoveltyRatio"":1.766697,""spectralNoveltyMinBins"":23,""cooldownFrames"":4,""cooldownOverrideFactor"":2.040916,""cooldownOverrideMinFlux"":0.004633,""cooldownOverrideMinBandRatio"":0.071782,""analyzeIntervalMs"":46}"
604,r002-0009-b0913266,2,-783,3,14,5,12,0,118,"{""relativeReattackFactor"":3.188229,""relativeReattackMinDelta"":0.016648,""relativeFluxFactor"":1.440063,""spectralNoveltyRatio"":6,""spectralNoveltyMinBins"":51,""cooldownFrames"":3,""cooldownOverrideFactor"":1.923992,""cooldownOverrideMinFlux"":0.021615,""cooldownOverrideMinBandRatio"":0.045009,""analyzeIntervalMs"":40}"
605,r003-0050-918e1d56,3,-788,5,16,1,14,0,109,"{""relativeReattackFactor"":4,""relativeReattackMinDelta"":0.025,""relativeFluxFactor"":2.422838,""spectralNoveltyRatio"":2.440972,""spectralNoveltyMinBins"":44,""cooldownFrames"":5,""cooldownOverrideFactor"":3.987466,""cooldownOverrideMinFlux"":0.020244,""cooldownOverrideMinBandRatio"":0.070633,""analyzeIntervalMs"":44}"
606,r002-0058-9074fbd6,2,-792,4,16,1,13,0,110,"{""relativeReattackFactor"":3.828008,""relativeReattackMinDelta"":0.022404,""relativeFluxFactor"":4.121302,""spectralNoveltyRatio"":5.542557,""spectralNoveltyMinBins"":38,""cooldownFrames"":5,""cooldownOverrideFactor"":1.810194,""cooldownOverrideMinFlux"":0.00912,""cooldownOverrideMinBandRatio"":0.02,""analyzeIntervalMs"":37}"
607,r005-0077-c078f4b2,5,-793,1,5,16,3,6,143,"{""relativeReattackFactor"":2.633464,""relativeReattackMinDelta"":0.009341,""relativeFluxFactor"":1.4,""spectralNoveltyRatio"":3.608689,""spectralNoveltyMinBins"":31,""cooldownFrames"":5,""cooldownOverrideFactor"":3.178597,""cooldownOverrideMinFlux"":0.026042,""cooldownOverrideMinBandRatio"":0.060818,""analyzeIntervalMs"":43}"
608,r002-0023-8e867bb0,2,-793,3,14,4,12,0,118,"{""relativeReattackFactor"":4,""relativeReattackMinDelta"":0.024093,""relativeFluxFactor"":3.900126,""spectralNoveltyRatio"":5.054753,""spectralNoveltyMinBins"":26,""cooldownFrames"":5,""cooldownOverrideFactor"":2.006229,""cooldownOverrideMinFlux"":0.017082,""cooldownOverrideMinBandRatio"":0.036495,""analyzeIntervalMs"":39}"
609,r001-0021-56c5c6f9,1,-795,4,14,2,12,0,117,"{""relativeReattackFactor"":3.547821,""relativeReattackMinDelta"":0.014165,""relativeFluxFactor"":4.5225,""spectralNoveltyRatio"":2.511553,""spectralNoveltyMinBins"":30,""cooldownFrames"":4,""cooldownOverrideFactor"":2.697395,""cooldownOverrideMinFlux"":0.017611,""cooldownOverrideMinBandRatio"":0.057601,""analyzeIntervalMs"":46}"
610,r005-0054-f6a884f0,5,-803,2,3,18,2,8,147,"{""relativeReattackFactor"":2.520101,""relativeReattackMinDelta"":0.007346,""relativeFluxFactor"":1.421717,""spectralNoveltyRatio"":3.144628,""spectralNoveltyMinBins"":30,""cooldownFrames"":5,""cooldownOverrideFactor"":3.176967,""cooldownOverrideMinFlux"":0.024688,""cooldownOverrideMinBandRatio"":0.054734,""analyzeIntervalMs"":43}"
611,r001-0030-6d3434e0,1,-817,1,10,10,8,1,132,"{""relativeReattackFactor"":2.306319,""relativeReattackMinDelta"":0.007298,""relativeFluxFactor"":3.314501,""spectralNoveltyRatio"":5.118854,""spectralNoveltyMinBins"":20,""cooldownFrames"":5,""cooldownOverrideFactor"":4.07204,""cooldownOverrideMinFlux"":0.007233,""cooldownOverrideMinBandRatio"":0.064844,""analyzeIntervalMs"":45}"
612,r001-0035-8649621c,1,-835,2,11,11,9,5,131,"{""relativeReattackFactor"":3.049814,""relativeReattackMinDelta"":0.005243,""relativeFluxFactor"":2.051625,""spectralNoveltyRatio"":1.755524,""spectralNoveltyMinBins"":46,""cooldownFrames"":4,""cooldownOverrideFactor"":3.613717,""cooldownOverrideMinFlux"":0.01018,""cooldownOverrideMinBandRatio"":0.071798,""analyzeIntervalMs"":37}"
613,r001-0060-e9e2e10f,1,-838,3,12,5,10,1,125,"{""relativeReattackFactor"":2.81923,""relativeReattackMinDelta"":0.013061,""relativeFluxFactor"":3.17168,""spectralNoveltyRatio"":4.471692,""spectralNoveltyMinBins"":12,""cooldownFrames"":5,""cooldownOverrideFactor"":1.882945,""cooldownOverrideMinFlux"":0.011594,""cooldownOverrideMinBandRatio"":0.055202,""analyzeIntervalMs"":46}"
614,r002-0039-a86017a0,2,-839,2,15,4,12,0,118,"{""relativeReattackFactor"":3.272235,""relativeReattackMinDelta"":0.014912,""relativeFluxFactor"":1.91698,""spectralNoveltyRatio"":5.508183,""spectralNoveltyMinBins"":61,""cooldownFrames"":3,""cooldownOverrideFactor"":2.108074,""cooldownOverrideMinFlux"":0.017136,""cooldownOverrideMinBandRatio"":0.050266,""analyzeIntervalMs"":45}"
615,r001-0046-53f12b5e,1,-856,3,14,3,12,0,117,"{""relativeReattackFactor"":3.587405,""relativeReattackMinDelta"":0.005051,""relativeFluxFactor"":3.805196,""spectralNoveltyRatio"":3.226097,""spectralNoveltyMinBins"":29,""cooldownFrames"":5,""cooldownOverrideFactor"":4.754998,""cooldownOverrideMinFlux"":0.021635,""cooldownOverrideMinBandRatio"":0.042894,""analyzeIntervalMs"":49}"
616,r002-0040-0574daac,2,-858,1,12,9,10,0,128,"{""relativeReattackFactor"":3.519594,""relativeReattackMinDelta"":0.007858,""relativeFluxFactor"":4.481198,""spectralNoveltyRatio"":5.605288,""spectralNoveltyMinBins"":27,""cooldownFrames"":2,""cooldownOverrideFactor"":4.321368,""cooldownOverrideMinFlux"":0.026163,""cooldownOverrideMinBandRatio"":0.072675,""analyzeIntervalMs"":45}"
617,r002-0027-4e82ebf7,2,-861,2,12,9,10,3,127,"{""relativeReattackFactor"":4,""relativeReattackMinDelta"":0.021038,""relativeFluxFactor"":2.991812,""spectralNoveltyRatio"":2.946682,""spectralNoveltyMinBins"":35,""cooldownFrames"":5,""cooldownOverrideFactor"":4.199815,""cooldownOverrideMinFlux"":0.020182,""cooldownOverrideMinBandRatio"":0.061383,""analyzeIntervalMs"":34}"
618,r001-0049-6d7f1206,1,-864,3,15,4,13,0,117,"{""relativeReattackFactor"":3.999038,""relativeReattackMinDelta"":0.020772,""relativeFluxFactor"":3.239739,""spectralNoveltyRatio"":2.094892,""spectralNoveltyMinBins"":57,""cooldownFrames"":2,""cooldownOverrideFactor"":2.124758,""cooldownOverrideMinFlux"":0.020449,""cooldownOverrideMinBandRatio"":0.038009,""analyzeIntervalMs"":40}"
619,r001-0003-e833a79e,1,-871,1,7,14,5,5,141,"{""relativeReattackFactor"":1.917847,""relativeReattackMinDelta"":0.008386,""relativeFluxFactor"":3.027292,""spectralNoveltyRatio"":2.806922,""spectralNoveltyMinBins"":30,""cooldownFrames"":4,""cooldownOverrideFactor"":4.125274,""cooldownOverrideMinFlux"":0.008967,""cooldownOverrideMinBandRatio"":0.028571,""analyzeIntervalMs"":42}"
620,r002-0060-acfbd260,2,-881,1,11,10,9,1,131,"{""relativeReattackFactor"":3.725156,""relativeReattackMinDelta"":0.007967,""relativeFluxFactor"":4.229596,""spectralNoveltyRatio"":4.624488,""spectralNoveltyMinBins"":14,""cooldownFrames"":2,""cooldownOverrideFactor"":4.248189,""cooldownOverrideMinFlux"":0.027344,""cooldownOverrideMinBandRatio"":0.058009,""analyzeIntervalMs"":45}"
621,r001-0067-52b502c6,1,-908,6,18,0,16,0,106,"{""relativeReattackFactor"":3.412367,""relativeReattackMinDelta"":0.011273,""relativeFluxFactor"":3.660507,""spectralNoveltyRatio"":4.749619,""spectralNoveltyMinBins"":59,""cooldownFrames"":5,""cooldownOverrideFactor"":4.742349,""cooldownOverrideMinFlux"":0.016657,""cooldownOverrideMinBandRatio"":0.055442,""analyzeIntervalMs"":43}"
622,r002-0014-ad09611d,2,-911,1,15,5,12,0,119,"{""relativeReattackFactor"":3.078705,""relativeReattackMinDelta"":0.018517,""relativeFluxFactor"":2.225262,""spectralNoveltyRatio"":5.909114,""spectralNoveltyMinBins"":62,""cooldownFrames"":3,""cooldownOverrideFactor"":2.302378,""cooldownOverrideMinFlux"":0.014647,""cooldownOverrideMinBandRatio"":0.050422,""analyzeIntervalMs"":45}"
623,r002-0045-4cea56df,2,-918,4,14,6,12,2,121,"{""relativeReattackFactor"":3.623595,""relativeReattackMinDelta"":0.009925,""relativeFluxFactor"":4.989351,""spectralNoveltyRatio"":4.517094,""spectralNoveltyMinBins"":26,""cooldownFrames"":2,""cooldownOverrideFactor"":3.973922,""cooldownOverrideMinFlux"":0.025344,""cooldownOverrideMinBandRatio"":0.080419,""analyzeIntervalMs"":37}"
624,r002-0034-a687324d,2,-919,1,15,6,12,0,120,"{""relativeReattackFactor"":2.948791,""relativeReattackMinDelta"":0.016325,""relativeFluxFactor"":2.232996,""spectralNoveltyRatio"":5.422303,""spectralNoveltyMinBins"":64,""cooldownFrames"":3,""cooldownOverrideFactor"":2.449104,""cooldownOverrideMinFlux"":0.020825,""cooldownOverrideMinBandRatio"":0.046305,""analyzeIntervalMs"":45}"
625,r002-0035-a18e4432,2,-928,3,15,5,13,0,118,"{""relativeReattackFactor"":3.956786,""relativeReattackMinDelta"":0.010478,""relativeFluxFactor"":5,""spectralNoveltyRatio"":5.370983,""spectralNoveltyMinBins"":28,""cooldownFrames"":2,""cooldownOverrideFactor"":4.240884,""cooldownOverrideMinFlux"":0.02732,""cooldownOverrideMinBandRatio"":0.061598,""analyzeIntervalMs"":40}"
626,r001-0069-308aba2f,1,-930,3,15,8,13,4,123,"{""relativeReattackFactor"":3.368911,""relativeReattackMinDelta"":0.013946,""relativeFluxFactor"":3.304458,""spectralNoveltyRatio"":5.336698,""spectralNoveltyMinBins"":35,""cooldownFrames"":4,""cooldownOverrideFactor"":1.843548,""cooldownOverrideMinFlux"":0.009687,""cooldownOverrideMinBandRatio"":0.062434,""analyzeIntervalMs"":29}"
627,r001-0061-f3b7fd14,1,-936,0,15,8,12,1,122,"{""relativeReattackFactor"":3.797426,""relativeReattackMinDelta"":0.023495,""relativeFluxFactor"":1.749223,""spectralNoveltyRatio"":3.780636,""spectralNoveltyMinBins"":51,""cooldownFrames"":2,""cooldownOverrideFactor"":4.911979,""cooldownOverrideMinFlux"":0.006975,""cooldownOverrideMinBandRatio"":0.061018,""analyzeIntervalMs"":39}"
628,r002-0073-aedb764a,2,-948,2,13,9,11,3,126,"{""relativeReattackFactor"":3.828986,""relativeReattackMinDelta"":0.021226,""relativeFluxFactor"":3.859315,""spectralNoveltyRatio"":5.010415,""spectralNoveltyMinBins"":30,""cooldownFrames"":5,""cooldownOverrideFactor"":2.539663,""cooldownOverrideMinFlux"":0.012384,""cooldownOverrideMinBandRatio"":0.021271,""analyzeIntervalMs"":34}"
629,r002-0048-9fab4f0a,2,-950,5,14,5,12,3,115,"{""relativeReattackFactor"":3.830213,""relativeReattackMinDelta"":0.021228,""relativeFluxFactor"":3.051518,""spectralNoveltyRatio"":5.595739,""spectralNoveltyMinBins"":36,""cooldownFrames"":5,""cooldownOverrideFactor"":2.604357,""cooldownOverrideMinFlux"":0.008735,""cooldownOverrideMinBandRatio"":0.02,""analyzeIntervalMs"":33}"
630,r001-0066-6ab213e6,1,-950,4,18,2,15,0,108,"{""relativeReattackFactor"":3.832326,""relativeReattackMinDelta"":0.012079,""relativeFluxFactor"":4.56038,""spectralNoveltyRatio"":4.219966,""spectralNoveltyMinBins"":51,""cooldownFrames"":4,""cooldownOverrideFactor"":2.299055,""cooldownOverrideMinFlux"":0.024719,""cooldownOverrideMinBandRatio"":0.075116,""analyzeIntervalMs"":47}"
631,r002-0010-4c989c50,2,-957,3,14,7,12,1,123,"{""relativeReattackFactor"":3.897641,""relativeReattackMinDelta"":0.006628,""relativeFluxFactor"":4.325049,""spectralNoveltyRatio"":5.493366,""spectralNoveltyMinBins"":14,""cooldownFrames"":2,""cooldownOverrideFactor"":4.510699,""cooldownOverrideMinFlux"":0.021373,""cooldownOverrideMinBandRatio"":0.06247,""analyzeIntervalMs"":40}"
632,r001-0068-d292ea90,1,-967,2,12,12,10,4,132,"{""relativeReattackFactor"":2.189305,""relativeReattackMinDelta"":0.022215,""relativeFluxFactor"":3.802767,""spectralNoveltyRatio"":2.513377,""spectralNoveltyMinBins"":47,""cooldownFrames"":5,""cooldownOverrideFactor"":4.395927,""cooldownOverrideMinFlux"":0.012587,""cooldownOverrideMinBandRatio"":0.054442,""analyzeIntervalMs"":38}"
633,r002-0030-840e08b5,2,-971,2,15,6,13,0,120,"{""relativeReattackFactor"":3.758561,""relativeReattackMinDelta"":0.011702,""relativeFluxFactor"":4.701641,""spectralNoveltyRatio"":4.835954,""spectralNoveltyMinBins"":14,""cooldownFrames"":2,""cooldownOverrideFactor"":4.242572,""cooldownOverrideMinFlux"":0.02918,""cooldownOverrideMinBandRatio"":0.066439,""analyzeIntervalMs"":44}"
634,r002-0054-0f55f585,2,-972,4,14,7,12,3,122,"{""relativeReattackFactor"":2.841158,""relativeReattackMinDelta"":0.020124,""relativeFluxFactor"":1.4,""spectralNoveltyRatio"":5.979513,""spectralNoveltyMinBins"":64,""cooldownFrames"":3,""cooldownOverrideFactor"":2.396072,""cooldownOverrideMinFlux"":0.019877,""cooldownOverrideMinBandRatio"":0.042693,""analyzeIntervalMs"":37}"
635,r002-0043-2d4e829d,2,-984,3,13,8,11,3,122,"{""relativeReattackFactor"":3.504973,""relativeReattackMinDelta"":0.023124,""relativeFluxFactor"":3.69995,""spectralNoveltyRatio"":5.611117,""spectralNoveltyMinBins"":29,""cooldownFrames"":5,""cooldownOverrideFactor"":2.282221,""cooldownOverrideMinFlux"":0.010449,""cooldownOverrideMinBandRatio"":0.03598,""analyzeIntervalMs"":33}"
636,r001-0047-70bff60b,1,-1002,4,18,3,15,1,114,"{""relativeReattackFactor"":3.7797,""relativeReattackMinDelta"":0.007792,""relativeFluxFactor"":3.58469,""spectralNoveltyRatio"":2.11661,""spectralNoveltyMinBins"":62,""cooldownFrames"":3,""cooldownOverrideFactor"":3.311698,""cooldownOverrideMinFlux"":0.00699,""cooldownOverrideMinBandRatio"":0.068657,""analyzeIntervalMs"":35}"
637,r002-0017-75ce88e6,2,-1010,3,7,15,6,7,140,"{""relativeReattackFactor"":3.536132,""relativeReattackMinDelta"":0.022966,""relativeFluxFactor"":2.674697,""spectralNoveltyRatio"":2.397813,""spectralNoveltyMinBins"":26,""cooldownFrames"":5,""cooldownOverrideFactor"":4.298352,""cooldownOverrideMinFlux"":0.015732,""cooldownOverrideMinBandRatio"":0.050654,""analyzeIntervalMs"":34}"
638,r002-0065-07f869ba,2,-1022,4,13,8,11,4,125,"{""relativeReattackFactor"":3.425274,""relativeReattackMinDelta"":0.009532,""relativeFluxFactor"":4.510317,""spectralNoveltyRatio"":4.813566,""spectralNoveltyMinBins"":24,""cooldownFrames"":2,""cooldownOverrideFactor"":3.966493,""cooldownOverrideMinFlux"":0.026342,""cooldownOverrideMinBandRatio"":0.056407,""analyzeIntervalMs"":37}"
639,r002-0057-b0afbf0a,2,-1037,3,7,16,6,8,140,"{""relativeReattackFactor"":3.870131,""relativeReattackMinDelta"":0.019142,""relativeFluxFactor"":2.256392,""spectralNoveltyRatio"":1.677198,""spectralNoveltyMinBins"":26,""cooldownFrames"":5,""cooldownOverrideFactor"":4.132426,""cooldownOverrideMinFlux"":0.023124,""cooldownOverrideMinBandRatio"":0.061152,""analyzeIntervalMs"":34}"
640,r002-0068-a591bcbe,2,-1045,2,13,12,11,4,129,"{""relativeReattackFactor"":3.699281,""relativeReattackMinDelta"":0.023598,""relativeFluxFactor"":3.644087,""spectralNoveltyRatio"":5.809142,""spectralNoveltyMinBins"":25,""cooldownFrames"":5,""cooldownOverrideFactor"":2.090984,""cooldownOverrideMinFlux"":0.016449,""cooldownOverrideMinBandRatio"":0.02,""analyzeIntervalMs"":34}"
641,r002-0079-ce2898c8,2,-1050,2,15,7,13,1,123,"{""relativeReattackFactor"":2.556839,""relativeReattackMinDelta"":0.01504,""relativeFluxFactor"":2.184574,""spectralNoveltyRatio"":4.80504,""spectralNoveltyMinBins"":64,""cooldownFrames"":3,""cooldownOverrideFactor"":2.030032,""cooldownOverrideMinFlux"":0.015193,""cooldownOverrideMinBandRatio"":0.037391,""analyzeIntervalMs"":40}"
642,r002-0075-198f0286,2,-1058,2,16,6,14,0,119,"{""relativeReattackFactor"":3.668817,""relativeReattackMinDelta"":0.011591,""relativeFluxFactor"":4.647165,""spectralNoveltyRatio"":4.790216,""spectralNoveltyMinBins"":13,""cooldownFrames"":2,""cooldownOverrideFactor"":4.215743,""cooldownOverrideMinFlux"":0.020641,""cooldownOverrideMinBandRatio"":0.058443,""analyzeIntervalMs"":44}"
643,r002-0074-b7728314,2,-1059,4,15,7,13,3,121,"{""relativeReattackFactor"":2.790908,""relativeReattackMinDelta"":0.016622,""relativeFluxFactor"":1.988485,""spectralNoveltyRatio"":5.905903,""spectralNoveltyMinBins"":64,""cooldownFrames"":3,""cooldownOverrideFactor"":1.8,""cooldownOverrideMinFlux"":0.014289,""cooldownOverrideMinBandRatio"":0.040555,""analyzeIntervalMs"":37}"
644,r002-0020-d6ebec24,2,-1075,2,13,10,11,3,128,"{""relativeReattackFactor"":3.183086,""relativeReattackMinDelta"":0.008528,""relativeFluxFactor"":4.433861,""spectralNoveltyRatio"":5.229185,""spectralNoveltyMinBins"":26,""cooldownFrames"":2,""cooldownOverrideFactor"":3.84192,""cooldownOverrideMinFlux"":0.023466,""cooldownOverrideMinBandRatio"":0.07779,""analyzeIntervalMs"":37}"
645,r001-0050-b41353b5,1,-1076,1,10,15,8,6,139,"{""relativeReattackFactor"":2.086786,""relativeReattackMinDelta"":0.006167,""relativeFluxFactor"":3.87784,""spectralNoveltyRatio"":5.681365,""spectralNoveltyMinBins"":11,""cooldownFrames"":4,""cooldownOverrideFactor"":3.975503,""cooldownOverrideMinFlux"":0.021665,""cooldownOverrideMinBandRatio"":0.026765,""analyzeIntervalMs"":42}"
646,r001-0022-5bd3006f,1,-1076,2,15,8,13,1,122,"{""relativeReattackFactor"":2.349327,""relativeReattackMinDelta"":0.011588,""relativeFluxFactor"":4.246667,""spectralNoveltyRatio"":5.907741,""spectralNoveltyMinBins"":44,""cooldownFrames"":4,""cooldownOverrideFactor"":4.432983,""cooldownOverrideMinFlux"":0.010136,""cooldownOverrideMinBandRatio"":0.043372,""analyzeIntervalMs"":46}"
647,r002-0004-cbc08e9b,2,-1079,3,15,9,13,3,124,"{""relativeReattackFactor"":2.709532,""relativeReattackMinDelta"":0.020511,""relativeFluxFactor"":1.995659,""spectralNoveltyRatio"":5.8221,""spectralNoveltyMinBins"":56,""cooldownFrames"":3,""cooldownOverrideFactor"":2.218238,""cooldownOverrideMinFlux"":0.016052,""cooldownOverrideMinBandRatio"":0.032035,""analyzeIntervalMs"":37}"
648,r001-0062-a427c7b2,1,-1091,3,14,8,11,4,120,"{""relativeReattackFactor"":3.930604,""relativeReattackMinDelta"":0.024137,""relativeFluxFactor"":3.873851,""spectralNoveltyRatio"":2.239899,""spectralNoveltyMinBins"":44,""cooldownFrames"":2,""cooldownOverrideFactor"":2.383074,""cooldownOverrideMinFlux"":0.00602,""cooldownOverrideMinBandRatio"":0.033795,""analyzeIntervalMs"":33}"
649,r002-0049-b6d20d30,2,-1093,1,12,13,10,4,134,"{""relativeReattackFactor"":2.386178,""relativeReattackMinDelta"":0.014849,""relativeFluxFactor"":1.619469,""spectralNoveltyRatio"":5.657522,""spectralNoveltyMinBins"":51,""cooldownFrames"":3,""cooldownOverrideFactor"":1.8,""cooldownOverrideMinFlux"":0.017752,""cooldownOverrideMinBandRatio"":0.037048,""analyzeIntervalMs"":40}"
650,r002-0018-92b805c6,2,-1101,2,14,12,12,4,126,"{""relativeReattackFactor"":3.454092,""relativeReattackMinDelta"":0.023166,""relativeFluxFactor"":3.14839,""spectralNoveltyRatio"":5.613871,""spectralNoveltyMinBins"":34,""cooldownFrames"":5,""cooldownOverrideFactor"":1.8,""cooldownOverrideMinFlux"":0.009749,""cooldownOverrideMinBandRatio"":0.02,""analyzeIntervalMs"":34}"
651,r002-0064-7ee4e3f9,2,-1108,2,14,12,12,4,127,"{""relativeReattackFactor"":2.982359,""relativeReattackMinDelta"":0.017089,""relativeFluxFactor"":1.984625,""spectralNoveltyRatio"":5.062858,""spectralNoveltyMinBins"":51,""cooldownFrames"":3,""cooldownOverrideFactor"":2.309067,""cooldownOverrideMinFlux"":0.016657,""cooldownOverrideMinBandRatio"":0.045319,""analyzeIntervalMs"":38}"
652,r002-0006-43e46e8a,2,-1112,2,11,15,9,7,135,"{""relativeReattackFactor"":2.963187,""relativeReattackMinDelta"":0.015202,""relativeFluxFactor"":1.669024,""spectralNoveltyRatio"":3.663671,""spectralNoveltyMinBins"":39,""cooldownFrames"":5,""cooldownOverrideFactor"":2.631336,""cooldownOverrideMinFlux"":0.03,""cooldownOverrideMinBandRatio"":0.050915,""analyzeIntervalMs"":34}"
653,r001-0075-71dab34a,1,-1125,2,19,7,16,2,117,"{""relativeReattackFactor"":3.774391,""relativeReattackMinDelta"":0.006991,""relativeFluxFactor"":4.528996,""spectralNoveltyRatio"":2.060465,""spectralNoveltyMinBins"":62,""cooldownFrames"":4,""cooldownOverrideFactor"":4.901904,""cooldownOverrideMinFlux"":0.029901,""cooldownOverrideMinBandRatio"":0.080858,""analyzeIntervalMs"":29}"
654,r001-0040-73dc2fc7,1,-1134,2,14,10,12,2,126,"{""relativeReattackFactor"":3.40113,""relativeReattackMinDelta"":0.017725,""relativeFluxFactor"":4.453541,""spectralNoveltyRatio"":3.015251,""spectralNoveltyMinBins"":25,""cooldownFrames"":3,""cooldownOverrideFactor"":1.853826,""cooldownOverrideMinFlux"":0.022162,""cooldownOverrideMinBandRatio"":0.079599,""analyzeIntervalMs"":46}"
655,r002-0055-d360deff,2,-1136,1,15,10,13,1,126,"{""relativeReattackFactor"":3.162462,""relativeReattackMinDelta"":0.008778,""relativeFluxFactor"":4.980087,""spectralNoveltyRatio"":4.630151,""spectralNoveltyMinBins"":17,""cooldownFrames"":2,""cooldownOverrideFactor"":4.134101,""cooldownOverrideMinFlux"":0.023191,""cooldownOverrideMinBandRatio"":0.076403,""analyzeIntervalMs"":44}"
656,r002-0071-17590842,2,-1139,2,11,16,9,8,135,"{""relativeReattackFactor"":3.088402,""relativeReattackMinDelta"":0.011718,""relativeFluxFactor"":1.4,""spectralNoveltyRatio"":4.161418,""spectralNoveltyMinBins"":39,""cooldownFrames"":5,""cooldownOverrideFactor"":2.239595,""cooldownOverrideMinFlux"":0.028161,""cooldownOverrideMinBandRatio"":0.050349,""analyzeIntervalMs"":34}"
657,r002-0015-ded78319,2,-1163,1,13,12,11,2,131,"{""relativeReattackFactor"":3.324013,""relativeReattackMinDelta"":0.011494,""relativeFluxFactor"":4.920697,""spectralNoveltyRatio"":5.69255,""spectralNoveltyMinBins"":14,""cooldownFrames"":2,""cooldownOverrideFactor"":3.843246,""cooldownOverrideMinFlux"":0.027573,""cooldownOverrideMinBandRatio"":0.065182,""analyzeIntervalMs"":45}"
658,r001-0008-8594a3ed,1,-1170,1,11,16,9,7,138,"{""relativeReattackFactor"":1.982915,""relativeReattackMinDelta"":0.009927,""relativeFluxFactor"":3.292267,""spectralNoveltyRatio"":4.221452,""spectralNoveltyMinBins"":41,""cooldownFrames"":4,""cooldownOverrideFactor"":4.534145,""cooldownOverrideMinFlux"":0.007643,""cooldownOverrideMinBandRatio"":0.080757,""analyzeIntervalMs"":41}"
659,r002-0038-35151e53,2,-1174,2,12,14,10,6,132,"{""relativeReattackFactor"":3.597732,""relativeReattackMinDelta"":0.025,""relativeFluxFactor"":3.252632,""spectralNoveltyRatio"":5.970678,""spectralNoveltyMinBins"":26,""cooldownFrames"":5,""cooldownOverrideFactor"":2.473548,""cooldownOverrideMinFlux"":0.00955,""cooldownOverrideMinBandRatio"":0.024822,""analyzeIntervalMs"":34}"
660,r002-0050-3e730ee9,2,-1177,3,15,9,13,3,127,"{""relativeReattackFactor"":3.155917,""relativeReattackMinDelta"":0.006955,""relativeFluxFactor"":4.643163,""spectralNoveltyRatio"":5.330711,""spectralNoveltyMinBins"":25,""cooldownFrames"":2,""cooldownOverrideFactor"":4.237854,""cooldownOverrideMinFlux"":0.02483,""cooldownOverrideMinBandRatio"":0.067715,""analyzeIntervalMs"":40}"
661,r001-0077-18c00541,1,-1182,3,17,8,14,4,119,"{""relativeReattackFactor"":3.246095,""relativeReattackMinDelta"":0.023129,""relativeFluxFactor"":3.622664,""spectralNoveltyRatio"":5.995225,""spectralNoveltyMinBins"":50,""cooldownFrames"":3,""cooldownOverrideFactor"":3.021257,""cooldownOverrideMinFlux"":0.012712,""cooldownOverrideMinBandRatio"":0.051119,""analyzeIntervalMs"":37}"
662,r001-0072-81c4a442,1,-1210,2,12,14,10,6,133,"{""relativeReattackFactor"":2.808142,""relativeReattackMinDelta"":0.007835,""relativeFluxFactor"":3.300232,""spectralNoveltyRatio"":5.776109,""spectralNoveltyMinBins"":18,""cooldownFrames"":4,""cooldownOverrideFactor"":2.521623,""cooldownOverrideMinFlux"":0.007274,""cooldownOverrideMinBandRatio"":0.087167,""analyzeIntervalMs"":37}"
663,r001-0054-2cefca80,1,-1210,2,13,13,11,6,131,"{""relativeReattackFactor"":3.635428,""relativeReattackMinDelta"":0.007195,""relativeFluxFactor"":4.532147,""spectralNoveltyRatio"":2.504276,""spectralNoveltyMinBins"":16,""cooldownFrames"":3,""cooldownOverrideFactor"":3.654109,""cooldownOverrideMinFlux"":0.008545,""cooldownOverrideMinBandRatio"":0.087485,""analyzeIntervalMs"":37}"
664,r002-0029-afd90095,2,-1212,3,15,9,13,4,124,"{""relativeReattackFactor"":2.672818,""relativeReattackMinDelta"":0.01566,""relativeFluxFactor"":1.903036,""spectralNoveltyRatio"":5.844564,""spectralNoveltyMinBins"":63,""cooldownFrames"":3,""cooldownOverrideFactor"":2.157052,""cooldownOverrideMinFlux"":0.017354,""cooldownOverrideMinBandRatio"":0.030911,""analyzeIntervalMs"":37}"
665,r001-0012-d8c8977d,1,-1216,1,9,21,7,12,144,"{""relativeReattackFactor"":3.158011,""relativeReattackMinDelta"":0.006227,""relativeFluxFactor"":4.017123,""spectralNoveltyRatio"":1.755238,""spectralNoveltyMinBins"":13,""cooldownFrames"":3,""cooldownOverrideFactor"":4.003491,""cooldownOverrideMinFlux"":0.019661,""cooldownOverrideMinBandRatio"":0.060825,""analyzeIntervalMs"":29}"
666,r001-0034-692a6324,1,-1224,2,18,7,16,1,120,"{""relativeReattackFactor"":2.444321,""relativeReattackMinDelta"":0.024755,""relativeFluxFactor"":2.823624,""spectralNoveltyRatio"":2.072627,""spectralNoveltyMinBins"":62,""cooldownFrames"":4,""cooldownOverrideFactor"":3.963669,""cooldownOverrideMinFlux"":0.014741,""cooldownOverrideMinBandRatio"":0.038319,""analyzeIntervalMs"":48}"
667,r001-0013-034a1163,1,-1226,2,11,15,9,7,136,"{""relativeReattackFactor"":3.200349,""relativeReattackMinDelta"":0.013798,""relativeFluxFactor"":4.18185,""spectralNoveltyRatio"":2.64681,""spectralNoveltyMinBins"":30,""cooldownFrames"":3,""cooldownOverrideFactor"":4.622007,""cooldownOverrideMinFlux"":0.006925,""cooldownOverrideMinBandRatio"":0.035113,""analyzeIntervalMs"":36}"
668,r001-0043-80766aa9,1,-1238,1,15,13,13,4,127,"{""relativeReattackFactor"":2.584284,""relativeReattackMinDelta"":0.024085,""relativeFluxFactor"":4.515078,""spectralNoveltyRatio"":5.656874,""spectralNoveltyMinBins"":54,""cooldownFrames"":4,""cooldownOverrideFactor"":2.21162,""cooldownOverrideMinFlux"":0.027588,""cooldownOverrideMinBandRatio"":0.066029,""analyzeIntervalMs"":29}"
669,r001-0020-4a222fec,1,-1246,2,6,19,4,12,145,"{""relativeReattackFactor"":3.157636,""relativeReattackMinDelta"":0.005237,""relativeFluxFactor"":2.400324,""spectralNoveltyRatio"":2.372813,""spectralNoveltyMinBins"":25,""cooldownFrames"":4,""cooldownOverrideFactor"":4.849365,""cooldownOverrideMinFlux"":0.015342,""cooldownOverrideMinBandRatio"":0.036187,""analyzeIntervalMs"":33}"
670,r001-0071-933ddb41,1,-1248,3,13,11,11,5,131,"{""relativeReattackFactor"":2.943864,""relativeReattackMinDelta"":0.004862,""relativeFluxFactor"":4.514432,""spectralNoveltyRatio"":3.429434,""spectralNoveltyMinBins"":7,""cooldownFrames"":3,""cooldownOverrideFactor"":4.535874,""cooldownOverrideMinFlux"":0.005164,""cooldownOverrideMinBandRatio"":0.057174,""analyzeIntervalMs"":40}"
671,r002-0019-427a9de0,2,-1251,2,12,14,10,6,131,"{""relativeReattackFactor"":2.409034,""relativeReattackMinDelta"":0.014789,""relativeFluxFactor"":1.4,""spectralNoveltyRatio"":6,""spectralNoveltyMinBins"":59,""cooldownFrames"":3,""cooldownOverrideFactor"":1.911708,""cooldownOverrideMinFlux"":0.015126,""cooldownOverrideMinBandRatio"":0.039071,""analyzeIntervalMs"":39}"
672,r002-0047-01d07a5b,2,-1253,3,7,18,6,10,142,"{""relativeReattackFactor"":3.645207,""relativeReattackMinDelta"":0.019577,""relativeFluxFactor"":2.462432,""spectralNoveltyRatio"":1.591404,""spectralNoveltyMinBins"":27,""cooldownFrames"":5,""cooldownOverrideFactor"":4.76026,""cooldownOverrideMinFlux"":0.021947,""cooldownOverrideMinBandRatio"":0.063814,""analyzeIntervalMs"":34}"
673,r002-0080-4e734a01,2,-1267,1,14,12,12,3,129,"{""relativeReattackFactor"":3.229408,""relativeReattackMinDelta"":0.006646,""relativeFluxFactor"":4.714273,""spectralNoveltyRatio"":5.725445,""spectralNoveltyMinBins"":12,""cooldownFrames"":2,""cooldownOverrideFactor"":4.456154,""cooldownOverrideMinFlux"":0.027378,""cooldownOverrideMinBandRatio"":0.062616,""analyzeIntervalMs"":39}"
674,r001-0055-5c92e53f,1,-1274,2,13,12,11,6,128,"{""relativeReattackFactor"":3.544689,""relativeReattackMinDelta"":0.005997,""relativeFluxFactor"":4.738567,""spectralNoveltyRatio"":1.856702,""spectralNoveltyMinBins"":37,""cooldownFrames"":4,""cooldownOverrideFactor"":4.783469,""cooldownOverrideMinFlux"":0.025711,""cooldownOverrideMinBandRatio"":0.084826,""analyzeIntervalMs"":32}"
675,r001-0007-a6d73b3a,1,-1320,1,8,19,6,10,143,"{""relativeReattackFactor"":1.811215,""relativeReattackMinDelta"":0.019404,""relativeFluxFactor"":3.338641,""spectralNoveltyRatio"":3.859,""spectralNoveltyMinBins"":41,""cooldownFrames"":4,""cooldownOverrideFactor"":1.97104,""cooldownOverrideMinFlux"":0.008593,""cooldownOverrideMinBandRatio"":0.038558,""analyzeIntervalMs"":46}"
676,r001-0010-edf7f8cd,1,-1382,2,15,11,13,4,127,"{""relativeReattackFactor"":2.378451,""relativeReattackMinDelta"":0.017319,""relativeFluxFactor"":4.641505,""spectralNoveltyRatio"":3.023315,""spectralNoveltyMinBins"":42,""cooldownFrames"":3,""cooldownOverrideFactor"":2.3834,""cooldownOverrideMinFlux"":0.016773,""cooldownOverrideMinBandRatio"":0.077378,""analyzeIntervalMs"":48}"
677,r001-0076-ba50e6c9,1,-1388,1,12,19,10,10,138,"{""relativeReattackFactor"":2.441545,""relativeReattackMinDelta"":0.019985,""relativeFluxFactor"":2.449702,""spectralNoveltyRatio"":5.016579,""spectralNoveltyMinBins"":38,""cooldownFrames"":3,""cooldownOverrideFactor"":2.892995,""cooldownOverrideMinFlux"":0.011551,""cooldownOverrideMinBandRatio"":0.048734,""analyzeIntervalMs"":38}"
678,r001-0023-3078ca13,1,-1443,1,16,14,14,4,129,"{""relativeReattackFactor"":2.671268,""relativeReattackMinDelta"":0.011263,""relativeFluxFactor"":4.792021,""spectralNoveltyRatio"":4.213359,""spectralNoveltyMinBins"":47,""cooldownFrames"":2,""cooldownOverrideFactor"":3.718157,""cooldownOverrideMinFlux"":0.020906,""cooldownOverrideMinBandRatio"":0.082355,""analyzeIntervalMs"":35}"
679,r001-0002-2be96f28,1,-1455,2,6,20,5,12,149,"{""relativeReattackFactor"":3.117414,""relativeReattackMinDelta"":0.008005,""relativeFluxFactor"":3.038463,""spectralNoveltyRatio"":3.278112,""spectralNoveltyMinBins"":18,""cooldownFrames"":4,""cooldownOverrideFactor"":3.608694,""cooldownOverrideMinFlux"":0.028125,""cooldownOverrideMinBandRatio"":0.064169,""analyzeIntervalMs"":27}"
680,r001-0073-c23f3784,1,-1463,1,9,21,7,11,145,"{""relativeReattackFactor"":2.097103,""relativeReattackMinDelta"":0.020589,""relativeFluxFactor"":2.143844,""spectralNoveltyRatio"":4.931184,""spectralNoveltyMinBins"":47,""cooldownFrames"":3,""cooldownOverrideFactor"":3.99445,""cooldownOverrideMinFlux"":0.01988,""cooldownOverrideMinBandRatio"":0.077324,""analyzeIntervalMs"":37}"
681,r002-0024-ea9c28e9,2,-1473,1,13,18,11,9,135,"{""relativeReattackFactor"":2.39574,""relativeReattackMinDelta"":0.018122,""relativeFluxFactor"":1.532432,""spectralNoveltyRatio"":5.429572,""spectralNoveltyMinBins"":64,""cooldownFrames"":3,""cooldownOverrideFactor"":2.555443,""cooldownOverrideMinFlux"":0.015813,""cooldownOverrideMinBandRatio"":0.034061,""analyzeIntervalMs"":38}"
682,r001-0014-089a321b,1,-1494,2,11,17,9,9,138,"{""relativeReattackFactor"":3.211537,""relativeReattackMinDelta"":0.022757,""relativeFluxFactor"":2.823355,""spectralNoveltyRatio"":5.322642,""spectralNoveltyMinBins"":27,""cooldownFrames"":3,""cooldownOverrideFactor"":4.6821,""cooldownOverrideMinFlux"":0.024972,""cooldownOverrideMinBandRatio"":0.045981,""analyzeIntervalMs"":27}"
683,r001-0006-a628e1d0,1,-1505,2,3,28,2,18,160,"{""relativeReattackFactor"":3.182394,""relativeReattackMinDelta"":0.004918,""relativeFluxFactor"":1.974671,""spectralNoveltyRatio"":2.666506,""spectralNoveltyMinBins"":13,""cooldownFrames"":2,""cooldownOverrideFactor"":2.630577,""cooldownOverrideMinFlux"":0.012545,""cooldownOverrideMinBandRatio"":0.036022,""analyzeIntervalMs"":29}"
684,r001-0070-cd1c4b93,1,-1505,2,12,15,10,8,133,"{""relativeReattackFactor"":2.668633,""relativeReattackMinDelta"":0.004409,""relativeFluxFactor"":4.032745,""spectralNoveltyRatio"":4.997695,""spectralNoveltyMinBins"":37,""cooldownFrames"":4,""cooldownOverrideFactor"":2.342914,""cooldownOverrideMinFlux"":0.011314,""cooldownOverrideMinBandRatio"":0.036868,""analyzeIntervalMs"":30}"
685,r001-0026-1873a011,1,-1507,2,18,10,15,5,121,"{""relativeReattackFactor"":2.817958,""relativeReattackMinDelta"":0.012979,""relativeFluxFactor"":4.920504,""spectralNoveltyRatio"":3.367887,""spectralNoveltyMinBins"":51,""cooldownFrames"":4,""cooldownOverrideFactor"":2.682232,""cooldownOverrideMinFlux"":0.013373,""cooldownOverrideMinBandRatio"":0.026509,""analyzeIntervalMs"":28}"
686,r001-0005-6b13a1ee,1,-1583,2,7,22,6,12,149,"{""relativeReattackFactor"":1.770494,""relativeReattackMinDelta"":0.009304,""relativeFluxFactor"":2.571373,""spectralNoveltyRatio"":4.063927,""spectralNoveltyMinBins"":23,""cooldownFrames"":4,""cooldownOverrideFactor"":3.220502,""cooldownOverrideMinFlux"":0.016263,""cooldownOverrideMinBandRatio"":0.080152,""analyzeIntervalMs"":49}"
687,r001-0032-a47d3d79,1,-1598,2,16,12,14,6,124,"{""relativeReattackFactor"":2.64138,""relativeReattackMinDelta"":0.011495,""relativeFluxFactor"":4.458496,""spectralNoveltyRatio"":5.547594,""spectralNoveltyMinBins"":51,""cooldownFrames"":5,""cooldownOverrideFactor"":3.373694,""cooldownOverrideMinFlux"":0.013678,""cooldownOverrideMinBandRatio"":0.057014,""analyzeIntervalMs"":30}"
688,r001-0016-46bb6bb0,1,-1630,1,16,16,14,6,129,"{""relativeReattackFactor"":3.501207,""relativeReattackMinDelta"":0.005636,""relativeFluxFactor"":4.173941,""spectralNoveltyRatio"":2.818199,""spectralNoveltyMinBins"":55,""cooldownFrames"":2,""cooldownOverrideFactor"":2.503452,""cooldownOverrideMinFlux"":0.009832,""cooldownOverrideMinBandRatio"":0.064666,""analyzeIntervalMs"":34}"
689,r001-0019-1b8ce7b0,1,-1705,1,14,19,12,9,136,"{""relativeReattackFactor"":3.071829,""relativeReattackMinDelta"":0.013483,""relativeFluxFactor"":4.957022,""spectralNoveltyRatio"":3.158221,""spectralNoveltyMinBins"":38,""cooldownFrames"":2,""cooldownOverrideFactor"":4.613924,""cooldownOverrideMinFlux"":0.009107,""cooldownOverrideMinBandRatio"":0.051344,""analyzeIntervalMs"":34}"
690,r002-0070-c0762605,2,-1737,2,15,17,13,9,133,"{""relativeReattackFactor"":3.106695,""relativeReattackMinDelta"":0.009908,""relativeFluxFactor"":4.538571,""spectralNoveltyRatio"":5.291389,""spectralNoveltyMinBins"":26,""cooldownFrames"":2,""cooldownOverrideFactor"":3.930192,""cooldownOverrideMinFlux"":0.020354,""cooldownOverrideMinBandRatio"":0.071981,""analyzeIntervalMs"":43}"
691,r001-0031-b8ff97ce,1,-1823,2,3,28,2,19,159,"{""relativeReattackFactor"":2.442484,""relativeReattackMinDelta"":0.006905,""relativeFluxFactor"":1.610492,""spectralNoveltyRatio"":3.627043,""spectralNoveltyMinBins"":19,""cooldownFrames"":4,""cooldownOverrideFactor"":1.927981,""cooldownOverrideMinFlux"":0.015321,""cooldownOverrideMinBandRatio"":0.02333,""analyzeIntervalMs"":36}"
692,r001-0029-f72c586f,1,-1839,0,12,24,10,13,146,"{""relativeReattackFactor"":1.789965,""relativeReattackMinDelta"":0.014568,""relativeFluxFactor"":4.476437,""spectralNoveltyRatio"":3.53117,""spectralNoveltyMinBins"":20,""cooldownFrames"":4,""cooldownOverrideFactor"":3.370283,""cooldownOverrideMinFlux"":0.025512,""cooldownOverrideMinBandRatio"":0.035449,""analyzeIntervalMs"":40}"
693,r001-0063-ef211f44,1,-1930,1,11,24,9,14,144,"{""relativeReattackFactor"":2.328069,""relativeReattackMinDelta"":0.014332,""relativeFluxFactor"":3.596089,""spectralNoveltyRatio"":2.375464,""spectralNoveltyMinBins"":46,""cooldownFrames"":3,""cooldownOverrideFactor"":3.990889,""cooldownOverrideMinFlux"":0.017695,""cooldownOverrideMinBandRatio"":0.066793,""analyzeIntervalMs"":30}"
694,r001-0042-ddfa8a04,1,-2030,1,19,16,16,9,126,"{""relativeReattackFactor"":3.386506,""relativeReattackMinDelta"":0.02052,""relativeFluxFactor"":2.923258,""spectralNoveltyRatio"":5.816487,""spectralNoveltyMinBins"":43,""cooldownFrames"":5,""cooldownOverrideFactor"":1.928546,""cooldownOverrideMinFlux"":0.029558,""cooldownOverrideMinBandRatio"":0.061269,""analyzeIntervalMs"":25}"
695,r001-0036-00839309,1,-2171,1,11,27,9,17,149,"{""relativeReattackFactor"":2.599202,""relativeReattackMinDelta"":0.014138,""relativeFluxFactor"":2.687172,""spectralNoveltyRatio"":2.264314,""spectralNoveltyMinBins"":38,""cooldownFrames"":5,""cooldownOverrideFactor"":2.2472,""cooldownOverrideMinFlux"":0.013027,""cooldownOverrideMinBandRatio"":0.061673,""analyzeIntervalMs"":26}"
696,r001-0037-b83b0b6c,1,-2303,1,15,24,13,14,138,"{""relativeReattackFactor"":2.320639,""relativeReattackMinDelta"":0.00541,""relativeFluxFactor"":2.2519,""spectralNoveltyRatio"":5.734271,""spectralNoveltyMinBins"":60,""cooldownFrames"":3,""cooldownOverrideFactor"":3.139941,""cooldownOverrideMinFlux"":0.016096,""cooldownOverrideMinBandRatio"":0.036632,""analyzeIntervalMs"":30}"
697,r001-0052-d9e148df,1,-2331,1,10,32,8,22,155,"{""relativeReattackFactor"":1.795782,""relativeReattackMinDelta"":0.012775,""relativeFluxFactor"":3.107677,""spectralNoveltyRatio"":4.806551,""spectralNoveltyMinBins"":27,""cooldownFrames"":3,""cooldownOverrideFactor"":3.150978,""cooldownOverrideMinFlux"":0.019908,""cooldownOverrideMinBandRatio"":0.047996,""analyzeIntervalMs"":44}"
698,r001-0056-7936aaf4,1,-2372,2,8,30,7,20,155,"{""relativeReattackFactor"":1.499962,""relativeReattackMinDelta"":0.021649,""relativeFluxFactor"":2.478397,""spectralNoveltyRatio"":5.042481,""spectralNoveltyMinBins"":11,""cooldownFrames"":5,""cooldownOverrideFactor"":3.168402,""cooldownOverrideMinFlux"":0.026288,""cooldownOverrideMinBandRatio"":0.021229,""analyzeIntervalMs"":48}"
699,r001-0057-99f1edae,1,-2380,1,14,25,12,15,140,"{""relativeReattackFactor"":2.197302,""relativeReattackMinDelta"":0.008767,""relativeFluxFactor"":2.923881,""spectralNoveltyRatio"":5.436815,""spectralNoveltyMinBins"":61,""cooldownFrames"":3,""cooldownOverrideFactor"":2.186929,""cooldownOverrideMinFlux"":0.015643,""cooldownOverrideMinBandRatio"":0.069846,""analyzeIntervalMs"":30}"
700,r001-0079-7ba13062,1,-2391,1,11,31,9,21,153,"{""relativeReattackFactor"":1.825132,""relativeReattackMinDelta"":0.005357,""relativeFluxFactor"":2.248623,""spectralNoveltyRatio"":5.515025,""spectralNoveltyMinBins"":62,""cooldownFrames"":3,""cooldownOverrideFactor"":2.363366,""cooldownOverrideMinFlux"":0.024674,""cooldownOverrideMinBandRatio"":0.032583,""analyzeIntervalMs"":38}"
701,r001-0045-29a9ea28,1,-2414,1,10,35,8,25,157,"{""relativeReattackFactor"":2.085678,""relativeReattackMinDelta"":0.004722,""relativeFluxFactor"":4.271262,""spectralNoveltyRatio"":1.943487,""spectralNoveltyMinBins"":39,""cooldownFrames"":3,""cooldownOverrideFactor"":2.482001,""cooldownOverrideMinFlux"":0.025065,""cooldownOverrideMinBandRatio"":0.063149,""analyzeIntervalMs"":29}"
702,r001-0065-3b901314,1,-2521,1,16,28,14,18,144,"{""relativeReattackFactor"":2.124341,""relativeReattackMinDelta"":0.013031,""relativeFluxFactor"":3.663272,""spectralNoveltyRatio"":3.102974,""spectralNoveltyMinBins"":60,""cooldownFrames"":2,""cooldownOverrideFactor"":1.94463,""cooldownOverrideMinFlux"":0.020806,""cooldownOverrideMinBandRatio"":0.048824,""analyzeIntervalMs"":44}"
703,r001-0024-46fc0bd7,1,-2547,1,11,31,9,21,152,"{""relativeReattackFactor"":2.349019,""relativeReattackMinDelta"":0.023814,""relativeFluxFactor"":2.187785,""spectralNoveltyRatio"":4.849397,""spectralNoveltyMinBins"":44,""cooldownFrames"":3,""cooldownOverrideFactor"":3.371038,""cooldownOverrideMinFlux"":0.025375,""cooldownOverrideMinBandRatio"":0.023502,""analyzeIntervalMs"":28}"
704,r001-0011-21e034d8,1,-2570,2,5,40,4,30,169,"{""relativeReattackFactor"":1.555344,""relativeReattackMinDelta"":0.004651,""relativeFluxFactor"":3.148571,""spectralNoveltyRatio"":4.476611,""spectralNoveltyMinBins"":38,""cooldownFrames"":4,""cooldownOverrideFactor"":2.97897,""cooldownOverrideMinFlux"":0.022233,""cooldownOverrideMinBandRatio"":0.052488,""analyzeIntervalMs"":35}"
705,r001-0058-8a93da6e,1,-2579,2,2,40,1,30,171,"{""relativeReattackFactor"":2.116928,""relativeReattackMinDelta"":0.009548,""relativeFluxFactor"":1.408236,""spectralNoveltyRatio"":4.494096,""spectralNoveltyMinBins"":25,""cooldownFrames"":2,""cooldownOverrideFactor"":3.467799,""cooldownOverrideMinFlux"":0.007667,""cooldownOverrideMinBandRatio"":0.044225,""analyzeIntervalMs"":36}"
706,r001-0018-1e6e8607,1,-2599,2,15,24,13,17,137,"{""relativeReattackFactor"":2.711206,""relativeReattackMinDelta"":0.01792,""relativeFluxFactor"":1.64471,""spectralNoveltyRatio"":5.404127,""spectralNoveltyMinBins"":59,""cooldownFrames"":2,""cooldownOverrideFactor"":2.785236,""cooldownOverrideMinFlux"":0.00446,""cooldownOverrideMinBandRatio"":0.053758,""analyzeIntervalMs"":27}"
707,r001-0059-f1e2bf60,1,-2610,0,9,35,7,24,160,"{""relativeReattackFactor"":2.097181,""relativeReattackMinDelta"":0.022204,""relativeFluxFactor"":4.439784,""spectralNoveltyRatio"":2.45061,""spectralNoveltyMinBins"":23,""cooldownFrames"":2,""cooldownOverrideFactor"":4.878131,""cooldownOverrideMinFlux"":0.017002,""cooldownOverrideMinBandRatio"":0.078731,""analyzeIntervalMs"":32}"
708,r001-0078-86812273,1,-2795,2,2,41,1,31,174,"{""relativeReattackFactor"":2.166739,""relativeReattackMinDelta"":0.020054,""relativeFluxFactor"":1.675776,""spectralNoveltyRatio"":5.203687,""spectralNoveltyMinBins"":11,""cooldownFrames"":5,""cooldownOverrideFactor"":1.986734,""cooldownOverrideMinFlux"":0.005077,""cooldownOverrideMinBandRatio"":0.058636,""analyzeIntervalMs"":30}"
709,r001-0001-fbff26ad,1,-2823,1,11,35,9,25,156,"{""relativeReattackFactor"":1.879471,""relativeReattackMinDelta"":0.00799,""relativeFluxFactor"":4.317699,""spectralNoveltyRatio"":4.39687,""spectralNoveltyMinBins"":31,""cooldownFrames"":3,""cooldownOverrideFactor"":3.485,""cooldownOverrideMinFlux"":0.018263,""cooldownOverrideMinBandRatio"":0.05808,""analyzeIntervalMs"":39}"
710,r001-0015-88d53bde,1,-2831,1,14,32,12,22,148,"{""relativeReattackFactor"":2.727142,""relativeReattackMinDelta"":0.006346,""relativeFluxFactor"":2.450191,""spectralNoveltyRatio"":4.633122,""spectralNoveltyMinBins"":44,""cooldownFrames"":3,""cooldownOverrideFactor"":2.085346,""cooldownOverrideMinFlux"":0.019253,""cooldownOverrideMinBandRatio"":0.041985,""analyzeIntervalMs"":26}"
711,r001-0051-064f8fc8,1,-3089,2,6,38,5,28,166,"{""relativeReattackFactor"":2.301958,""relativeReattackMinDelta"":0.013148,""relativeFluxFactor"":3.951067,""spectralNoveltyRatio"":2.768843,""spectralNoveltyMinBins"":15,""cooldownFrames"":4,""cooldownOverrideFactor"":4.581414,""cooldownOverrideMinFlux"":0.02793,""cooldownOverrideMinBandRatio"":0.06907,""analyzeIntervalMs"":27}"
712,r001-0027-d1888eb4,1,-3264,1,6,49,5,37,177,"{""relativeReattackFactor"":1.450821,""relativeReattackMinDelta"":0.015757,""relativeFluxFactor"":3.606377,""spectralNoveltyRatio"":3.435036,""spectralNoveltyMinBins"":23,""cooldownFrames"":3,""cooldownOverrideFactor"":2.654755,""cooldownOverrideMinFlux"":0.020166,""cooldownOverrideMinBandRatio"":0.030897,""analyzeIntervalMs"":45}"
713,r001-0041-52a560fe,1,-3661,0,9,49,7,38,174,"{""relativeReattackFactor"":1.705372,""relativeReattackMinDelta"":0.017638,""relativeFluxFactor"":4.842997,""spectralNoveltyRatio"":1.868635,""spectralNoveltyMinBins"":41,""cooldownFrames"":3,""cooldownOverrideFactor"":4.169823,""cooldownOverrideMinFlux"":0.024773,""cooldownOverrideMinBandRatio"":0.041041,""analyzeIntervalMs"":32}"
714,r001-0009-ca07a13e,1,-3678,1,15,36,13,27,150,"{""relativeReattackFactor"":2.215532,""relativeReattackMinDelta"":0.01231,""relativeFluxFactor"":4.199114,""spectralNoveltyRatio"":5.259039,""spectralNoveltyMinBins"":62,""cooldownFrames"":4,""cooldownOverrideFactor"":3.664264,""cooldownOverrideMinFlux"":0.016617,""cooldownOverrideMinBandRatio"":0.044214,""analyzeIntervalMs"":25}"
715,r001-0048-75df261e,1,-3717,0,9,47,7,35,172,"{""relativeReattackFactor"":1.493393,""relativeReattackMinDelta"":0.005012,""relativeFluxFactor"":3.420998,""spectralNoveltyRatio"":2.375444,""spectralNoveltyMinBins"":60,""cooldownFrames"":3,""cooldownOverrideFactor"":2.835812,""cooldownOverrideMinFlux"":0.02561,""cooldownOverrideMinBandRatio"":0.073197,""analyzeIntervalMs"":40}"
716,r001-0038-b3fb998a,1,-3849,1,11,44,9,34,164,"{""relativeReattackFactor"":2.290104,""relativeReattackMinDelta"":0.010565,""relativeFluxFactor"":3.924291,""spectralNoveltyRatio"":2.582831,""spectralNoveltyMinBins"":40,""cooldownFrames"":3,""cooldownOverrideFactor"":3.736393,""cooldownOverrideMinFlux"":0.015602,""cooldownOverrideMinBandRatio"":0.080429,""analyzeIntervalMs"":25}"
717,r001-0033-c8842f3c,1,-4037,0,9,53,7,42,178,"{""relativeReattackFactor"":1.834016,""relativeReattackMinDelta"":0.021582,""relativeFluxFactor"":2.882713,""spectralNoveltyRatio"":3.322021,""spectralNoveltyMinBins"":54,""cooldownFrames"":3,""cooldownOverrideFactor"":2.89277,""cooldownOverrideMinFlux"":0.004425,""cooldownOverrideMinBandRatio"":0.04204,""analyzeIntervalMs"":26}"
718,r001-0080-311ab2d2,1,-5325,1,3,71,2,59,204,"{""relativeReattackFactor"":1.580357,""relativeReattackMinDelta"":0.013639,""relativeFluxFactor"":3.224797,""spectralNoveltyRatio"":4.658324,""spectralNoveltyMinBins"":8,""cooldownFrames"":4,""cooldownOverrideFactor"":3.792751,""cooldownOverrideMinFlux"":0.008206,""cooldownOverrideMinBandRatio"":0.084576,""analyzeIntervalMs"":33}"
719,r001-0004-7df84684,1,-6264,1,2,87,1,75,221,"{""relativeReattackFactor"":1.87421,""relativeReattackMinDelta"":0.019634,""relativeFluxFactor"":2.123425,""spectralNoveltyRatio"":5.112037,""spectralNoveltyMinBins"":8,""cooldownFrames"":4,""cooldownOverrideFactor"":3.195192,""cooldownOverrideMinFlux"":0.01406,""cooldownOverrideMinBandRatio"":0.039115,""analyzeIntervalMs"":25}"
720,r001-0044-9ce41f72,1,-6792,2,0,95,0,83,234,"{""relativeReattackFactor"":1.927328,""relativeReattackMinDelta"":0.01879,""relativeFluxFactor"":1.479266,""spectralNoveltyRatio"":2.557517,""spectralNoveltyMinBins"":8,""cooldownFrames"":4,""cooldownOverrideFactor"":3.051583,""cooldownOverrideMinFlux"":0.00872,""cooldownOverrideMinBandRatio"":0.078739,""analyzeIntervalMs"":25}"
